block_id,sub_block_id,aic_time(us),aic_total_cycles,aic_write_cache_hit,aic_write_cache_miss_allocate,aic_r0_read_cache_hit,aic_r0_read_cache_miss_allocate,aic_r1_read_cache_hit,aic_r1_read_cache_miss_allocate,aic_write_hit_rate(%),aic_read_hit_rate(%),aic_total_hit_rate(%),aiv_time(us),aiv_total_cycles,aiv_write_cache_hit,aiv_write_cache_miss_allocate,aiv_r0_read_cache_hit,aiv_r0_read_cache_miss_allocate,aiv_r1_read_cache_hit,aiv_r1_read_cache_miss_allocate,aiv_write_hit_rate(%),aiv_read_hit_rate(%),aiv_total_hit_rate(%),
0,cube0,0.451515,745,1,0,0,0,0,1,100.000000,0.000000,50.000000,NA,NA,NA,NA,NA,NA,NA,NA,NA,NA,NA,
0,vector0,NA,NA,NA,NA,NA,NA,NA,NA,NA,NA,NA,1.615758,2666,1,64,11,56,11,52,1.538462,16.923077,11.794871,
0,vector1,NA,NA,NA,NA,NA,NA,NA,NA,NA,NA,NA,1.867879,3082,1,64,0,63,1,66,1.538462,0.769231,1.025641,
1,cube0,0.386667,638,1,0,0,1,0,0,100.000000,0.000000,50.000000,NA,NA,NA,NA,NA,NA,NA,NA,NA,NA,NA,
1,vector0,NA,NA,NA,NA,NA,NA,NA,NA,NA,NA,NA,2.412121,3980,65,0,53,11,54,12,100.000000,82.307693,88.205132,
1,vector1,NA,NA,NA,NA,NA,NA,NA,NA,NA,NA,NA,1.503030,2480,65,0,64,1,65,0,100.000000,99.230766,99.487183,
2,cube0,0.446667,737,1,0,0,0,0,1,100.000000,0.000000,50.000000,NA,NA,NA,NA,NA,NA,NA,NA,NA,NA,NA,
2,vector0,NA,NA,NA,NA,NA,NA,NA,NA,NA,NA,NA,2.012121,3320,1,64,1,64,0,65,1.538462,0.769231,1.025641,
2,vector1,NA,NA,NA,NA,NA,NA,NA,NA,NA,NA,NA,2.740606,4522,1,64,64,1,65,0,1.538462,99.230766,66.666664,
3,cube0,0.393333,649,1,0,0,0,0,1,100.000000,0.000000,50.000000,NA,NA,NA,NA,NA,NA,NA,NA,NA,NA,NA,
3,vector0,NA,NA,NA,NA,NA,NA,NA,NA,NA,NA,NA,2.831515,4672,65,0,64,1,65,0,100.000000,99.230766,99.487183,
3,vector1,NA,NA,NA,NA,NA,NA,NA,NA,NA,NA,NA,1.633333,2695,65,0,0,64,1,65,100.000000,0.769231,33.846153,
4,cube0,0.464242,766,1,0,0,1,0,0,100.000000,0.000000,50.000000,NA,NA,NA,NA,NA,NA,NA,NA,NA,NA,NA,
4,vector0,NA,NA,NA,NA,NA,NA,NA,NA,NA,NA,NA,2.764848,4562,1,64,3,61,4,62,1.538462,5.384615,4.102564,
4,vector1,NA,NA,NA,NA,NA,NA,NA,NA,NA,NA,NA,1.745455,2880,1,64,4,62,1,63,1.538462,3.846154,3.076923,
5,cube0,0.420606,694,1,0,0,0,0,1,100.000000,0.000000,50.000000,NA,NA,NA,NA,NA,NA,NA,NA,NA,NA,NA,
5,vector0,NA,NA,NA,NA,NA,NA,NA,NA,NA,NA,NA,2.423636,3999,65,0,62,3,61,4,100.000000,94.615387,96.410255,
5,vector1,NA,NA,NA,NA,NA,NA,NA,NA,NA,NA,NA,2.003636,3306,65,0,61,4,64,1,100.000000,96.153847,97.435898,
6,cube0,0.401818,663,1,0,0,0,0,1,100.000000,0.000000,50.000000,NA,NA,NA,NA,NA,NA,NA,NA,NA,NA,NA,
6,vector0,NA,NA,NA,NA,NA,NA,NA,NA,NA,NA,NA,2.073333,3421,1,64,0,65,1,64,1.538462,0.769231,1.025641,
6,vector1,NA,NA,NA,NA,NA,NA,NA,NA,NA,NA,NA,2.004242,3307,1,64,2,63,1,64,1.538462,2.307692,2.051282,
7,cube0,0.445455,735,1,0,0,0,0,1,100.000000,0.000000,50.000000,NA,NA,NA,NA,NA,NA,NA,NA,NA,NA,NA,
7,vector0,NA,NA,NA,NA,NA,NA,NA,NA,NA,NA,NA,2.083030,3437,65,0,64,0,65,1,100.000000,99.230766,99.487183,
7,vector1,NA,NA,NA,NA,NA,NA,NA,NA,NA,NA,NA,1.806061,2980,65,0,63,2,64,1,100.000000,97.692307,98.461540,
8,cube0,0.412121,680,1,0,0,1,0,0,100.000000,0.000000,50.000000,NA,NA,NA,NA,NA,NA,NA,NA,NA,NA,NA,
8,vector0,NA,NA,NA,NA,NA,NA,NA,NA,NA,NA,NA,2.409091,3975,1,64,0,64,1,65,1.538462,0.769231,1.025641,
8,vector1,NA,NA,NA,NA,NA,NA,NA,NA,NA,NA,NA,2.404243,3967,1,64,0,65,1,64,1.538462,0.769231,1.025641,
9,cube0,0.455152,751,1,0,0,1,0,0,100.000000,0.000000,50.000000,NA,NA,NA,NA,NA,NA,NA,NA,NA,NA,NA,
9,vector0,NA,NA,NA,NA,NA,NA,NA,NA,NA,NA,NA,2.097576,3461,65,0,64,0,65,1,100.000000,99.230766,99.487183,
9,vector1,NA,NA,NA,NA,NA,NA,NA,NA,NA,NA,NA,2.483636,4098,65,0,65,1,64,0,100.000000,99.230766,99.487183,
10,cube0,0.517576,854,1,0,0,0,0,1,100.000000,0.000000,50.000000,NA,NA,NA,NA,NA,NA,NA,NA,NA,NA,NA,
10,vector0,NA,NA,NA,NA,NA,NA,NA,NA,NA,NA,NA,1.930909,3186,1,64,4,61,3,62,1.538462,5.384615,4.102564,
10,vector1,NA,NA,NA,NA,NA,NA,NA,NA,NA,NA,NA,1.864242,3076,1,64,1,64,2,63,1.538462,2.307692,2.051282,
11,cube0,0.478788,790,1,0,0,1,0,0,100.000000,0.000000,50.000000,NA,NA,NA,NA,NA,NA,NA,NA,NA,NA,NA,
11,vector0,NA,NA,NA,NA,NA,NA,NA,NA,NA,NA,NA,2.234545,3687,65,0,63,3,60,4,100.000000,94.615387,96.410255,
11,vector1,NA,NA,NA,NA,NA,NA,NA,NA,NA,NA,NA,2.003636,3306,65,0,62,2,65,1,100.000000,97.692307,98.461540,
12,cube0,0.420606,694,1,0,0,0,0,1,100.000000,0.000000,50.000000,NA,NA,NA,NA,NA,NA,NA,NA,NA,NA,NA,
12,vector0,NA,NA,NA,NA,NA,NA,NA,NA,NA,NA,NA,2.223636,3669,1,64,1,65,0,64,1.538462,0.769231,1.025641,
12,vector1,NA,NA,NA,NA,NA,NA,NA,NA,NA,NA,NA,2.386667,3938,1,64,0,64,1,65,1.538462,0.769231,1.025641,
13,cube0,0.414545,684,1,0,0,1,0,0,100.000000,0.000000,50.000000,NA,NA,NA,NA,NA,NA,NA,NA,NA,NA,NA,
13,vector0,NA,NA,NA,NA,NA,NA,NA,NA,NA,NA,NA,2.488485,4106,65,0,65,1,64,0,100.000000,99.230766,99.487183,
13,vector1,NA,NA,NA,NA,NA,NA,NA,NA,NA,NA,NA,2.122424,3502,65,0,64,0,65,1,100.000000,99.230766,99.487183,
14,cube0,0.420606,694,1,0,0,0,0,1,100.000000,0.000000,50.000000,NA,NA,NA,NA,NA,NA,NA,NA,NA,NA,NA,
14,vector0,NA,NA,NA,NA,NA,NA,NA,NA,NA,NA,NA,2.414546,3984,13,52,0,63,1,66,20.000000,0.769231,7.179487,
14,vector1,NA,NA,NA,NA,NA,NA,NA,NA,NA,NA,NA,1.947273,3213,1,64,1,66,0,63,1.538462,0.769231,1.025641,
15,cube0,0.455758,752,1,0,0,1,0,0,100.000000,0.000000,50.000000,NA,NA,NA,NA,NA,NA,NA,NA,NA,NA,NA,
15,vector0,NA,NA,NA,NA,NA,NA,NA,NA,NA,NA,NA,2.086061,3442,53,12,63,1,66,0,81.538460,99.230766,93.333336,
15,vector1,NA,NA,NA,NA,NA,NA,NA,NA,NA,NA,NA,2.261818,3732,65,0,66,0,63,1,100.000000,99.230766,99.487183,
16,cube0,0.438182,723,1,0,0,1,0,0,100.000000,0.000000,50.000000,NA,NA,NA,NA,NA,NA,NA,NA,NA,NA,NA,
16,vector0,NA,NA,NA,NA,NA,NA,NA,NA,NA,NA,NA,2.323030,3833,1,64,1,65,0,64,1.538462,0.769231,1.025641,
16,vector1,NA,NA,NA,NA,NA,NA,NA,NA,NA,NA,NA,2.490303,4109,4,61,0,64,1,65,6.153846,0.769231,2.564103,
17,cube0,0.410909,678,1,0,0,1,0,0,100.000000,0.000000,50.000000,NA,NA,NA,NA,NA,NA,NA,NA,NA,NA,NA,
17,vector0,NA,NA,NA,NA,NA,NA,NA,NA,NA,NA,NA,2.608485,4304,65,0,65,1,64,0,100.000000,99.230766,99.487183,
17,vector1,NA,NA,NA,NA,NA,NA,NA,NA,NA,NA,NA,2.218182,3660,62,3,64,0,65,1,95.384613,99.230766,97.948715,
18,cube0,0.460606,760,1,0,0,1,0,0,100.000000,0.000000,50.000000,NA,NA,NA,NA,NA,NA,NA,NA,NA,NA,NA,
18,vector0,NA,NA,NA,NA,NA,NA,NA,NA,NA,NA,NA,2.438182,4023,1,64,0,64,1,65,1.538462,0.769231,1.025641,
18,vector1,NA,NA,NA,NA,NA,NA,NA,NA,NA,NA,NA,2.154546,3555,65,0,1,65,0,64,100.000000,0.769231,33.846153,
19,cube0,0.461212,761,1,0,0,1,0,0,100.000000,0.000000,50.000000,NA,NA,NA,NA,NA,NA,NA,NA,NA,NA,NA,
19,vector0,NA,NA,NA,NA,NA,NA,NA,NA,NA,NA,NA,2.635758,4349,65,0,64,0,65,1,100.000000,99.230766,99.487183,
19,vector1,NA,NA,NA,NA,NA,NA,NA,NA,NA,NA,NA,2.269697,3745,1,64,65,1,64,0,1.538462,99.230766,66.666664,
20,cube0,0.352121,581,1,0,1,0,0,0,100.000000,100.000000,100.000000,NA,NA,NA,NA,NA,NA,NA,NA,NA,NA,NA,
20,vector0,NA,NA,NA,NA,NA,NA,NA,NA,NA,NA,NA,1.527273,2520,1,64,1,64,1,64,1.538462,1.538462,1.538462,
20,vector1,NA,NA,NA,NA,NA,NA,NA,NA,NA,NA,NA,1.509697,2491,1,64,1,64,1,64,1.538462,1.538462,1.538462,
21,cube0,0.289697,478,1,0,0,0,1,0,100.000000,100.000000,100.000000,NA,NA,NA,NA,NA,NA,NA,NA,NA,NA,NA,
21,vector0,NA,NA,NA,NA,NA,NA,NA,NA,NA,NA,NA,1.467879,2422,65,0,65,0,65,0,100.000000,100.000000,100.000000,
21,vector1,NA,NA,NA,NA,NA,NA,NA,NA,NA,NA,NA,1.459394,2408,65,0,65,0,65,0,100.000000,100.000000,100.000000,
22,cube0,0.347879,574,1,0,1,0,0,0,100.000000,100.000000,100.000000,NA,NA,NA,NA,NA,NA,NA,NA,NA,NA,NA,
22,vector0,NA,NA,NA,NA,NA,NA,NA,NA,NA,NA,NA,1.563636,2580,1,64,1,64,1,64,1.538462,1.538462,1.538462,
22,vector1,NA,NA,NA,NA,NA,NA,NA,NA,NA,NA,NA,1.544242,2548,1,64,1,64,1,64,1.538462,1.538462,1.538462,
23,cube0,0.290909,480,1,0,1,0,0,0,100.000000,100.000000,100.000000,NA,NA,NA,NA,NA,NA,NA,NA,NA,NA,NA,
23,vector0,NA,NA,NA,NA,NA,NA,NA,NA,NA,NA,NA,1.646061,2716,65,0,65,0,65,0,100.000000,100.000000,100.000000,
23,vector1,NA,NA,NA,NA,NA,NA,NA,NA,NA,NA,NA,1.638182,2703,65,0,65,0,65,0,100.000000,100.000000,100.000000,
24,cube0,0.366667,605,1,0,0,0,1,0,100.000000,100.000000,100.000000,NA,NA,NA,NA,NA,NA,NA,NA,NA,NA,NA,
24,vector0,NA,NA,NA,NA,NA,NA,NA,NA,NA,NA,NA,1.493333,2464,1,64,1,64,1,64,1.538462,1.538462,1.538462,
24,vector1,NA,NA,NA,NA,NA,NA,NA,NA,NA,NA,NA,1.513939,2498,1,64,1,64,1,64,1.538462,1.538462,1.538462,
25,cube0,0.321818,531,1,0,1,0,0,0,100.000000,100.000000,100.000000,NA,NA,NA,NA,NA,NA,NA,NA,NA,NA,NA,
25,vector0,NA,NA,NA,NA,NA,NA,NA,NA,NA,NA,NA,1.575758,2600,65,0,65,0,65,0,100.000000,100.000000,100.000000,
25,vector1,NA,NA,NA,NA,NA,NA,NA,NA,NA,NA,NA,1.609697,2656,65,0,65,0,65,0,100.000000,100.000000,100.000000,
26,cube0,0.313939,518,1,0,1,0,0,0,100.000000,100.000000,100.000000,NA,NA,NA,NA,NA,NA,NA,NA,NA,NA,NA,
26,vector0,NA,NA,NA,NA,NA,NA,NA,NA,NA,NA,NA,1.553333,2563,1,64,1,64,1,64,1.538462,1.538462,1.538462,
26,vector1,NA,NA,NA,NA,NA,NA,NA,NA,NA,NA,NA,1.499394,2474,1,64,1,64,1,64,1.538462,1.538462,1.538462,
27,cube0,0.340000,561,1,0,1,0,0,0,100.000000,100.000000,100.000000,NA,NA,NA,NA,NA,NA,NA,NA,NA,NA,NA,
27,vector0,NA,NA,NA,NA,NA,NA,NA,NA,NA,NA,NA,1.557576,2570,65,0,65,0,65,0,100.000000,100.000000,100.000000,
27,vector1,NA,NA,NA,NA,NA,NA,NA,NA,NA,NA,NA,1.666667,2750,65,0,65,0,65,0,100.000000,100.000000,100.000000,
28,cube0,0.315758,521,1,0,0,0,1,0,100.000000,100.000000,100.000000,NA,NA,NA,NA,NA,NA,NA,NA,NA,NA,NA,
28,vector0,NA,NA,NA,NA,NA,NA,NA,NA,NA,NA,NA,1.503030,2480,12,53,1,64,1,64,18.461538,1.538462,7.179487,
28,vector1,NA,NA,NA,NA,NA,NA,NA,NA,NA,NA,NA,1.480000,2442,1,64,1,64,1,64,1.538462,1.538462,1.538462,
29,cube0,0.352727,582,1,0,0,0,1,0,100.000000,100.000000,100.000000,NA,NA,NA,NA,NA,NA,NA,NA,NA,NA,NA,
29,vector0,NA,NA,NA,NA,NA,NA,NA,NA,NA,NA,NA,1.564849,2582,54,11,65,0,65,0,83.076920,100.000000,94.358971,
29,vector1,NA,NA,NA,NA,NA,NA,NA,NA,NA,NA,NA,1.398182,2307,65,0,65,0,65,0,100.000000,100.000000,100.000000,
30,cube0,0.330909,546,1,0,1,0,0,0,100.000000,100.000000,100.000000,NA,NA,NA,NA,NA,NA,NA,NA,NA,NA,NA,
30,vector0,NA,NA,NA,NA,NA,NA,NA,NA,NA,NA,NA,1.481818,2445,1,64,1,64,1,64,1.538462,1.538462,1.538462,
30,vector1,NA,NA,NA,NA,NA,NA,NA,NA,NA,NA,NA,1.461212,2411,1,64,1,64,1,64,1.538462,1.538462,1.538462,
31,cube0,0.373939,617,1,0,1,0,0,0,100.000000,100.000000,100.000000,NA,NA,NA,NA,NA,NA,NA,NA,NA,NA,NA,
31,vector0,NA,NA,NA,NA,NA,NA,NA,NA,NA,NA,NA,1.653939,2729,65,0,65,0,65,0,100.000000,100.000000,100.000000,
31,vector1,NA,NA,NA,NA,NA,NA,NA,NA,NA,NA,NA,1.585455,2616,65,0,66,0,64,0,100.000000,100.000000,100.000000,
32,cube0,0.304848,503,1,0,1,0,0,0,100.000000,100.000000,100.000000,NA,NA,NA,NA,NA,NA,NA,NA,NA,NA,NA,
32,vector0,NA,NA,NA,NA,NA,NA,NA,NA,NA,NA,NA,1.490909,2460,24,41,0,64,2,64,36.923077,1.538462,13.333333,
32,vector1,NA,NA,NA,NA,NA,NA,NA,NA,NA,NA,NA,1.497576,2471,1,64,1,64,1,64,1.538462,1.538462,1.538462,
33,cube0,0.314545,519,1,0,1,0,0,0,100.000000,100.000000,100.000000,NA,NA,NA,NA,NA,NA,NA,NA,NA,NA,NA,
33,vector0,NA,NA,NA,NA,NA,NA,NA,NA,NA,NA,NA,1.572727,2595,42,23,66,0,64,0,64.615387,100.000000,88.205132,
33,vector1,NA,NA,NA,NA,NA,NA,NA,NA,NA,NA,NA,1.581212,2609,65,0,64,0,66,0,100.000000,100.000000,100.000000,
34,cube0,0.317576,524,1,0,1,0,0,0,100.000000,100.000000,100.000000,NA,NA,NA,NA,NA,NA,NA,NA,NA,NA,NA,
34,vector0,NA,NA,NA,NA,NA,NA,NA,NA,NA,NA,NA,1.435758,2369,1,64,1,64,1,64,1.538462,1.538462,1.538462,
34,vector1,NA,NA,NA,NA,NA,NA,NA,NA,NA,NA,NA,1.385455,2286,1,64,1,63,1,65,1.538462,1.538462,1.538462,
35,cube0,0.348485,575,1,0,0,0,1,0,100.000000,100.000000,100.000000,NA,NA,NA,NA,NA,NA,NA,NA,NA,NA,NA,
35,vector0,NA,NA,NA,NA,NA,NA,NA,NA,NA,NA,NA,1.528485,2522,65,0,66,0,64,0,100.000000,100.000000,100.000000,
35,vector1,NA,NA,NA,NA,NA,NA,NA,NA,NA,NA,NA,1.549091,2556,65,0,64,0,66,0,100.000000,100.000000,100.000000,
36,cube0,0.341212,563,1,0,0,0,1,0,100.000000,100.000000,100.000000,NA,NA,NA,NA,NA,NA,NA,NA,NA,NA,NA,
36,vector0,NA,NA,NA,NA,NA,NA,NA,NA,NA,NA,NA,1.630909,2691,1,64,2,64,0,64,1.538462,1.538462,1.538462,
36,vector1,NA,NA,NA,NA,NA,NA,NA,NA,NA,NA,NA,1.501818,2478,65,0,1,63,1,65,100.000000,1.538462,34.358974,
37,cube0,0.309697,511,1,0,1,0,0,0,100.000000,100.000000,100.000000,NA,NA,NA,NA,NA,NA,NA,NA,NA,NA,NA,
37,vector0,NA,NA,NA,NA,NA,NA,NA,NA,NA,NA,NA,1.660000,2739,65,0,66,0,64,0,100.000000,100.000000,100.000000,
37,vector1,NA,NA,NA,NA,NA,NA,NA,NA,NA,NA,NA,1.544848,2549,1,64,65,0,65,0,1.538462,100.000000,67.179489,
38,cube0,0.363030,599,1,0,1,0,0,0,100.000000,100.000000,100.000000,NA,NA,NA,NA,NA,NA,NA,NA,NA,NA,NA,
38,vector0,NA,NA,NA,NA,NA,NA,NA,NA,NA,NA,NA,1.492727,2463,17,48,19,48,15,48,26.153847,26.153847,26.153847,
38,vector1,NA,NA,NA,NA,NA,NA,NA,NA,NA,NA,NA,1.877576,3098,1,64,46,17,52,15,1.538462,75.384613,50.769230,
39,cube0,0.347879,574,1,0,0,0,1,0,100.000000,100.000000,100.000000,NA,NA,NA,NA,NA,NA,NA,NA,NA,NA,NA,
39,vector0,NA,NA,NA,NA,NA,NA,NA,NA,NA,NA,NA,1.580000,2607,49,16,49,16,49,16,75.384613,75.384613,75.384613,
39,vector1,NA,NA,NA,NA,NA,NA,NA,NA,NA,NA,NA,1.486061,2452,65,0,17,48,17,48,100.000000,26.153847,50.769230,
40,cube0,0.349697,577,1,0,0,0,1,0,100.000000,100.000000,100.000000,NA,NA,NA,NA,NA,NA,NA,NA,NA,NA,NA,
40,vector0,NA,NA,NA,NA,NA,NA,NA,NA,NA,NA,NA,1.599394,2639,1,64,1,63,1,65,1.538462,1.538462,1.538462,
40,vector1,NA,NA,NA,NA,NA,NA,NA,NA,NA,NA,NA,1.420606,2344,1,64,66,0,64,0,1.538462,100.000000,67.179489,
41,cube0,0.290303,479,1,0,1,0,0,0,100.000000,100.000000,100.000000,NA,NA,NA,NA,NA,NA,NA,NA,NA,NA,NA,
41,vector0,NA,NA,NA,NA,NA,NA,NA,NA,NA,NA,NA,1.784848,2945,65,0,65,0,65,0,100.000000,100.000000,100.000000,
41,vector1,NA,NA,NA,NA,NA,NA,NA,NA,NA,NA,NA,1.514545,2499,65,0,1,64,1,64,100.000000,1.538462,34.358974,
42,cube0,0.346061,571,1,0,0,0,1,0,100.000000,100.000000,100.000000,NA,NA,NA,NA,NA,NA,NA,NA,NA,NA,NA,
42,vector0,NA,NA,NA,NA,NA,NA,NA,NA,NA,NA,NA,1.561818,2577,1,64,1,64,1,64,1.538462,1.538462,1.538462,
42,vector1,NA,NA,NA,NA,NA,NA,NA,NA,NA,NA,NA,1.535758,2534,1,64,1,64,1,64,1.538462,1.538462,1.538462,
43,cube0,0.294545,486,1,0,0,0,1,0,100.000000,100.000000,100.000000,NA,NA,NA,NA,NA,NA,NA,NA,NA,NA,NA,
43,vector0,NA,NA,NA,NA,NA,NA,NA,NA,NA,NA,NA,1.641818,2709,65,0,65,0,65,0,100.000000,100.000000,100.000000,
43,vector1,NA,NA,NA,NA,NA,NA,NA,NA,NA,NA,NA,1.623636,2679,65,0,65,0,65,0,100.000000,100.000000,100.000000,
44,cube0,0.367273,606,1,0,1,0,0,0,100.000000,100.000000,100.000000,NA,NA,NA,NA,NA,NA,NA,NA,NA,NA,NA,
44,vector0,NA,NA,NA,NA,NA,NA,NA,NA,NA,NA,NA,1.406061,2320,1,64,1,64,1,64,1.538462,1.538462,1.538462,
44,vector1,NA,NA,NA,NA,NA,NA,NA,NA,NA,NA,NA,1.380606,2278,1,64,1,64,1,64,1.538462,1.538462,1.538462,
45,cube0,0.322424,532,1,0,0,0,1,0,100.000000,100.000000,100.000000,NA,NA,NA,NA,NA,NA,NA,NA,NA,NA,NA,
45,vector0,NA,NA,NA,NA,NA,NA,NA,NA,NA,NA,NA,1.681212,2774,65,0,65,0,65,0,100.000000,100.000000,100.000000,
45,vector1,NA,NA,NA,NA,NA,NA,NA,NA,NA,NA,NA,1.443030,2381,65,0,65,0,65,0,100.000000,100.000000,100.000000,
46,cube0,0.312121,515,1,0,0,0,1,0,100.000000,100.000000,100.000000,NA,NA,NA,NA,NA,NA,NA,NA,NA,NA,NA,
46,vector0,NA,NA,NA,NA,NA,NA,NA,NA,NA,NA,NA,1.530303,2525,1,64,1,64,1,64,1.538462,1.538462,1.538462,
46,vector1,NA,NA,NA,NA,NA,NA,NA,NA,NA,NA,NA,2.005455,3309,1,64,1,68,1,60,1.538462,1.538462,1.538462,
47,cube0,0.343636,567,1,0,0,0,1,0,100.000000,100.000000,100.000000,NA,NA,NA,NA,NA,NA,NA,NA,NA,NA,NA,
47,vector0,NA,NA,NA,NA,NA,NA,NA,NA,NA,NA,NA,1.639394,2705,65,0,61,0,69,0,100.000000,100.000000,100.000000,
47,vector1,NA,NA,NA,NA,NA,NA,NA,NA,NA,NA,NA,1.544848,2549,65,0,65,0,65,0,100.000000,100.000000,100.000000,
48,cube0,0.316364,522,1,0,0,0,1,0,100.000000,100.000000,100.000000,NA,NA,NA,NA,NA,NA,NA,NA,NA,NA,NA,
48,vector0,NA,NA,NA,NA,NA,NA,NA,NA,NA,NA,NA,1.530909,2526,1,64,2,64,0,64,1.538462,1.538462,1.538462,
48,vector1,NA,NA,NA,NA,NA,NA,NA,NA,NA,NA,NA,1.868485,3083,10,55,1,64,1,64,15.384615,1.538462,6.153846,
49,cube0,0.352727,582,1,0,1,0,0,0,100.000000,100.000000,100.000000,NA,NA,NA,NA,NA,NA,NA,NA,NA,NA,NA,
49,vector0,NA,NA,NA,NA,NA,NA,NA,NA,NA,NA,NA,1.596364,2634,65,0,65,0,65,0,100.000000,100.000000,100.000000,
49,vector1,NA,NA,NA,NA,NA,NA,NA,NA,NA,NA,NA,1.547879,2554,56,9,65,0,65,0,86.153847,100.000000,95.384613,
50,cube0,0.329091,543,1,0,0,0,1,0,100.000000,100.000000,100.000000,NA,NA,NA,NA,NA,NA,NA,NA,NA,NA,NA,
50,vector0,NA,NA,NA,NA,NA,NA,NA,NA,NA,NA,NA,1.653939,2729,1,64,1,65,1,63,1.538462,1.538462,1.538462,
50,vector1,NA,NA,NA,NA,NA,NA,NA,NA,NA,NA,NA,1.982424,3271,1,64,64,0,66,0,1.538462,100.000000,67.179489,
51,cube0,0.371515,613,1,0,0,0,1,0,100.000000,100.000000,100.000000,NA,NA,NA,NA,NA,NA,NA,NA,NA,NA,NA,
51,vector0,NA,NA,NA,NA,NA,NA,NA,NA,NA,NA,NA,1.690909,2790,65,0,65,0,65,0,100.000000,100.000000,100.000000,
51,vector1,NA,NA,NA,NA,NA,NA,NA,NA,NA,NA,NA,1.587879,2620,65,0,1,64,1,64,100.000000,1.538462,34.358974,
52,cube0,0.305455,504,1,0,0,0,1,0,100.000000,100.000000,100.000000,NA,NA,NA,NA,NA,NA,NA,NA,NA,NA,NA,
52,vector0,NA,NA,NA,NA,NA,NA,NA,NA,NA,NA,NA,1.558788,2572,53,12,22,43,24,41,81.538460,35.384617,50.769230,
52,vector1,NA,NA,NA,NA,NA,NA,NA,NA,NA,NA,NA,1.395151,2302,1,64,1,64,1,64,1.538462,1.538462,1.538462,
53,cube0,0.310303,512,1,0,0,0,1,0,100.000000,100.000000,100.000000,NA,NA,NA,NA,NA,NA,NA,NA,NA,NA,NA,
53,vector0,NA,NA,NA,NA,NA,NA,NA,NA,NA,NA,NA,1.695758,2798,13,52,40,24,46,20,20.000000,66.153847,50.769230,
53,vector1,NA,NA,NA,NA,NA,NA,NA,NA,NA,NA,NA,1.572727,2595,65,0,66,0,64,0,100.000000,100.000000,100.000000,
54,cube0,0.321212,530,1,0,0,0,1,0,100.000000,100.000000,100.000000,NA,NA,NA,NA,NA,NA,NA,NA,NA,NA,NA,
54,vector0,NA,NA,NA,NA,NA,NA,NA,NA,NA,NA,NA,1.475758,2435,16,49,1,64,1,64,24.615385,1.538462,9.230769,
54,vector1,NA,NA,NA,NA,NA,NA,NA,NA,NA,NA,NA,1.804848,2978,60,5,1,66,1,62,92.307693,1.538462,31.794872,
55,cube0,0.352727,582,1,0,1,0,0,0,100.000000,100.000000,100.000000,NA,NA,NA,NA,NA,NA,NA,NA,NA,NA,NA,
55,vector0,NA,NA,NA,NA,NA,NA,NA,NA,NA,NA,NA,1.590303,2624,50,15,63,0,67,0,76.923080,100.000000,92.307693,
55,vector1,NA,NA,NA,NA,NA,NA,NA,NA,NA,NA,NA,1.580000,2607,6,59,65,0,65,0,9.230769,100.000000,69.743591,
56,cube0,0.340000,561,1,0,1,0,0,0,100.000000,100.000000,100.000000,NA,NA,NA,NA,NA,NA,NA,NA,NA,NA,NA,
56,vector0,NA,NA,NA,NA,NA,NA,NA,NA,NA,NA,NA,1.623636,2679,1,64,1,64,1,64,1.538462,1.538462,1.538462,
56,vector1,NA,NA,NA,NA,NA,NA,NA,NA,NA,NA,NA,1.537576,2537,1,64,63,0,67,0,1.538462,100.000000,67.179489,
57,cube0,0.306667,506,1,0,0,0,1,0,100.000000,100.000000,100.000000,NA,NA,NA,NA,NA,NA,NA,NA,NA,NA,NA,
57,vector0,NA,NA,NA,NA,NA,NA,NA,NA,NA,NA,NA,1.818788,3001,65,0,67,0,63,0,100.000000,100.000000,100.000000,
57,vector1,NA,NA,NA,NA,NA,NA,NA,NA,NA,NA,NA,1.663636,2745,65,0,1,64,1,64,100.000000,1.538462,34.358974,
58,cube0,0.364242,601,1,0,0,0,1,0,100.000000,100.000000,100.000000,NA,NA,NA,NA,NA,NA,NA,NA,NA,NA,NA,
58,vector0,NA,NA,NA,NA,NA,NA,NA,NA,NA,NA,NA,1.497576,2471,1,64,9,61,11,49,1.538462,15.384615,10.769231,
58,vector1,NA,NA,NA,NA,NA,NA,NA,NA,NA,NA,NA,1.689091,2787,65,0,43,17,39,31,100.000000,63.076923,75.384613,
59,cube0,0.350909,579,1,0,1,0,0,0,100.000000,100.000000,100.000000,NA,NA,NA,NA,NA,NA,NA,NA,NA,NA,NA,
59,vector0,NA,NA,NA,NA,NA,NA,NA,NA,NA,NA,NA,1.587879,2620,65,0,56,9,56,9,100.000000,86.153847,90.769234,
59,vector1,NA,NA,NA,NA,NA,NA,NA,NA,NA,NA,NA,1.383030,2282,1,64,26,39,24,41,1.538462,38.461540,26.153847,
60,cube0,0.347273,573,1,0,1,0,0,0,100.000000,100.000000,100.000000,NA,NA,NA,NA,NA,NA,NA,NA,NA,NA,NA,
60,vector0,NA,NA,NA,NA,NA,NA,NA,NA,NA,NA,NA,1.565455,2583,1,64,2,62,0,66,1.538462,1.538462,1.538462,
60,vector1,NA,NA,NA,NA,NA,NA,NA,NA,NA,NA,NA,1.529091,2523,1,64,0,66,2,62,1.538462,1.538462,1.538462,
61,cube0,0.293333,484,1,0,0,0,1,0,100.000000,100.000000,100.000000,NA,NA,NA,NA,NA,NA,NA,NA,NA,NA,NA,
61,vector0,NA,NA,NA,NA,NA,NA,NA,NA,NA,NA,NA,1.632121,2693,65,0,66,0,64,0,100.000000,100.000000,100.000000,
61,vector1,NA,NA,NA,NA,NA,NA,NA,NA,NA,NA,NA,1.732121,2858,65,0,64,0,66,0,100.000000,100.000000,100.000000,
62,cube0,0.344848,569,1,0,1,0,0,0,100.000000,100.000000,100.000000,NA,NA,NA,NA,NA,NA,NA,NA,NA,NA,NA,
62,vector0,NA,NA,NA,NA,NA,NA,NA,NA,NA,NA,NA,1.416970,2338,1,64,1,65,1,63,1.538462,1.538462,1.538462,
62,vector1,NA,NA,NA,NA,NA,NA,NA,NA,NA,NA,NA,1.447879,2389,1,64,1,63,1,65,1.538462,1.538462,1.538462,
63,cube0,0.294545,486,1,0,1,0,0,0,100.000000,100.000000,100.000000,NA,NA,NA,NA,NA,NA,NA,NA,NA,NA,NA,
63,vector0,NA,NA,NA,NA,NA,NA,NA,NA,NA,NA,NA,1.426667,2354,65,0,66,0,64,0,100.000000,100.000000,100.000000,
63,vector1,NA,NA,NA,NA,NA,NA,NA,NA,NA,NA,NA,1.502424,2479,65,0,64,0,66,0,100.000000,100.000000,100.000000,
64,cube0,0.363636,600,1,0,0,0,1,0,100.000000,100.000000,100.000000,NA,NA,NA,NA,NA,NA,NA,NA,NA,NA,NA,
64,vector0,NA,NA,NA,NA,NA,NA,NA,NA,NA,NA,NA,1.561818,2577,4,61,1,64,1,64,6.153846,1.538462,3.076923,
64,vector1,NA,NA,NA,NA,NA,NA,NA,NA,NA,NA,NA,1.518182,2505,1,64,1,64,1,64,1.538462,1.538462,1.538462,
65,cube0,0.323636,534,1,0,1,0,0,0,100.000000,100.000000,100.000000,NA,NA,NA,NA,NA,NA,NA,NA,NA,NA,NA,
65,vector0,NA,NA,NA,NA,NA,NA,NA,NA,NA,NA,NA,1.741818,2874,62,3,65,0,65,0,95.384613,100.000000,98.461540,
65,vector1,NA,NA,NA,NA,NA,NA,NA,NA,NA,NA,NA,1.587273,2619,65,0,65,0,65,0,100.000000,100.000000,100.000000,
66,cube0,0.312727,516,1,0,1,0,0,0,100.000000,100.000000,100.000000,NA,NA,NA,NA,NA,NA,NA,NA,NA,NA,NA,
66,vector0,NA,NA,NA,NA,NA,NA,NA,NA,NA,NA,NA,1.512727,2496,1,64,19,47,15,49,1.538462,26.153847,17.948717,
66,vector1,NA,NA,NA,NA,NA,NA,NA,NA,NA,NA,NA,2.020000,3333,1,64,47,17,49,17,1.538462,73.846153,49.743591,
67,cube0,0.343030,566,1,0,1,0,0,0,100.000000,100.000000,100.000000,NA,NA,NA,NA,NA,NA,NA,NA,NA,NA,NA,
67,vector0,NA,NA,NA,NA,NA,NA,NA,NA,NA,NA,NA,1.695758,2798,65,0,49,16,49,16,100.000000,75.384613,83.589745,
67,vector1,NA,NA,NA,NA,NA,NA,NA,NA,NA,NA,NA,1.573333,2596,65,0,18,47,18,47,100.000000,27.692308,51.794872,
68,cube0,0.315152,520,1,0,0,0,1,0,100.000000,100.000000,100.000000,NA,NA,NA,NA,NA,NA,NA,NA,NA,NA,NA,
68,vector0,NA,NA,NA,NA,NA,NA,NA,NA,NA,NA,NA,1.518182,2505,65,0,1,64,1,64,100.000000,1.538462,34.358974,
68,vector1,NA,NA,NA,NA,NA,NA,NA,NA,NA,NA,NA,1.885455,3111,1,64,1,64,1,64,1.538462,1.538462,1.538462,
69,cube0,0.351515,580,1,0,0,0,1,0,100.000000,100.000000,100.000000,NA,NA,NA,NA,NA,NA,NA,NA,NA,NA,NA,
69,vector0,NA,NA,NA,NA,NA,NA,NA,NA,NA,NA,NA,1.736970,2866,1,64,66,0,64,0,1.538462,100.000000,67.179489,
69,vector1,NA,NA,NA,NA,NA,NA,NA,NA,NA,NA,NA,1.689697,2788,65,0,64,0,66,0,100.000000,100.000000,100.000000,
70,cube0,0.329697,544,1,0,1,0,0,0,100.000000,100.000000,100.000000,NA,NA,NA,NA,NA,NA,NA,NA,NA,NA,NA,
70,vector0,NA,NA,NA,NA,NA,NA,NA,NA,NA,NA,NA,1.373333,2266,1,64,1,64,1,64,1.538462,1.538462,1.538462,
70,vector1,NA,NA,NA,NA,NA,NA,NA,NA,NA,NA,NA,1.536364,2535,1,64,65,0,65,0,1.538462,100.000000,67.179489,
71,cube0,0.376970,622,1,0,1,0,0,0,100.000000,100.000000,100.000000,NA,NA,NA,NA,NA,NA,NA,NA,NA,NA,NA,
71,vector0,NA,NA,NA,NA,NA,NA,NA,NA,NA,NA,NA,1.632121,2693,65,0,65,0,65,0,100.000000,100.000000,100.000000,
71,vector1,NA,NA,NA,NA,NA,NA,NA,NA,NA,NA,NA,1.651515,2725,65,0,1,64,1,64,100.000000,1.538462,34.358974,
72,cube0,0.306061,505,1,0,1,0,0,0,100.000000,100.000000,100.000000,NA,NA,NA,NA,NA,NA,NA,NA,NA,NA,NA,
72,vector0,NA,NA,NA,NA,NA,NA,NA,NA,NA,NA,NA,1.460000,2409,1,64,1,64,1,64,1.538462,1.538462,1.538462,
72,vector1,NA,NA,NA,NA,NA,NA,NA,NA,NA,NA,NA,1.366061,2254,1,64,1,64,1,64,1.538462,1.538462,1.538462,
73,cube0,0.308485,509,1,0,1,0,0,0,100.000000,100.000000,100.000000,NA,NA,NA,NA,NA,NA,NA,NA,NA,NA,NA,
73,vector0,NA,NA,NA,NA,NA,NA,NA,NA,NA,NA,NA,1.564849,2582,65,0,63,0,67,0,100.000000,100.000000,100.000000,
73,vector1,NA,NA,NA,NA,NA,NA,NA,NA,NA,NA,NA,1.421818,2346,65,0,67,0,63,0,100.000000,100.000000,100.000000,
74,cube0,0.320000,528,1,0,1,0,0,0,100.000000,100.000000,100.000000,NA,NA,NA,NA,NA,NA,NA,NA,NA,NA,NA,
74,vector0,NA,NA,NA,NA,NA,NA,NA,NA,NA,NA,NA,1.552121,2561,1,64,1,64,1,64,1.538462,1.538462,1.538462,
74,vector1,NA,NA,NA,NA,NA,NA,NA,NA,NA,NA,NA,1.998182,3297,7,58,1,65,1,63,10.769231,1.538462,4.615385,
75,cube0,0.360606,595,1,0,0,0,1,0,100.000000,100.000000,100.000000,NA,NA,NA,NA,NA,NA,NA,NA,NA,NA,NA,
75,vector0,NA,NA,NA,NA,NA,NA,NA,NA,NA,NA,NA,1.732727,2859,65,0,64,0,66,0,100.000000,100.000000,100.000000,
75,vector1,NA,NA,NA,NA,NA,NA,NA,NA,NA,NA,NA,1.597576,2636,59,6,65,0,65,0,90.769234,100.000000,96.923080,
76,cube0,0.343636,567,1,0,0,0,1,0,100.000000,100.000000,100.000000,NA,NA,NA,NA,NA,NA,NA,NA,NA,NA,NA,
76,vector0,NA,NA,NA,NA,NA,NA,NA,NA,NA,NA,NA,1.555151,2566,1,64,1,64,1,64,1.538462,1.538462,1.538462,
76,vector1,NA,NA,NA,NA,NA,NA,NA,NA,NA,NA,NA,1.795758,2963,65,0,61,0,69,0,100.000000,100.000000,100.000000,
77,cube0,0.304242,502,1,0,1,0,0,0,100.000000,100.000000,100.000000,NA,NA,NA,NA,NA,NA,NA,NA,NA,NA,NA,
77,vector0,NA,NA,NA,NA,NA,NA,NA,NA,NA,NA,NA,1.715758,2831,65,0,69,0,61,0,100.000000,100.000000,100.000000,
77,vector1,NA,NA,NA,NA,NA,NA,NA,NA,NA,NA,NA,1.569091,2589,1,64,1,64,1,64,1.538462,1.538462,1.538462,
78,cube0,0.363636,600,1,0,1,0,0,0,100.000000,100.000000,100.000000,NA,NA,NA,NA,NA,NA,NA,NA,NA,NA,NA,
78,vector0,NA,NA,NA,NA,NA,NA,NA,NA,NA,NA,NA,1.648485,2720,27,38,16,50,14,50,41.538460,23.076923,29.230770,
78,vector1,NA,NA,NA,NA,NA,NA,NA,NA,NA,NA,NA,1.417576,2339,1,64,50,14,52,14,1.538462,78.461540,52.820515,
79,cube0,0.348485,575,1,0,0,0,1,0,100.000000,100.000000,100.000000,NA,NA,NA,NA,NA,NA,NA,NA,NA,NA,NA,
79,vector0,NA,NA,NA,NA,NA,NA,NA,NA,NA,NA,NA,1.826667,3014,39,26,51,14,51,14,60.000000,78.461540,72.307693,
79,vector1,NA,NA,NA,NA,NA,NA,NA,NA,NA,NA,NA,1.672121,2759,65,0,15,50,15,50,100.000000,23.076923,48.717949,
80,cube0,0.349091,576,1,0,0,0,1,0,100.000000,100.000000,100.000000,NA,NA,NA,NA,NA,NA,NA,NA,NA,NA,NA,
80,vector0,NA,NA,NA,NA,NA,NA,NA,NA,NA,NA,NA,1.519394,2507,1,64,0,64,2,64,1.538462,1.538462,1.538462,
80,vector1,NA,NA,NA,NA,NA,NA,NA,NA,NA,NA,NA,1.513939,2498,28,37,2,64,0,64,43.076923,1.538462,15.384615,
81,cube0,0.289697,478,1,0,1,0,0,0,100.000000,100.000000,100.000000,NA,NA,NA,NA,NA,NA,NA,NA,NA,NA,NA,
81,vector0,NA,NA,NA,NA,NA,NA,NA,NA,NA,NA,NA,1.627273,2685,65,0,66,0,64,0,100.000000,100.000000,100.000000,
81,vector1,NA,NA,NA,NA,NA,NA,NA,NA,NA,NA,NA,1.614545,2664,38,27,64,0,66,0,58.461540,100.000000,86.153847,
82,cube0,0.344848,569,1,0,0,0,1,0,100.000000,100.000000,100.000000,NA,NA,NA,NA,NA,NA,NA,NA,NA,NA,NA,
82,vector0,NA,NA,NA,NA,NA,NA,NA,NA,NA,NA,NA,1.468485,2423,1,64,1,64,1,64,1.538462,1.538462,1.538462,
82,vector1,NA,NA,NA,NA,NA,NA,NA,NA,NA,NA,NA,1.732121,2858,1,64,1,64,1,64,1.538462,1.538462,1.538462,
83,cube0,0.292727,483,1,0,0,0,1,0,100.000000,100.000000,100.000000,NA,NA,NA,NA,NA,NA,NA,NA,NA,NA,NA,
83,vector0,NA,NA,NA,NA,NA,NA,NA,NA,NA,NA,NA,1.617576,2669,65,0,65,0,65,0,100.000000,100.000000,100.000000,
83,vector1,NA,NA,NA,NA,NA,NA,NA,NA,NA,NA,NA,1.520606,2509,65,0,65,0,65,0,100.000000,100.000000,100.000000,
84,cube0,0.364848,602,1,0,1,0,0,0,100.000000,100.000000,100.000000,NA,NA,NA,NA,NA,NA,NA,NA,NA,NA,NA,
84,vector0,NA,NA,NA,NA,NA,NA,NA,NA,NA,NA,NA,1.480000,2442,64,1,1,64,1,64,98.461540,1.538462,33.846153,
84,vector1,NA,NA,NA,NA,NA,NA,NA,NA,NA,NA,NA,1.541212,2543,2,63,1,61,1,67,3.076923,1.538462,2.051282,
85,cube0,0.323636,534,1,0,0,0,1,0,100.000000,100.000000,100.000000,NA,NA,NA,NA,NA,NA,NA,NA,NA,NA,NA,
85,vector0,NA,NA,NA,NA,NA,NA,NA,NA,NA,NA,NA,1.648485,2720,2,63,68,0,62,0,3.076923,100.000000,67.692307,
85,vector1,NA,NA,NA,NA,NA,NA,NA,NA,NA,NA,NA,1.807273,2982,64,1,65,0,65,0,98.461540,100.000000,99.487183,
86,cube0,0.311515,514,1,0,0,0,1,0,100.000000,100.000000,100.000000,NA,NA,NA,NA,NA,NA,NA,NA,NA,NA,NA,
86,vector0,NA,NA,NA,NA,NA,NA,NA,NA,NA,NA,NA,1.481818,2445,1,64,3,58,3,66,1.538462,4.615385,3.589744,
86,vector1,NA,NA,NA,NA,NA,NA,NA,NA,NA,NA,NA,1.666667,2750,1,64,57,12,51,10,1.538462,83.076920,55.897434,
87,cube0,0.341212,563,1,0,0,0,1,0,100.000000,100.000000,100.000000,NA,NA,NA,NA,NA,NA,NA,NA,NA,NA,NA,
87,vector0,NA,NA,NA,NA,NA,NA,NA,NA,NA,NA,NA,1.447879,2389,65,0,63,2,63,2,100.000000,96.923080,97.948715,
87,vector1,NA,NA,NA,NA,NA,NA,NA,NA,NA,NA,NA,1.619394,2672,65,0,12,53,12,53,100.000000,18.461538,45.641026,
88,cube0,0.315758,521,1,0,1,0,0,0,100.000000,100.000000,100.000000,NA,NA,NA,NA,NA,NA,NA,NA,NA,NA,NA,
88,vector0,NA,NA,NA,NA,NA,NA,NA,NA,NA,NA,NA,1.489091,2457,1,64,1,64,1,64,1.538462,1.538462,1.538462,
88,vector1,NA,NA,NA,NA,NA,NA,NA,NA,NA,NA,NA,1.598182,2637,1,64,1,64,1,64,1.538462,1.538462,1.538462,
89,cube0,0.352121,581,1,0,1,0,0,0,100.000000,100.000000,100.000000,NA,NA,NA,NA,NA,NA,NA,NA,NA,NA,NA,
89,vector0,NA,NA,NA,NA,NA,NA,NA,NA,NA,NA,NA,1.601212,2642,65,0,65,0,65,0,100.000000,100.000000,100.000000,
89,vector1,NA,NA,NA,NA,NA,NA,NA,NA,NA,NA,NA,1.771515,2923,65,0,65,0,65,0,100.000000,100.000000,100.000000,
90,cube0,0.327879,541,1,0,0,0,1,0,100.000000,100.000000,100.000000,NA,NA,NA,NA,NA,NA,NA,NA,NA,NA,NA,
90,vector0,NA,NA,NA,NA,NA,NA,NA,NA,NA,NA,NA,1.760606,2905,1,64,1,62,1,66,1.538462,1.538462,1.538462,
90,vector1,NA,NA,NA,NA,NA,NA,NA,NA,NA,NA,NA,1.902424,3139,1,64,67,0,63,0,1.538462,100.000000,67.179489,
91,cube0,0.383030,632,1,0,0,0,1,0,100.000000,100.000000,100.000000,NA,NA,NA,NA,NA,NA,NA,NA,NA,NA,NA,
91,vector0,NA,NA,NA,NA,NA,NA,NA,NA,NA,NA,NA,1.529091,2523,65,0,65,0,65,0,100.000000,100.000000,100.000000,
91,vector1,NA,NA,NA,NA,NA,NA,NA,NA,NA,NA,NA,1.550303,2558,65,0,1,64,1,64,100.000000,1.538462,34.358974,
92,cube0,0.306667,506,1,0,0,0,1,0,100.000000,100.000000,100.000000,NA,NA,NA,NA,NA,NA,NA,NA,NA,NA,NA,
92,vector0,NA,NA,NA,NA,NA,NA,NA,NA,NA,NA,NA,1.579394,2606,6,59,1,64,1,64,9.230769,1.538462,4.102564,
92,vector1,NA,NA,NA,NA,NA,NA,NA,NA,NA,NA,NA,1.558182,2571,1,64,1,64,1,64,1.538462,1.538462,1.538462,
93,cube0,0.309091,510,1,0,0,0,1,0,100.000000,100.000000,100.000000,NA,NA,NA,NA,NA,NA,NA,NA,NA,NA,NA,
93,vector0,NA,NA,NA,NA,NA,NA,NA,NA,NA,NA,NA,1.511515,2494,60,5,63,0,67,0,92.307693,100.000000,97.435898,
93,vector1,NA,NA,NA,NA,NA,NA,NA,NA,NA,NA,NA,1.505455,2484,65,0,67,0,63,0,100.000000,100.000000,100.000000,
94,cube0,0.317576,524,1,0,0,0,1,0,100.000000,100.000000,100.000000,NA,NA,NA,NA,NA,NA,NA,NA,NA,NA,NA,
94,vector0,NA,NA,NA,NA,NA,NA,NA,NA,NA,NA,NA,1.427273,2355,65,0,1,64,1,64,100.000000,1.538462,34.358974,
94,vector1,NA,NA,NA,NA,NA,NA,NA,NA,NA,NA,NA,1.825455,3012,65,0,1,64,1,64,100.000000,1.538462,34.358974,
95,cube0,0.348485,575,1,0,1,0,0,0,100.000000,100.000000,100.000000,NA,NA,NA,NA,NA,NA,NA,NA,NA,NA,NA,
95,vector0,NA,NA,NA,NA,NA,NA,NA,NA,NA,NA,NA,1.590909,2625,1,64,65,0,65,0,1.538462,100.000000,67.179489,
95,vector1,NA,NA,NA,NA,NA,NA,NA,NA,NA,NA,NA,1.553939,2564,1,64,65,0,65,0,1.538462,100.000000,67.179489,
96,cube0,0.340000,561,1,0,1,0,0,0,100.000000,100.000000,100.000000,NA,NA,NA,NA,NA,NA,NA,NA,NA,NA,NA,
96,vector0,NA,NA,NA,NA,NA,NA,NA,NA,NA,NA,NA,1.461818,2412,1,64,1,64,1,64,1.538462,1.538462,1.538462,
96,vector1,NA,NA,NA,NA,NA,NA,NA,NA,NA,NA,NA,1.432121,2363,1,64,56,9,56,9,1.538462,86.153847,57.948719,
97,cube0,0.312727,516,1,0,0,0,1,0,100.000000,100.000000,100.000000,NA,NA,NA,NA,NA,NA,NA,NA,NA,NA,NA,
97,vector0,NA,NA,NA,NA,NA,NA,NA,NA,NA,NA,NA,1.524242,2515,65,0,65,0,65,0,100.000000,100.000000,100.000000,
97,vector1,NA,NA,NA,NA,NA,NA,NA,NA,NA,NA,NA,1.586667,2618,65,0,10,55,10,55,100.000000,15.384615,43.589745,
98,cube0,0.358182,591,1,0,0,0,1,0,100.000000,100.000000,100.000000,NA,NA,NA,NA,NA,NA,NA,NA,NA,NA,NA,
98,vector0,NA,NA,NA,NA,NA,NA,NA,NA,NA,NA,NA,1.375152,2269,65,0,1,62,1,66,100.000000,1.538462,34.358974,
98,vector1,NA,NA,NA,NA,NA,NA,NA,NA,NA,NA,NA,1.502424,2479,16,49,6,61,6,57,24.615385,9.230769,14.358974,
99,cube0,0.349091,576,1,0,1,0,0,0,100.000000,100.000000,100.000000,NA,NA,NA,NA,NA,NA,NA,NA,NA,NA,NA,
99,vector0,NA,NA,NA,NA,NA,NA,NA,NA,NA,NA,NA,1.581212,2609,1,64,65,0,65,0,1.538462,100.000000,67.179489,
99,vector1,NA,NA,NA,NA,NA,NA,NA,NA,NA,NA,NA,1.663030,2744,50,15,61,4,59,6,76.923080,92.307693,87.179489,
100,cube0,0.347273,573,1,0,1,0,0,0,100.000000,100.000000,100.000000,NA,NA,NA,NA,NA,NA,NA,NA,NA,NA,NA,
100,vector0,NA,NA,NA,NA,NA,NA,NA,NA,NA,NA,NA,1.447879,2389,1,64,2,64,0,64,1.538462,1.538462,1.538462,
100,vector1,NA,NA,NA,NA,NA,NA,NA,NA,NA,NA,NA,1.482424,2446,65,0,0,64,2,64,100.000000,1.538462,34.358974,
101,cube0,0.289091,477,1,0,0,0,1,0,100.000000,100.000000,100.000000,NA,NA,NA,NA,NA,NA,NA,NA,NA,NA,NA,
101,vector0,NA,NA,NA,NA,NA,NA,NA,NA,NA,NA,NA,1.541212,2543,65,0,65,0,65,0,100.000000,100.000000,100.000000,
101,vector1,NA,NA,NA,NA,NA,NA,NA,NA,NA,NA,NA,1.575152,2599,1,64,65,0,65,0,1.538462,100.000000,67.179489,
102,cube0,0.344848,569,1,0,1,0,0,0,100.000000,100.000000,100.000000,NA,NA,NA,NA,NA,NA,NA,NA,NA,NA,NA,
102,vector0,NA,NA,NA,NA,NA,NA,NA,NA,NA,NA,NA,1.378182,2274,1,64,1,64,1,64,1.538462,1.538462,1.538462,
102,vector1,NA,NA,NA,NA,NA,NA,NA,NA,NA,NA,NA,1.474545,2433,1,64,1,64,1,64,1.538462,1.538462,1.538462,
103,cube0,0.292121,482,1,0,1,0,0,0,100.000000,100.000000,100.000000,NA,NA,NA,NA,NA,NA,NA,NA,NA,NA,NA,
103,vector0,NA,NA,NA,NA,NA,NA,NA,NA,NA,NA,NA,1.649091,2721,65,0,65,0,65,0,100.000000,100.000000,100.000000,
103,vector1,NA,NA,NA,NA,NA,NA,NA,NA,NA,NA,NA,1.719394,2837,65,0,65,0,65,0,100.000000,100.000000,100.000000,
104,cube0,0.369091,609,1,0,0,0,1,0,100.000000,100.000000,100.000000,NA,NA,NA,NA,NA,NA,NA,NA,NA,NA,NA,
104,vector0,NA,NA,NA,NA,NA,NA,NA,NA,NA,NA,NA,1.537576,2537,65,0,1,64,1,64,100.000000,1.538462,34.358974,
104,vector1,NA,NA,NA,NA,NA,NA,NA,NA,NA,NA,NA,1.548485,2555,1,64,1,64,1,64,1.538462,1.538462,1.538462,
105,cube0,0.324242,535,1,0,1,0,0,0,100.000000,100.000000,100.000000,NA,NA,NA,NA,NA,NA,NA,NA,NA,NA,NA,
105,vector0,NA,NA,NA,NA,NA,NA,NA,NA,NA,NA,NA,1.904848,3143,1,64,65,0,65,0,1.538462,100.000000,67.179489,
105,vector1,NA,NA,NA,NA,NA,NA,NA,NA,NA,NA,NA,1.751515,2890,65,0,65,0,65,0,100.000000,100.000000,100.000000,
106,cube0,0.313939,518,1,0,1,0,0,0,100.000000,100.000000,100.000000,NA,NA,NA,NA,NA,NA,NA,NA,NA,NA,NA,
106,vector0,NA,NA,NA,NA,NA,NA,NA,NA,NA,NA,NA,1.599394,2639,1,64,22,38,28,42,1.538462,38.461540,26.153847,
106,vector1,NA,NA,NA,NA,NA,NA,NA,NA,NA,NA,NA,1.643030,2711,1,64,45,25,37,23,1.538462,63.076923,42.564102,
107,cube0,0.338788,559,1,0,1,0,0,0,100.000000,100.000000,100.000000,NA,NA,NA,NA,NA,NA,NA,NA,NA,NA,NA,
107,vector0,NA,NA,NA,NA,NA,NA,NA,NA,NA,NA,NA,1.756364,2898,65,0,41,24,41,24,100.000000,63.076923,75.384613,
107,vector1,NA,NA,NA,NA,NA,NA,NA,NA,NA,NA,NA,1.725455,2847,65,0,25,40,25,40,100.000000,38.461540,58.974358,
108,cube0,0.315758,521,1,0,0,0,1,0,100.000000,100.000000,100.000000,NA,NA,NA,NA,NA,NA,NA,NA,NA,NA,NA,
108,vector0,NA,NA,NA,NA,NA,NA,NA,NA,NA,NA,NA,1.518788,2506,1,64,1,64,1,64,1.538462,1.538462,1.538462,
108,vector1,NA,NA,NA,NA,NA,NA,NA,NA,NA,NA,NA,1.405455,2319,1,64,1,64,1,64,1.538462,1.538462,1.538462,
109,cube0,0.353333,583,1,0,0,0,1,0,100.000000,100.000000,100.000000,NA,NA,NA,NA,NA,NA,NA,NA,NA,NA,NA,
109,vector0,NA,NA,NA,NA,NA,NA,NA,NA,NA,NA,NA,1.746667,2882,65,0,67,0,63,0,100.000000,100.000000,100.000000,
109,vector1,NA,NA,NA,NA,NA,NA,NA,NA,NA,NA,NA,1.702424,2809,65,0,63,0,67,0,100.000000,100.000000,100.000000,
110,cube0,0.326667,539,1,0,1,0,0,0,100.000000,100.000000,100.000000,NA,NA,NA,NA,NA,NA,NA,NA,NA,NA,NA,
110,vector0,NA,NA,NA,NA,NA,NA,NA,NA,NA,NA,NA,1.515152,2500,1,64,1,65,1,63,1.538462,1.538462,1.538462,
110,vector1,NA,NA,NA,NA,NA,NA,NA,NA,NA,NA,NA,1.552727,2562,1,64,64,0,66,0,1.538462,100.000000,67.179489,
111,cube0,0.375758,620,1,0,1,0,0,0,100.000000,100.000000,100.000000,NA,NA,NA,NA,NA,NA,NA,NA,NA,NA,NA,
111,vector0,NA,NA,NA,NA,NA,NA,NA,NA,NA,NA,NA,1.653333,2728,65,0,65,0,65,0,100.000000,100.000000,100.000000,
111,vector1,NA,NA,NA,NA,NA,NA,NA,NA,NA,NA,NA,1.623030,2678,65,0,1,64,1,64,100.000000,1.538462,34.358974,
112,cube0,0.306667,506,1,0,1,0,0,0,100.000000,100.000000,100.000000,NA,NA,NA,NA,NA,NA,NA,NA,NA,NA,NA,
112,vector0,NA,NA,NA,NA,NA,NA,NA,NA,NA,NA,NA,1.566061,2584,1,64,5,60,7,58,1.538462,9.230769,6.666667,
112,vector1,NA,NA,NA,NA,NA,NA,NA,NA,NA,NA,NA,1.524848,2516,1,64,1,64,1,64,1.538462,1.538462,1.538462,
113,cube0,0.311515,514,1,0,1,0,0,0,100.000000,100.000000,100.000000,NA,NA,NA,NA,NA,NA,NA,NA,NA,NA,NA,
113,vector0,NA,NA,NA,NA,NA,NA,NA,NA,NA,NA,NA,1.818788,3001,65,0,55,6,65,4,100.000000,92.307693,94.871796,
113,vector1,NA,NA,NA,NA,NA,NA,NA,NA,NA,NA,NA,1.691515,2791,65,0,69,0,61,0,100.000000,100.000000,100.000000,
114,cube0,0.321818,531,1,0,1,0,0,0,100.000000,100.000000,100.000000,NA,NA,NA,NA,NA,NA,NA,NA,NA,NA,NA,
114,vector0,NA,NA,NA,NA,NA,NA,NA,NA,NA,NA,NA,1.870303,3086,1,64,1,64,1,64,1.538462,1.538462,1.538462,
114,vector1,NA,NA,NA,NA,NA,NA,NA,NA,NA,NA,NA,1.379394,2276,1,64,1,66,1,62,1.538462,1.538462,1.538462,
115,cube0,0.349091,576,1,0,0,0,1,0,100.000000,100.000000,100.000000,NA,NA,NA,NA,NA,NA,NA,NA,NA,NA,NA,
115,vector0,NA,NA,NA,NA,NA,NA,NA,NA,NA,NA,NA,1.495152,2467,65,0,63,0,67,0,100.000000,100.000000,100.000000,
115,vector1,NA,NA,NA,NA,NA,NA,NA,NA,NA,NA,NA,1.568485,2588,65,0,65,0,65,0,100.000000,100.000000,100.000000,
116,cube0,0.336970,556,1,0,0,0,1,0,100.000000,100.000000,100.000000,NA,NA,NA,NA,NA,NA,NA,NA,NA,NA,NA,
116,vector0,NA,NA,NA,NA,NA,NA,NA,NA,NA,NA,NA,1.381212,2279,1,64,1,64,1,64,1.538462,1.538462,1.538462,
116,vector1,NA,NA,NA,NA,NA,NA,NA,NA,NA,NA,NA,1.847273,3048,65,0,1,64,1,64,100.000000,1.538462,34.358974,
117,cube0,0.302424,499,1,0,1,0,0,0,100.000000,100.000000,100.000000,NA,NA,NA,NA,NA,NA,NA,NA,NA,NA,NA,
117,vector0,NA,NA,NA,NA,NA,NA,NA,NA,NA,NA,NA,1.493939,2465,65,0,65,0,65,0,100.000000,100.000000,100.000000,
117,vector1,NA,NA,NA,NA,NA,NA,NA,NA,NA,NA,NA,1.658182,2736,1,64,65,0,65,0,1.538462,100.000000,67.179489,
118,cube0,0.360000,594,1,0,1,0,0,0,100.000000,100.000000,100.000000,NA,NA,NA,NA,NA,NA,NA,NA,NA,NA,NA,
118,vector0,NA,NA,NA,NA,NA,NA,NA,NA,NA,NA,NA,1.532121,2528,1,64,11,54,11,54,1.538462,16.923077,11.794871,
118,vector1,NA,NA,NA,NA,NA,NA,NA,NA,NA,NA,NA,1.535151,2533,1,64,54,11,56,9,1.538462,84.615387,56.923077,
119,cube0,0.349091,576,1,0,0,0,1,0,100.000000,100.000000,100.000000,NA,NA,NA,NA,NA,NA,NA,NA,NA,NA,NA,
119,vector0,NA,NA,NA,NA,NA,NA,NA,NA,NA,NA,NA,1.561212,2576,65,0,55,10,55,10,100.000000,84.615387,89.743591,
119,vector1,NA,NA,NA,NA,NA,NA,NA,NA,NA,NA,NA,1.672121,2759,65,0,11,54,11,54,100.000000,16.923077,44.615383,
120,cube0,0.347273,573,1,0,0,0,1,0,100.000000,100.000000,100.000000,NA,NA,NA,NA,NA,NA,NA,NA,NA,NA,NA,
120,vector0,NA,NA,NA,NA,NA,NA,NA,NA,NA,NA,NA,1.547273,2553,1,64,0,64,2,64,1.538462,1.538462,1.538462,
120,vector1,NA,NA,NA,NA,NA,NA,NA,NA,NA,NA,NA,1.538788,2539,1,64,2,64,0,64,1.538462,1.538462,1.538462,
121,cube0,0.287879,475,1,0,1,0,0,0,100.000000,100.000000,100.000000,NA,NA,NA,NA,NA,NA,NA,NA,NA,NA,NA,
121,vector0,NA,NA,NA,NA,NA,NA,NA,NA,NA,NA,NA,1.693333,2794,65,0,64,0,66,0,100.000000,100.000000,100.000000,
121,vector1,NA,NA,NA,NA,NA,NA,NA,NA,NA,NA,NA,1.573939,2597,65,0,66,0,64,0,100.000000,100.000000,100.000000,
122,cube0,0.346061,571,1,0,0,0,1,0,100.000000,100.000000,100.000000,NA,NA,NA,NA,NA,NA,NA,NA,NA,NA,NA,
122,vector0,NA,NA,NA,NA,NA,NA,NA,NA,NA,NA,NA,1.546061,2551,65,0,1,64,1,64,100.000000,1.538462,34.358974,
122,vector1,NA,NA,NA,NA,NA,NA,NA,NA,NA,NA,NA,1.856364,3063,65,0,1,64,1,64,100.000000,1.538462,34.358974,
123,cube0,0.303636,501,1,0,0,0,1,0,100.000000,100.000000,100.000000,NA,NA,NA,NA,NA,NA,NA,NA,NA,NA,NA,
123,vector0,NA,NA,NA,NA,NA,NA,NA,NA,NA,NA,NA,1.624242,2680,1,64,65,0,65,0,1.538462,100.000000,67.179489,
123,vector1,NA,NA,NA,NA,NA,NA,NA,NA,NA,NA,NA,1.537576,2537,1,64,65,0,65,0,1.538462,100.000000,67.179489,
124,cube0,0.370303,611,1,0,1,0,0,0,100.000000,100.000000,100.000000,NA,NA,NA,NA,NA,NA,NA,NA,NA,NA,NA,
124,vector0,NA,NA,NA,NA,NA,NA,NA,NA,NA,NA,NA,1.824849,3011,1,64,1,64,1,64,1.538462,1.538462,1.538462,
124,vector1,NA,NA,NA,NA,NA,NA,NA,NA,NA,NA,NA,1.792727,2958,1,64,1,65,1,63,1.538462,1.538462,1.538462,
125,cube0,0.330909,546,1,0,0,0,1,0,100.000000,100.000000,100.000000,NA,NA,NA,NA,NA,NA,NA,NA,NA,NA,NA,
125,vector0,NA,NA,NA,NA,NA,NA,NA,NA,NA,NA,NA,1.440606,2377,65,0,64,0,66,0,100.000000,100.000000,100.000000,
125,vector1,NA,NA,NA,NA,NA,NA,NA,NA,NA,NA,NA,1.526667,2519,65,0,65,0,65,0,100.000000,100.000000,100.000000,
126,cube0,0.315152,520,1,0,0,0,1,0,100.000000,100.000000,100.000000,NA,NA,NA,NA,NA,NA,NA,NA,NA,NA,NA,
126,vector0,NA,NA,NA,NA,NA,NA,NA,NA,NA,NA,NA,1.563636,2580,1,64,1,64,1,64,1.538462,1.538462,1.538462,
126,vector1,NA,NA,NA,NA,NA,NA,NA,NA,NA,NA,NA,1.506667,2486,1,64,1,65,1,63,1.538462,1.538462,1.538462,
127,cube0,0.344848,569,1,0,0,0,1,0,100.000000,100.000000,100.000000,NA,NA,NA,NA,NA,NA,NA,NA,NA,NA,NA,
127,vector0,NA,NA,NA,NA,NA,NA,NA,NA,NA,NA,NA,1.732121,2858,65,0,65,0,65,0,100.000000,100.000000,100.000000,
127,vector1,NA,NA,NA,NA,NA,NA,NA,NA,NA,NA,NA,1.680606,2773,65,0,65,0,65,0,100.000000,100.000000,100.000000,
128,cube0,0.316364,522,1,0,0,0,1,0,100.000000,100.000000,100.000000,NA,NA,NA,NA,NA,NA,NA,NA,NA,NA,NA,
128,vector0,NA,NA,NA,NA,NA,NA,NA,NA,NA,NA,NA,1.406667,2321,1,64,1,64,1,64,1.538462,1.538462,1.538462,
128,vector1,NA,NA,NA,NA,NA,NA,NA,NA,NA,NA,NA,1.510303,2492,65,0,65,0,65,0,100.000000,100.000000,100.000000,
129,cube0,0.348485,575,1,0,1,0,0,0,100.000000,100.000000,100.000000,NA,NA,NA,NA,NA,NA,NA,NA,NA,NA,NA,
129,vector0,NA,NA,NA,NA,NA,NA,NA,NA,NA,NA,NA,1.490909,2460,65,0,65,0,65,0,100.000000,100.000000,100.000000,
129,vector1,NA,NA,NA,NA,NA,NA,NA,NA,NA,NA,NA,1.618788,2671,1,64,1,64,1,64,1.538462,1.538462,1.538462,
130,cube0,0.335758,554,1,0,0,0,1,0,100.000000,100.000000,100.000000,NA,NA,NA,NA,NA,NA,NA,NA,NA,NA,NA,
130,vector0,NA,NA,NA,NA,NA,NA,NA,NA,NA,NA,NA,1.391515,2296,1,64,1,64,1,64,1.538462,1.538462,1.538462,
130,vector1,NA,NA,NA,NA,NA,NA,NA,NA,NA,NA,NA,1.441818,2379,1,64,1,64,1,64,1.538462,1.538462,1.538462,
131,cube0,0.374545,618,1,0,0,0,1,0,100.000000,100.000000,100.000000,NA,NA,NA,NA,NA,NA,NA,NA,NA,NA,NA,
131,vector0,NA,NA,NA,NA,NA,NA,NA,NA,NA,NA,NA,1.608485,2654,65,0,65,0,65,0,100.000000,100.000000,100.000000,
131,vector1,NA,NA,NA,NA,NA,NA,NA,NA,NA,NA,NA,1.667273,2751,65,0,65,0,65,0,100.000000,100.000000,100.000000,
132,cube0,0.306061,505,1,0,0,0,1,0,100.000000,100.000000,100.000000,NA,NA,NA,NA,NA,NA,NA,NA,NA,NA,NA,
132,vector0,NA,NA,NA,NA,NA,NA,NA,NA,NA,NA,NA,1.550303,2558,1,64,1,63,1,65,1.538462,1.538462,1.538462,
132,vector1,NA,NA,NA,NA,NA,NA,NA,NA,NA,NA,NA,1.481818,2445,1,64,7,59,7,57,1.538462,10.769231,7.692307,
133,cube0,0.309091,510,1,0,0,0,1,0,100.000000,100.000000,100.000000,NA,NA,NA,NA,NA,NA,NA,NA,NA,NA,NA,
133,vector0,NA,NA,NA,NA,NA,NA,NA,NA,NA,NA,NA,1.476364,2436,65,0,65,0,65,0,100.000000,100.000000,100.000000,
133,vector1,NA,NA,NA,NA,NA,NA,NA,NA,NA,NA,NA,1.558182,2571,65,0,59,6,59,6,100.000000,90.769234,93.846153,
134,cube0,0.320000,528,1,0,0,0,1,0,100.000000,100.000000,100.000000,NA,NA,NA,NA,NA,NA,NA,NA,NA,NA,NA,
134,vector0,NA,NA,NA,NA,NA,NA,NA,NA,NA,NA,NA,1.577576,2603,1,64,1,64,1,64,1.538462,1.538462,1.538462,
134,vector1,NA,NA,NA,NA,NA,NA,NA,NA,NA,NA,NA,1.495152,2467,1,64,1,64,1,64,1.538462,1.538462,1.538462,
135,cube0,0.352727,582,1,0,1,0,0,0,100.000000,100.000000,100.000000,NA,NA,NA,NA,NA,NA,NA,NA,NA,NA,NA,
135,vector0,NA,NA,NA,NA,NA,NA,NA,NA,NA,NA,NA,1.758182,2901,65,0,65,0,65,0,100.000000,100.000000,100.000000,
135,vector1,NA,NA,NA,NA,NA,NA,NA,NA,NA,NA,NA,1.536364,2535,65,0,65,0,65,0,100.000000,100.000000,100.000000,
136,cube0,0.340000,561,1,0,1,0,0,0,100.000000,100.000000,100.000000,NA,NA,NA,NA,NA,NA,NA,NA,NA,NA,NA,
136,vector0,NA,NA,NA,NA,NA,NA,NA,NA,NA,NA,NA,1.895758,3128,65,0,1,63,1,65,100.000000,1.538462,34.358974,
136,vector1,NA,NA,NA,NA,NA,NA,NA,NA,NA,NA,NA,1.756364,2898,65,0,1,64,1,64,100.000000,1.538462,34.358974,
137,cube0,0.306667,506,1,0,0,0,1,0,100.000000,100.000000,100.000000,NA,NA,NA,NA,NA,NA,NA,NA,NA,NA,NA,
137,vector0,NA,NA,NA,NA,NA,NA,NA,NA,NA,NA,NA,1.613939,2663,1,64,65,0,65,0,1.538462,100.000000,67.179489,
137,vector1,NA,NA,NA,NA,NA,NA,NA,NA,NA,NA,NA,1.447879,2389,1,64,66,0,64,0,1.538462,100.000000,67.179489,
138,cube0,0.362424,598,1,0,0,0,1,0,100.000000,100.000000,100.000000,NA,NA,NA,NA,NA,NA,NA,NA,NA,NA,NA,
138,vector0,NA,NA,NA,NA,NA,NA,NA,NA,NA,NA,NA,1.554545,2565,1,64,3,62,3,62,1.538462,4.615385,3.589744,
138,vector1,NA,NA,NA,NA,NA,NA,NA,NA,NA,NA,NA,1.536970,2536,1,64,1,64,1,64,1.538462,1.538462,1.538462,
139,cube0,0.350303,578,1,0,1,0,0,0,100.000000,100.000000,100.000000,NA,NA,NA,NA,NA,NA,NA,NA,NA,NA,NA,
139,vector0,NA,NA,NA,NA,NA,NA,NA,NA,NA,NA,NA,1.686667,2783,65,0,63,2,63,2,100.000000,96.923080,97.948715,
139,vector1,NA,NA,NA,NA,NA,NA,NA,NA,NA,NA,NA,1.692121,2792,65,0,65,0,65,0,100.000000,100.000000,100.000000,
140,cube0,0.349697,577,1,0,1,0,0,0,100.000000,100.000000,100.000000,NA,NA,NA,NA,NA,NA,NA,NA,NA,NA,NA,
140,vector0,NA,NA,NA,NA,NA,NA,NA,NA,NA,NA,NA,1.515152,2500,1,64,8,57,8,57,1.538462,12.307693,8.717949,
140,vector1,NA,NA,NA,NA,NA,NA,NA,NA,NA,NA,NA,1.512727,2496,1,64,1,64,1,64,1.538462,1.538462,1.538462,
141,cube0,0.286667,473,1,0,0,0,1,0,100.000000,100.000000,100.000000,NA,NA,NA,NA,NA,NA,NA,NA,NA,NA,NA,
141,vector0,NA,NA,NA,NA,NA,NA,NA,NA,NA,NA,NA,1.611515,2659,65,0,56,8,60,6,100.000000,89.230766,92.820511,
141,vector1,NA,NA,NA,NA,NA,NA,NA,NA,NA,NA,NA,1.597576,2636,65,0,66,0,64,0,100.000000,100.000000,100.000000,
142,cube0,0.344848,569,1,0,1,0,0,0,100.000000,100.000000,100.000000,NA,NA,NA,NA,NA,NA,NA,NA,NA,NA,NA,
142,vector0,NA,NA,NA,NA,NA,NA,NA,NA,NA,NA,NA,1.494545,2466,1,64,1,64,1,64,1.538462,1.538462,1.538462,
142,vector1,NA,NA,NA,NA,NA,NA,NA,NA,NA,NA,NA,1.923030,3173,1,64,1,64,1,64,1.538462,1.538462,1.538462,
143,cube0,0.290909,480,1,0,1,0,0,0,100.000000,100.000000,100.000000,NA,NA,NA,NA,NA,NA,NA,NA,NA,NA,NA,
143,vector0,NA,NA,NA,NA,NA,NA,NA,NA,NA,NA,NA,1.578182,2604,65,0,65,0,65,0,100.000000,100.000000,100.000000,
143,vector1,NA,NA,NA,NA,NA,NA,NA,NA,NA,NA,NA,1.441818,2379,65,0,65,0,65,0,100.000000,100.000000,100.000000,
144,cube0,0.369697,610,1,0,1,0,0,0,100.000000,100.000000,100.000000,NA,NA,NA,NA,NA,NA,NA,NA,NA,NA,NA,
144,vector0,NA,NA,NA,NA,NA,NA,NA,NA,NA,NA,NA,1.561818,2577,1,64,0,64,2,64,1.538462,1.538462,1.538462,
144,vector1,NA,NA,NA,NA,NA,NA,NA,NA,NA,NA,NA,1.837576,3032,1,64,1,64,1,64,1.538462,1.538462,1.538462,
145,cube0,0.323636,534,1,0,0,0,1,0,100.000000,100.000000,100.000000,NA,NA,NA,NA,NA,NA,NA,NA,NA,NA,NA,
145,vector0,NA,NA,NA,NA,NA,NA,NA,NA,NA,NA,NA,1.603636,2646,65,0,66,0,64,0,100.000000,100.000000,100.000000,
145,vector1,NA,NA,NA,NA,NA,NA,NA,NA,NA,NA,NA,1.650909,2724,65,0,65,0,65,0,100.000000,100.000000,100.000000,
146,cube0,0.347273,573,1,0,1,0,0,0,100.000000,100.000000,100.000000,NA,NA,NA,NA,NA,NA,NA,NA,NA,NA,NA,
146,vector0,NA,NA,NA,NA,NA,NA,NA,NA,NA,NA,NA,1.529091,2523,1,64,1,64,1,64,1.538462,1.538462,1.538462,
146,vector1,NA,NA,NA,NA,NA,NA,NA,NA,NA,NA,NA,1.392121,2297,65,0,1,64,1,64,100.000000,1.538462,34.358974,
147,cube0,0.340606,562,1,0,1,0,0,0,100.000000,100.000000,100.000000,NA,NA,NA,NA,NA,NA,NA,NA,NA,NA,NA,
147,vector0,NA,NA,NA,NA,NA,NA,NA,NA,NA,NA,NA,1.646061,2716,65,0,65,0,65,0,100.000000,100.000000,100.000000,
147,vector1,NA,NA,NA,NA,NA,NA,NA,NA,NA,NA,NA,1.513939,2498,1,64,66,0,64,0,1.538462,100.000000,67.179489,
148,cube0,0.330909,546,1,0,0,0,1,0,100.000000,100.000000,100.000000,NA,NA,NA,NA,NA,NA,NA,NA,NA,NA,NA,
148,vector0,NA,NA,NA,NA,NA,NA,NA,NA,NA,NA,NA,1.850909,3054,1,64,0,64,2,64,1.538462,1.538462,1.538462,
148,vector1,NA,NA,NA,NA,NA,NA,NA,NA,NA,NA,NA,1.851515,3055,1,64,1,64,1,64,1.538462,1.538462,1.538462,
149,cube0,0.350909,579,1,0,0,0,1,0,100.000000,100.000000,100.000000,NA,NA,NA,NA,NA,NA,NA,NA,NA,NA,NA,
149,vector0,NA,NA,NA,NA,NA,NA,NA,NA,NA,NA,NA,1.424242,2350,65,0,64,0,66,0,100.000000,100.000000,100.000000,
149,vector1,NA,NA,NA,NA,NA,NA,NA,NA,NA,NA,NA,1.482424,2446,65,0,66,0,64,0,100.000000,100.000000,100.000000,
150,cube0,0.329091,543,1,0,1,0,0,0,100.000000,100.000000,100.000000,NA,NA,NA,NA,NA,NA,NA,NA,NA,NA,NA,
150,vector0,NA,NA,NA,NA,NA,NA,NA,NA,NA,NA,NA,1.429091,2358,8,57,1,64,1,64,12.307693,1.538462,5.128205,
150,vector1,NA,NA,NA,NA,NA,NA,NA,NA,NA,NA,NA,1.507273,2487,1,64,1,64,1,64,1.538462,1.538462,1.538462,
151,cube0,0.372727,615,1,0,1,0,0,0,100.000000,100.000000,100.000000,NA,NA,NA,NA,NA,NA,NA,NA,NA,NA,NA,
151,vector0,NA,NA,NA,NA,NA,NA,NA,NA,NA,NA,NA,1.497576,2471,58,7,64,0,66,0,89.230766,100.000000,96.410255,
151,vector1,NA,NA,NA,NA,NA,NA,NA,NA,NA,NA,NA,1.683030,2777,65,0,66,0,64,0,100.000000,100.000000,100.000000,
152,cube0,0.304848,503,1,0,1,0,0,0,100.000000,100.000000,100.000000,NA,NA,NA,NA,NA,NA,NA,NA,NA,NA,NA,
152,vector0,NA,NA,NA,NA,NA,NA,NA,NA,NA,NA,NA,1.418182,2340,1,64,16,49,16,49,1.538462,24.615385,16.923077,
152,vector1,NA,NA,NA,NA,NA,NA,NA,NA,NA,NA,NA,1.715152,2830,36,29,30,35,30,35,55.384617,46.153847,49.230770,
153,cube0,0.309091,510,1,0,1,0,0,0,100.000000,100.000000,100.000000,NA,NA,NA,NA,NA,NA,NA,NA,NA,NA,NA,
153,vector0,NA,NA,NA,NA,NA,NA,NA,NA,NA,NA,NA,1.691515,2791,65,0,49,16,51,14,100.000000,76.923080,84.615387,
153,vector1,NA,NA,NA,NA,NA,NA,NA,NA,NA,NA,NA,1.378182,2274,30,35,36,29,36,29,46.153847,55.384617,52.307693,
154,cube0,0.320000,528,1,0,1,0,0,0,100.000000,100.000000,100.000000,NA,NA,NA,NA,NA,NA,NA,NA,NA,NA,NA,
154,vector0,NA,NA,NA,NA,NA,NA,NA,NA,NA,NA,NA,1.604242,2647,1,64,6,63,8,53,1.538462,10.769231,7.692307,
154,vector1,NA,NA,NA,NA,NA,NA,NA,NA,NA,NA,NA,1.512121,2495,1,64,3,58,1,68,1.538462,3.076923,2.564103,
155,cube0,0.349697,577,1,0,0,0,1,0,100.000000,100.000000,100.000000,NA,NA,NA,NA,NA,NA,NA,NA,NA,NA,NA,
155,vector0,NA,NA,NA,NA,NA,NA,NA,NA,NA,NA,NA,1.716970,2833,65,0,58,4,60,8,100.000000,90.769234,93.846153,
155,vector1,NA,NA,NA,NA,NA,NA,NA,NA,NA,NA,NA,1.506061,2485,65,0,67,1,61,1,100.000000,98.461540,98.974358,
156,cube0,0.340606,562,1,0,0,0,1,0,100.000000,100.000000,100.000000,NA,NA,NA,NA,NA,NA,NA,NA,NA,NA,NA,
156,vector0,NA,NA,NA,NA,NA,NA,NA,NA,NA,NA,NA,1.793333,2959,65,0,1,64,1,64,100.000000,1.538462,34.358974,
156,vector1,NA,NA,NA,NA,NA,NA,NA,NA,NA,NA,NA,1.482424,2446,65,0,1,64,1,64,100.000000,1.538462,34.358974,
157,cube0,0.304242,502,1,0,1,0,0,0,100.000000,100.000000,100.000000,NA,NA,NA,NA,NA,NA,NA,NA,NA,NA,NA,
157,vector0,NA,NA,NA,NA,NA,NA,NA,NA,NA,NA,NA,1.787273,2949,1,64,65,0,65,0,1.538462,100.000000,67.179489,
157,vector1,NA,NA,NA,NA,NA,NA,NA,NA,NA,NA,NA,1.579394,2606,1,64,65,0,65,0,1.538462,100.000000,67.179489,
158,cube0,0.361212,596,1,0,1,0,0,0,100.000000,100.000000,100.000000,NA,NA,NA,NA,NA,NA,NA,NA,NA,NA,NA,
158,vector0,NA,NA,NA,NA,NA,NA,NA,NA,NA,NA,NA,1.567879,2587,1,64,0,64,2,64,1.538462,1.538462,1.538462,
158,vector1,NA,NA,NA,NA,NA,NA,NA,NA,NA,NA,NA,1.446667,2387,1,64,65,1,63,1,1.538462,98.461540,66.153847,
159,cube0,0.351515,580,1,0,0,0,1,0,100.000000,100.000000,100.000000,NA,NA,NA,NA,NA,NA,NA,NA,NA,NA,NA,
159,vector0,NA,NA,NA,NA,NA,NA,NA,NA,NA,NA,NA,1.766667,2915,65,0,65,0,65,0,100.000000,100.000000,100.000000,
159,vector1,NA,NA,NA,NA,NA,NA,NA,NA,NA,NA,NA,1.692121,2792,65,0,3,62,1,64,100.000000,3.076923,35.384617,
160,cube0,0.347879,574,1,0,0,0,1,0,100.000000,100.000000,100.000000,NA,NA,NA,NA,NA,NA,NA,NA,NA,NA,NA,
160,vector0,NA,NA,NA,NA,NA,NA,NA,NA,NA,NA,NA,1.392727,2298,1,64,1,64,1,64,1.538462,1.538462,1.538462,
160,vector1,NA,NA,NA,NA,NA,NA,NA,NA,NA,NA,NA,1.825455,3012,1,64,1,64,1,64,1.538462,1.538462,1.538462,
161,cube0,0.290303,479,1,0,1,0,0,0,100.000000,100.000000,100.000000,NA,NA,NA,NA,NA,NA,NA,NA,NA,NA,NA,
161,vector0,NA,NA,NA,NA,NA,NA,NA,NA,NA,NA,NA,1.571515,2593,65,0,64,0,66,0,100.000000,100.000000,100.000000,
161,vector1,NA,NA,NA,NA,NA,NA,NA,NA,NA,NA,NA,1.840000,3036,65,0,66,0,64,0,100.000000,100.000000,100.000000,
162,cube0,0.345455,570,1,0,0,0,1,0,100.000000,100.000000,100.000000,NA,NA,NA,NA,NA,NA,NA,NA,NA,NA,NA,
162,vector0,NA,NA,NA,NA,NA,NA,NA,NA,NA,NA,NA,1.854545,3060,1,64,1,64,1,64,1.538462,1.538462,1.538462,
162,vector1,NA,NA,NA,NA,NA,NA,NA,NA,NA,NA,NA,1.681212,2774,1,64,1,64,1,64,1.538462,1.538462,1.538462,
163,cube0,0.293333,484,1,0,0,0,1,0,100.000000,100.000000,100.000000,NA,NA,NA,NA,NA,NA,NA,NA,NA,NA,NA,
163,vector0,NA,NA,NA,NA,NA,NA,NA,NA,NA,NA,NA,1.593939,2630,65,0,65,0,65,0,100.000000,100.000000,100.000000,
163,vector1,NA,NA,NA,NA,NA,NA,NA,NA,NA,NA,NA,1.570909,2592,65,0,65,0,65,0,100.000000,100.000000,100.000000,
164,cube0,0.369091,609,1,0,0,0,1,0,100.000000,100.000000,100.000000,NA,NA,NA,NA,NA,NA,NA,NA,NA,NA,NA,
164,vector0,NA,NA,NA,NA,NA,NA,NA,NA,NA,NA,NA,1.531515,2527,1,64,2,64,0,64,1.538462,1.538462,1.538462,
164,vector1,NA,NA,NA,NA,NA,NA,NA,NA,NA,NA,NA,1.518182,2505,1,64,1,64,1,64,1.538462,1.538462,1.538462,
165,cube0,0.323636,534,1,0,0,0,1,0,100.000000,100.000000,100.000000,NA,NA,NA,NA,NA,NA,NA,NA,NA,NA,NA,
165,vector0,NA,NA,NA,NA,NA,NA,NA,NA,NA,NA,NA,1.688485,2786,65,0,65,0,65,0,100.000000,100.000000,100.000000,
165,vector1,NA,NA,NA,NA,NA,NA,NA,NA,NA,NA,NA,1.545455,2550,65,0,65,0,65,0,100.000000,100.000000,100.000000,
166,cube0,0.313939,518,1,0,0,0,1,0,100.000000,100.000000,100.000000,NA,NA,NA,NA,NA,NA,NA,NA,NA,NA,NA,
166,vector0,NA,NA,NA,NA,NA,NA,NA,NA,NA,NA,NA,1.379394,2276,1,64,1,64,1,64,1.538462,1.538462,1.538462,
166,vector1,NA,NA,NA,NA,NA,NA,NA,NA,NA,NA,NA,1.504848,2483,65,0,1,64,1,64,100.000000,1.538462,34.358974,
167,cube0,0.340606,562,1,0,0,0,1,0,100.000000,100.000000,100.000000,NA,NA,NA,NA,NA,NA,NA,NA,NA,NA,NA,
167,vector0,NA,NA,NA,NA,NA,NA,NA,NA,NA,NA,NA,1.626061,2683,65,0,65,0,65,0,100.000000,100.000000,100.000000,
167,vector1,NA,NA,NA,NA,NA,NA,NA,NA,NA,NA,NA,1.660000,2739,1,64,66,0,64,0,1.538462,100.000000,67.179489,
168,cube0,0.319394,527,1,0,1,0,0,0,100.000000,100.000000,100.000000,NA,NA,NA,NA,NA,NA,NA,NA,NA,NA,NA,
168,vector0,NA,NA,NA,NA,NA,NA,NA,NA,NA,NA,NA,1.849091,3051,65,0,4,60,6,60,100.000000,7.692307,38.461540,
168,vector1,NA,NA,NA,NA,NA,NA,NA,NA,NA,NA,NA,1.541818,2544,1,64,1,64,1,64,1.538462,1.538462,1.538462,
169,cube0,0.349091,576,1,0,1,0,0,0,100.000000,100.000000,100.000000,NA,NA,NA,NA,NA,NA,NA,NA,NA,NA,NA,
169,vector0,NA,NA,NA,NA,NA,NA,NA,NA,NA,NA,NA,1.623030,2678,1,64,63,4,59,4,1.538462,93.846153,63.076923,
169,vector1,NA,NA,NA,NA,NA,NA,NA,NA,NA,NA,NA,1.635758,2699,65,0,63,0,67,0,100.000000,100.000000,100.000000,
170,cube0,0.335758,554,1,0,0,0,1,0,100.000000,100.000000,100.000000,NA,NA,NA,NA,NA,NA,NA,NA,NA,NA,NA,
170,vector0,NA,NA,NA,NA,NA,NA,NA,NA,NA,NA,NA,1.456970,2404,1,64,1,64,1,64,1.538462,1.538462,1.538462,
170,vector1,NA,NA,NA,NA,NA,NA,NA,NA,NA,NA,NA,1.563030,2579,1,64,1,66,1,62,1.538462,1.538462,1.538462,
171,cube0,0.374545,618,1,0,0,0,1,0,100.000000,100.000000,100.000000,NA,NA,NA,NA,NA,NA,NA,NA,NA,NA,NA,
171,vector0,NA,NA,NA,NA,NA,NA,NA,NA,NA,NA,NA,1.580606,2608,65,0,63,0,67,0,100.000000,100.000000,100.000000,
171,vector1,NA,NA,NA,NA,NA,NA,NA,NA,NA,NA,NA,1.767879,2917,65,0,65,0,65,0,100.000000,100.000000,100.000000,
172,cube0,0.307273,507,1,0,0,0,1,0,100.000000,100.000000,100.000000,NA,NA,NA,NA,NA,NA,NA,NA,NA,NA,NA,
172,vector0,NA,NA,NA,NA,NA,NA,NA,NA,NA,NA,NA,1.612727,2661,1,64,6,60,4,60,1.538462,7.692307,5.641026,
172,vector1,NA,NA,NA,NA,NA,NA,NA,NA,NA,NA,NA,1.565455,2583,1,64,27,37,27,39,1.538462,41.538460,28.205128,
173,cube0,0.309091,510,1,0,0,0,1,0,100.000000,100.000000,100.000000,NA,NA,NA,NA,NA,NA,NA,NA,NA,NA,NA,
173,vector0,NA,NA,NA,NA,NA,NA,NA,NA,NA,NA,NA,1.610909,2658,65,0,61,4,61,4,100.000000,93.846153,95.897438,
173,vector1,NA,NA,NA,NA,NA,NA,NA,NA,NA,NA,NA,1.620606,2674,65,0,41,24,37,28,100.000000,60.000000,73.333336,
174,cube0,0.318182,525,1,0,0,0,1,0,100.000000,100.000000,100.000000,NA,NA,NA,NA,NA,NA,NA,NA,NA,NA,NA,
174,vector0,NA,NA,NA,NA,NA,NA,NA,NA,NA,NA,NA,1.582424,2611,1,64,59,6,59,6,1.538462,90.769234,61.025642,
174,vector1,NA,NA,NA,NA,NA,NA,NA,NA,NA,NA,NA,1.518788,2506,1,64,65,0,65,0,1.538462,100.000000,67.179489,
175,cube0,0.349697,577,1,0,1,0,0,0,100.000000,100.000000,100.000000,NA,NA,NA,NA,NA,NA,NA,NA,NA,NA,NA,
175,vector0,NA,NA,NA,NA,NA,NA,NA,NA,NA,NA,NA,1.745455,2880,65,0,7,58,7,58,100.000000,10.769231,40.512821,
175,vector1,NA,NA,NA,NA,NA,NA,NA,NA,NA,NA,NA,1.578788,2605,65,0,1,64,1,64,100.000000,1.538462,34.358974,
176,cube0,0.340000,561,1,0,1,0,0,0,100.000000,100.000000,100.000000,NA,NA,NA,NA,NA,NA,NA,NA,NA,NA,NA,
176,vector0,NA,NA,NA,NA,NA,NA,NA,NA,NA,NA,NA,1.995758,3293,1,64,1,64,1,64,1.538462,1.538462,1.538462,
176,vector1,NA,NA,NA,NA,NA,NA,NA,NA,NA,NA,NA,1.903030,3140,65,0,1,64,1,64,100.000000,1.538462,34.358974,
177,cube0,0.306061,505,1,0,0,0,1,0,100.000000,100.000000,100.000000,NA,NA,NA,NA,NA,NA,NA,NA,NA,NA,NA,
177,vector0,NA,NA,NA,NA,NA,NA,NA,NA,NA,NA,NA,1.547879,2554,65,0,66,0,64,0,100.000000,100.000000,100.000000,
177,vector1,NA,NA,NA,NA,NA,NA,NA,NA,NA,NA,NA,1.568485,2588,1,64,64,0,66,0,1.538462,100.000000,67.179489,
178,cube0,0.360606,595,1,0,0,0,1,0,100.000000,100.000000,100.000000,NA,NA,NA,NA,NA,NA,NA,NA,NA,NA,NA,
178,vector0,NA,NA,NA,NA,NA,NA,NA,NA,NA,NA,NA,1.518788,2506,1,64,1,64,1,64,1.538462,1.538462,1.538462,
178,vector1,NA,NA,NA,NA,NA,NA,NA,NA,NA,NA,NA,1.453333,2398,1,64,1,59,1,69,1.538462,1.538462,1.538462,
179,cube0,0.349091,576,1,0,1,0,0,0,100.000000,100.000000,100.000000,NA,NA,NA,NA,NA,NA,NA,NA,NA,NA,NA,
179,vector0,NA,NA,NA,NA,NA,NA,NA,NA,NA,NA,NA,1.709091,2820,65,0,70,0,60,0,100.000000,100.000000,100.000000,
179,vector1,NA,NA,NA,NA,NA,NA,NA,NA,NA,NA,NA,1.570909,2592,65,0,65,0,65,0,100.000000,100.000000,100.000000,
180,cube0,0.345455,570,1,0,1,0,0,0,100.000000,100.000000,100.000000,NA,NA,NA,NA,NA,NA,NA,NA,NA,NA,NA,
180,vector0,NA,NA,NA,NA,NA,NA,NA,NA,NA,NA,NA,1.539394,2540,65,0,1,64,1,64,100.000000,1.538462,34.358974,
180,vector1,NA,NA,NA,NA,NA,NA,NA,NA,NA,NA,NA,1.521212,2510,65,0,1,64,1,64,100.000000,1.538462,34.358974,
181,cube0,0.293939,485,1,0,0,0,1,0,100.000000,100.000000,100.000000,NA,NA,NA,NA,NA,NA,NA,NA,NA,NA,NA,
181,vector0,NA,NA,NA,NA,NA,NA,NA,NA,NA,NA,NA,1.673333,2761,1,64,65,0,65,0,1.538462,100.000000,67.179489,
181,vector1,NA,NA,NA,NA,NA,NA,NA,NA,NA,NA,NA,1.735152,2863,1,64,65,0,65,0,1.538462,100.000000,67.179489,
182,cube0,0.346667,572,1,0,1,0,0,0,100.000000,100.000000,100.000000,NA,NA,NA,NA,NA,NA,NA,NA,NA,NA,NA,
182,vector0,NA,NA,NA,NA,NA,NA,NA,NA,NA,NA,NA,2.026061,3343,1,64,1,64,1,64,1.538462,1.538462,1.538462,
182,vector1,NA,NA,NA,NA,NA,NA,NA,NA,NA,NA,NA,1.364242,2251,1,64,1,64,1,64,1.538462,1.538462,1.538462,
183,cube0,0.292121,482,1,0,1,0,0,0,100.000000,100.000000,100.000000,NA,NA,NA,NA,NA,NA,NA,NA,NA,NA,NA,
183,vector0,NA,NA,NA,NA,NA,NA,NA,NA,NA,NA,NA,1.373939,2267,65,0,65,0,65,0,100.000000,100.000000,100.000000,
183,vector1,NA,NA,NA,NA,NA,NA,NA,NA,NA,NA,NA,1.381212,2279,65,0,65,0,65,0,100.000000,100.000000,100.000000,
184,cube0,0.369091,609,1,0,0,0,1,0,100.000000,100.000000,100.000000,NA,NA,NA,NA,NA,NA,NA,NA,NA,NA,NA,
184,vector0,NA,NA,NA,NA,NA,NA,NA,NA,NA,NA,NA,1.504848,2483,56,9,19,43,23,45,86.153847,32.307693,50.256409,
184,vector1,NA,NA,NA,NA,NA,NA,NA,NA,NA,NA,NA,1.568485,2588,1,64,46,22,44,18,1.538462,69.230766,46.666668,
185,cube0,0.323636,534,1,0,1,0,0,0,100.000000,100.000000,100.000000,NA,NA,NA,NA,NA,NA,NA,NA,NA,NA,NA,
185,vector0,NA,NA,NA,NA,NA,NA,NA,NA,NA,NA,NA,1.806667,2981,10,55,45,20,45,20,15.384615,69.230766,51.282051,
185,vector1,NA,NA,NA,NA,NA,NA,NA,NA,NA,NA,NA,1.643636,2712,65,0,20,45,22,43,100.000000,32.307693,54.871796,
186,cube0,0.313333,517,1,0,1,0,0,0,100.000000,100.000000,100.000000,NA,NA,NA,NA,NA,NA,NA,NA,NA,NA,NA,
186,vector0,NA,NA,NA,NA,NA,NA,NA,NA,NA,NA,NA,1.445455,2385,1,64,1,64,1,64,1.538462,1.538462,1.538462,
186,vector1,NA,NA,NA,NA,NA,NA,NA,NA,NA,NA,NA,1.518182,2505,65,0,1,64,1,64,100.000000,1.538462,34.358974,
187,cube0,0.338788,559,1,0,1,0,0,0,100.000000,100.000000,100.000000,NA,NA,NA,NA,NA,NA,NA,NA,NA,NA,NA,
187,vector0,NA,NA,NA,NA,NA,NA,NA,NA,NA,NA,NA,1.603030,2645,65,0,65,0,65,0,100.000000,100.000000,100.000000,
187,vector1,NA,NA,NA,NA,NA,NA,NA,NA,NA,NA,NA,1.624242,2680,1,64,67,0,63,0,1.538462,100.000000,67.179489,
188,cube0,0.316970,523,1,0,0,0,1,0,100.000000,100.000000,100.000000,NA,NA,NA,NA,NA,NA,NA,NA,NA,NA,NA,
188,vector0,NA,NA,NA,NA,NA,NA,NA,NA,NA,NA,NA,1.486061,2452,1,64,1,62,1,66,1.538462,1.538462,1.538462,
188,vector1,NA,NA,NA,NA,NA,NA,NA,NA,NA,NA,NA,1.393939,2300,1,64,1,64,1,64,1.538462,1.538462,1.538462,
189,cube0,0.354545,585,1,0,0,0,1,0,100.000000,100.000000,100.000000,NA,NA,NA,NA,NA,NA,NA,NA,NA,NA,NA,
189,vector0,NA,NA,NA,NA,NA,NA,NA,NA,NA,NA,NA,1.612727,2661,65,0,63,0,67,0,100.000000,100.000000,100.000000,
189,vector1,NA,NA,NA,NA,NA,NA,NA,NA,NA,NA,NA,1.438182,2373,65,0,67,0,63,0,100.000000,100.000000,100.000000,
190,cube0,0.330909,546,1,0,1,0,0,0,100.000000,100.000000,100.000000,NA,NA,NA,NA,NA,NA,NA,NA,NA,NA,NA,
190,vector0,NA,NA,NA,NA,NA,NA,NA,NA,NA,NA,NA,1.523030,2513,1,64,1,64,1,64,1.538462,1.538462,1.538462,
190,vector1,NA,NA,NA,NA,NA,NA,NA,NA,NA,NA,NA,1.487273,2454,1,64,1,64,1,64,1.538462,1.538462,1.538462,
191,cube0,0.370303,611,1,0,1,0,0,0,100.000000,100.000000,100.000000,NA,NA,NA,NA,NA,NA,NA,NA,NA,NA,NA,
191,vector0,NA,NA,NA,NA,NA,NA,NA,NA,NA,NA,NA,1.655151,2731,65,0,62,0,68,0,100.000000,100.000000,100.000000,
191,vector1,NA,NA,NA,NA,NA,NA,NA,NA,NA,NA,NA,1.681212,2774,65,0,68,0,62,0,100.000000,100.000000,100.000000,
192,cube0,0.303636,501,1,0,1,0,0,0,100.000000,100.000000,100.000000,NA,NA,NA,NA,NA,NA,NA,NA,NA,NA,NA,
192,vector0,NA,NA,NA,NA,NA,NA,NA,NA,NA,NA,NA,1.627273,2685,65,0,12,51,18,49,100.000000,23.076923,48.717949,
192,vector1,NA,NA,NA,NA,NA,NA,NA,NA,NA,NA,NA,1.467273,2421,65,0,45,22,39,24,100.000000,64.615387,76.410255,
193,cube0,0.308485,509,1,0,1,0,0,0,100.000000,100.000000,100.000000,NA,NA,NA,NA,NA,NA,NA,NA,NA,NA,NA,
193,vector0,NA,NA,NA,NA,NA,NA,NA,NA,NA,NA,NA,1.736364,2865,1,64,51,14,51,14,1.538462,78.461540,52.820515,
193,vector1,NA,NA,NA,NA,NA,NA,NA,NA,NA,NA,NA,1.553333,2563,1,64,24,41,24,41,1.538462,36.923077,25.128204,
194,cube0,0.320606,529,1,0,1,0,0,0,100.000000,100.000000,100.000000,NA,NA,NA,NA,NA,NA,NA,NA,NA,NA,NA,
194,vector0,NA,NA,NA,NA,NA,NA,NA,NA,NA,NA,NA,1.425454,2352,1,64,18,46,18,48,1.538462,27.692308,18.974360,
194,vector1,NA,NA,NA,NA,NA,NA,NA,NA,NA,NA,NA,1.529697,2524,1,64,50,16,46,18,1.538462,73.846153,49.743591,
195,cube0,0.350303,578,1,0,0,0,1,0,100.000000,100.000000,100.000000,NA,NA,NA,NA,NA,NA,NA,NA,NA,NA,NA,
195,vector0,NA,NA,NA,NA,NA,NA,NA,NA,NA,NA,NA,1.667879,2752,65,0,48,17,48,17,100.000000,73.846153,82.564102,
195,vector1,NA,NA,NA,NA,NA,NA,NA,NA,NA,NA,NA,1.601212,2642,65,0,18,47,18,47,100.000000,27.692308,51.794872,
196,cube0,0.340000,561,1,0,0,0,1,0,100.000000,100.000000,100.000000,NA,NA,NA,NA,NA,NA,NA,NA,NA,NA,NA,
196,vector0,NA,NA,NA,NA,NA,NA,NA,NA,NA,NA,NA,1.641818,2709,65,0,1,64,1,64,100.000000,1.538462,34.358974,
196,vector1,NA,NA,NA,NA,NA,NA,NA,NA,NA,NA,NA,1.746061,2881,1,64,1,64,1,64,1.538462,1.538462,1.538462,
197,cube0,0.304848,503,1,0,1,0,0,0,100.000000,100.000000,100.000000,NA,NA,NA,NA,NA,NA,NA,NA,NA,NA,NA,
197,vector0,NA,NA,NA,NA,NA,NA,NA,NA,NA,NA,NA,1.824242,3010,1,64,64,0,66,0,1.538462,100.000000,67.179489,
197,vector1,NA,NA,NA,NA,NA,NA,NA,NA,NA,NA,NA,1.852121,3056,65,0,66,0,64,0,100.000000,100.000000,100.000000,
198,cube0,0.361818,597,1,0,1,0,0,0,100.000000,100.000000,100.000000,NA,NA,NA,NA,NA,NA,NA,NA,NA,NA,NA,
198,vector0,NA,NA,NA,NA,NA,NA,NA,NA,NA,NA,NA,1.463636,2415,1,64,1,64,1,64,1.538462,1.538462,1.538462,
198,vector1,NA,NA,NA,NA,NA,NA,NA,NA,NA,NA,NA,1.478182,2439,1,64,1,64,1,64,1.538462,1.538462,1.538462,
199,cube0,0.349091,576,1,0,0,0,1,0,100.000000,100.000000,100.000000,NA,NA,NA,NA,NA,NA,NA,NA,NA,NA,NA,
199,vector0,NA,NA,NA,NA,NA,NA,NA,NA,NA,NA,NA,1.649091,2721,65,0,64,0,66,0,100.000000,100.000000,100.000000,
199,vector1,NA,NA,NA,NA,NA,NA,NA,NA,NA,NA,NA,1.655758,2732,65,0,65,0,65,0,100.000000,100.000000,100.000000,
200,cube0,0.350303,578,1,0,0,0,1,0,100.000000,100.000000,100.000000,NA,NA,NA,NA,NA,NA,NA,NA,NA,NA,NA,
200,vector0,NA,NA,NA,NA,NA,NA,NA,NA,NA,NA,NA,1.493939,2465,1,64,2,63,4,61,1.538462,4.615385,3.589744,
200,vector1,NA,NA,NA,NA,NA,NA,NA,NA,NA,NA,NA,1.538788,2539,1,64,1,65,1,63,1.538462,1.538462,1.538462,
201,cube0,0.290909,480,1,0,1,0,0,0,100.000000,100.000000,100.000000,NA,NA,NA,NA,NA,NA,NA,NA,NA,NA,NA,
201,vector0,NA,NA,NA,NA,NA,NA,NA,NA,NA,NA,NA,1.641212,2708,65,0,65,0,61,4,100.000000,96.923080,97.948715,
201,vector1,NA,NA,NA,NA,NA,NA,NA,NA,NA,NA,NA,1.717576,2834,65,0,65,0,65,0,100.000000,100.000000,100.000000,
202,cube0,0.353333,583,1,0,0,0,1,0,100.000000,100.000000,100.000000,NA,NA,NA,NA,NA,NA,NA,NA,NA,NA,NA,
202,vector0,NA,NA,NA,NA,NA,NA,NA,NA,NA,NA,NA,1.541212,2543,1,64,1,64,1,64,1.538462,1.538462,1.538462,
202,vector1,NA,NA,NA,NA,NA,NA,NA,NA,NA,NA,NA,1.537576,2537,1,64,1,64,1,64,1.538462,1.538462,1.538462,
203,cube0,0.293939,485,1,0,0,0,1,0,100.000000,100.000000,100.000000,NA,NA,NA,NA,NA,NA,NA,NA,NA,NA,NA,
203,vector0,NA,NA,NA,NA,NA,NA,NA,NA,NA,NA,NA,1.523030,2513,65,0,65,0,65,0,100.000000,100.000000,100.000000,
203,vector1,NA,NA,NA,NA,NA,NA,NA,NA,NA,NA,NA,1.488485,2456,65,0,65,0,65,0,100.000000,100.000000,100.000000,
204,cube0,0.367879,607,1,0,1,0,0,0,100.000000,100.000000,100.000000,NA,NA,NA,NA,NA,NA,NA,NA,NA,NA,NA,
204,vector0,NA,NA,NA,NA,NA,NA,NA,NA,NA,NA,NA,1.602424,2644,3,62,1,64,1,64,4.615385,1.538462,2.564103,
204,vector1,NA,NA,NA,NA,NA,NA,NA,NA,NA,NA,NA,1.513333,2497,1,64,1,64,1,64,1.538462,1.538462,1.538462,
205,cube0,0.325455,537,1,0,0,0,1,0,100.000000,100.000000,100.000000,NA,NA,NA,NA,NA,NA,NA,NA,NA,NA,NA,
205,vector0,NA,NA,NA,NA,NA,NA,NA,NA,NA,NA,NA,1.678788,2770,63,2,65,0,65,0,96.923080,100.000000,98.974358,
205,vector1,NA,NA,NA,NA,NA,NA,NA,NA,NA,NA,NA,1.607273,2652,65,0,65,0,65,0,100.000000,100.000000,100.000000,
206,cube0,0.310303,512,1,0,0,0,1,0,100.000000,100.000000,100.000000,NA,NA,NA,NA,NA,NA,NA,NA,NA,NA,NA,
206,vector0,NA,NA,NA,NA,NA,NA,NA,NA,NA,NA,NA,1.522424,2512,1,64,1,64,1,64,1.538462,1.538462,1.538462,
206,vector1,NA,NA,NA,NA,NA,NA,NA,NA,NA,NA,NA,1.523636,2514,65,0,1,64,1,64,100.000000,1.538462,34.358974,
207,cube0,0.339394,560,1,0,0,0,1,0,100.000000,100.000000,100.000000,NA,NA,NA,NA,NA,NA,NA,NA,NA,NA,NA,
207,vector0,NA,NA,NA,NA,NA,NA,NA,NA,NA,NA,NA,1.621818,2676,65,0,65,0,65,0,100.000000,100.000000,100.000000,
207,vector1,NA,NA,NA,NA,NA,NA,NA,NA,NA,NA,NA,1.575758,2600,1,64,65,0,65,0,1.538462,100.000000,67.179489,
208,cube0,0.313333,517,1,0,1,0,0,0,100.000000,100.000000,100.000000,NA,NA,NA,NA,NA,NA,NA,NA,NA,NA,NA,
208,vector0,NA,NA,NA,NA,NA,NA,NA,NA,NA,NA,NA,1.524848,2516,1,64,28,35,28,39,1.538462,43.076923,29.230770,
208,vector1,NA,NA,NA,NA,NA,NA,NA,NA,NA,NA,NA,1.687879,2785,1,64,2,65,4,59,1.538462,4.615385,3.589744,
209,cube0,0.350909,579,1,0,1,0,0,0,100.000000,100.000000,100.000000,NA,NA,NA,NA,NA,NA,NA,NA,NA,NA,NA,
209,vector0,NA,NA,NA,NA,NA,NA,NA,NA,NA,NA,NA,1.805454,2979,65,0,37,28,39,26,100.000000,58.461540,72.307693,
209,vector1,NA,NA,NA,NA,NA,NA,NA,NA,NA,NA,NA,1.781212,2939,65,0,63,2,63,2,100.000000,96.923080,97.948715,
210,cube0,0.329091,543,1,0,0,0,1,0,100.000000,100.000000,100.000000,NA,NA,NA,NA,NA,NA,NA,NA,NA,NA,NA,
210,vector0,NA,NA,NA,NA,NA,NA,NA,NA,NA,NA,NA,1.516970,2503,64,1,1,64,1,64,98.461540,1.538462,33.846153,
210,vector1,NA,NA,NA,NA,NA,NA,NA,NA,NA,NA,NA,1.520606,2509,65,0,1,64,1,64,100.000000,1.538462,34.358974,
211,cube0,0.372121,614,1,0,0,0,1,0,100.000000,100.000000,100.000000,NA,NA,NA,NA,NA,NA,NA,NA,NA,NA,NA,
211,vector0,NA,NA,NA,NA,NA,NA,NA,NA,NA,NA,NA,1.641212,2708,2,63,65,0,65,0,3.076923,100.000000,67.692307,
211,vector1,NA,NA,NA,NA,NA,NA,NA,NA,NA,NA,NA,1.780606,2938,1,64,65,0,65,0,1.538462,100.000000,67.179489,
212,cube0,0.306667,506,1,0,0,0,1,0,100.000000,100.000000,100.000000,NA,NA,NA,NA,NA,NA,NA,NA,NA,NA,NA,
212,vector0,NA,NA,NA,NA,NA,NA,NA,NA,NA,NA,NA,1.499394,2474,1,64,1,64,1,64,1.538462,1.538462,1.538462,
212,vector1,NA,NA,NA,NA,NA,NA,NA,NA,NA,NA,NA,1.700606,2806,60,5,1,64,1,64,92.307693,1.538462,31.794872,
213,cube0,0.310909,513,1,0,0,0,1,0,100.000000,100.000000,100.000000,NA,NA,NA,NA,NA,NA,NA,NA,NA,NA,NA,
213,vector0,NA,NA,NA,NA,NA,NA,NA,NA,NA,NA,NA,1.626667,2684,65,0,65,0,65,0,100.000000,100.000000,100.000000,
213,vector1,NA,NA,NA,NA,NA,NA,NA,NA,NA,NA,NA,1.737576,2867,6,59,65,0,65,0,9.230769,100.000000,69.743591,
214,cube0,0.320000,528,1,0,0,0,1,0,100.000000,100.000000,100.000000,NA,NA,NA,NA,NA,NA,NA,NA,NA,NA,NA,
214,vector0,NA,NA,NA,NA,NA,NA,NA,NA,NA,NA,NA,1.961818,3237,1,64,57,8,57,8,1.538462,87.692307,58.974358,
214,vector1,NA,NA,NA,NA,NA,NA,NA,NA,NA,NA,NA,1.538182,2538,1,64,1,64,1,64,1.538462,1.538462,1.538462,
215,cube0,0.348485,575,1,0,1,0,0,0,100.000000,100.000000,100.000000,NA,NA,NA,NA,NA,NA,NA,NA,NA,NA,NA,
215,vector0,NA,NA,NA,NA,NA,NA,NA,NA,NA,NA,NA,1.476970,2437,65,0,10,55,8,57,100.000000,13.846154,42.564102,
215,vector1,NA,NA,NA,NA,NA,NA,NA,NA,NA,NA,NA,1.632727,2694,65,0,65,0,65,0,100.000000,100.000000,100.000000,
216,cube0,0.338182,558,1,0,1,0,0,0,100.000000,100.000000,100.000000,NA,NA,NA,NA,NA,NA,NA,NA,NA,NA,NA,
216,vector0,NA,NA,NA,NA,NA,NA,NA,NA,NA,NA,NA,1.912727,3156,47,18,1,64,1,64,72.307693,1.538462,25.128204,
216,vector1,NA,NA,NA,NA,NA,NA,NA,NA,NA,NA,NA,1.909091,3150,1,64,1,63,1,65,1.538462,1.538462,1.538462,
217,cube0,0.306061,505,1,0,0,0,1,0,100.000000,100.000000,100.000000,NA,NA,NA,NA,NA,NA,NA,NA,NA,NA,NA,
217,vector0,NA,NA,NA,NA,NA,NA,NA,NA,NA,NA,NA,1.423030,2348,19,46,66,0,64,0,29.230770,100.000000,76.410255,
217,vector1,NA,NA,NA,NA,NA,NA,NA,NA,NA,NA,NA,1.561818,2577,65,0,65,0,65,0,100.000000,100.000000,100.000000,
218,cube0,0.359394,593,1,0,0,0,1,0,100.000000,100.000000,100.000000,NA,NA,NA,NA,NA,NA,NA,NA,NA,NA,NA,
218,vector0,NA,NA,NA,NA,NA,NA,NA,NA,NA,NA,NA,1.596970,2635,1,64,1,64,1,64,1.538462,1.538462,1.538462,
218,vector1,NA,NA,NA,NA,NA,NA,NA,NA,NA,NA,NA,1.463636,2415,1,64,1,64,1,64,1.538462,1.538462,1.538462,
219,cube0,0.350303,578,1,0,1,0,0,0,100.000000,100.000000,100.000000,NA,NA,NA,NA,NA,NA,NA,NA,NA,NA,NA,
219,vector0,NA,NA,NA,NA,NA,NA,NA,NA,NA,NA,NA,1.684848,2780,65,0,65,0,65,0,100.000000,100.000000,100.000000,
219,vector1,NA,NA,NA,NA,NA,NA,NA,NA,NA,NA,NA,1.596364,2634,65,0,65,0,65,0,100.000000,100.000000,100.000000,
220,cube0,0.351515,580,1,0,0,0,1,0,100.000000,100.000000,100.000000,NA,NA,NA,NA,NA,NA,NA,NA,NA,NA,NA,
220,vector0,NA,NA,NA,NA,NA,NA,NA,NA,NA,NA,NA,1.376970,2272,1,64,1,64,1,64,1.538462,1.538462,1.538462,
220,vector1,NA,NA,NA,NA,NA,NA,NA,NA,NA,NA,NA,1.549697,2557,65,0,2,64,0,64,100.000000,1.538462,34.358974,
221,cube0,0.289697,478,1,0,0,0,1,0,100.000000,100.000000,100.000000,NA,NA,NA,NA,NA,NA,NA,NA,NA,NA,NA,
221,vector0,NA,NA,NA,NA,NA,NA,NA,NA,NA,NA,NA,1.594545,2631,65,0,65,0,65,0,100.000000,100.000000,100.000000,
221,vector1,NA,NA,NA,NA,NA,NA,NA,NA,NA,NA,NA,1.755152,2896,1,64,65,0,65,0,1.538462,100.000000,67.179489,
222,cube0,0.343030,566,1,0,1,0,0,0,100.000000,100.000000,100.000000,NA,NA,NA,NA,NA,NA,NA,NA,NA,NA,NA,
222,vector0,NA,NA,NA,NA,NA,NA,NA,NA,NA,NA,NA,1.532727,2529,1,64,1,64,1,64,1.538462,1.538462,1.538462,
222,vector1,NA,NA,NA,NA,NA,NA,NA,NA,NA,NA,NA,1.401818,2313,1,64,1,64,1,64,1.538462,1.538462,1.538462,
223,cube0,0.291515,481,1,0,1,0,0,0,100.000000,100.000000,100.000000,NA,NA,NA,NA,NA,NA,NA,NA,NA,NA,NA,
223,vector0,NA,NA,NA,NA,NA,NA,NA,NA,NA,NA,NA,1.638182,2703,65,0,65,0,65,0,100.000000,100.000000,100.000000,
223,vector1,NA,NA,NA,NA,NA,NA,NA,NA,NA,NA,NA,1.456364,2403,65,0,65,0,65,0,100.000000,100.000000,100.000000,
224,cube0,0.367879,607,1,0,0,0,1,0,100.000000,100.000000,100.000000,NA,NA,NA,NA,NA,NA,NA,NA,NA,NA,NA,
224,vector0,NA,NA,NA,NA,NA,NA,NA,NA,NA,NA,NA,1.464849,2417,61,4,1,64,1,64,93.846153,1.538462,32.307693,
224,vector1,NA,NA,NA,NA,NA,NA,NA,NA,NA,NA,NA,1.580606,2608,1,64,1,64,1,64,1.538462,1.538462,1.538462,
225,cube0,0.321818,531,1,0,1,0,0,0,100.000000,100.000000,100.000000,NA,NA,NA,NA,NA,NA,NA,NA,NA,NA,NA,
225,vector0,NA,NA,NA,NA,NA,NA,NA,NA,NA,NA,NA,1.665455,2748,5,60,65,0,65,0,7.692307,100.000000,69.230766,
225,vector1,NA,NA,NA,NA,NA,NA,NA,NA,NA,NA,NA,1.664242,2746,65,0,65,0,65,0,100.000000,100.000000,100.000000,
226,cube0,0.312727,516,1,0,1,0,0,0,100.000000,100.000000,100.000000,NA,NA,NA,NA,NA,NA,NA,NA,NA,NA,NA,
226,vector0,NA,NA,NA,NA,NA,NA,NA,NA,NA,NA,NA,1.551515,2560,1,64,65,0,65,0,1.538462,100.000000,67.179489,
226,vector1,NA,NA,NA,NA,NA,NA,NA,NA,NA,NA,NA,1.539394,2540,65,0,1,64,1,64,100.000000,1.538462,34.358974,
227,cube0,0.340000,561,1,0,1,0,0,0,100.000000,100.000000,100.000000,NA,NA,NA,NA,NA,NA,NA,NA,NA,NA,NA,
227,vector0,NA,NA,NA,NA,NA,NA,NA,NA,NA,NA,NA,1.635152,2698,65,0,1,64,1,64,100.000000,1.538462,34.358974,
227,vector1,NA,NA,NA,NA,NA,NA,NA,NA,NA,NA,NA,1.597576,2636,1,64,65,0,65,0,1.538462,100.000000,67.179489,
228,cube0,0.316364,522,1,0,0,0,1,0,100.000000,100.000000,100.000000,NA,NA,NA,NA,NA,NA,NA,NA,NA,NA,NA,
228,vector0,NA,NA,NA,NA,NA,NA,NA,NA,NA,NA,NA,1.469091,2424,1,64,1,64,1,64,1.538462,1.538462,1.538462,
228,vector1,NA,NA,NA,NA,NA,NA,NA,NA,NA,NA,NA,1.404848,2318,1,64,1,64,1,64,1.538462,1.538462,1.538462,
229,cube0,0.350909,579,1,0,0,0,1,0,100.000000,100.000000,100.000000,NA,NA,NA,NA,NA,NA,NA,NA,NA,NA,NA,
229,vector0,NA,NA,NA,NA,NA,NA,NA,NA,NA,NA,NA,1.741212,2873,65,0,64,0,66,0,100.000000,100.000000,100.000000,
229,vector1,NA,NA,NA,NA,NA,NA,NA,NA,NA,NA,NA,1.666667,2750,65,0,66,0,64,0,100.000000,100.000000,100.000000,
230,cube0,0.329697,544,1,0,1,0,0,0,100.000000,100.000000,100.000000,NA,NA,NA,NA,NA,NA,NA,NA,NA,NA,NA,
230,vector0,NA,NA,NA,NA,NA,NA,NA,NA,NA,NA,NA,1.560000,2574,1,64,22,41,26,41,1.538462,36.923077,25.128204,
230,vector1,NA,NA,NA,NA,NA,NA,NA,NA,NA,NA,NA,1.521212,2510,1,64,43,24,39,24,1.538462,63.076923,42.564102,
231,cube0,0.373333,616,1,0,1,0,0,0,100.000000,100.000000,100.000000,NA,NA,NA,NA,NA,NA,NA,NA,NA,NA,NA,
231,vector0,NA,NA,NA,NA,NA,NA,NA,NA,NA,NA,NA,1.627879,2686,65,0,42,23,42,23,100.000000,64.615387,76.410255,
231,vector1,NA,NA,NA,NA,NA,NA,NA,NA,NA,NA,NA,1.598788,2638,65,0,25,40,25,40,100.000000,38.461540,58.974358,
232,cube0,0.302424,499,1,0,1,0,0,0,100.000000,100.000000,100.000000,NA,NA,NA,NA,NA,NA,NA,NA,NA,NA,NA,
232,vector0,NA,NA,NA,NA,NA,NA,NA,NA,NA,NA,NA,1.532727,2529,1,64,1,64,1,64,1.538462,1.538462,1.538462,
232,vector1,NA,NA,NA,NA,NA,NA,NA,NA,NA,NA,NA,1.761818,2907,1,64,1,65,1,63,1.538462,1.538462,1.538462,
233,cube0,0.309091,510,1,0,1,0,0,0,100.000000,100.000000,100.000000,NA,NA,NA,NA,NA,NA,NA,NA,NA,NA,NA,
233,vector0,NA,NA,NA,NA,NA,NA,NA,NA,NA,NA,NA,1.606061,2650,65,0,64,0,66,0,100.000000,100.000000,100.000000,
233,vector1,NA,NA,NA,NA,NA,NA,NA,NA,NA,NA,NA,1.688485,2786,65,0,65,0,65,0,100.000000,100.000000,100.000000,
234,cube0,0.319394,527,1,0,1,0,0,0,100.000000,100.000000,100.000000,NA,NA,NA,NA,NA,NA,NA,NA,NA,NA,NA,
234,vector0,NA,NA,NA,NA,NA,NA,NA,NA,NA,NA,NA,1.527879,2521,1,64,4,61,6,59,1.538462,7.692307,5.641026,
234,vector1,NA,NA,NA,NA,NA,NA,NA,NA,NA,NA,NA,1.547273,2553,1,64,1,64,1,64,1.538462,1.538462,1.538462,
235,cube0,0.350303,578,1,0,0,0,1,0,100.000000,100.000000,100.000000,NA,NA,NA,NA,NA,NA,NA,NA,NA,NA,NA,
235,vector0,NA,NA,NA,NA,NA,NA,NA,NA,NA,NA,NA,1.636364,2700,65,0,60,5,62,3,100.000000,93.846153,95.897438,
235,vector1,NA,NA,NA,NA,NA,NA,NA,NA,NA,NA,NA,1.564849,2582,65,0,65,0,65,0,100.000000,100.000000,100.000000,
236,cube0,0.340606,562,1,0,0,0,1,0,100.000000,100.000000,100.000000,NA,NA,NA,NA,NA,NA,NA,NA,NA,NA,NA,
236,vector0,NA,NA,NA,NA,NA,NA,NA,NA,NA,NA,NA,1.667879,2752,1,64,1,64,1,64,1.538462,1.538462,1.538462,
236,vector1,NA,NA,NA,NA,NA,NA,NA,NA,NA,NA,NA,1.535151,2533,1,64,1,61,1,67,1.538462,1.538462,1.538462,
237,cube0,0.309091,510,1,0,1,0,0,0,100.000000,100.000000,100.000000,NA,NA,NA,NA,NA,NA,NA,NA,NA,NA,NA,
237,vector0,NA,NA,NA,NA,NA,NA,NA,NA,NA,NA,NA,1.660000,2739,65,0,68,0,62,0,100.000000,100.000000,100.000000,
237,vector1,NA,NA,NA,NA,NA,NA,NA,NA,NA,NA,NA,1.607879,2653,65,0,65,0,65,0,100.000000,100.000000,100.000000,
238,cube0,0.373333,616,1,0,1,0,0,0,100.000000,100.000000,100.000000,NA,NA,NA,NA,NA,NA,NA,NA,NA,NA,NA,
238,vector0,NA,NA,NA,NA,NA,NA,NA,NA,NA,NA,NA,1.548485,2555,1,64,1,64,1,64,1.538462,1.538462,1.538462,
238,vector1,NA,NA,NA,NA,NA,NA,NA,NA,NA,NA,NA,1.589091,2622,1,64,1,64,1,64,1.538462,1.538462,1.538462,
239,cube0,0.353333,583,1,0,0,0,1,0,100.000000,100.000000,100.000000,NA,NA,NA,NA,NA,NA,NA,NA,NA,NA,NA,
239,vector0,NA,NA,NA,NA,NA,NA,NA,NA,NA,NA,NA,1.721212,2840,65,0,65,0,65,0,100.000000,100.000000,100.000000,
239,vector1,NA,NA,NA,NA,NA,NA,NA,NA,NA,NA,NA,1.720000,2838,65,0,64,0,66,0,100.000000,100.000000,100.000000,
240,cube0,0.352727,582,1,0,1,0,0,0,100.000000,100.000000,100.000000,NA,NA,NA,NA,NA,NA,NA,NA,NA,NA,NA,
240,vector0,NA,NA,NA,NA,NA,NA,NA,NA,NA,NA,NA,1.582424,2611,1,64,2,64,0,64,1.538462,1.538462,1.538462,
240,vector1,NA,NA,NA,NA,NA,NA,NA,NA,NA,NA,NA,1.415151,2335,6,59,0,64,2,64,9.230769,1.538462,4.102564,
241,cube0,0.289697,478,1,0,1,0,0,0,100.000000,100.000000,100.000000,NA,NA,NA,NA,NA,NA,NA,NA,NA,NA,NA,
241,vector0,NA,NA,NA,NA,NA,NA,NA,NA,NA,NA,NA,1.615152,2665,65,0,65,0,65,0,100.000000,100.000000,100.000000,
241,vector1,NA,NA,NA,NA,NA,NA,NA,NA,NA,NA,NA,1.507879,2488,60,5,65,0,65,0,92.307693,100.000000,97.435898,
242,cube0,0.356364,588,1,0,0,0,1,0,100.000000,100.000000,100.000000,NA,NA,NA,NA,NA,NA,NA,NA,NA,NA,NA,
242,vector0,NA,NA,NA,NA,NA,NA,NA,NA,NA,NA,NA,1.648485,2720,1,64,1,64,1,64,1.538462,1.538462,1.538462,
242,vector1,NA,NA,NA,NA,NA,NA,NA,NA,NA,NA,NA,1.570909,2592,1,64,1,64,1,64,1.538462,1.538462,1.538462,
243,cube0,0.295758,488,1,0,0,0,1,0,100.000000,100.000000,100.000000,NA,NA,NA,NA,NA,NA,NA,NA,NA,NA,NA,
243,vector0,NA,NA,NA,NA,NA,NA,NA,NA,NA,NA,NA,1.742424,2875,65,0,65,0,65,0,100.000000,100.000000,100.000000,
243,vector1,NA,NA,NA,NA,NA,NA,NA,NA,NA,NA,NA,1.679394,2771,65,0,65,0,65,0,100.000000,100.000000,100.000000,
244,cube0,0.365455,603,1,0,1,0,0,0,100.000000,100.000000,100.000000,NA,NA,NA,NA,NA,NA,NA,NA,NA,NA,NA,
244,vector0,NA,NA,NA,NA,NA,NA,NA,NA,NA,NA,NA,1.789091,2952,23,42,1,64,1,64,35.384617,1.538462,12.820513,
244,vector1,NA,NA,NA,NA,NA,NA,NA,NA,NA,NA,NA,1.838788,3034,1,64,1,64,1,64,1.538462,1.538462,1.538462,
245,cube0,0.323636,534,1,0,0,0,1,0,100.000000,100.000000,100.000000,NA,NA,NA,NA,NA,NA,NA,NA,NA,NA,NA,
245,vector0,NA,NA,NA,NA,NA,NA,NA,NA,NA,NA,NA,1.404242,2317,43,22,65,0,65,0,66.153847,100.000000,88.717949,
245,vector1,NA,NA,NA,NA,NA,NA,NA,NA,NA,NA,NA,1.494545,2466,65,0,65,0,65,0,100.000000,100.000000,100.000000,
246,cube0,0.311515,514,1,0,0,0,1,0,100.000000,100.000000,100.000000,NA,NA,NA,NA,NA,NA,NA,NA,NA,NA,NA,
246,vector0,NA,NA,NA,NA,NA,NA,NA,NA,NA,NA,NA,1.564242,2581,1,64,1,64,1,64,1.538462,1.538462,1.538462,
246,vector1,NA,NA,NA,NA,NA,NA,NA,NA,NA,NA,NA,1.749697,2887,65,0,1,64,1,64,100.000000,1.538462,34.358974,
247,cube0,0.342424,565,1,0,0,0,1,0,100.000000,100.000000,100.000000,NA,NA,NA,NA,NA,NA,NA,NA,NA,NA,NA,
247,vector0,NA,NA,NA,NA,NA,NA,NA,NA,NA,NA,NA,1.638788,2704,65,0,65,0,65,0,100.000000,100.000000,100.000000,
247,vector1,NA,NA,NA,NA,NA,NA,NA,NA,NA,NA,NA,1.483030,2447,1,64,65,0,65,0,1.538462,100.000000,67.179489,
248,cube0,0.315758,521,1,0,1,0,0,0,100.000000,100.000000,100.000000,NA,NA,NA,NA,NA,NA,NA,NA,NA,NA,NA,
248,vector0,NA,NA,NA,NA,NA,NA,NA,NA,NA,NA,NA,1.519394,2507,1,64,2,63,2,63,1.538462,3.076923,2.564103,
248,vector1,NA,NA,NA,NA,NA,NA,NA,NA,NA,NA,NA,1.512727,2496,1,64,1,64,1,64,1.538462,1.538462,1.538462,
249,cube0,0.352121,581,1,0,1,0,0,0,100.000000,100.000000,100.000000,NA,NA,NA,NA,NA,NA,NA,NA,NA,NA,NA,
249,vector0,NA,NA,NA,NA,NA,NA,NA,NA,NA,NA,NA,1.790909,2955,65,0,66,1,62,1,100.000000,98.461540,98.974358,
249,vector1,NA,NA,NA,NA,NA,NA,NA,NA,NA,NA,NA,1.653333,2728,65,0,63,0,67,0,100.000000,100.000000,100.000000,
250,cube0,0.329091,543,1,0,0,0,1,0,100.000000,100.000000,100.000000,NA,NA,NA,NA,NA,NA,NA,NA,NA,NA,NA,
250,vector0,NA,NA,NA,NA,NA,NA,NA,NA,NA,NA,NA,1.548485,2555,1,64,1,63,1,65,1.538462,1.538462,1.538462,
250,vector1,NA,NA,NA,NA,NA,NA,NA,NA,NA,NA,NA,1.429697,2359,1,64,62,4,62,2,1.538462,95.384613,64.102562,
251,cube0,0.373939,617,1,0,0,0,1,0,100.000000,100.000000,100.000000,NA,NA,NA,NA,NA,NA,NA,NA,NA,NA,NA,
251,vector0,NA,NA,NA,NA,NA,NA,NA,NA,NA,NA,NA,1.689697,2788,65,0,65,0,65,0,100.000000,100.000000,100.000000,
251,vector1,NA,NA,NA,NA,NA,NA,NA,NA,NA,NA,NA,1.692727,2793,65,0,3,62,5,60,100.000000,6.153846,37.435898,
252,cube0,0.305455,504,1,0,0,0,1,0,100.000000,100.000000,100.000000,NA,NA,NA,NA,NA,NA,NA,NA,NA,NA,NA,
252,vector0,NA,NA,NA,NA,NA,NA,NA,NA,NA,NA,NA,1.481212,2444,1,64,1,64,1,64,1.538462,1.538462,1.538462,
252,vector1,NA,NA,NA,NA,NA,NA,NA,NA,NA,NA,NA,1.754545,2895,1,64,1,64,1,64,1.538462,1.538462,1.538462,
253,cube0,0.309091,510,1,0,0,0,1,0,100.000000,100.000000,100.000000,NA,NA,NA,NA,NA,NA,NA,NA,NA,NA,NA,
253,vector0,NA,NA,NA,NA,NA,NA,NA,NA,NA,NA,NA,1.523030,2513,65,0,65,0,65,0,100.000000,100.000000,100.000000,
253,vector1,NA,NA,NA,NA,NA,NA,NA,NA,NA,NA,NA,1.562424,2578,65,0,66,0,64,0,100.000000,100.000000,100.000000,
254,cube0,0.321212,530,1,0,0,0,1,0,100.000000,100.000000,100.000000,NA,NA,NA,NA,NA,NA,NA,NA,NA,NA,NA,
254,vector0,NA,NA,NA,NA,NA,NA,NA,NA,NA,NA,NA,1.540606,2542,1,64,1,63,1,65,1.538462,1.538462,1.538462,
254,vector1,NA,NA,NA,NA,NA,NA,NA,NA,NA,NA,NA,1.512121,2495,1,64,1,64,1,64,1.538462,1.538462,1.538462,
255,cube0,0.348485,575,1,0,1,0,0,0,100.000000,100.000000,100.000000,NA,NA,NA,NA,NA,NA,NA,NA,NA,NA,NA,
255,vector0,NA,NA,NA,NA,NA,NA,NA,NA,NA,NA,NA,1.701212,2807,65,0,65,0,65,0,100.000000,100.000000,100.000000,
255,vector1,NA,NA,NA,NA,NA,NA,NA,NA,NA,NA,NA,1.578182,2604,65,0,65,0,65,0,100.000000,100.000000,100.000000,
256,cube0,0.340000,561,1,0,1,0,0,0,100.000000,100.000000,100.000000,NA,NA,NA,NA,NA,NA,NA,NA,NA,NA,NA,
256,vector0,NA,NA,NA,NA,NA,NA,NA,NA,NA,NA,NA,1.693939,2795,1,64,1,64,1,64,1.538462,1.538462,1.538462,
256,vector1,NA,NA,NA,NA,NA,NA,NA,NA,NA,NA,NA,1.545455,2550,1,64,1,63,1,65,1.538462,1.538462,1.538462,
257,cube0,0.305455,504,1,0,0,0,1,0,100.000000,100.000000,100.000000,NA,NA,NA,NA,NA,NA,NA,NA,NA,NA,NA,
257,vector0,NA,NA,NA,NA,NA,NA,NA,NA,NA,NA,NA,1.626667,2684,65,0,66,0,64,0,100.000000,100.000000,100.000000,
257,vector1,NA,NA,NA,NA,NA,NA,NA,NA,NA,NA,NA,1.730909,2856,65,0,65,0,65,0,100.000000,100.000000,100.000000,
258,cube0,0.366061,604,1,0,0,0,1,0,100.000000,100.000000,100.000000,NA,NA,NA,NA,NA,NA,NA,NA,NA,NA,NA,
258,vector0,NA,NA,NA,NA,NA,NA,NA,NA,NA,NA,NA,1.533333,2530,1,64,1,64,1,64,1.538462,1.538462,1.538462,
258,vector1,NA,NA,NA,NA,NA,NA,NA,NA,NA,NA,NA,1.555758,2567,1,64,1,63,1,65,1.538462,1.538462,1.538462,
259,cube0,0.358182,591,1,0,1,0,0,0,100.000000,100.000000,100.000000,NA,NA,NA,NA,NA,NA,NA,NA,NA,NA,NA,
259,vector0,NA,NA,NA,NA,NA,NA,NA,NA,NA,NA,NA,1.743030,2876,65,0,66,0,64,0,100.000000,100.000000,100.000000,
259,vector1,NA,NA,NA,NA,NA,NA,NA,NA,NA,NA,NA,1.727273,2850,65,0,65,0,65,0,100.000000,100.000000,100.000000,
260,cube0,0.375758,620,1,0,1,0,0,0,100.000000,100.000000,100.000000,NA,NA,NA,NA,NA,NA,NA,NA,NA,NA,NA,
260,vector0,NA,NA,NA,NA,NA,NA,NA,NA,NA,NA,NA,1.553939,2564,2,63,1,64,1,64,3.076923,1.538462,2.051282,
260,vector1,NA,NA,NA,NA,NA,NA,NA,NA,NA,NA,NA,1.543636,2547,65,0,1,64,1,64,100.000000,1.538462,34.358974,
261,cube0,0.289697,478,1,0,0,0,1,0,100.000000,100.000000,100.000000,NA,NA,NA,NA,NA,NA,NA,NA,NA,NA,NA,
261,vector0,NA,NA,NA,NA,NA,NA,NA,NA,NA,NA,NA,1.715758,2831,64,1,65,0,65,0,98.461540,100.000000,99.487183,
261,vector1,NA,NA,NA,NA,NA,NA,NA,NA,NA,NA,NA,1.675758,2765,1,64,65,0,65,0,1.538462,100.000000,67.179489,
262,cube0,0.347879,574,1,0,1,0,0,0,100.000000,100.000000,100.000000,NA,NA,NA,NA,NA,NA,NA,NA,NA,NA,NA,
262,vector0,NA,NA,NA,NA,NA,NA,NA,NA,NA,NA,NA,1.441212,2378,1,64,1,64,1,64,1.538462,1.538462,1.538462,
262,vector1,NA,NA,NA,NA,NA,NA,NA,NA,NA,NA,NA,1.942424,3205,1,64,1,64,1,64,1.538462,1.538462,1.538462,
263,cube0,0.290909,480,1,0,1,0,0,0,100.000000,100.000000,100.000000,NA,NA,NA,NA,NA,NA,NA,NA,NA,NA,NA,
263,vector0,NA,NA,NA,NA,NA,NA,NA,NA,NA,NA,NA,1.560606,2575,65,0,65,0,65,0,100.000000,100.000000,100.000000,
263,vector1,NA,NA,NA,NA,NA,NA,NA,NA,NA,NA,NA,1.612121,2660,65,0,65,0,65,0,100.000000,100.000000,100.000000,
264,cube0,0.366667,605,1,0,0,0,1,0,100.000000,100.000000,100.000000,NA,NA,NA,NA,NA,NA,NA,NA,NA,NA,NA,
264,vector0,NA,NA,NA,NA,NA,NA,NA,NA,NA,NA,NA,1.545455,2550,65,0,1,64,1,64,100.000000,1.538462,34.358974,
264,vector1,NA,NA,NA,NA,NA,NA,NA,NA,NA,NA,NA,1.848485,3050,1,64,1,64,1,64,1.538462,1.538462,1.538462,
265,cube0,0.321818,531,1,0,1,0,0,0,100.000000,100.000000,100.000000,NA,NA,NA,NA,NA,NA,NA,NA,NA,NA,NA,
265,vector0,NA,NA,NA,NA,NA,NA,NA,NA,NA,NA,NA,1.643030,2711,1,64,66,0,64,0,1.538462,100.000000,67.179489,
265,vector1,NA,NA,NA,NA,NA,NA,NA,NA,NA,NA,NA,1.544242,2548,65,0,64,0,66,0,100.000000,100.000000,100.000000,
266,cube0,0.310909,513,1,0,1,0,0,0,100.000000,100.000000,100.000000,NA,NA,NA,NA,NA,NA,NA,NA,NA,NA,NA,
266,vector0,NA,NA,NA,NA,NA,NA,NA,NA,NA,NA,NA,1.844242,3043,2,63,1,64,1,64,3.076923,1.538462,2.051282,
266,vector1,NA,NA,NA,NA,NA,NA,NA,NA,NA,NA,NA,1.841212,3038,1,64,1,64,1,64,1.538462,1.538462,1.538462,
267,cube0,0.339394,560,1,0,1,0,0,0,100.000000,100.000000,100.000000,NA,NA,NA,NA,NA,NA,NA,NA,NA,NA,NA,
267,vector0,NA,NA,NA,NA,NA,NA,NA,NA,NA,NA,NA,1.565455,2583,64,1,65,0,65,0,98.461540,100.000000,99.487183,
267,vector1,NA,NA,NA,NA,NA,NA,NA,NA,NA,NA,NA,1.520000,2508,65,0,65,0,65,0,100.000000,100.000000,100.000000,
268,cube0,0.315758,521,1,0,0,0,1,0,100.000000,100.000000,100.000000,NA,NA,NA,NA,NA,NA,NA,NA,NA,NA,NA,
268,vector0,NA,NA,NA,NA,NA,NA,NA,NA,NA,NA,NA,1.371515,2263,1,64,1,64,1,64,1.538462,1.538462,1.538462,
268,vector1,NA,NA,NA,NA,NA,NA,NA,NA,NA,NA,NA,1.507273,2487,1,64,1,64,1,64,1.538462,1.538462,1.538462,
269,cube0,0.352121,581,1,0,0,0,1,0,100.000000,100.000000,100.000000,NA,NA,NA,NA,NA,NA,NA,NA,NA,NA,NA,
269,vector0,NA,NA,NA,NA,NA,NA,NA,NA,NA,NA,NA,1.515758,2501,65,0,68,0,62,0,100.000000,100.000000,100.000000,
269,vector1,NA,NA,NA,NA,NA,NA,NA,NA,NA,NA,NA,1.538788,2539,65,0,62,0,68,0,100.000000,100.000000,100.000000,
270,cube0,0.333333,550,1,0,1,0,0,0,100.000000,100.000000,100.000000,NA,NA,NA,NA,NA,NA,NA,NA,NA,NA,NA,
270,vector0,NA,NA,NA,NA,NA,NA,NA,NA,NA,NA,NA,1.540606,2542,1,64,1,64,1,64,1.538462,1.538462,1.538462,
270,vector1,NA,NA,NA,NA,NA,NA,NA,NA,NA,NA,NA,1.819394,3002,1,64,1,64,1,64,1.538462,1.538462,1.538462,
271,cube0,0.370909,612,1,0,1,0,0,0,100.000000,100.000000,100.000000,NA,NA,NA,NA,NA,NA,NA,NA,NA,NA,NA,
271,vector0,NA,NA,NA,NA,NA,NA,NA,NA,NA,NA,NA,1.732727,2859,65,0,65,0,65,0,100.000000,100.000000,100.000000,
271,vector1,NA,NA,NA,NA,NA,NA,NA,NA,NA,NA,NA,1.566667,2585,65,0,65,0,65,0,100.000000,100.000000,100.000000,
272,cube0,0.307273,507,1,0,1,0,0,0,100.000000,100.000000,100.000000,NA,NA,NA,NA,NA,NA,NA,NA,NA,NA,NA,
272,vector0,NA,NA,NA,NA,NA,NA,NA,NA,NA,NA,NA,1.460000,2409,1,64,0,60,2,68,1.538462,1.538462,1.538462,
272,vector1,NA,NA,NA,NA,NA,NA,NA,NA,NA,NA,NA,1.670909,2757,1,64,2,68,0,60,1.538462,1.538462,1.538462,
273,cube0,0.309091,510,1,0,1,0,0,0,100.000000,100.000000,100.000000,NA,NA,NA,NA,NA,NA,NA,NA,NA,NA,NA,
273,vector0,NA,NA,NA,NA,NA,NA,NA,NA,NA,NA,NA,1.603030,2645,65,0,63,0,67,0,100.000000,100.000000,100.000000,
273,vector1,NA,NA,NA,NA,NA,NA,NA,NA,NA,NA,NA,1.721818,2841,65,0,67,0,63,0,100.000000,100.000000,100.000000,
274,cube0,0.320606,529,1,0,1,0,0,0,100.000000,100.000000,100.000000,NA,NA,NA,NA,NA,NA,NA,NA,NA,NA,NA,
274,vector0,NA,NA,NA,NA,NA,NA,NA,NA,NA,NA,NA,1.557576,2570,1,64,1,64,1,64,1.538462,1.538462,1.538462,
274,vector1,NA,NA,NA,NA,NA,NA,NA,NA,NA,NA,NA,1.517576,2504,1,64,1,64,1,64,1.538462,1.538462,1.538462,
275,cube0,0.355152,586,1,0,0,0,1,0,100.000000,100.000000,100.000000,NA,NA,NA,NA,NA,NA,NA,NA,NA,NA,NA,
275,vector0,NA,NA,NA,NA,NA,NA,NA,NA,NA,NA,NA,1.632121,2693,65,0,65,0,65,0,100.000000,100.000000,100.000000,
275,vector1,NA,NA,NA,NA,NA,NA,NA,NA,NA,NA,NA,1.646061,2716,65,0,65,0,65,0,100.000000,100.000000,100.000000,
276,cube0,0.337576,557,1,0,0,0,1,0,100.000000,100.000000,100.000000,NA,NA,NA,NA,NA,NA,NA,NA,NA,NA,NA,
276,vector0,NA,NA,NA,NA,NA,NA,NA,NA,NA,NA,NA,1.903636,3141,1,64,0,64,2,64,1.538462,1.538462,1.538462,
276,vector1,NA,NA,NA,NA,NA,NA,NA,NA,NA,NA,NA,1.499394,2474,1,64,13,53,11,53,1.538462,18.461538,12.820513,
277,cube0,0.306061,505,1,0,1,0,0,0,100.000000,100.000000,100.000000,NA,NA,NA,NA,NA,NA,NA,NA,NA,NA,NA,
277,vector0,NA,NA,NA,NA,NA,NA,NA,NA,NA,NA,NA,1.528485,2522,65,0,65,0,65,0,100.000000,100.000000,100.000000,
277,vector1,NA,NA,NA,NA,NA,NA,NA,NA,NA,NA,NA,1.506667,2486,65,0,54,11,54,11,100.000000,83.076920,88.717949,
278,cube0,0.359394,593,1,0,1,0,0,0,100.000000,100.000000,100.000000,NA,NA,NA,NA,NA,NA,NA,NA,NA,NA,NA,
278,vector0,NA,NA,NA,NA,NA,NA,NA,NA,NA,NA,NA,1.515758,2501,1,64,1,65,1,63,1.538462,1.538462,1.538462,
278,vector1,NA,NA,NA,NA,NA,NA,NA,NA,NA,NA,NA,1.385455,2286,1,64,1,63,1,65,1.538462,1.538462,1.538462,
279,cube0,0.350303,578,1,0,0,0,1,0,100.000000,100.000000,100.000000,NA,NA,NA,NA,NA,NA,NA,NA,NA,NA,NA,
279,vector0,NA,NA,NA,NA,NA,NA,NA,NA,NA,NA,NA,1.551515,2560,65,0,64,0,66,0,100.000000,100.000000,100.000000,
279,vector1,NA,NA,NA,NA,NA,NA,NA,NA,NA,NA,NA,1.543030,2546,65,0,66,0,64,0,100.000000,100.000000,100.000000,
280,cube0,0.351515,580,1,0,1,0,0,0,100.000000,100.000000,100.000000,NA,NA,NA,NA,NA,NA,NA,NA,NA,NA,NA,
280,vector0,NA,NA,NA,NA,NA,NA,NA,NA,NA,NA,NA,1.543030,2546,1,64,0,64,2,64,1.538462,1.538462,1.538462,
280,vector1,NA,NA,NA,NA,NA,NA,NA,NA,NA,NA,NA,1.584849,2615,65,0,1,63,1,65,100.000000,1.538462,34.358974,
281,cube0,0.292727,483,1,0,1,0,0,0,100.000000,100.000000,100.000000,NA,NA,NA,NA,NA,NA,NA,NA,NA,NA,NA,
281,vector0,NA,NA,NA,NA,NA,NA,NA,NA,NA,NA,NA,1.646061,2716,65,0,65,0,65,0,100.000000,100.000000,100.000000,
281,vector1,NA,NA,NA,NA,NA,NA,NA,NA,NA,NA,NA,1.610909,2658,1,64,65,0,65,0,1.538462,100.000000,67.179489,
282,cube0,0.343636,567,1,0,1,0,0,0,100.000000,100.000000,100.000000,NA,NA,NA,NA,NA,NA,NA,NA,NA,NA,NA,
282,vector0,NA,NA,NA,NA,NA,NA,NA,NA,NA,NA,NA,1.581818,2610,1,64,1,64,1,64,1.538462,1.538462,1.538462,
282,vector1,NA,NA,NA,NA,NA,NA,NA,NA,NA,NA,NA,1.569091,2589,1,64,1,64,1,64,1.538462,1.538462,1.538462,
283,cube0,0.296970,490,1,0,0,0,1,0,100.000000,100.000000,100.000000,NA,NA,NA,NA,NA,NA,NA,NA,NA,NA,NA,
283,vector0,NA,NA,NA,NA,NA,NA,NA,NA,NA,NA,NA,1.829091,3018,65,0,65,0,65,0,100.000000,100.000000,100.000000,
283,vector1,NA,NA,NA,NA,NA,NA,NA,NA,NA,NA,NA,1.666061,2749,65,0,65,0,65,0,100.000000,100.000000,100.000000,
284,cube0,0.368485,608,1,0,1,0,0,0,100.000000,100.000000,100.000000,NA,NA,NA,NA,NA,NA,NA,NA,NA,NA,NA,
284,vector0,NA,NA,NA,NA,NA,NA,NA,NA,NA,NA,NA,1.701212,2807,1,64,1,64,1,64,1.538462,1.538462,1.538462,
284,vector1,NA,NA,NA,NA,NA,NA,NA,NA,NA,NA,NA,1.844242,3043,1,64,1,64,1,64,1.538462,1.538462,1.538462,
285,cube0,0.322424,532,1,0,0,0,1,0,100.000000,100.000000,100.000000,NA,NA,NA,NA,NA,NA,NA,NA,NA,NA,NA,
285,vector0,NA,NA,NA,NA,NA,NA,NA,NA,NA,NA,NA,1.411515,2329,65,0,66,0,64,0,100.000000,100.000000,100.000000,
285,vector1,NA,NA,NA,NA,NA,NA,NA,NA,NA,NA,NA,1.536970,2536,65,0,64,0,66,0,100.000000,100.000000,100.000000,
286,cube0,0.315152,520,1,0,0,0,1,0,100.000000,100.000000,100.000000,NA,NA,NA,NA,NA,NA,NA,NA,NA,NA,NA,
286,vector0,NA,NA,NA,NA,NA,NA,NA,NA,NA,NA,NA,1.928485,3182,18,47,1,64,1,64,27.692308,1.538462,10.256411,
286,vector1,NA,NA,NA,NA,NA,NA,NA,NA,NA,NA,NA,1.855152,3061,1,64,1,63,1,65,1.538462,1.538462,1.538462,
287,cube0,0.338788,559,1,0,0,0,1,0,100.000000,100.000000,100.000000,NA,NA,NA,NA,NA,NA,NA,NA,NA,NA,NA,
287,vector0,NA,NA,NA,NA,NA,NA,NA,NA,NA,NA,NA,1.547879,2554,48,17,66,0,64,0,73.846153,100.000000,91.282051,
287,vector1,NA,NA,NA,NA,NA,NA,NA,NA,NA,NA,NA,1.453939,2399,65,0,65,0,65,0,100.000000,100.000000,100.000000,
288,cube0,0.315152,520,1,0,1,0,0,0,100.000000,100.000000,100.000000,NA,NA,NA,NA,NA,NA,NA,NA,NA,NA,NA,
288,vector0,NA,NA,NA,NA,NA,NA,NA,NA,NA,NA,NA,1.470909,2427,1,64,1,64,1,64,1.538462,1.538462,1.538462,
288,vector1,NA,NA,NA,NA,NA,NA,NA,NA,NA,NA,NA,1.527273,2520,1,64,1,64,1,64,1.538462,1.538462,1.538462,
289,cube0,0.350909,579,1,0,1,0,0,0,100.000000,100.000000,100.000000,NA,NA,NA,NA,NA,NA,NA,NA,NA,NA,NA,
289,vector0,NA,NA,NA,NA,NA,NA,NA,NA,NA,NA,NA,1.632121,2693,65,0,64,0,66,0,100.000000,100.000000,100.000000,
289,vector1,NA,NA,NA,NA,NA,NA,NA,NA,NA,NA,NA,1.665455,2748,65,0,66,0,64,0,100.000000,100.000000,100.000000,
290,cube0,0.328485,542,1,0,0,0,1,0,100.000000,100.000000,100.000000,NA,NA,NA,NA,NA,NA,NA,NA,NA,NA,NA,
290,vector0,NA,NA,NA,NA,NA,NA,NA,NA,NA,NA,NA,1.516970,2503,1,64,1,64,1,64,1.538462,1.538462,1.538462,
290,vector1,NA,NA,NA,NA,NA,NA,NA,NA,NA,NA,NA,1.821212,3005,1,64,1,64,1,64,1.538462,1.538462,1.538462,
291,cube0,0.370909,612,1,0,0,0,1,0,100.000000,100.000000,100.000000,NA,NA,NA,NA,NA,NA,NA,NA,NA,NA,NA,
291,vector0,NA,NA,NA,NA,NA,NA,NA,NA,NA,NA,NA,1.675151,2764,65,0,65,0,65,0,100.000000,100.000000,100.000000,
291,vector1,NA,NA,NA,NA,NA,NA,NA,NA,NA,NA,NA,1.528485,2522,65,0,65,0,65,0,100.000000,100.000000,100.000000,
292,cube0,0.306061,505,1,0,0,0,1,0,100.000000,100.000000,100.000000,NA,NA,NA,NA,NA,NA,NA,NA,NA,NA,NA,
292,vector0,NA,NA,NA,NA,NA,NA,NA,NA,NA,NA,NA,1.422424,2347,1,64,2,71,0,57,1.538462,1.538462,1.538462,
292,vector1,NA,NA,NA,NA,NA,NA,NA,NA,NA,NA,NA,1.748485,2885,1,64,0,57,2,71,1.538462,1.538462,1.538462,
293,cube0,0.309091,510,1,0,0,0,1,0,100.000000,100.000000,100.000000,NA,NA,NA,NA,NA,NA,NA,NA,NA,NA,NA,
293,vector0,NA,NA,NA,NA,NA,NA,NA,NA,NA,NA,NA,1.365455,2253,65,0,66,0,64,0,100.000000,100.000000,100.000000,
293,vector1,NA,NA,NA,NA,NA,NA,NA,NA,NA,NA,NA,1.716364,2832,65,0,64,0,66,0,100.000000,100.000000,100.000000,
294,cube0,0.320606,529,1,0,0,0,1,0,100.000000,100.000000,100.000000,NA,NA,NA,NA,NA,NA,NA,NA,NA,NA,NA,
294,vector0,NA,NA,NA,NA,NA,NA,NA,NA,NA,NA,NA,1.496364,2469,1,64,1,64,1,64,1.538462,1.538462,1.538462,
294,vector1,NA,NA,NA,NA,NA,NA,NA,NA,NA,NA,NA,1.475758,2435,63,2,1,64,1,64,96.923080,1.538462,33.333332,
295,cube0,0.350909,579,1,0,1,0,0,0,100.000000,100.000000,100.000000,NA,NA,NA,NA,NA,NA,NA,NA,NA,NA,NA,
295,vector0,NA,NA,NA,NA,NA,NA,NA,NA,NA,NA,NA,1.657576,2735,65,0,65,0,65,0,100.000000,100.000000,100.000000,
295,vector1,NA,NA,NA,NA,NA,NA,NA,NA,NA,NA,NA,1.510909,2493,3,62,65,0,65,0,4.615385,100.000000,68.205132,
296,cube0,0.341212,563,1,0,1,0,0,0,100.000000,100.000000,100.000000,NA,NA,NA,NA,NA,NA,NA,NA,NA,NA,NA,
296,vector0,NA,NA,NA,NA,NA,NA,NA,NA,NA,NA,NA,1.621212,2675,1,64,1,64,1,64,1.538462,1.538462,1.538462,
296,vector1,NA,NA,NA,NA,NA,NA,NA,NA,NA,NA,NA,1.457576,2405,1,64,3,62,3,62,1.538462,4.615385,3.589744,
297,cube0,0.307879,508,1,0,0,0,1,0,100.000000,100.000000,100.000000,NA,NA,NA,NA,NA,NA,NA,NA,NA,NA,NA,
297,vector0,NA,NA,NA,NA,NA,NA,NA,NA,NA,NA,NA,1.576364,2601,65,0,65,0,65,0,100.000000,100.000000,100.000000,
297,vector1,NA,NA,NA,NA,NA,NA,NA,NA,NA,NA,NA,1.435151,2368,65,0,63,2,63,2,100.000000,96.923080,97.948715,
298,cube0,0.362424,598,1,0,0,0,1,0,100.000000,100.000000,100.000000,NA,NA,NA,NA,NA,NA,NA,NA,NA,NA,NA,
298,vector0,NA,NA,NA,NA,NA,NA,NA,NA,NA,NA,NA,1.443030,2381,14,51,1,64,1,64,21.538462,1.538462,8.205129,
298,vector1,NA,NA,NA,NA,NA,NA,NA,NA,NA,NA,NA,1.413333,2332,1,64,1,64,1,64,1.538462,1.538462,1.538462,
299,cube0,0.354545,585,1,0,1,0,0,0,100.000000,100.000000,100.000000,NA,NA,NA,NA,NA,NA,NA,NA,NA,NA,NA,
299,vector0,NA,NA,NA,NA,NA,NA,NA,NA,NA,NA,NA,1.682424,2776,52,13,66,0,64,0,80.000000,100.000000,93.333336,
299,vector1,NA,NA,NA,NA,NA,NA,NA,NA,NA,NA,NA,1.630303,2690,65,0,64,0,66,0,100.000000,100.000000,100.000000,
300,cube0,0.347879,574,1,0,0,0,1,0,100.000000,100.000000,100.000000,NA,NA,NA,NA,NA,NA,NA,NA,NA,NA,NA,
300,vector0,NA,NA,NA,NA,NA,NA,NA,NA,NA,NA,NA,1.558182,2571,1,64,2,64,0,64,1.538462,1.538462,1.538462,
300,vector1,NA,NA,NA,NA,NA,NA,NA,NA,NA,NA,NA,1.572727,2595,1,64,1,64,1,64,1.538462,1.538462,1.538462,
301,cube0,0.294545,486,1,0,0,0,1,0,100.000000,100.000000,100.000000,NA,NA,NA,NA,NA,NA,NA,NA,NA,NA,NA,
301,vector0,NA,NA,NA,NA,NA,NA,NA,NA,NA,NA,NA,1.533333,2530,65,0,65,0,65,0,100.000000,100.000000,100.000000,
301,vector1,NA,NA,NA,NA,NA,NA,NA,NA,NA,NA,NA,1.612121,2660,65,0,65,0,65,0,100.000000,100.000000,100.000000,
302,cube0,0.347273,573,1,0,1,0,0,0,100.000000,100.000000,100.000000,NA,NA,NA,NA,NA,NA,NA,NA,NA,NA,NA,
302,vector0,NA,NA,NA,NA,NA,NA,NA,NA,NA,NA,NA,1.579394,2606,1,64,1,64,1,64,1.538462,1.538462,1.538462,
302,vector1,NA,NA,NA,NA,NA,NA,NA,NA,NA,NA,NA,1.881818,3105,3,62,1,64,1,64,4.615385,1.538462,2.564103,
303,cube0,0.295152,487,1,0,1,0,0,0,100.000000,100.000000,100.000000,NA,NA,NA,NA,NA,NA,NA,NA,NA,NA,NA,
303,vector0,NA,NA,NA,NA,NA,NA,NA,NA,NA,NA,NA,1.813939,2993,65,0,65,0,65,0,100.000000,100.000000,100.000000,
303,vector1,NA,NA,NA,NA,NA,NA,NA,NA,NA,NA,NA,1.513939,2498,63,2,65,0,65,0,96.923080,100.000000,98.974358,
304,cube0,0.365455,603,1,0,0,0,1,0,100.000000,100.000000,100.000000,NA,NA,NA,NA,NA,NA,NA,NA,NA,NA,NA,
304,vector0,NA,NA,NA,NA,NA,NA,NA,NA,NA,NA,NA,1.787273,2949,1,64,1,64,1,64,1.538462,1.538462,1.538462,
304,vector1,NA,NA,NA,NA,NA,NA,NA,NA,NA,NA,NA,1.909697,3151,1,64,1,64,1,64,1.538462,1.538462,1.538462,
305,cube0,0.321212,530,1,0,1,0,0,0,100.000000,100.000000,100.000000,NA,NA,NA,NA,NA,NA,NA,NA,NA,NA,NA,
305,vector0,NA,NA,NA,NA,NA,NA,NA,NA,NA,NA,NA,1.444242,2383,65,0,66,0,64,0,100.000000,100.000000,100.000000,
305,vector1,NA,NA,NA,NA,NA,NA,NA,NA,NA,NA,NA,1.543636,2547,65,0,64,0,66,0,100.000000,100.000000,100.000000,
306,cube0,0.312727,516,1,0,1,0,0,0,100.000000,100.000000,100.000000,NA,NA,NA,NA,NA,NA,NA,NA,NA,NA,NA,
306,vector0,NA,NA,NA,NA,NA,NA,NA,NA,NA,NA,NA,1.972121,3254,1,64,1,64,1,64,1.538462,1.538462,1.538462,
306,vector1,NA,NA,NA,NA,NA,NA,NA,NA,NA,NA,NA,1.887879,3115,1,64,1,62,1,66,1.538462,1.538462,1.538462,
307,cube0,0.340606,562,1,0,1,0,0,0,100.000000,100.000000,100.000000,NA,NA,NA,NA,NA,NA,NA,NA,NA,NA,NA,
307,vector0,NA,NA,NA,NA,NA,NA,NA,NA,NA,NA,NA,1.585455,2616,65,0,67,0,63,0,100.000000,100.000000,100.000000,
307,vector1,NA,NA,NA,NA,NA,NA,NA,NA,NA,NA,NA,1.500606,2476,65,0,67,0,63,0,100.000000,100.000000,100.000000,
308,cube0,0.315758,521,1,0,0,0,1,0,100.000000,100.000000,100.000000,NA,NA,NA,NA,NA,NA,NA,NA,NA,NA,NA,
308,vector0,NA,NA,NA,NA,NA,NA,NA,NA,NA,NA,NA,1.450303,2393,1,64,0,63,2,65,1.538462,1.538462,1.538462,
308,vector1,NA,NA,NA,NA,NA,NA,NA,NA,NA,NA,NA,1.417576,2339,1,64,1,64,1,64,1.538462,1.538462,1.538462,
309,cube0,0.361212,596,1,0,0,0,1,0,100.000000,100.000000,100.000000,NA,NA,NA,NA,NA,NA,NA,NA,NA,NA,NA,
309,vector0,NA,NA,NA,NA,NA,NA,NA,NA,NA,NA,NA,1.529697,2524,65,0,66,0,64,0,100.000000,100.000000,100.000000,
309,vector1,NA,NA,NA,NA,NA,NA,NA,NA,NA,NA,NA,1.570303,2591,65,0,64,0,66,0,100.000000,100.000000,100.000000,
310,cube0,0.330909,546,1,0,1,0,0,0,100.000000,100.000000,100.000000,NA,NA,NA,NA,NA,NA,NA,NA,NA,NA,NA,
310,vector0,NA,NA,NA,NA,NA,NA,NA,NA,NA,NA,NA,1.494545,2466,65,0,1,64,1,64,100.000000,1.538462,34.358974,
310,vector1,NA,NA,NA,NA,NA,NA,NA,NA,NA,NA,NA,1.519394,2507,65,0,1,64,1,64,100.000000,1.538462,34.358974,
311,cube0,0.372727,615,1,0,1,0,0,0,100.000000,100.000000,100.000000,NA,NA,NA,NA,NA,NA,NA,NA,NA,NA,NA,
311,vector0,NA,NA,NA,NA,NA,NA,NA,NA,NA,NA,NA,1.632727,2694,1,64,65,0,65,0,1.538462,100.000000,67.179489,
311,vector1,NA,NA,NA,NA,NA,NA,NA,NA,NA,NA,NA,1.829091,3018,1,64,65,0,65,0,1.538462,100.000000,67.179489,
312,cube0,0.307273,507,1,0,1,0,0,0,100.000000,100.000000,100.000000,NA,NA,NA,NA,NA,NA,NA,NA,NA,NA,NA,
312,vector0,NA,NA,NA,NA,NA,NA,NA,NA,NA,NA,NA,1.533333,2530,1,64,0,66,2,62,1.538462,1.538462,1.538462,
312,vector1,NA,NA,NA,NA,NA,NA,NA,NA,NA,NA,NA,1.679394,2771,1,64,6,58,4,62,1.538462,7.692307,5.641026,
313,cube0,0.309697,511,1,0,1,0,0,0,100.000000,100.000000,100.000000,NA,NA,NA,NA,NA,NA,NA,NA,NA,NA,NA,
313,vector0,NA,NA,NA,NA,NA,NA,NA,NA,NA,NA,NA,1.543636,2547,65,0,61,0,69,0,100.000000,100.000000,100.000000,
313,vector1,NA,NA,NA,NA,NA,NA,NA,NA,NA,NA,NA,1.595152,2632,65,0,66,3,56,5,100.000000,93.846153,95.897438,
314,cube0,0.318788,526,1,0,1,0,0,0,100.000000,100.000000,100.000000,NA,NA,NA,NA,NA,NA,NA,NA,NA,NA,NA,
314,vector0,NA,NA,NA,NA,NA,NA,NA,NA,NA,NA,NA,1.489697,2458,1,64,1,64,1,64,1.538462,1.538462,1.538462,
314,vector1,NA,NA,NA,NA,NA,NA,NA,NA,NA,NA,NA,1.390909,2295,46,19,1,64,1,64,70.769234,1.538462,24.615385,
315,cube0,0.352727,582,1,0,0,0,1,0,100.000000,100.000000,100.000000,NA,NA,NA,NA,NA,NA,NA,NA,NA,NA,NA,
315,vector0,NA,NA,NA,NA,NA,NA,NA,NA,NA,NA,NA,1.596970,2635,65,0,65,0,65,0,100.000000,100.000000,100.000000,
315,vector1,NA,NA,NA,NA,NA,NA,NA,NA,NA,NA,NA,1.476970,2437,20,45,65,0,65,0,30.769230,100.000000,76.923080,
316,cube0,0.344242,568,1,0,0,0,1,0,100.000000,100.000000,100.000000,NA,NA,NA,NA,NA,NA,NA,NA,NA,NA,NA,
316,vector0,NA,NA,NA,NA,NA,NA,NA,NA,NA,NA,NA,1.536364,2535,1,64,0,64,2,64,1.538462,1.538462,1.538462,
316,vector1,NA,NA,NA,NA,NA,NA,NA,NA,NA,NA,NA,1.517576,2504,1,64,62,4,60,4,1.538462,93.846153,63.076923,
317,cube0,0.306667,506,1,0,1,0,0,0,100.000000,100.000000,100.000000,NA,NA,NA,NA,NA,NA,NA,NA,NA,NA,NA,
317,vector0,NA,NA,NA,NA,NA,NA,NA,NA,NA,NA,NA,1.590909,2625,65,0,65,0,65,0,100.000000,100.000000,100.000000,
317,vector1,NA,NA,NA,NA,NA,NA,NA,NA,NA,NA,NA,1.521212,2510,65,0,5,60,5,60,100.000000,7.692307,38.461540,
318,cube0,0.363636,600,1,0,1,0,0,0,100.000000,100.000000,100.000000,NA,NA,NA,NA,NA,NA,NA,NA,NA,NA,NA,
318,vector0,NA,NA,NA,NA,NA,NA,NA,NA,NA,NA,NA,1.741818,2874,1,64,1,63,1,65,1.538462,1.538462,1.538462,
318,vector1,NA,NA,NA,NA,NA,NA,NA,NA,NA,NA,NA,1.632121,2693,1,64,1,65,1,63,1.538462,1.538462,1.538462,
319,cube0,0.349091,576,1,0,0,0,1,0,100.000000,100.000000,100.000000,NA,NA,NA,NA,NA,NA,NA,NA,NA,NA,NA,
319,vector0,NA,NA,NA,NA,NA,NA,NA,NA,NA,NA,NA,1.852727,3057,65,0,63,0,67,0,100.000000,100.000000,100.000000,
319,vector1,NA,NA,NA,NA,NA,NA,NA,NA,NA,NA,NA,1.773333,2926,65,0,67,0,63,0,100.000000,100.000000,100.000000,
320,cube0,0.350909,579,1,0,1,0,0,0,100.000000,100.000000,100.000000,NA,NA,NA,NA,NA,NA,NA,NA,NA,NA,NA,
320,vector0,NA,NA,NA,NA,NA,NA,NA,NA,NA,NA,NA,1.492727,2463,1,64,0,64,2,64,1.538462,1.538462,1.538462,
320,vector1,NA,NA,NA,NA,NA,NA,NA,NA,NA,NA,NA,1.447879,2389,1,64,1,64,1,64,1.538462,1.538462,1.538462,
321,cube0,0.287879,475,1,0,1,0,0,0,100.000000,100.000000,100.000000,NA,NA,NA,NA,NA,NA,NA,NA,NA,NA,NA,
321,vector0,NA,NA,NA,NA,NA,NA,NA,NA,NA,NA,NA,1.576970,2602,65,0,65,0,65,0,100.000000,100.000000,100.000000,
321,vector1,NA,NA,NA,NA,NA,NA,NA,NA,NA,NA,NA,1.586667,2618,65,0,65,0,65,0,100.000000,100.000000,100.000000,
322,cube0,0.343636,567,1,0,0,0,1,0,100.000000,100.000000,100.000000,NA,NA,NA,NA,NA,NA,NA,NA,NA,NA,NA,
322,vector0,NA,NA,NA,NA,NA,NA,NA,NA,NA,NA,NA,1.583636,2613,1,64,1,64,1,64,1.538462,1.538462,1.538462,
322,vector1,NA,NA,NA,NA,NA,NA,NA,NA,NA,NA,NA,1.595758,2633,1,64,1,64,1,64,1.538462,1.538462,1.538462,
323,cube0,0.291515,481,1,0,0,0,1,0,100.000000,100.000000,100.000000,NA,NA,NA,NA,NA,NA,NA,NA,NA,NA,NA,
323,vector0,NA,NA,NA,NA,NA,NA,NA,NA,NA,NA,NA,1.777576,2933,65,0,65,0,65,0,100.000000,100.000000,100.000000,
323,vector1,NA,NA,NA,NA,NA,NA,NA,NA,NA,NA,NA,1.789697,2953,65,0,65,0,65,0,100.000000,100.000000,100.000000,
324,cube0,0.366061,604,1,0,1,0,0,0,100.000000,100.000000,100.000000,NA,NA,NA,NA,NA,NA,NA,NA,NA,NA,NA,
324,vector0,NA,NA,NA,NA,NA,NA,NA,NA,NA,NA,NA,1.883030,3107,1,64,1,64,1,64,1.538462,1.538462,1.538462,
324,vector1,NA,NA,NA,NA,NA,NA,NA,NA,NA,NA,NA,1.862424,3073,1,64,1,64,1,64,1.538462,1.538462,1.538462,
325,cube0,0.323030,533,1,0,0,0,1,0,100.000000,100.000000,100.000000,NA,NA,NA,NA,NA,NA,NA,NA,NA,NA,NA,
325,vector0,NA,NA,NA,NA,NA,NA,NA,NA,NA,NA,NA,1.545455,2550,65,0,68,0,62,0,100.000000,100.000000,100.000000,
325,vector1,NA,NA,NA,NA,NA,NA,NA,NA,NA,NA,NA,1.520606,2509,65,0,62,0,68,0,100.000000,100.000000,100.000000,
326,cube0,0.312121,515,1,0,0,0,1,0,100.000000,100.000000,100.000000,NA,NA,NA,NA,NA,NA,NA,NA,NA,NA,NA,
326,vector0,NA,NA,NA,NA,NA,NA,NA,NA,NA,NA,NA,1.473333,2431,1,64,1,64,1,64,1.538462,1.538462,1.538462,
326,vector1,NA,NA,NA,NA,NA,NA,NA,NA,NA,NA,NA,1.464242,2416,1,64,1,64,1,64,1.538462,1.538462,1.538462,
327,cube0,0.340000,561,1,0,0,0,1,0,100.000000,100.000000,100.000000,NA,NA,NA,NA,NA,NA,NA,NA,NA,NA,NA,
327,vector0,NA,NA,NA,NA,NA,NA,NA,NA,NA,NA,NA,1.574546,2598,65,0,65,0,65,0,100.000000,100.000000,100.000000,
327,vector1,NA,NA,NA,NA,NA,NA,NA,NA,NA,NA,NA,1.454545,2400,65,0,65,0,65,0,100.000000,100.000000,100.000000,
328,cube0,0.317576,524,1,0,1,0,0,0,100.000000,100.000000,100.000000,NA,NA,NA,NA,NA,NA,NA,NA,NA,NA,NA,
328,vector0,NA,NA,NA,NA,NA,NA,NA,NA,NA,NA,NA,1.580000,2607,14,51,1,64,1,64,21.538462,1.538462,8.205129,
328,vector1,NA,NA,NA,NA,NA,NA,NA,NA,NA,NA,NA,1.564849,2582,2,63,1,64,1,64,3.076923,1.538462,2.051282,
329,cube0,0.351515,580,1,0,1,0,0,0,100.000000,100.000000,100.000000,NA,NA,NA,NA,NA,NA,NA,NA,NA,NA,NA,
329,vector0,NA,NA,NA,NA,NA,NA,NA,NA,NA,NA,NA,1.655151,2731,52,13,66,0,64,0,80.000000,100.000000,93.333336,
329,vector1,NA,NA,NA,NA,NA,NA,NA,NA,NA,NA,NA,1.694546,2796,64,1,64,0,66,0,98.461540,100.000000,99.487183,
330,cube0,0.327879,541,1,0,0,0,1,0,100.000000,100.000000,100.000000,NA,NA,NA,NA,NA,NA,NA,NA,NA,NA,NA,
330,vector0,NA,NA,NA,NA,NA,NA,NA,NA,NA,NA,NA,1.575152,2599,1,64,1,64,1,64,1.538462,1.538462,1.538462,
330,vector1,NA,NA,NA,NA,NA,NA,NA,NA,NA,NA,NA,1.767273,2916,1,64,1,64,1,64,1.538462,1.538462,1.538462,
331,cube0,0.372121,614,1,0,0,0,1,0,100.000000,100.000000,100.000000,NA,NA,NA,NA,NA,NA,NA,NA,NA,NA,NA,
331,vector0,NA,NA,NA,NA,NA,NA,NA,NA,NA,NA,NA,1.747273,2883,65,0,65,0,65,0,100.000000,100.000000,100.000000,
331,vector1,NA,NA,NA,NA,NA,NA,NA,NA,NA,NA,NA,1.467879,2422,65,0,65,0,65,0,100.000000,100.000000,100.000000,
332,cube0,0.307273,507,1,0,0,0,1,0,100.000000,100.000000,100.000000,NA,NA,NA,NA,NA,NA,NA,NA,NA,NA,NA,
332,vector0,NA,NA,NA,NA,NA,NA,NA,NA,NA,NA,NA,1.580606,2608,1,64,21,46,17,46,1.538462,29.230770,20.000000,
332,vector1,NA,NA,NA,NA,NA,NA,NA,NA,NA,NA,NA,1.484848,2450,2,63,57,6,61,6,3.076923,90.769234,61.538460,
333,cube0,0.309091,510,1,0,0,0,1,0,100.000000,100.000000,100.000000,NA,NA,NA,NA,NA,NA,NA,NA,NA,NA,NA,
333,vector0,NA,NA,NA,NA,NA,NA,NA,NA,NA,NA,NA,1.628485,2687,65,0,47,18,47,18,100.000000,72.307693,81.538460,
333,vector1,NA,NA,NA,NA,NA,NA,NA,NA,NA,NA,NA,1.561818,2577,64,1,7,58,7,58,98.461540,10.769231,40.000000,
334,cube0,0.318182,525,1,0,0,0,1,0,100.000000,100.000000,100.000000,NA,NA,NA,NA,NA,NA,NA,NA,NA,NA,NA,
334,vector0,NA,NA,NA,NA,NA,NA,NA,NA,NA,NA,NA,1.477576,2438,17,48,1,64,1,64,26.153847,1.538462,9.743589,
334,vector1,NA,NA,NA,NA,NA,NA,NA,NA,NA,NA,NA,1.539394,2540,1,64,1,64,1,64,1.538462,1.538462,1.538462,
335,cube0,0.348485,575,1,0,1,0,0,0,100.000000,100.000000,100.000000,NA,NA,NA,NA,NA,NA,NA,NA,NA,NA,NA,
335,vector0,NA,NA,NA,NA,NA,NA,NA,NA,NA,NA,NA,1.526061,2518,49,16,65,0,65,0,75.384613,100.000000,91.794868,
335,vector1,NA,NA,NA,NA,NA,NA,NA,NA,NA,NA,NA,1.701212,2807,65,0,65,0,65,0,100.000000,100.000000,100.000000,
336,cube0,0.340606,562,1,0,1,0,0,0,100.000000,100.000000,100.000000,NA,NA,NA,NA,NA,NA,NA,NA,NA,NA,NA,
336,vector0,NA,NA,NA,NA,NA,NA,NA,NA,NA,NA,NA,1.828485,3017,1,64,1,64,1,64,1.538462,1.538462,1.538462,
336,vector1,NA,NA,NA,NA,NA,NA,NA,NA,NA,NA,NA,1.357576,2240,1,64,1,64,1,64,1.538462,1.538462,1.538462,
337,cube0,0.306061,505,1,0,0,0,1,0,100.000000,100.000000,100.000000,NA,NA,NA,NA,NA,NA,NA,NA,NA,NA,NA,
337,vector0,NA,NA,NA,NA,NA,NA,NA,NA,NA,NA,NA,1.804848,2978,65,0,65,0,65,0,100.000000,100.000000,100.000000,
337,vector1,NA,NA,NA,NA,NA,NA,NA,NA,NA,NA,NA,1.319394,2177,65,0,65,0,65,0,100.000000,100.000000,100.000000,
338,cube0,0.363636,600,1,0,0,0,1,0,100.000000,100.000000,100.000000,NA,NA,NA,NA,NA,NA,NA,NA,NA,NA,NA,
338,vector0,NA,NA,NA,NA,NA,NA,NA,NA,NA,NA,NA,1.429091,2358,1,64,1,65,1,63,1.538462,1.538462,1.538462,
338,vector1,NA,NA,NA,NA,NA,NA,NA,NA,NA,NA,NA,1.503030,2480,1,64,64,0,66,0,1.538462,100.000000,67.179489,
339,cube0,0.353939,584,1,0,1,0,0,0,100.000000,100.000000,100.000000,NA,NA,NA,NA,NA,NA,NA,NA,NA,NA,NA,
339,vector0,NA,NA,NA,NA,NA,NA,NA,NA,NA,NA,NA,1.604242,2647,65,0,65,0,65,0,100.000000,100.000000,100.000000,
339,vector1,NA,NA,NA,NA,NA,NA,NA,NA,NA,NA,NA,1.551515,2560,65,0,1,64,1,64,100.000000,1.538462,34.358974,
340,cube0,0.348485,575,1,0,1,0,0,0,100.000000,100.000000,100.000000,NA,NA,NA,NA,NA,NA,NA,NA,NA,NA,NA,
340,vector0,NA,NA,NA,NA,NA,NA,NA,NA,NA,NA,NA,1.538182,2538,1,64,1,64,1,64,1.538462,1.538462,1.538462,
340,vector1,NA,NA,NA,NA,NA,NA,NA,NA,NA,NA,NA,1.536364,2535,1,64,1,64,1,64,1.538462,1.538462,1.538462,
341,cube0,0.290909,480,1,0,0,0,1,0,100.000000,100.000000,100.000000,NA,NA,NA,NA,NA,NA,NA,NA,NA,NA,NA,
341,vector0,NA,NA,NA,NA,NA,NA,NA,NA,NA,NA,NA,1.791515,2956,65,0,65,0,65,0,100.000000,100.000000,100.000000,
341,vector1,NA,NA,NA,NA,NA,NA,NA,NA,NA,NA,NA,1.733333,2860,65,0,65,0,65,0,100.000000,100.000000,100.000000,
342,cube0,0.345455,570,1,0,1,0,0,0,100.000000,100.000000,100.000000,NA,NA,NA,NA,NA,NA,NA,NA,NA,NA,NA,
342,vector0,NA,NA,NA,NA,NA,NA,NA,NA,NA,NA,NA,1.596364,2634,1,64,1,64,1,64,1.538462,1.538462,1.538462,
342,vector1,NA,NA,NA,NA,NA,NA,NA,NA,NA,NA,NA,1.432121,2363,1,64,1,64,1,64,1.538462,1.538462,1.538462,
343,cube0,0.292121,482,1,0,1,0,0,0,100.000000,100.000000,100.000000,NA,NA,NA,NA,NA,NA,NA,NA,NA,NA,NA,
343,vector0,NA,NA,NA,NA,NA,NA,NA,NA,NA,NA,NA,1.703636,2811,65,0,65,0,65,0,100.000000,100.000000,100.000000,
343,vector1,NA,NA,NA,NA,NA,NA,NA,NA,NA,NA,NA,1.588485,2621,65,0,65,0,65,0,100.000000,100.000000,100.000000,
344,cube0,0.364848,602,1,0,0,0,1,0,100.000000,100.000000,100.000000,NA,NA,NA,NA,NA,NA,NA,NA,NA,NA,NA,
344,vector0,NA,NA,NA,NA,NA,NA,NA,NA,NA,NA,NA,1.961818,3237,1,64,1,64,1,64,1.538462,1.538462,1.538462,
344,vector1,NA,NA,NA,NA,NA,NA,NA,NA,NA,NA,NA,1.944242,3208,1,64,1,64,1,64,1.538462,1.538462,1.538462,
345,cube0,0.321818,531,1,0,1,0,0,0,100.000000,100.000000,100.000000,NA,NA,NA,NA,NA,NA,NA,NA,NA,NA,NA,
345,vector0,NA,NA,NA,NA,NA,NA,NA,NA,NA,NA,NA,1.543636,2547,65,0,64,0,66,0,100.000000,100.000000,100.000000,
345,vector1,NA,NA,NA,NA,NA,NA,NA,NA,NA,NA,NA,1.533333,2530,65,0,66,0,64,0,100.000000,100.000000,100.000000,
346,cube0,0.313333,517,1,0,1,0,0,0,100.000000,100.000000,100.000000,NA,NA,NA,NA,NA,NA,NA,NA,NA,NA,NA,
346,vector0,NA,NA,NA,NA,NA,NA,NA,NA,NA,NA,NA,1.400606,2311,1,64,1,64,1,64,1.538462,1.538462,1.538462,
346,vector1,NA,NA,NA,NA,NA,NA,NA,NA,NA,NA,NA,1.529697,2524,1,64,1,65,1,63,1.538462,1.538462,1.538462,
347,cube0,0.343636,567,1,0,1,0,0,0,100.000000,100.000000,100.000000,NA,NA,NA,NA,NA,NA,NA,NA,NA,NA,NA,
347,vector0,NA,NA,NA,NA,NA,NA,NA,NA,NA,NA,NA,1.522424,2512,65,0,64,0,66,0,100.000000,100.000000,100.000000,
347,vector1,NA,NA,NA,NA,NA,NA,NA,NA,NA,NA,NA,1.540606,2542,65,0,65,0,65,0,100.000000,100.000000,100.000000,
348,cube0,0.316364,522,1,0,0,0,1,0,100.000000,100.000000,100.000000,NA,NA,NA,NA,NA,NA,NA,NA,NA,NA,NA,
348,vector0,NA,NA,NA,NA,NA,NA,NA,NA,NA,NA,NA,1.465455,2418,1,64,2,63,2,63,1.538462,3.076923,2.564103,
348,vector1,NA,NA,NA,NA,NA,NA,NA,NA,NA,NA,NA,1.466667,2420,57,8,1,64,1,64,87.692307,1.538462,30.256411,
349,cube0,0.351515,580,1,0,0,0,1,0,100.000000,100.000000,100.000000,NA,NA,NA,NA,NA,NA,NA,NA,NA,NA,NA,
349,vector0,NA,NA,NA,NA,NA,NA,NA,NA,NA,NA,NA,1.649697,2722,65,0,61,2,67,0,100.000000,98.461540,98.974358,
349,vector1,NA,NA,NA,NA,NA,NA,NA,NA,NA,NA,NA,1.556970,2569,9,56,67,0,63,0,13.846154,100.000000,71.282051,
350,cube0,0.329091,543,1,0,1,0,0,0,100.000000,100.000000,100.000000,NA,NA,NA,NA,NA,NA,NA,NA,NA,NA,NA,
350,vector0,NA,NA,NA,NA,NA,NA,NA,NA,NA,NA,NA,1.600606,2641,1,64,1,64,1,64,1.538462,1.538462,1.538462,
350,vector1,NA,NA,NA,NA,NA,NA,NA,NA,NA,NA,NA,1.831515,3022,1,64,1,64,1,64,1.538462,1.538462,1.538462,
351,cube0,0.376970,622,1,0,1,0,0,0,100.000000,100.000000,100.000000,NA,NA,NA,NA,NA,NA,NA,NA,NA,NA,NA,
351,vector0,NA,NA,NA,NA,NA,NA,NA,NA,NA,NA,NA,1.773333,2926,65,0,65,0,65,0,100.000000,100.000000,100.000000,
351,vector1,NA,NA,NA,NA,NA,NA,NA,NA,NA,NA,NA,1.656970,2734,65,0,65,0,65,0,100.000000,100.000000,100.000000,
352,cube0,0.307879,508,1,0,1,0,0,0,100.000000,100.000000,100.000000,NA,NA,NA,NA,NA,NA,NA,NA,NA,NA,NA,
352,vector0,NA,NA,NA,NA,NA,NA,NA,NA,NA,NA,NA,1.805454,2979,1,64,19,47,19,45,1.538462,29.230770,20.000000,
352,vector1,NA,NA,NA,NA,NA,NA,NA,NA,NA,NA,NA,1.472727,2430,1,64,55,9,59,7,1.538462,87.692307,58.974358,
353,cube0,0.310909,513,1,0,1,0,0,0,100.000000,100.000000,100.000000,NA,NA,NA,NA,NA,NA,NA,NA,NA,NA,NA,
353,vector0,NA,NA,NA,NA,NA,NA,NA,NA,NA,NA,NA,1.698788,2803,65,0,47,18,47,18,100.000000,72.307693,81.538460,
353,vector1,NA,NA,NA,NA,NA,NA,NA,NA,NA,NA,NA,1.557576,2570,65,0,8,57,10,55,100.000000,13.846154,42.564102,
354,cube0,0.320000,528,1,0,1,0,0,0,100.000000,100.000000,100.000000,NA,NA,NA,NA,NA,NA,NA,NA,NA,NA,NA,
354,vector0,NA,NA,NA,NA,NA,NA,NA,NA,NA,NA,NA,1.543030,2546,2,63,1,64,1,64,3.076923,1.538462,2.051282,
354,vector1,NA,NA,NA,NA,NA,NA,NA,NA,NA,NA,NA,1.517576,2504,1,64,1,64,1,64,1.538462,1.538462,1.538462,
355,cube0,0.350909,579,1,0,0,0,1,0,100.000000,100.000000,100.000000,NA,NA,NA,NA,NA,NA,NA,NA,NA,NA,NA,
355,vector0,NA,NA,NA,NA,NA,NA,NA,NA,NA,NA,NA,1.653333,2728,64,1,65,0,65,0,98.461540,100.000000,99.487183,
355,vector1,NA,NA,NA,NA,NA,NA,NA,NA,NA,NA,NA,1.561212,2576,65,0,65,0,65,0,100.000000,100.000000,100.000000,
356,cube0,0.341818,564,1,0,0,0,1,0,100.000000,100.000000,100.000000,NA,NA,NA,NA,NA,NA,NA,NA,NA,NA,NA,
356,vector0,NA,NA,NA,NA,NA,NA,NA,NA,NA,NA,NA,1.786061,2947,1,64,1,64,1,64,1.538462,1.538462,1.538462,
356,vector1,NA,NA,NA,NA,NA,NA,NA,NA,NA,NA,NA,1.452121,2396,1,64,1,64,1,64,1.538462,1.538462,1.538462,
357,cube0,0.307879,508,1,0,1,0,0,0,100.000000,100.000000,100.000000,NA,NA,NA,NA,NA,NA,NA,NA,NA,NA,NA,
357,vector0,NA,NA,NA,NA,NA,NA,NA,NA,NA,NA,NA,1.529697,2524,65,0,65,0,65,0,100.000000,100.000000,100.000000,
357,vector1,NA,NA,NA,NA,NA,NA,NA,NA,NA,NA,NA,1.397576,2306,65,0,65,0,65,0,100.000000,100.000000,100.000000,
358,cube0,0.358788,592,1,0,1,0,0,0,100.000000,100.000000,100.000000,NA,NA,NA,NA,NA,NA,NA,NA,NA,NA,NA,
358,vector0,NA,NA,NA,NA,NA,NA,NA,NA,NA,NA,NA,1.444242,2383,1,64,1,65,1,63,1.538462,1.538462,1.538462,
358,vector1,NA,NA,NA,NA,NA,NA,NA,NA,NA,NA,NA,1.398182,2307,1,64,49,15,55,11,1.538462,80.000000,53.846153,
359,cube0,0.355758,587,1,0,0,0,1,0,100.000000,100.000000,100.000000,NA,NA,NA,NA,NA,NA,NA,NA,NA,NA,NA,
359,vector0,NA,NA,NA,NA,NA,NA,NA,NA,NA,NA,NA,1.470303,2426,65,0,65,0,65,0,100.000000,100.000000,100.000000,
359,vector1,NA,NA,NA,NA,NA,NA,NA,NA,NA,NA,NA,1.392727,2298,65,0,12,53,16,49,100.000000,21.538462,47.692307,
360,cube0,0.367879,607,1,0,0,0,1,0,100.000000,100.000000,100.000000,NA,NA,NA,NA,NA,NA,NA,NA,NA,NA,NA,
360,vector0,NA,NA,NA,NA,NA,NA,NA,NA,NA,NA,NA,1.563636,2580,1,64,1,64,1,64,1.538462,1.538462,1.538462,
360,vector1,NA,NA,NA,NA,NA,NA,NA,NA,NA,NA,NA,1.592121,2627,1,64,1,64,1,64,1.538462,1.538462,1.538462,
361,cube0,0.291515,481,1,0,1,0,0,0,100.000000,100.000000,100.000000,NA,NA,NA,NA,NA,NA,NA,NA,NA,NA,NA,
361,vector0,NA,NA,NA,NA,NA,NA,NA,NA,NA,NA,NA,1.720606,2839,65,0,65,0,65,0,100.000000,100.000000,100.000000,
361,vector1,NA,NA,NA,NA,NA,NA,NA,NA,NA,NA,NA,1.700606,2806,65,0,65,0,65,0,100.000000,100.000000,100.000000,
362,cube0,0.344848,569,1,0,0,0,1,0,100.000000,100.000000,100.000000,NA,NA,NA,NA,NA,NA,NA,NA,NA,NA,NA,
362,vector0,NA,NA,NA,NA,NA,NA,NA,NA,NA,NA,NA,1.461212,2411,1,64,1,64,1,64,1.538462,1.538462,1.538462,
362,vector1,NA,NA,NA,NA,NA,NA,NA,NA,NA,NA,NA,1.503030,2480,1,64,1,64,1,64,1.538462,1.538462,1.538462,
363,cube0,0.293333,484,1,0,0,0,1,0,100.000000,100.000000,100.000000,NA,NA,NA,NA,NA,NA,NA,NA,NA,NA,NA,
363,vector0,NA,NA,NA,NA,NA,NA,NA,NA,NA,NA,NA,1.656364,2733,65,0,65,0,65,0,100.000000,100.000000,100.000000,
363,vector1,NA,NA,NA,NA,NA,NA,NA,NA,NA,NA,NA,1.735152,2863,65,0,65,0,65,0,100.000000,100.000000,100.000000,
364,cube0,0.366667,605,1,0,1,0,0,0,100.000000,100.000000,100.000000,NA,NA,NA,NA,NA,NA,NA,NA,NA,NA,NA,
364,vector0,NA,NA,NA,NA,NA,NA,NA,NA,NA,NA,NA,1.508485,2489,1,64,1,64,1,64,1.538462,1.538462,1.538462,
364,vector1,NA,NA,NA,NA,NA,NA,NA,NA,NA,NA,NA,1.834545,3027,1,64,1,64,1,64,1.538462,1.538462,1.538462,
365,cube0,0.320000,528,1,0,0,0,1,0,100.000000,100.000000,100.000000,NA,NA,NA,NA,NA,NA,NA,NA,NA,NA,NA,
365,vector0,NA,NA,NA,NA,NA,NA,NA,NA,NA,NA,NA,1.632121,2693,65,0,65,0,65,0,100.000000,100.000000,100.000000,
365,vector1,NA,NA,NA,NA,NA,NA,NA,NA,NA,NA,NA,1.549091,2556,65,0,65,0,65,0,100.000000,100.000000,100.000000,
366,cube0,0.312727,516,1,0,0,0,1,0,100.000000,100.000000,100.000000,NA,NA,NA,NA,NA,NA,NA,NA,NA,NA,NA,
366,vector0,NA,NA,NA,NA,NA,NA,NA,NA,NA,NA,NA,1.417576,2339,1,64,1,64,1,64,1.538462,1.538462,1.538462,
366,vector1,NA,NA,NA,NA,NA,NA,NA,NA,NA,NA,NA,1.398788,2308,1,64,1,63,1,65,1.538462,1.538462,1.538462,
367,cube0,0.342424,565,1,0,0,0,1,0,100.000000,100.000000,100.000000,NA,NA,NA,NA,NA,NA,NA,NA,NA,NA,NA,
367,vector0,NA,NA,NA,NA,NA,NA,NA,NA,NA,NA,NA,1.524242,2515,65,0,66,0,64,0,100.000000,100.000000,100.000000,
367,vector1,NA,NA,NA,NA,NA,NA,NA,NA,NA,NA,NA,1.558788,2572,65,0,65,0,65,0,100.000000,100.000000,100.000000,
368,cube0,0.315152,520,1,0,1,0,0,0,100.000000,100.000000,100.000000,NA,NA,NA,NA,NA,NA,NA,NA,NA,NA,NA,
368,vector0,NA,NA,NA,NA,NA,NA,NA,NA,NA,NA,NA,1.454545,2400,1,64,1,64,1,64,1.538462,1.538462,1.538462,
368,vector1,NA,NA,NA,NA,NA,NA,NA,NA,NA,NA,NA,1.548485,2555,60,5,1,64,1,64,92.307693,1.538462,31.794872,
369,cube0,0.349697,577,1,0,1,0,0,0,100.000000,100.000000,100.000000,NA,NA,NA,NA,NA,NA,NA,NA,NA,NA,NA,
369,vector0,NA,NA,NA,NA,NA,NA,NA,NA,NA,NA,NA,1.515758,2501,65,0,65,0,65,0,100.000000,100.000000,100.000000,
369,vector1,NA,NA,NA,NA,NA,NA,NA,NA,NA,NA,NA,1.665455,2748,6,59,65,0,65,0,9.230769,100.000000,69.743591,
370,cube0,0.329091,543,1,0,0,0,1,0,100.000000,100.000000,100.000000,NA,NA,NA,NA,NA,NA,NA,NA,NA,NA,NA,
370,vector0,NA,NA,NA,NA,NA,NA,NA,NA,NA,NA,NA,1.522424,2512,1,64,1,64,1,64,1.538462,1.538462,1.538462,
370,vector1,NA,NA,NA,NA,NA,NA,NA,NA,NA,NA,NA,1.912121,3155,1,64,1,64,1,64,1.538462,1.538462,1.538462,
371,cube0,0.373333,616,1,0,0,0,1,0,100.000000,100.000000,100.000000,NA,NA,NA,NA,NA,NA,NA,NA,NA,NA,NA,
371,vector0,NA,NA,NA,NA,NA,NA,NA,NA,NA,NA,NA,1.592121,2627,65,0,65,0,65,0,100.000000,100.000000,100.000000,
371,vector1,NA,NA,NA,NA,NA,NA,NA,NA,NA,NA,NA,1.507273,2487,65,0,65,0,65,0,100.000000,100.000000,100.000000,
372,cube0,0.307273,507,1,0,0,0,1,0,100.000000,100.000000,100.000000,NA,NA,NA,NA,NA,NA,NA,NA,NA,NA,NA,
372,vector0,NA,NA,NA,NA,NA,NA,NA,NA,NA,NA,NA,2.032121,3353,1,64,18,49,16,47,1.538462,26.153847,17.948717,
372,vector1,NA,NA,NA,NA,NA,NA,NA,NA,NA,NA,NA,1.369091,2259,1,64,46,17,48,19,1.538462,72.307693,48.717949,
373,cube0,0.310303,512,1,0,0,0,1,0,100.000000,100.000000,100.000000,NA,NA,NA,NA,NA,NA,NA,NA,NA,NA,NA,
373,vector0,NA,NA,NA,NA,NA,NA,NA,NA,NA,NA,NA,1.526061,2518,65,0,49,16,49,16,100.000000,75.384613,83.589745,
373,vector1,NA,NA,NA,NA,NA,NA,NA,NA,NA,NA,NA,1.569697,2590,65,0,19,46,19,46,100.000000,29.230770,52.820515,
374,cube0,0.320606,529,1,0,0,0,1,0,100.000000,100.000000,100.000000,NA,NA,NA,NA,NA,NA,NA,NA,NA,NA,NA,
374,vector0,NA,NA,NA,NA,NA,NA,NA,NA,NA,NA,NA,1.512121,2495,65,0,1,64,1,64,100.000000,1.538462,34.358974,
374,vector1,NA,NA,NA,NA,NA,NA,NA,NA,NA,NA,NA,1.535758,2534,1,64,1,64,1,64,1.538462,1.538462,1.538462,
375,cube0,0.351515,580,1,0,1,0,0,0,100.000000,100.000000,100.000000,NA,NA,NA,NA,NA,NA,NA,NA,NA,NA,NA,
375,vector0,NA,NA,NA,NA,NA,NA,NA,NA,NA,NA,NA,1.601818,2643,1,64,65,0,65,0,1.538462,100.000000,67.179489,
375,vector1,NA,NA,NA,NA,NA,NA,NA,NA,NA,NA,NA,1.761818,2907,65,0,65,0,65,0,100.000000,100.000000,100.000000,
376,cube0,0.345455,570,1,0,1,0,0,0,100.000000,100.000000,100.000000,NA,NA,NA,NA,NA,NA,NA,NA,NA,NA,NA,
376,vector0,NA,NA,NA,NA,NA,NA,NA,NA,NA,NA,NA,1.755152,2896,1,64,1,64,1,64,1.538462,1.538462,1.538462,
376,vector1,NA,NA,NA,NA,NA,NA,NA,NA,NA,NA,NA,1.465455,2418,1,64,1,64,1,64,1.538462,1.538462,1.538462,
377,cube0,0.305455,504,1,0,0,0,1,0,100.000000,100.000000,100.000000,NA,NA,NA,NA,NA,NA,NA,NA,NA,NA,NA,
377,vector0,NA,NA,NA,NA,NA,NA,NA,NA,NA,NA,NA,1.744242,2878,65,0,65,0,65,0,100.000000,100.000000,100.000000,
377,vector1,NA,NA,NA,NA,NA,NA,NA,NA,NA,NA,NA,1.594545,2631,65,0,65,0,65,0,100.000000,100.000000,100.000000,
378,cube0,0.361212,596,1,0,0,0,1,0,100.000000,100.000000,100.000000,NA,NA,NA,NA,NA,NA,NA,NA,NA,NA,NA,
378,vector0,NA,NA,NA,NA,NA,NA,NA,NA,NA,NA,NA,1.532121,2528,1,64,1,64,1,64,1.538462,1.538462,1.538462,
378,vector1,NA,NA,NA,NA,NA,NA,NA,NA,NA,NA,NA,1.452727,2397,1,64,1,65,1,63,1.538462,1.538462,1.538462,
379,cube0,0.351515,580,1,0,1,0,0,0,100.000000,100.000000,100.000000,NA,NA,NA,NA,NA,NA,NA,NA,NA,NA,NA,
379,vector0,NA,NA,NA,NA,NA,NA,NA,NA,NA,NA,NA,1.660000,2739,65,0,65,0,65,0,100.000000,100.000000,100.000000,
379,vector1,NA,NA,NA,NA,NA,NA,NA,NA,NA,NA,NA,1.481818,2445,65,0,65,0,65,0,100.000000,100.000000,100.000000,
380,cube0,0.348485,575,1,0,0,0,1,0,100.000000,100.000000,100.000000,NA,NA,NA,NA,NA,NA,NA,NA,NA,NA,NA,
380,vector0,NA,NA,NA,NA,NA,NA,NA,NA,NA,NA,NA,1.557576,2570,1,64,1,64,1,64,1.538462,1.538462,1.538462,
380,vector1,NA,NA,NA,NA,NA,NA,NA,NA,NA,NA,NA,1.538788,2539,1,64,1,64,1,64,1.538462,1.538462,1.538462,
381,cube0,0.289697,478,1,0,0,0,1,0,100.000000,100.000000,100.000000,NA,NA,NA,NA,NA,NA,NA,NA,NA,NA,NA,
381,vector0,NA,NA,NA,NA,NA,NA,NA,NA,NA,NA,NA,1.727879,2851,65,0,65,0,65,0,100.000000,100.000000,100.000000,
381,vector1,NA,NA,NA,NA,NA,NA,NA,NA,NA,NA,NA,1.634545,2697,65,0,65,0,65,0,100.000000,100.000000,100.000000,
382,cube0,0.344848,569,1,0,1,0,0,0,100.000000,100.000000,100.000000,NA,NA,NA,NA,NA,NA,NA,NA,NA,NA,NA,
382,vector0,NA,NA,NA,NA,NA,NA,NA,NA,NA,NA,NA,1.666667,2750,1,64,1,64,1,64,1.538462,1.538462,1.538462,
382,vector1,NA,NA,NA,NA,NA,NA,NA,NA,NA,NA,NA,1.590303,2624,1,64,1,64,1,64,1.538462,1.538462,1.538462,
383,cube0,0.292121,482,1,0,1,0,0,0,100.000000,100.000000,100.000000,NA,NA,NA,NA,NA,NA,NA,NA,NA,NA,NA,
383,vector0,NA,NA,NA,NA,NA,NA,NA,NA,NA,NA,NA,1.725455,2847,65,0,65,0,65,0,100.000000,100.000000,100.000000,
383,vector1,NA,NA,NA,NA,NA,NA,NA,NA,NA,NA,NA,1.827273,3015,65,0,65,0,65,0,100.000000,100.000000,100.000000,
384,cube0,0.367273,606,1,0,0,0,1,0,100.000000,100.000000,100.000000,NA,NA,NA,NA,NA,NA,NA,NA,NA,NA,NA,
384,vector0,NA,NA,NA,NA,NA,NA,NA,NA,NA,NA,NA,1.890303,3119,1,64,1,64,1,64,1.538462,1.538462,1.538462,
384,vector1,NA,NA,NA,NA,NA,NA,NA,NA,NA,NA,NA,1.838182,3033,1,64,1,65,1,63,1.538462,1.538462,1.538462,
385,cube0,0.321212,530,1,0,1,0,0,0,100.000000,100.000000,100.000000,NA,NA,NA,NA,NA,NA,NA,NA,NA,NA,NA,
385,vector0,NA,NA,NA,NA,NA,NA,NA,NA,NA,NA,NA,1.498182,2472,65,0,64,0,66,0,100.000000,100.000000,100.000000,
385,vector1,NA,NA,NA,NA,NA,NA,NA,NA,NA,NA,NA,1.423636,2349,65,0,65,0,65,0,100.000000,100.000000,100.000000,
386,cube0,0.312727,516,1,0,1,0,0,0,100.000000,100.000000,100.000000,NA,NA,NA,NA,NA,NA,NA,NA,NA,NA,NA,
386,vector0,NA,NA,NA,NA,NA,NA,NA,NA,NA,NA,NA,1.649091,2721,1,64,1,64,1,64,1.538462,1.538462,1.538462,
386,vector1,NA,NA,NA,NA,NA,NA,NA,NA,NA,NA,NA,1.607879,2653,1,64,1,66,1,62,1.538462,1.538462,1.538462,
387,cube0,0.340606,562,1,0,1,0,0,0,100.000000,100.000000,100.000000,NA,NA,NA,NA,NA,NA,NA,NA,NA,NA,NA,
387,vector0,NA,NA,NA,NA,NA,NA,NA,NA,NA,NA,NA,1.603030,2645,65,0,63,0,67,0,100.000000,100.000000,100.000000,
387,vector1,NA,NA,NA,NA,NA,NA,NA,NA,NA,NA,NA,1.561818,2577,65,0,65,0,65,0,100.000000,100.000000,100.000000,
388,cube0,0.316364,522,1,0,0,0,1,0,100.000000,100.000000,100.000000,NA,NA,NA,NA,NA,NA,NA,NA,NA,NA,NA,
388,vector0,NA,NA,NA,NA,NA,NA,NA,NA,NA,NA,NA,1.533333,2530,1,64,1,64,1,64,1.538462,1.538462,1.538462,
388,vector1,NA,NA,NA,NA,NA,NA,NA,NA,NA,NA,NA,1.401818,2313,1,64,1,64,1,64,1.538462,1.538462,1.538462,
389,cube0,0.350909,579,1,0,0,0,1,0,100.000000,100.000000,100.000000,NA,NA,NA,NA,NA,NA,NA,NA,NA,NA,NA,
389,vector0,NA,NA,NA,NA,NA,NA,NA,NA,NA,NA,NA,1.578788,2605,65,0,65,0,65,0,100.000000,100.000000,100.000000,
389,vector1,NA,NA,NA,NA,NA,NA,NA,NA,NA,NA,NA,1.530909,2526,65,0,65,0,65,0,100.000000,100.000000,100.000000,
390,cube0,0.329091,543,1,0,1,0,0,0,100.000000,100.000000,100.000000,NA,NA,NA,NA,NA,NA,NA,NA,NA,NA,NA,
390,vector0,NA,NA,NA,NA,NA,NA,NA,NA,NA,NA,NA,1.413333,2332,1,64,1,64,1,64,1.538462,1.538462,1.538462,
390,vector1,NA,NA,NA,NA,NA,NA,NA,NA,NA,NA,NA,1.830303,3020,1,64,1,64,1,64,1.538462,1.538462,1.538462,
391,cube0,0.375152,619,1,0,1,0,0,0,100.000000,100.000000,100.000000,NA,NA,NA,NA,NA,NA,NA,NA,NA,NA,NA,
391,vector0,NA,NA,NA,NA,NA,NA,NA,NA,NA,NA,NA,1.466667,2420,65,0,65,0,65,0,100.000000,100.000000,100.000000,
391,vector1,NA,NA,NA,NA,NA,NA,NA,NA,NA,NA,NA,1.501818,2478,65,0,65,0,65,0,100.000000,100.000000,100.000000,
392,cube0,0.303636,501,1,0,1,0,0,0,100.000000,100.000000,100.000000,NA,NA,NA,NA,NA,NA,NA,NA,NA,NA,NA,
392,vector0,NA,NA,NA,NA,NA,NA,NA,NA,NA,NA,NA,1.513333,2497,1,64,1,64,1,64,1.538462,1.538462,1.538462,
392,vector1,NA,NA,NA,NA,NA,NA,NA,NA,NA,NA,NA,1.776364,2931,1,64,18,47,16,49,1.538462,26.153847,17.948717,
393,cube0,0.306667,506,1,0,1,0,0,0,100.000000,100.000000,100.000000,NA,NA,NA,NA,NA,NA,NA,NA,NA,NA,NA,
393,vector0,NA,NA,NA,NA,NA,NA,NA,NA,NA,NA,NA,1.610303,2657,65,0,65,0,65,0,100.000000,100.000000,100.000000,
393,vector1,NA,NA,NA,NA,NA,NA,NA,NA,NA,NA,NA,1.810909,2988,65,0,49,16,49,16,100.000000,75.384613,83.589745,
394,cube0,0.319394,527,1,0,1,0,0,0,100.000000,100.000000,100.000000,NA,NA,NA,NA,NA,NA,NA,NA,NA,NA,NA,
394,vector0,NA,NA,NA,NA,NA,NA,NA,NA,NA,NA,NA,1.510909,2493,1,64,1,64,1,64,1.538462,1.538462,1.538462,
394,vector1,NA,NA,NA,NA,NA,NA,NA,NA,NA,NA,NA,1.463636,2415,1,64,1,64,1,64,1.538462,1.538462,1.538462,
395,cube0,0.350909,579,1,0,1,0,0,0,100.000000,100.000000,100.000000,NA,NA,NA,NA,NA,NA,NA,NA,NA,NA,NA,
395,vector0,NA,NA,NA,NA,NA,NA,NA,NA,NA,NA,NA,1.530303,2525,65,0,65,0,65,0,100.000000,100.000000,100.000000,
395,vector1,NA,NA,NA,NA,NA,NA,NA,NA,NA,NA,NA,1.591515,2626,65,0,64,0,66,0,100.000000,100.000000,100.000000,
396,cube0,0.342424,565,1,0,1,0,0,0,100.000000,100.000000,100.000000,NA,NA,NA,NA,NA,NA,NA,NA,NA,NA,NA,
396,vector0,NA,NA,NA,NA,NA,NA,NA,NA,NA,NA,NA,1.550303,2558,1,64,0,64,2,64,1.538462,1.538462,1.538462,
396,vector1,NA,NA,NA,NA,NA,NA,NA,NA,NA,NA,NA,1.651515,2725,1,64,1,64,1,64,1.538462,1.538462,1.538462,
397,cube0,0.306667,506,1,0,0,0,1,0,100.000000,100.000000,100.000000,NA,NA,NA,NA,NA,NA,NA,NA,NA,NA,NA,
397,vector0,NA,NA,NA,NA,NA,NA,NA,NA,NA,NA,NA,1.630909,2691,65,0,65,0,65,0,100.000000,100.000000,100.000000,
397,vector1,NA,NA,NA,NA,NA,NA,NA,NA,NA,NA,NA,1.742424,2875,65,0,66,0,64,0,100.000000,100.000000,100.000000,
398,cube0,0.364242,601,1,0,1,0,0,0,100.000000,100.000000,100.000000,NA,NA,NA,NA,NA,NA,NA,NA,NA,NA,NA,
398,vector0,NA,NA,NA,NA,NA,NA,NA,NA,NA,NA,NA,1.524848,2516,11,54,1,64,1,64,16.923077,1.538462,6.666667,
398,vector1,NA,NA,NA,NA,NA,NA,NA,NA,NA,NA,NA,1.399394,2309,1,64,1,64,1,64,1.538462,1.538462,1.538462,
399,cube0,0.352121,581,1,0,0,0,1,0,100.000000,100.000000,100.000000,NA,NA,NA,NA,NA,NA,NA,NA,NA,NA,NA,
399,vector0,NA,NA,NA,NA,NA,NA,NA,NA,NA,NA,NA,1.563636,2580,55,10,65,0,65,0,84.615387,100.000000,94.871796,
399,vector1,NA,NA,NA,NA,NA,NA,NA,NA,NA,NA,NA,1.473333,2431,65,0,65,0,65,0,100.000000,100.000000,100.000000,
400,cube0,0.350909,579,1,0,0,0,1,0,100.000000,100.000000,100.000000,NA,NA,NA,NA,NA,NA,NA,NA,NA,NA,NA,
400,vector0,NA,NA,NA,NA,NA,NA,NA,NA,NA,NA,NA,1.460606,2410,1,64,1,64,1,64,1.538462,1.538462,1.538462,
400,vector1,NA,NA,NA,NA,NA,NA,NA,NA,NA,NA,NA,1.534545,2532,1,64,18,47,18,47,1.538462,27.692308,18.974360,
401,cube0,0.286061,472,1,0,1,0,0,0,100.000000,100.000000,100.000000,NA,NA,NA,NA,NA,NA,NA,NA,NA,NA,NA,
401,vector0,NA,NA,NA,NA,NA,NA,NA,NA,NA,NA,NA,1.624242,2680,65,0,65,0,65,0,100.000000,100.000000,100.000000,
401,vector1,NA,NA,NA,NA,NA,NA,NA,NA,NA,NA,NA,1.682424,2776,65,0,46,19,50,15,100.000000,73.846153,82.564102,
402,cube0,0.346667,572,1,0,0,0,1,0,100.000000,100.000000,100.000000,NA,NA,NA,NA,NA,NA,NA,NA,NA,NA,NA,
402,vector0,NA,NA,NA,NA,NA,NA,NA,NA,NA,NA,NA,1.481818,2445,1,64,1,64,1,64,1.538462,1.538462,1.538462,
402,vector1,NA,NA,NA,NA,NA,NA,NA,NA,NA,NA,NA,1.844242,3043,1,64,1,64,1,64,1.538462,1.538462,1.538462,
403,cube0,0.293939,485,1,0,0,0,1,0,100.000000,100.000000,100.000000,NA,NA,NA,NA,NA,NA,NA,NA,NA,NA,NA,
403,vector0,NA,NA,NA,NA,NA,NA,NA,NA,NA,NA,NA,1.524242,2515,65,0,65,0,65,0,100.000000,100.000000,100.000000,
403,vector1,NA,NA,NA,NA,NA,NA,NA,NA,NA,NA,NA,1.527273,2520,65,0,65,0,65,0,100.000000,100.000000,100.000000,
404,cube0,0.364848,602,1,0,1,0,0,0,100.000000,100.000000,100.000000,NA,NA,NA,NA,NA,NA,NA,NA,NA,NA,NA,
404,vector0,NA,NA,NA,NA,NA,NA,NA,NA,NA,NA,NA,1.483636,2448,1,64,1,64,1,64,1.538462,1.538462,1.538462,
404,vector1,NA,NA,NA,NA,NA,NA,NA,NA,NA,NA,NA,1.760000,2904,1,64,1,62,1,66,1.538462,1.538462,1.538462,
405,cube0,0.320000,528,1,0,0,0,1,0,100.000000,100.000000,100.000000,NA,NA,NA,NA,NA,NA,NA,NA,NA,NA,NA,
405,vector0,NA,NA,NA,NA,NA,NA,NA,NA,NA,NA,NA,1.612121,2660,65,0,67,0,63,0,100.000000,100.000000,100.000000,
405,vector1,NA,NA,NA,NA,NA,NA,NA,NA,NA,NA,NA,1.483030,2447,65,0,65,0,65,0,100.000000,100.000000,100.000000,
406,cube0,0.310303,512,1,0,0,0,1,0,100.000000,100.000000,100.000000,NA,NA,NA,NA,NA,NA,NA,NA,NA,NA,NA,
406,vector0,NA,NA,NA,NA,NA,NA,NA,NA,NA,NA,NA,1.530909,2526,40,25,1,64,1,64,61.538460,1.538462,21.538462,
406,vector1,NA,NA,NA,NA,NA,NA,NA,NA,NA,NA,NA,1.509697,2491,1,64,1,64,1,64,1.538462,1.538462,1.538462,
407,cube0,0.339394,560,1,0,0,0,1,0,100.000000,100.000000,100.000000,NA,NA,NA,NA,NA,NA,NA,NA,NA,NA,NA,
407,vector0,NA,NA,NA,NA,NA,NA,NA,NA,NA,NA,NA,1.765455,2913,26,39,65,0,65,0,40.000000,100.000000,80.000000,
407,vector1,NA,NA,NA,NA,NA,NA,NA,NA,NA,NA,NA,1.580000,2607,65,0,65,0,65,0,100.000000,100.000000,100.000000,
408,cube0,0.318182,525,1,0,1,0,0,0,100.000000,100.000000,100.000000,NA,NA,NA,NA,NA,NA,NA,NA,NA,NA,NA,
408,vector0,NA,NA,NA,NA,NA,NA,NA,NA,NA,NA,NA,1.691515,2791,1,64,1,64,1,64,1.538462,1.538462,1.538462,
408,vector1,NA,NA,NA,NA,NA,NA,NA,NA,NA,NA,NA,1.521818,2511,1,64,1,64,1,64,1.538462,1.538462,1.538462,
409,cube0,0.349697,577,1,0,1,0,0,0,100.000000,100.000000,100.000000,NA,NA,NA,NA,NA,NA,NA,NA,NA,NA,NA,
409,vector0,NA,NA,NA,NA,NA,NA,NA,NA,NA,NA,NA,1.592727,2628,65,0,63,0,67,0,100.000000,100.000000,100.000000,
409,vector1,NA,NA,NA,NA,NA,NA,NA,NA,NA,NA,NA,1.566667,2585,65,0,67,0,63,0,100.000000,100.000000,100.000000,
410,cube0,0.327879,541,1,0,0,0,1,0,100.000000,100.000000,100.000000,NA,NA,NA,NA,NA,NA,NA,NA,NA,NA,NA,
410,vector0,NA,NA,NA,NA,NA,NA,NA,NA,NA,NA,NA,1.381818,2280,1,64,1,64,1,64,1.538462,1.538462,1.538462,
410,vector1,NA,NA,NA,NA,NA,NA,NA,NA,NA,NA,NA,1.822424,3007,1,64,1,64,1,64,1.538462,1.538462,1.538462,
411,cube0,0.370909,612,1,0,0,0,1,0,100.000000,100.000000,100.000000,NA,NA,NA,NA,NA,NA,NA,NA,NA,NA,NA,
411,vector0,NA,NA,NA,NA,NA,NA,NA,NA,NA,NA,NA,1.578182,2604,65,0,65,0,65,0,100.000000,100.000000,100.000000,
411,vector1,NA,NA,NA,NA,NA,NA,NA,NA,NA,NA,NA,1.493333,2464,65,0,65,0,65,0,100.000000,100.000000,100.000000,
412,cube0,0.304242,502,1,0,0,0,1,0,100.000000,100.000000,100.000000,NA,NA,NA,NA,NA,NA,NA,NA,NA,NA,NA,
412,vector0,NA,NA,NA,NA,NA,NA,NA,NA,NA,NA,NA,1.399394,2309,1,64,1,64,1,64,1.538462,1.538462,1.538462,
412,vector1,NA,NA,NA,NA,NA,NA,NA,NA,NA,NA,NA,1.523636,2514,1,64,1,64,1,64,1.538462,1.538462,1.538462,
413,cube0,0.308485,509,1,0,0,0,1,0,100.000000,100.000000,100.000000,NA,NA,NA,NA,NA,NA,NA,NA,NA,NA,NA,
413,vector0,NA,NA,NA,NA,NA,NA,NA,NA,NA,NA,NA,1.602424,2644,65,0,65,0,65,0,100.000000,100.000000,100.000000,
413,vector1,NA,NA,NA,NA,NA,NA,NA,NA,NA,NA,NA,1.590909,2625,65,0,65,0,65,0,100.000000,100.000000,100.000000,
414,cube0,0.320606,529,1,0,0,0,1,0,100.000000,100.000000,100.000000,NA,NA,NA,NA,NA,NA,NA,NA,NA,NA,NA,
414,vector0,NA,NA,NA,NA,NA,NA,NA,NA,NA,NA,NA,1.504848,2483,1,64,1,64,1,64,1.538462,1.538462,1.538462,
414,vector1,NA,NA,NA,NA,NA,NA,NA,NA,NA,NA,NA,1.583636,2613,1,64,1,64,1,64,1.538462,1.538462,1.538462,
415,cube0,0.351515,580,1,0,0,0,1,0,100.000000,100.000000,100.000000,NA,NA,NA,NA,NA,NA,NA,NA,NA,NA,NA,
415,vector0,NA,NA,NA,NA,NA,NA,NA,NA,NA,NA,NA,1.480606,2443,65,0,65,0,65,0,100.000000,100.000000,100.000000,
415,vector1,NA,NA,NA,NA,NA,NA,NA,NA,NA,NA,NA,1.682424,2776,65,0,66,0,64,0,100.000000,100.000000,100.000000,
416,cube0,0.338788,559,1,0,1,0,0,0,100.000000,100.000000,100.000000,NA,NA,NA,NA,NA,NA,NA,NA,NA,NA,NA,
416,vector0,NA,NA,NA,NA,NA,NA,NA,NA,NA,NA,NA,1.526061,2518,1,64,1,65,1,63,1.538462,1.538462,1.538462,
416,vector1,NA,NA,NA,NA,NA,NA,NA,NA,NA,NA,NA,1.743636,2877,1,64,1,64,1,64,1.538462,1.538462,1.538462,
417,cube0,0.305455,504,1,0,1,0,0,0,100.000000,100.000000,100.000000,NA,NA,NA,NA,NA,NA,NA,NA,NA,NA,NA,
417,vector0,NA,NA,NA,NA,NA,NA,NA,NA,NA,NA,NA,1.466061,2419,65,0,64,0,66,0,100.000000,100.000000,100.000000,
417,vector1,NA,NA,NA,NA,NA,NA,NA,NA,NA,NA,NA,1.688485,2786,65,0,64,0,66,0,100.000000,100.000000,100.000000,
418,cube0,0.358788,592,1,0,0,0,1,0,100.000000,100.000000,100.000000,NA,NA,NA,NA,NA,NA,NA,NA,NA,NA,NA,
418,vector0,NA,NA,NA,NA,NA,NA,NA,NA,NA,NA,NA,1.404242,2317,60,5,1,64,1,64,92.307693,1.538462,31.794872,
418,vector1,NA,NA,NA,NA,NA,NA,NA,NA,NA,NA,NA,1.494545,2466,1,64,1,64,1,64,1.538462,1.538462,1.538462,
419,cube0,0.363636,600,1,0,1,0,0,0,100.000000,100.000000,100.000000,NA,NA,NA,NA,NA,NA,NA,NA,NA,NA,NA,
419,vector0,NA,NA,NA,NA,NA,NA,NA,NA,NA,NA,NA,1.558788,2572,6,59,65,0,65,0,9.230769,100.000000,69.743591,
419,vector1,NA,NA,NA,NA,NA,NA,NA,NA,NA,NA,NA,1.592121,2627,65,0,65,0,65,0,100.000000,100.000000,100.000000,
420,cube0,0.349697,577,1,0,1,0,0,0,100.000000,100.000000,100.000000,NA,NA,NA,NA,NA,NA,NA,NA,NA,NA,NA,
420,vector0,NA,NA,NA,NA,NA,NA,NA,NA,NA,NA,NA,1.384848,2285,1,64,1,64,1,64,1.538462,1.538462,1.538462,
420,vector1,NA,NA,NA,NA,NA,NA,NA,NA,NA,NA,NA,1.542424,2545,1,64,1,64,1,64,1.538462,1.538462,1.538462,
421,cube0,0.290909,480,1,0,0,0,1,0,100.000000,100.000000,100.000000,NA,NA,NA,NA,NA,NA,NA,NA,NA,NA,NA,
421,vector0,NA,NA,NA,NA,NA,NA,NA,NA,NA,NA,NA,1.580000,2607,65,0,65,0,65,0,100.000000,100.000000,100.000000,
421,vector1,NA,NA,NA,NA,NA,NA,NA,NA,NA,NA,NA,1.650303,2723,65,0,65,0,65,0,100.000000,100.000000,100.000000,
422,cube0,0.345455,570,1,0,1,0,0,0,100.000000,100.000000,100.000000,NA,NA,NA,NA,NA,NA,NA,NA,NA,NA,NA,
422,vector0,NA,NA,NA,NA,NA,NA,NA,NA,NA,NA,NA,1.575152,2599,1,64,1,64,1,64,1.538462,1.538462,1.538462,
422,vector1,NA,NA,NA,NA,NA,NA,NA,NA,NA,NA,NA,1.933939,3191,1,64,1,64,1,64,1.538462,1.538462,1.538462,
423,cube0,0.291515,481,1,0,1,0,0,0,100.000000,100.000000,100.000000,NA,NA,NA,NA,NA,NA,NA,NA,NA,NA,NA,
423,vector0,NA,NA,NA,NA,NA,NA,NA,NA,NA,NA,NA,1.803030,2975,65,0,65,0,65,0,100.000000,100.000000,100.000000,
423,vector1,NA,NA,NA,NA,NA,NA,NA,NA,NA,NA,NA,1.615152,2665,65,0,65,0,65,0,100.000000,100.000000,100.000000,
424,cube0,0.367273,606,1,0,0,0,1,0,100.000000,100.000000,100.000000,NA,NA,NA,NA,NA,NA,NA,NA,NA,NA,NA,
424,vector0,NA,NA,NA,NA,NA,NA,NA,NA,NA,NA,NA,1.664848,2747,1,64,1,64,1,64,1.538462,1.538462,1.538462,
424,vector1,NA,NA,NA,NA,NA,NA,NA,NA,NA,NA,NA,1.706667,2816,1,64,1,64,1,64,1.538462,1.538462,1.538462,
425,cube0,0.321212,530,1,0,1,0,0,0,100.000000,100.000000,100.000000,NA,NA,NA,NA,NA,NA,NA,NA,NA,NA,NA,
425,vector0,NA,NA,NA,NA,NA,NA,NA,NA,NA,NA,NA,1.683030,2777,65,0,65,0,65,0,100.000000,100.000000,100.000000,
425,vector1,NA,NA,NA,NA,NA,NA,NA,NA,NA,NA,NA,1.384242,2284,65,0,65,0,65,0,100.000000,100.000000,100.000000,
426,cube0,0.311515,514,1,0,1,0,0,0,100.000000,100.000000,100.000000,NA,NA,NA,NA,NA,NA,NA,NA,NA,NA,NA,
426,vector0,NA,NA,NA,NA,NA,NA,NA,NA,NA,NA,NA,1.522424,2512,1,64,1,64,1,64,1.538462,1.538462,1.538462,
426,vector1,NA,NA,NA,NA,NA,NA,NA,NA,NA,NA,NA,1.476970,2437,1,64,1,64,1,64,1.538462,1.538462,1.538462,
427,cube0,0.339394,560,1,0,1,0,0,0,100.000000,100.000000,100.000000,NA,NA,NA,NA,NA,NA,NA,NA,NA,NA,NA,
427,vector0,NA,NA,NA,NA,NA,NA,NA,NA,NA,NA,NA,1.678182,2769,65,0,65,0,65,0,100.000000,100.000000,100.000000,
427,vector1,NA,NA,NA,NA,NA,NA,NA,NA,NA,NA,NA,1.635758,2699,65,0,65,0,65,0,100.000000,100.000000,100.000000,
428,cube0,0.315758,521,1,0,0,0,1,0,100.000000,100.000000,100.000000,NA,NA,NA,NA,NA,NA,NA,NA,NA,NA,NA,
428,vector0,NA,NA,NA,NA,NA,NA,NA,NA,NA,NA,NA,1.487273,2454,1,64,1,64,1,64,1.538462,1.538462,1.538462,
428,vector1,NA,NA,NA,NA,NA,NA,NA,NA,NA,NA,NA,1.549091,2556,1,64,1,64,1,64,1.538462,1.538462,1.538462,
429,cube0,0.353333,583,1,0,0,0,1,0,100.000000,100.000000,100.000000,NA,NA,NA,NA,NA,NA,NA,NA,NA,NA,NA,
429,vector0,NA,NA,NA,NA,NA,NA,NA,NA,NA,NA,NA,1.701818,2808,65,0,62,0,68,0,100.000000,100.000000,100.000000,
429,vector1,NA,NA,NA,NA,NA,NA,NA,NA,NA,NA,NA,1.662424,2743,65,0,68,0,62,0,100.000000,100.000000,100.000000,
430,cube0,0.331515,547,1,0,1,0,0,0,100.000000,100.000000,100.000000,NA,NA,NA,NA,NA,NA,NA,NA,NA,NA,NA,
430,vector0,NA,NA,NA,NA,NA,NA,NA,NA,NA,NA,NA,1.537576,2537,1,64,1,64,1,64,1.538462,1.538462,1.538462,
430,vector1,NA,NA,NA,NA,NA,NA,NA,NA,NA,NA,NA,1.906667,3146,1,64,1,64,1,64,1.538462,1.538462,1.538462,
431,cube0,0.372727,615,1,0,1,0,0,0,100.000000,100.000000,100.000000,NA,NA,NA,NA,NA,NA,NA,NA,NA,NA,NA,
431,vector0,NA,NA,NA,NA,NA,NA,NA,NA,NA,NA,NA,1.526061,2518,65,0,65,0,65,0,100.000000,100.000000,100.000000,
431,vector1,NA,NA,NA,NA,NA,NA,NA,NA,NA,NA,NA,1.518788,2506,65,0,65,0,65,0,100.000000,100.000000,100.000000,
432,cube0,0.307879,508,1,0,1,0,0,0,100.000000,100.000000,100.000000,NA,NA,NA,NA,NA,NA,NA,NA,NA,NA,NA,
432,vector0,NA,NA,NA,NA,NA,NA,NA,NA,NA,NA,NA,1.493333,2464,1,64,1,64,1,64,1.538462,1.538462,1.538462,
432,vector1,NA,NA,NA,NA,NA,NA,NA,NA,NA,NA,NA,1.790909,2955,1,64,1,64,1,64,1.538462,1.538462,1.538462,
433,cube0,0.308485,509,1,0,1,0,0,0,100.000000,100.000000,100.000000,NA,NA,NA,NA,NA,NA,NA,NA,NA,NA,NA,
433,vector0,NA,NA,NA,NA,NA,NA,NA,NA,NA,NA,NA,1.635152,2698,65,0,65,0,65,0,100.000000,100.000000,100.000000,
433,vector1,NA,NA,NA,NA,NA,NA,NA,NA,NA,NA,NA,1.707879,2818,65,0,65,0,65,0,100.000000,100.000000,100.000000,
434,cube0,0.323636,534,1,0,1,0,0,0,100.000000,100.000000,100.000000,NA,NA,NA,NA,NA,NA,NA,NA,NA,NA,NA,
434,vector0,NA,NA,NA,NA,NA,NA,NA,NA,NA,NA,NA,1.530909,2526,1,64,3,62,5,60,1.538462,6.153846,4.615385,
434,vector1,NA,NA,NA,NA,NA,NA,NA,NA,NA,NA,NA,1.589091,2622,1,64,1,64,1,64,1.538462,1.538462,1.538462,
435,cube0,0.349697,577,1,0,0,0,1,0,100.000000,100.000000,100.000000,NA,NA,NA,NA,NA,NA,NA,NA,NA,NA,NA,
435,vector0,NA,NA,NA,NA,NA,NA,NA,NA,NA,NA,NA,1.586667,2618,65,0,63,2,61,4,100.000000,95.384613,96.923080,
435,vector1,NA,NA,NA,NA,NA,NA,NA,NA,NA,NA,NA,1.694546,2796,65,0,65,0,65,0,100.000000,100.000000,100.000000,
436,cube0,0.340000,561,1,0,0,0,1,0,100.000000,100.000000,100.000000,NA,NA,NA,NA,NA,NA,NA,NA,NA,NA,NA,
436,vector0,NA,NA,NA,NA,NA,NA,NA,NA,NA,NA,NA,1.407273,2322,1,64,1,64,1,64,1.538462,1.538462,1.538462,
436,vector1,NA,NA,NA,NA,NA,NA,NA,NA,NA,NA,NA,1.452121,2396,1,64,1,63,1,65,1.538462,1.538462,1.538462,
437,cube0,0.323030,533,1,0,1,0,0,0,100.000000,100.000000,100.000000,NA,NA,NA,NA,NA,NA,NA,NA,NA,NA,NA,
437,vector0,NA,NA,NA,NA,NA,NA,NA,NA,NA,NA,NA,1.555151,2566,65,0,66,0,64,0,100.000000,100.000000,100.000000,
437,vector1,NA,NA,NA,NA,NA,NA,NA,NA,NA,NA,NA,1.495758,2468,65,0,65,0,65,0,100.000000,100.000000,100.000000,
438,cube0,0.364242,601,1,0,1,0,0,0,100.000000,100.000000,100.000000,NA,NA,NA,NA,NA,NA,NA,NA,NA,NA,NA,
438,vector0,NA,NA,NA,NA,NA,NA,NA,NA,NA,NA,NA,1.832727,3024,65,0,1,64,1,64,100.000000,1.538462,34.358974,
438,vector1,NA,NA,NA,NA,NA,NA,NA,NA,NA,NA,NA,1.447273,2388,65,0,1,64,1,64,100.000000,1.538462,34.358974,
439,cube0,0.350909,579,1,0,0,0,1,0,100.000000,100.000000,100.000000,NA,NA,NA,NA,NA,NA,NA,NA,NA,NA,NA,
439,vector0,NA,NA,NA,NA,NA,NA,NA,NA,NA,NA,NA,1.516970,2503,1,64,65,0,65,0,1.538462,100.000000,67.179489,
439,vector1,NA,NA,NA,NA,NA,NA,NA,NA,NA,NA,NA,1.489697,2458,1,64,65,0,65,0,1.538462,100.000000,67.179489,
440,cube0,0.348485,575,1,0,0,0,1,0,100.000000,100.000000,100.000000,NA,NA,NA,NA,NA,NA,NA,NA,NA,NA,NA,
440,vector0,NA,NA,NA,NA,NA,NA,NA,NA,NA,NA,NA,1.437576,2372,1,64,1,64,1,64,1.538462,1.538462,1.538462,
440,vector1,NA,NA,NA,NA,NA,NA,NA,NA,NA,NA,NA,1.547273,2553,1,64,1,64,1,64,1.538462,1.538462,1.538462,
441,cube0,0.295152,487,1,0,1,0,0,0,100.000000,100.000000,100.000000,NA,NA,NA,NA,NA,NA,NA,NA,NA,NA,NA,
441,vector0,NA,NA,NA,NA,NA,NA,NA,NA,NA,NA,NA,1.638182,2703,65,0,65,0,65,0,100.000000,100.000000,100.000000,
441,vector1,NA,NA,NA,NA,NA,NA,NA,NA,NA,NA,NA,1.729091,2853,65,0,65,0,65,0,100.000000,100.000000,100.000000,
442,cube0,0.346061,571,1,0,0,0,1,0,100.000000,100.000000,100.000000,NA,NA,NA,NA,NA,NA,NA,NA,NA,NA,NA,
442,vector0,NA,NA,NA,NA,NA,NA,NA,NA,NA,NA,NA,1.538788,2539,1,64,1,64,1,64,1.538462,1.538462,1.538462,
442,vector1,NA,NA,NA,NA,NA,NA,NA,NA,NA,NA,NA,1.362424,2248,1,64,1,64,1,64,1.538462,1.538462,1.538462,
443,cube0,0.294545,486,1,0,0,0,1,0,100.000000,100.000000,100.000000,NA,NA,NA,NA,NA,NA,NA,NA,NA,NA,NA,
443,vector0,NA,NA,NA,NA,NA,NA,NA,NA,NA,NA,NA,1.671515,2758,65,0,65,0,65,0,100.000000,100.000000,100.000000,
443,vector1,NA,NA,NA,NA,NA,NA,NA,NA,NA,NA,NA,1.428485,2357,65,0,65,0,65,0,100.000000,100.000000,100.000000,
444,cube0,0.368485,608,1,0,1,0,0,0,100.000000,100.000000,100.000000,NA,NA,NA,NA,NA,NA,NA,NA,NA,NA,NA,
444,vector0,NA,NA,NA,NA,NA,NA,NA,NA,NA,NA,NA,1.520606,2509,1,64,1,64,1,64,1.538462,1.538462,1.538462,
444,vector1,NA,NA,NA,NA,NA,NA,NA,NA,NA,NA,NA,1.761818,2907,9,56,1,64,1,64,13.846154,1.538462,5.641026,
445,cube0,0.323030,533,1,0,0,0,1,0,100.000000,100.000000,100.000000,NA,NA,NA,NA,NA,NA,NA,NA,NA,NA,NA,
445,vector0,NA,NA,NA,NA,NA,NA,NA,NA,NA,NA,NA,1.656970,2734,65,0,65,0,65,0,100.000000,100.000000,100.000000,
445,vector1,NA,NA,NA,NA,NA,NA,NA,NA,NA,NA,NA,1.520606,2509,57,8,65,0,65,0,87.692307,100.000000,95.897438,
446,cube0,0.310909,513,1,0,0,0,1,0,100.000000,100.000000,100.000000,NA,NA,NA,NA,NA,NA,NA,NA,NA,NA,NA,
446,vector0,NA,NA,NA,NA,NA,NA,NA,NA,NA,NA,NA,1.443636,2382,1,64,1,64,1,64,1.538462,1.538462,1.538462,
446,vector1,NA,NA,NA,NA,NA,NA,NA,NA,NA,NA,NA,1.418788,2341,1,64,1,66,1,62,1.538462,1.538462,1.538462,
447,cube0,0.342424,565,1,0,0,0,1,0,100.000000,100.000000,100.000000,NA,NA,NA,NA,NA,NA,NA,NA,NA,NA,NA,
447,vector0,NA,NA,NA,NA,NA,NA,NA,NA,NA,NA,NA,1.548485,2555,65,0,63,0,67,0,100.000000,100.000000,100.000000,
447,vector1,NA,NA,NA,NA,NA,NA,NA,NA,NA,NA,NA,1.588485,2621,65,0,65,0,65,0,100.000000,100.000000,100.000000,
448,cube0,0.315152,520,1,0,1,0,0,0,100.000000,100.000000,100.000000,NA,NA,NA,NA,NA,NA,NA,NA,NA,NA,NA,
448,vector0,NA,NA,NA,NA,NA,NA,NA,NA,NA,NA,NA,1.356364,2238,1,64,1,64,1,64,1.538462,1.538462,1.538462,
448,vector1,NA,NA,NA,NA,NA,NA,NA,NA,NA,NA,NA,1.559394,2573,1,64,1,64,1,64,1.538462,1.538462,1.538462,
449,cube0,0.347879,574,1,0,1,0,0,0,100.000000,100.000000,100.000000,NA,NA,NA,NA,NA,NA,NA,NA,NA,NA,NA,
449,vector0,NA,NA,NA,NA,NA,NA,NA,NA,NA,NA,NA,1.334545,2202,65,0,65,0,65,0,100.000000,100.000000,100.000000,
449,vector1,NA,NA,NA,NA,NA,NA,NA,NA,NA,NA,NA,1.676364,2766,65,0,65,0,65,0,100.000000,100.000000,100.000000,
450,cube0,0.332121,548,1,0,0,0,1,0,100.000000,100.000000,100.000000,NA,NA,NA,NA,NA,NA,NA,NA,NA,NA,NA,
450,vector0,NA,NA,NA,NA,NA,NA,NA,NA,NA,NA,NA,1.518182,2505,1,64,1,64,1,64,1.538462,1.538462,1.538462,
450,vector1,NA,NA,NA,NA,NA,NA,NA,NA,NA,NA,NA,1.373333,2266,1,64,1,64,1,64,1.538462,1.538462,1.538462,
451,cube0,0.375152,619,1,0,0,0,1,0,100.000000,100.000000,100.000000,NA,NA,NA,NA,NA,NA,NA,NA,NA,NA,NA,
451,vector0,NA,NA,NA,NA,NA,NA,NA,NA,NA,NA,NA,1.672727,2760,65,0,65,0,65,0,100.000000,100.000000,100.000000,
451,vector1,NA,NA,NA,NA,NA,NA,NA,NA,NA,NA,NA,1.507879,2488,65,0,65,0,65,0,100.000000,100.000000,100.000000,
452,cube0,0.306061,505,1,0,0,0,1,0,100.000000,100.000000,100.000000,NA,NA,NA,NA,NA,NA,NA,NA,NA,NA,NA,
452,vector0,NA,NA,NA,NA,NA,NA,NA,NA,NA,NA,NA,1.576970,2602,1,64,1,64,1,64,1.538462,1.538462,1.538462,
452,vector1,NA,NA,NA,NA,NA,NA,NA,NA,NA,NA,NA,1.544848,2549,1,64,1,64,1,64,1.538462,1.538462,1.538462,
453,cube0,0.313939,518,1,0,0,0,1,0,100.000000,100.000000,100.000000,NA,NA,NA,NA,NA,NA,NA,NA,NA,NA,NA,
453,vector0,NA,NA,NA,NA,NA,NA,NA,NA,NA,NA,NA,1.628485,2687,65,0,65,0,65,0,100.000000,100.000000,100.000000,
453,vector1,NA,NA,NA,NA,NA,NA,NA,NA,NA,NA,NA,1.644848,2714,65,0,65,0,65,0,100.000000,100.000000,100.000000,
454,cube0,0.320606,529,1,0,0,0,1,0,100.000000,100.000000,100.000000,NA,NA,NA,NA,NA,NA,NA,NA,NA,NA,NA,
454,vector0,NA,NA,NA,NA,NA,NA,NA,NA,NA,NA,NA,1.422424,2347,1,64,1,64,1,64,1.538462,1.538462,1.538462,
454,vector1,NA,NA,NA,NA,NA,NA,NA,NA,NA,NA,NA,1.790909,2955,1,64,1,64,1,64,1.538462,1.538462,1.538462,
455,cube0,0.350303,578,1,0,1,0,0,0,100.000000,100.000000,100.000000,NA,NA,NA,NA,NA,NA,NA,NA,NA,NA,NA,
455,vector0,NA,NA,NA,NA,NA,NA,NA,NA,NA,NA,NA,1.767273,2916,65,0,65,0,65,0,100.000000,100.000000,100.000000,
455,vector1,NA,NA,NA,NA,NA,NA,NA,NA,NA,NA,NA,1.498182,2472,65,0,65,0,65,0,100.000000,100.000000,100.000000,
456,cube0,0.343636,567,1,0,1,0,0,0,100.000000,100.000000,100.000000,NA,NA,NA,NA,NA,NA,NA,NA,NA,NA,NA,
456,vector0,NA,NA,NA,NA,NA,NA,NA,NA,NA,NA,NA,1.489091,2457,1,64,1,64,1,64,1.538462,1.538462,1.538462,
456,vector1,NA,NA,NA,NA,NA,NA,NA,NA,NA,NA,NA,1.558182,2571,1,64,1,62,1,66,1.538462,1.538462,1.538462,
457,cube0,0.304848,503,1,0,0,0,1,0,100.000000,100.000000,100.000000,NA,NA,NA,NA,NA,NA,NA,NA,NA,NA,NA,
457,vector0,NA,NA,NA,NA,NA,NA,NA,NA,NA,NA,NA,1.648485,2720,65,0,67,0,63,0,100.000000,100.000000,100.000000,
457,vector1,NA,NA,NA,NA,NA,NA,NA,NA,NA,NA,NA,1.755152,2896,65,0,65,0,65,0,100.000000,100.000000,100.000000,
458,cube0,0.364848,602,1,0,0,0,1,0,100.000000,100.000000,100.000000,NA,NA,NA,NA,NA,NA,NA,NA,NA,NA,NA,
458,vector0,NA,NA,NA,NA,NA,NA,NA,NA,NA,NA,NA,1.509091,2490,65,0,1,64,1,64,100.000000,1.538462,34.358974,
458,vector1,NA,NA,NA,NA,NA,NA,NA,NA,NA,NA,NA,1.510909,2493,65,0,1,64,1,64,100.000000,1.538462,34.358974,
459,cube0,0.350909,579,1,0,1,0,0,0,100.000000,100.000000,100.000000,NA,NA,NA,NA,NA,NA,NA,NA,NA,NA,NA,
459,vector0,NA,NA,NA,NA,NA,NA,NA,NA,NA,NA,NA,1.596970,2635,1,64,65,0,65,0,1.538462,100.000000,67.179489,
459,vector1,NA,NA,NA,NA,NA,NA,NA,NA,NA,NA,NA,1.666667,2750,1,64,65,0,65,0,1.538462,100.000000,67.179489,
460,cube0,0.346061,571,1,0,1,0,0,0,100.000000,100.000000,100.000000,NA,NA,NA,NA,NA,NA,NA,NA,NA,NA,NA,
460,vector0,NA,NA,NA,NA,NA,NA,NA,NA,NA,NA,NA,1.501818,2478,1,64,1,64,1,64,1.538462,1.538462,1.538462,
460,vector1,NA,NA,NA,NA,NA,NA,NA,NA,NA,NA,NA,1.581212,2609,1,64,33,32,27,38,1.538462,46.153847,31.282051,
461,cube0,0.292121,482,1,0,0,0,1,0,100.000000,100.000000,100.000000,NA,NA,NA,NA,NA,NA,NA,NA,NA,NA,NA,
461,vector0,NA,NA,NA,NA,NA,NA,NA,NA,NA,NA,NA,1.571515,2593,65,0,65,0,65,0,100.000000,100.000000,100.000000,
461,vector1,NA,NA,NA,NA,NA,NA,NA,NA,NA,NA,NA,1.753939,2894,65,0,36,29,36,29,100.000000,55.384617,70.256409,
462,cube0,0.347879,574,1,0,1,0,0,0,100.000000,100.000000,100.000000,NA,NA,NA,NA,NA,NA,NA,NA,NA,NA,NA,
462,vector0,NA,NA,NA,NA,NA,NA,NA,NA,NA,NA,NA,1.593939,2630,1,64,1,64,1,64,1.538462,1.538462,1.538462,
462,vector1,NA,NA,NA,NA,NA,NA,NA,NA,NA,NA,NA,1.530909,2526,1,64,1,64,1,64,1.538462,1.538462,1.538462,
463,cube0,0.292727,483,1,0,1,0,0,0,100.000000,100.000000,100.000000,NA,NA,NA,NA,NA,NA,NA,NA,NA,NA,NA,
463,vector0,NA,NA,NA,NA,NA,NA,NA,NA,NA,NA,NA,1.798182,2967,65,0,65,0,65,0,100.000000,100.000000,100.000000,
463,vector1,NA,NA,NA,NA,NA,NA,NA,NA,NA,NA,NA,1.631515,2692,65,0,65,0,65,0,100.000000,100.000000,100.000000,
464,cube0,0.365455,603,1,0,0,0,1,0,100.000000,100.000000,100.000000,NA,NA,NA,NA,NA,NA,NA,NA,NA,NA,NA,
464,vector0,NA,NA,NA,NA,NA,NA,NA,NA,NA,NA,NA,1.895758,3128,1,64,1,64,1,64,1.538462,1.538462,1.538462,
464,vector1,NA,NA,NA,NA,NA,NA,NA,NA,NA,NA,NA,1.486667,2453,7,58,1,65,1,63,10.769231,1.538462,4.615385,
465,cube0,0.321818,531,1,0,1,0,0,0,100.000000,100.000000,100.000000,NA,NA,NA,NA,NA,NA,NA,NA,NA,NA,NA,
465,vector0,NA,NA,NA,NA,NA,NA,NA,NA,NA,NA,NA,1.701212,2807,65,0,64,0,66,0,100.000000,100.000000,100.000000,
465,vector1,NA,NA,NA,NA,NA,NA,NA,NA,NA,NA,NA,1.680606,2773,59,6,65,0,65,0,90.769234,100.000000,96.923080,
466,cube0,0.315758,521,1,0,1,0,0,0,100.000000,100.000000,100.000000,NA,NA,NA,NA,NA,NA,NA,NA,NA,NA,NA,
466,vector0,NA,NA,NA,NA,NA,NA,NA,NA,NA,NA,NA,1.396364,2304,1,64,1,64,1,64,1.538462,1.538462,1.538462,
466,vector1,NA,NA,NA,NA,NA,NA,NA,NA,NA,NA,NA,1.516970,2503,1,64,1,62,1,66,1.538462,1.538462,1.538462,
467,cube0,0.340606,562,1,0,1,0,0,0,100.000000,100.000000,100.000000,NA,NA,NA,NA,NA,NA,NA,NA,NA,NA,NA,
467,vector0,NA,NA,NA,NA,NA,NA,NA,NA,NA,NA,NA,1.452727,2397,65,0,67,0,63,0,100.000000,100.000000,100.000000,
467,vector1,NA,NA,NA,NA,NA,NA,NA,NA,NA,NA,NA,1.779394,2936,65,0,65,0,65,0,100.000000,100.000000,100.000000,
468,cube0,0.318182,525,1,0,0,0,1,0,100.000000,100.000000,100.000000,NA,NA,NA,NA,NA,NA,NA,NA,NA,NA,NA,
468,vector0,NA,NA,NA,NA,NA,NA,NA,NA,NA,NA,NA,1.538788,2539,1,64,2,63,2,63,1.538462,3.076923,2.564103,
468,vector1,NA,NA,NA,NA,NA,NA,NA,NA,NA,NA,NA,1.455152,2401,53,12,1,64,1,64,81.538460,1.538462,28.205128,
469,cube0,0.353333,583,1,0,0,0,1,0,100.000000,100.000000,100.000000,NA,NA,NA,NA,NA,NA,NA,NA,NA,NA,NA,
469,vector0,NA,NA,NA,NA,NA,NA,NA,NA,NA,NA,NA,1.676364,2766,65,0,65,0,63,2,100.000000,98.461540,98.974358,
469,vector1,NA,NA,NA,NA,NA,NA,NA,NA,NA,NA,NA,1.590909,2625,13,52,65,0,65,0,20.000000,100.000000,73.333336,
470,cube0,0.329697,544,1,0,1,0,0,0,100.000000,100.000000,100.000000,NA,NA,NA,NA,NA,NA,NA,NA,NA,NA,NA,
470,vector0,NA,NA,NA,NA,NA,NA,NA,NA,NA,NA,NA,1.524848,2516,1,64,1,64,1,64,1.538462,1.538462,1.538462,
470,vector1,NA,NA,NA,NA,NA,NA,NA,NA,NA,NA,NA,1.533333,2530,1,64,1,64,1,64,1.538462,1.538462,1.538462,
471,cube0,0.372121,614,1,0,1,0,0,0,100.000000,100.000000,100.000000,NA,NA,NA,NA,NA,NA,NA,NA,NA,NA,NA,
471,vector0,NA,NA,NA,NA,NA,NA,NA,NA,NA,NA,NA,1.599394,2639,65,0,65,0,65,0,100.000000,100.000000,100.000000,
471,vector1,NA,NA,NA,NA,NA,NA,NA,NA,NA,NA,NA,1.582424,2611,65,0,65,0,65,0,100.000000,100.000000,100.000000,
472,cube0,0.305455,504,1,0,1,0,0,0,100.000000,100.000000,100.000000,NA,NA,NA,NA,NA,NA,NA,NA,NA,NA,NA,
472,vector0,NA,NA,NA,NA,NA,NA,NA,NA,NA,NA,NA,1.841818,3039,1,64,1,64,1,64,1.538462,1.538462,1.538462,
472,vector1,NA,NA,NA,NA,NA,NA,NA,NA,NA,NA,NA,1.399394,2309,19,46,1,64,1,64,29.230770,1.538462,10.769231,
473,cube0,0.312121,515,1,0,1,0,0,0,100.000000,100.000000,100.000000,NA,NA,NA,NA,NA,NA,NA,NA,NA,NA,NA,
473,vector0,NA,NA,NA,NA,NA,NA,NA,NA,NA,NA,NA,1.775758,2930,65,0,65,0,65,0,100.000000,100.000000,100.000000,
473,vector1,NA,NA,NA,NA,NA,NA,NA,NA,NA,NA,NA,1.395151,2302,47,18,65,0,65,0,72.307693,100.000000,90.769234,
474,cube0,0.319394,527,1,0,1,0,0,0,100.000000,100.000000,100.000000,NA,NA,NA,NA,NA,NA,NA,NA,NA,NA,NA,
474,vector0,NA,NA,NA,NA,NA,NA,NA,NA,NA,NA,NA,1.552121,2561,1,64,1,64,1,64,1.538462,1.538462,1.538462,
474,vector1,NA,NA,NA,NA,NA,NA,NA,NA,NA,NA,NA,1.525455,2517,1,64,1,64,1,64,1.538462,1.538462,1.538462,
475,cube0,0.351515,580,1,0,0,0,1,0,100.000000,100.000000,100.000000,NA,NA,NA,NA,NA,NA,NA,NA,NA,NA,NA,
475,vector0,NA,NA,NA,NA,NA,NA,NA,NA,NA,NA,NA,1.761818,2907,65,0,65,0,65,0,100.000000,100.000000,100.000000,
475,vector1,NA,NA,NA,NA,NA,NA,NA,NA,NA,NA,NA,1.609697,2656,65,0,65,0,65,0,100.000000,100.000000,100.000000,
476,cube0,0.347273,573,1,0,1,0,0,0,100.000000,100.000000,100.000000,NA,NA,NA,NA,NA,NA,NA,NA,NA,NA,NA,
476,vector0,NA,NA,NA,NA,NA,NA,NA,NA,NA,NA,NA,1.541212,2543,1,64,0,64,2,64,1.538462,1.538462,1.538462,
476,vector1,NA,NA,NA,NA,NA,NA,NA,NA,NA,NA,NA,1.472121,2429,14,51,65,0,65,0,21.538462,100.000000,73.846153,
477,cube0,0.307273,507,1,0,0,0,1,0,100.000000,100.000000,100.000000,NA,NA,NA,NA,NA,NA,NA,NA,NA,NA,NA,
477,vector0,NA,NA,NA,NA,NA,NA,NA,NA,NA,NA,NA,1.726061,2848,65,0,66,0,64,0,100.000000,100.000000,100.000000,
477,vector1,NA,NA,NA,NA,NA,NA,NA,NA,NA,NA,NA,1.487273,2454,52,13,1,64,1,64,80.000000,1.538462,27.692308,
478,cube0,0.365455,603,1,0,1,0,0,0,100.000000,100.000000,100.000000,NA,NA,NA,NA,NA,NA,NA,NA,NA,NA,NA,
478,vector0,NA,NA,NA,NA,NA,NA,NA,NA,NA,NA,NA,1.606061,2650,65,0,1,64,1,64,100.000000,1.538462,34.358974,
478,vector1,NA,NA,NA,NA,NA,NA,NA,NA,NA,NA,NA,1.806061,2980,65,0,1,63,1,65,100.000000,1.538462,34.358974,
479,cube0,0.350303,578,1,0,0,0,1,0,100.000000,100.000000,100.000000,NA,NA,NA,NA,NA,NA,NA,NA,NA,NA,NA,
479,vector0,NA,NA,NA,NA,NA,NA,NA,NA,NA,NA,NA,1.613939,2663,1,64,65,0,65,0,1.538462,100.000000,67.179489,
479,vector1,NA,NA,NA,NA,NA,NA,NA,NA,NA,NA,NA,1.666667,2750,1,64,65,0,65,0,1.538462,100.000000,67.179489,
480,cube0,0.350303,578,1,0,1,0,0,0,100.000000,100.000000,100.000000,NA,NA,NA,NA,NA,NA,NA,NA,NA,NA,NA,
480,vector0,NA,NA,NA,NA,NA,NA,NA,NA,NA,NA,NA,1.488485,2456,1,64,1,64,1,64,1.538462,1.538462,1.538462,
480,vector1,NA,NA,NA,NA,NA,NA,NA,NA,NA,NA,NA,1.636364,2700,1,64,15,48,19,48,1.538462,26.153847,17.948717,
481,cube0,0.287879,475,1,0,1,0,0,0,100.000000,100.000000,100.000000,NA,NA,NA,NA,NA,NA,NA,NA,NA,NA,NA,
481,vector0,NA,NA,NA,NA,NA,NA,NA,NA,NA,NA,NA,1.657576,2735,65,0,67,0,63,0,100.000000,100.000000,100.000000,
481,vector1,NA,NA,NA,NA,NA,NA,NA,NA,NA,NA,NA,1.378182,2274,65,0,48,17,50,15,100.000000,75.384613,83.589745,
482,cube0,0.347879,574,1,0,0,0,1,0,100.000000,100.000000,100.000000,NA,NA,NA,NA,NA,NA,NA,NA,NA,NA,NA,
482,vector0,NA,NA,NA,NA,NA,NA,NA,NA,NA,NA,NA,1.479394,2441,1,64,1,64,1,64,1.538462,1.538462,1.538462,
482,vector1,NA,NA,NA,NA,NA,NA,NA,NA,NA,NA,NA,1.592121,2627,1,64,1,64,1,64,1.538462,1.538462,1.538462,
483,cube0,0.293939,485,1,0,0,0,1,0,100.000000,100.000000,100.000000,NA,NA,NA,NA,NA,NA,NA,NA,NA,NA,NA,
483,vector0,NA,NA,NA,NA,NA,NA,NA,NA,NA,NA,NA,1.553333,2563,65,0,65,0,65,0,100.000000,100.000000,100.000000,
483,vector1,NA,NA,NA,NA,NA,NA,NA,NA,NA,NA,NA,1.744848,2879,65,0,65,0,65,0,100.000000,100.000000,100.000000,
484,cube0,0.365455,603,1,0,1,0,0,0,100.000000,100.000000,100.000000,NA,NA,NA,NA,NA,NA,NA,NA,NA,NA,NA,
484,vector0,NA,NA,NA,NA,NA,NA,NA,NA,NA,NA,NA,1.509091,2490,1,64,1,64,1,64,1.538462,1.538462,1.538462,
484,vector1,NA,NA,NA,NA,NA,NA,NA,NA,NA,NA,NA,1.466061,2419,1,64,1,66,1,62,1.538462,1.538462,1.538462,
485,cube0,0.323030,533,1,0,0,0,1,0,100.000000,100.000000,100.000000,NA,NA,NA,NA,NA,NA,NA,NA,NA,NA,NA,
485,vector0,NA,NA,NA,NA,NA,NA,NA,NA,NA,NA,NA,1.562424,2578,65,0,63,0,67,0,100.000000,100.000000,100.000000,
485,vector1,NA,NA,NA,NA,NA,NA,NA,NA,NA,NA,NA,1.618182,2670,65,0,65,0,65,0,100.000000,100.000000,100.000000,
486,cube0,0.310303,512,1,0,0,0,1,0,100.000000,100.000000,100.000000,NA,NA,NA,NA,NA,NA,NA,NA,NA,NA,NA,
486,vector0,NA,NA,NA,NA,NA,NA,NA,NA,NA,NA,NA,1.493333,2464,1,64,1,64,1,64,1.538462,1.538462,1.538462,
486,vector1,NA,NA,NA,NA,NA,NA,NA,NA,NA,NA,NA,1.529697,2524,1,64,1,63,1,65,1.538462,1.538462,1.538462,
487,cube0,0.340606,562,1,0,0,0,1,0,100.000000,100.000000,100.000000,NA,NA,NA,NA,NA,NA,NA,NA,NA,NA,NA,
487,vector0,NA,NA,NA,NA,NA,NA,NA,NA,NA,NA,NA,1.650303,2723,65,0,66,0,64,0,100.000000,100.000000,100.000000,
487,vector1,NA,NA,NA,NA,NA,NA,NA,NA,NA,NA,NA,1.776364,2931,65,0,65,0,65,0,100.000000,100.000000,100.000000,
488,cube0,0.315758,521,1,0,1,0,0,0,100.000000,100.000000,100.000000,NA,NA,NA,NA,NA,NA,NA,NA,NA,NA,NA,
488,vector0,NA,NA,NA,NA,NA,NA,NA,NA,NA,NA,NA,1.520000,2508,1,64,1,64,1,64,1.538462,1.538462,1.538462,
488,vector1,NA,NA,NA,NA,NA,NA,NA,NA,NA,NA,NA,1.501212,2477,1,64,1,64,1,64,1.538462,1.538462,1.538462,
489,cube0,0.355152,586,1,0,1,0,0,0,100.000000,100.000000,100.000000,NA,NA,NA,NA,NA,NA,NA,NA,NA,NA,NA,
489,vector0,NA,NA,NA,NA,NA,NA,NA,NA,NA,NA,NA,1.676364,2766,65,0,64,0,66,0,100.000000,100.000000,100.000000,
489,vector1,NA,NA,NA,NA,NA,NA,NA,NA,NA,NA,NA,1.573333,2596,65,0,66,0,64,0,100.000000,100.000000,100.000000,
490,cube0,0.332727,549,1,0,0,0,1,0,100.000000,100.000000,100.000000,NA,NA,NA,NA,NA,NA,NA,NA,NA,NA,NA,
490,vector0,NA,NA,NA,NA,NA,NA,NA,NA,NA,NA,NA,1.410303,2327,1,64,1,64,1,64,1.538462,1.538462,1.538462,
490,vector1,NA,NA,NA,NA,NA,NA,NA,NA,NA,NA,NA,1.552121,2561,1,64,1,64,1,64,1.538462,1.538462,1.538462,
491,cube0,0.375758,620,1,0,0,0,1,0,100.000000,100.000000,100.000000,NA,NA,NA,NA,NA,NA,NA,NA,NA,NA,NA,
491,vector0,NA,NA,NA,NA,NA,NA,NA,NA,NA,NA,NA,1.487879,2455,65,0,65,0,65,0,100.000000,100.000000,100.000000,
491,vector1,NA,NA,NA,NA,NA,NA,NA,NA,NA,NA,NA,1.751515,2890,65,0,65,0,65,0,100.000000,100.000000,100.000000,
492,cube0,0.306061,505,1,0,0,0,1,0,100.000000,100.000000,100.000000,NA,NA,NA,NA,NA,NA,NA,NA,NA,NA,NA,
492,vector0,NA,NA,NA,NA,NA,NA,NA,NA,NA,NA,NA,1.563030,2579,1,64,1,64,1,64,1.538462,1.538462,1.538462,
492,vector1,NA,NA,NA,NA,NA,NA,NA,NA,NA,NA,NA,1.524242,2515,1,64,1,64,1,64,1.538462,1.538462,1.538462,
493,cube0,0.310303,512,1,0,0,0,1,0,100.000000,100.000000,100.000000,NA,NA,NA,NA,NA,NA,NA,NA,NA,NA,NA,
493,vector0,NA,NA,NA,NA,NA,NA,NA,NA,NA,NA,NA,1.787273,2949,65,0,65,0,65,0,100.000000,100.000000,100.000000,
493,vector1,NA,NA,NA,NA,NA,NA,NA,NA,NA,NA,NA,1.680606,2773,65,0,65,0,65,0,100.000000,100.000000,100.000000,
494,cube0,0.320000,528,1,0,0,0,1,0,100.000000,100.000000,100.000000,NA,NA,NA,NA,NA,NA,NA,NA,NA,NA,NA,
494,vector0,NA,NA,NA,NA,NA,NA,NA,NA,NA,NA,NA,1.520000,2508,1,64,1,64,1,64,1.538462,1.538462,1.538462,
494,vector1,NA,NA,NA,NA,NA,NA,NA,NA,NA,NA,NA,1.559394,2573,1,64,1,64,1,64,1.538462,1.538462,1.538462,
495,cube0,0.350909,579,1,0,0,0,1,0,100.000000,100.000000,100.000000,NA,NA,NA,NA,NA,NA,NA,NA,NA,NA,NA,
495,vector0,NA,NA,NA,NA,NA,NA,NA,NA,NA,NA,NA,1.800000,2970,65,0,65,0,65,0,100.000000,100.000000,100.000000,
495,vector1,NA,NA,NA,NA,NA,NA,NA,NA,NA,NA,NA,1.831515,3022,65,0,66,0,64,0,100.000000,100.000000,100.000000,
496,cube0,0.344242,568,1,0,1,0,0,0,100.000000,100.000000,100.000000,NA,NA,NA,NA,NA,NA,NA,NA,NA,NA,NA,
496,vector0,NA,NA,NA,NA,NA,NA,NA,NA,NA,NA,NA,1.440000,2376,1,64,1,64,1,64,1.538462,1.538462,1.538462,
496,vector1,NA,NA,NA,NA,NA,NA,NA,NA,NA,NA,NA,1.540606,2542,1,64,64,1,64,1,1.538462,98.461540,66.153847,
497,cube0,0.308485,509,1,0,1,0,0,0,100.000000,100.000000,100.000000,NA,NA,NA,NA,NA,NA,NA,NA,NA,NA,NA,
497,vector0,NA,NA,NA,NA,NA,NA,NA,NA,NA,NA,NA,1.481818,2445,65,0,64,0,66,0,100.000000,100.000000,100.000000,
497,vector1,NA,NA,NA,NA,NA,NA,NA,NA,NA,NA,NA,1.656364,2733,65,0,3,62,1,64,100.000000,3.076923,35.384617,
498,cube0,0.365455,603,1,0,0,0,1,0,100.000000,100.000000,100.000000,NA,NA,NA,NA,NA,NA,NA,NA,NA,NA,NA,
498,vector0,NA,NA,NA,NA,NA,NA,NA,NA,NA,NA,NA,1.536970,2536,1,64,1,64,1,64,1.538462,1.538462,1.538462,
498,vector1,NA,NA,NA,NA,NA,NA,NA,NA,NA,NA,NA,1.480606,2443,1,64,1,64,1,64,1.538462,1.538462,1.538462,
499,cube0,0.349091,576,1,0,1,0,0,0,100.000000,100.000000,100.000000,NA,NA,NA,NA,NA,NA,NA,NA,NA,NA,NA,
499,vector0,NA,NA,NA,NA,NA,NA,NA,NA,NA,NA,NA,1.618182,2670,65,0,65,0,65,0,100.000000,100.000000,100.000000,
499,vector1,NA,NA,NA,NA,NA,NA,NA,NA,NA,NA,NA,1.430909,2361,65,0,65,0,65,0,100.000000,100.000000,100.000000,
500,cube0,0.347273,573,1,0,1,0,0,0,100.000000,100.000000,100.000000,NA,NA,NA,NA,NA,NA,NA,NA,NA,NA,NA,
500,vector0,NA,NA,NA,NA,NA,NA,NA,NA,NA,NA,NA,1.531515,2527,1,64,1,64,1,64,1.538462,1.538462,1.538462,
500,vector1,NA,NA,NA,NA,NA,NA,NA,NA,NA,NA,NA,1.854545,3060,1,64,1,62,1,66,1.538462,1.538462,1.538462,
501,cube0,0.289091,477,1,0,0,0,1,0,100.000000,100.000000,100.000000,NA,NA,NA,NA,NA,NA,NA,NA,NA,NA,NA,
501,vector0,NA,NA,NA,NA,NA,NA,NA,NA,NA,NA,NA,1.780000,2937,65,0,67,0,63,0,100.000000,100.000000,100.000000,
501,vector1,NA,NA,NA,NA,NA,NA,NA,NA,NA,NA,NA,1.545455,2550,65,0,65,0,65,0,100.000000,100.000000,100.000000,
502,cube0,0.346667,572,1,0,1,0,0,0,100.000000,100.000000,100.000000,NA,NA,NA,NA,NA,NA,NA,NA,NA,NA,NA,
502,vector0,NA,NA,NA,NA,NA,NA,NA,NA,NA,NA,NA,1.370303,2261,1,64,1,64,1,64,1.538462,1.538462,1.538462,
502,vector1,NA,NA,NA,NA,NA,NA,NA,NA,NA,NA,NA,1.475152,2434,1,64,1,64,1,64,1.538462,1.538462,1.538462,
503,cube0,0.293939,485,1,0,1,0,0,0,100.000000,100.000000,100.000000,NA,NA,NA,NA,NA,NA,NA,NA,NA,NA,NA,
503,vector0,NA,NA,NA,NA,NA,NA,NA,NA,NA,NA,NA,1.534545,2532,65,0,65,0,65,0,100.000000,100.000000,100.000000,
503,vector1,NA,NA,NA,NA,NA,NA,NA,NA,NA,NA,NA,1.552121,2561,65,0,65,0,65,0,100.000000,100.000000,100.000000,
504,cube0,0.366061,604,1,0,0,0,1,0,100.000000,100.000000,100.000000,NA,NA,NA,NA,NA,NA,NA,NA,NA,NA,NA,
504,vector0,NA,NA,NA,NA,NA,NA,NA,NA,NA,NA,NA,1.670909,2757,1,64,1,64,1,64,1.538462,1.538462,1.538462,
504,vector1,NA,NA,NA,NA,NA,NA,NA,NA,NA,NA,NA,1.558788,2572,1,64,1,64,1,64,1.538462,1.538462,1.538462,
505,cube0,0.323030,533,1,0,1,0,0,0,100.000000,100.000000,100.000000,NA,NA,NA,NA,NA,NA,NA,NA,NA,NA,NA,
505,vector0,NA,NA,NA,NA,NA,NA,NA,NA,NA,NA,NA,1.589697,2623,65,0,65,0,65,0,100.000000,100.000000,100.000000,
505,vector1,NA,NA,NA,NA,NA,NA,NA,NA,NA,NA,NA,1.601212,2642,65,0,65,0,65,0,100.000000,100.000000,100.000000,
506,cube0,0.319394,527,1,0,1,0,0,0,100.000000,100.000000,100.000000,NA,NA,NA,NA,NA,NA,NA,NA,NA,NA,NA,
506,vector0,NA,NA,NA,NA,NA,NA,NA,NA,NA,NA,NA,1.427879,2356,1,64,1,64,1,64,1.538462,1.538462,1.538462,
506,vector1,NA,NA,NA,NA,NA,NA,NA,NA,NA,NA,NA,1.490909,2460,1,64,1,66,1,62,1.538462,1.538462,1.538462,
507,cube0,0.341212,563,1,0,1,0,0,0,100.000000,100.000000,100.000000,NA,NA,NA,NA,NA,NA,NA,NA,NA,NA,NA,
507,vector0,NA,NA,NA,NA,NA,NA,NA,NA,NA,NA,NA,1.518182,2505,65,0,63,0,67,0,100.000000,100.000000,100.000000,
507,vector1,NA,NA,NA,NA,NA,NA,NA,NA,NA,NA,NA,1.711515,2824,65,0,65,0,65,0,100.000000,100.000000,100.000000,
508,cube0,0.312727,516,1,0,0,0,1,0,100.000000,100.000000,100.000000,NA,NA,NA,NA,NA,NA,NA,NA,NA,NA,NA,
508,vector0,NA,NA,NA,NA,NA,NA,NA,NA,NA,NA,NA,1.553333,2563,1,64,1,64,1,64,1.538462,1.538462,1.538462,
508,vector1,NA,NA,NA,NA,NA,NA,NA,NA,NA,NA,NA,1.594545,2631,1,64,1,64,1,64,1.538462,1.538462,1.538462,
509,cube0,0.352121,581,1,0,0,0,1,0,100.000000,100.000000,100.000000,NA,NA,NA,NA,NA,NA,NA,NA,NA,NA,NA,
509,vector0,NA,NA,NA,NA,NA,NA,NA,NA,NA,NA,NA,1.701818,2808,65,0,65,0,65,0,100.000000,100.000000,100.000000,
509,vector1,NA,NA,NA,NA,NA,NA,NA,NA,NA,NA,NA,1.666667,2750,65,0,65,0,65,0,100.000000,100.000000,100.000000,
510,cube0,0.333333,550,1,0,1,0,0,0,100.000000,100.000000,100.000000,NA,NA,NA,NA,NA,NA,NA,NA,NA,NA,NA,
510,vector0,NA,NA,NA,NA,NA,NA,NA,NA,NA,NA,NA,1.513333,2497,1,64,1,64,1,64,1.538462,1.538462,1.538462,
510,vector1,NA,NA,NA,NA,NA,NA,NA,NA,NA,NA,NA,1.850909,3054,1,64,1,64,1,64,1.538462,1.538462,1.538462,
511,cube0,0.371515,613,1,0,1,0,0,0,100.000000,100.000000,100.000000,NA,NA,NA,NA,NA,NA,NA,NA,NA,NA,NA,
511,vector0,NA,NA,NA,NA,NA,NA,NA,NA,NA,NA,NA,1.658182,2736,65,0,65,0,65,0,100.000000,100.000000,100.000000,
511,vector1,NA,NA,NA,NA,NA,NA,NA,NA,NA,NA,NA,1.743636,2877,65,0,65,0,65,0,100.000000,100.000000,100.000000,
