block_id,sub_block_id,aic_time(us),aic_total_cycles,aic_l1_read_bw(GB/s),aic_l1_write_bw(GB/s),aic_main_mem_read_bw(GB/s),aic_main_mem_write_bw(GB/s),aic_mte1_instructions,aic_mte1_ratio,aic_mte2_instructions,aic_mte2_ratio,aic_mte3_instructions,aic_mte3_ratio,aiv_time(us),aiv_total_cycles,aiv_ub_to_gm_bw(GB/s),aiv_gm_to_ub_bw(GB/s),aiv_main_mem_read_bw(GB/s),aiv_main_mem_write_bw(GB/s),aiv_mte2_instructions,aiv_mte2_ratio,aiv_mte3_instructions,aiv_mte3_ratio,read_main_memory_datas(KB),write_main_memory_datas(KB),GM_to_L1_datas(KB),GM_to_L1_bw_usage_rate(%),L1_to_GM_datas(KB)(estimate),L1_to_GM_bw_usage_rate(%)(estimate),L0C_to_L1_datas(KB),L0C_to_L1_bw_usage_rate(%),L0C_to_GM_datas(KB),L0C_to_GM_bw_usage_rate(%),GM_to_UB_datas(KB),GM_to_UB_bw_usage_rate(%),UB_to_GM_datas(KB),UB_to_GM_bw_usage_rate(%),
0,cube0,0.451515,745,0.000000,0.000000,0.001658,0.001658,3,0.000043,2,0.000034,1,0.000017,NA,NA,NA,NA,NA,NA,NA,NA,NA,NA,0.125000,0.125000,0.000000,0.000000,0.500000,0.003325,0.000000,0.000000,0.000000,0.000000,NA,NA,NA,NA,
0,vector0,NA,NA,NA,NA,NA,NA,NA,NA,NA,NA,NA,NA,1.615758,2666,0.212168,0.212168,0.215483,0.213825,2,0.005574,2,0.003303,16.250000,16.125000,NA,NA,NA,NA,NA,NA,NA,NA,16.000000,0.096414,16.000000,0.113580,
0,vector1,NA,NA,NA,NA,NA,NA,NA,NA,NA,NA,NA,NA,1.867879,3082,0.212168,0.212168,0.215483,0.213825,2,0.004447,2,0.003414,16.250000,16.125000,NA,NA,NA,NA,NA,NA,NA,NA,16.000000,0.096414,16.000000,0.113580,
1,cube0,0.386667,638,0.000000,0.000000,0.001658,0.001658,3,0.000043,2,0.000034,1,0.000017,NA,NA,NA,NA,NA,NA,NA,NA,NA,NA,0.125000,0.125000,0.000000,0.000000,0.500000,0.003325,0.000000,0.000000,0.000000,0.000000,NA,NA,NA,NA,
1,vector0,NA,NA,NA,NA,NA,NA,NA,NA,NA,NA,NA,NA,2.412121,3980,0.212168,0.212168,0.215483,0.213825,2,0.002603,2,0.007298,16.250000,16.125000,NA,NA,NA,NA,NA,NA,NA,NA,16.000000,0.096414,16.000000,0.113580,
1,vector1,NA,NA,NA,NA,NA,NA,NA,NA,NA,NA,NA,NA,1.503030,2480,0.212168,0.212168,0.215483,0.213825,2,0.004277,2,0.005173,16.250000,16.125000,NA,NA,NA,NA,NA,NA,NA,NA,16.000000,0.096414,16.000000,0.113580,
2,cube0,0.446667,737,0.000000,0.000000,0.001658,0.001658,3,0.000043,2,0.000034,1,0.000017,NA,NA,NA,NA,NA,NA,NA,NA,NA,NA,0.125000,0.125000,0.000000,0.000000,0.500000,0.003325,0.000000,0.000000,0.000000,0.000000,NA,NA,NA,NA,
2,vector0,NA,NA,NA,NA,NA,NA,NA,NA,NA,NA,NA,NA,2.012121,3320,0.212168,0.212168,0.215483,0.213825,2,0.005950,2,0.003841,16.250000,16.125000,NA,NA,NA,NA,NA,NA,NA,NA,16.000000,0.096414,16.000000,0.113580,
2,vector1,NA,NA,NA,NA,NA,NA,NA,NA,NA,NA,NA,NA,2.740606,4522,0.212168,0.212168,0.215483,0.213825,2,0.002501,2,0.003227,16.250000,16.125000,NA,NA,NA,NA,NA,NA,NA,NA,16.000000,0.096414,16.000000,0.113580,
3,cube0,0.393333,649,0.000000,0.000000,0.001658,0.001658,3,0.000043,2,0.000034,1,0.000017,NA,NA,NA,NA,NA,NA,NA,NA,NA,NA,0.125000,0.125000,0.000000,0.000000,0.500000,0.003325,0.000000,0.000000,0.000000,0.000000,NA,NA,NA,NA,
3,vector0,NA,NA,NA,NA,NA,NA,NA,NA,NA,NA,NA,NA,2.831515,4672,0.212168,0.212168,0.215483,0.213825,2,0.003329,2,0.004908,16.250000,16.125000,NA,NA,NA,NA,NA,NA,NA,NA,16.000000,0.096414,16.000000,0.113580,
3,vector1,NA,NA,NA,NA,NA,NA,NA,NA,NA,NA,NA,NA,1.633333,2695,0.212168,0.212168,0.215483,0.213825,2,0.006240,2,0.006735,16.250000,16.125000,NA,NA,NA,NA,NA,NA,NA,NA,16.000000,0.096414,16.000000,0.113580,
4,cube0,0.464242,766,0.000000,0.000000,0.001658,0.001658,3,0.000043,2,0.000034,1,0.000017,NA,NA,NA,NA,NA,NA,NA,NA,NA,NA,0.125000,0.125000,0.000000,0.000000,0.500000,0.003325,0.000000,0.000000,0.000000,0.000000,NA,NA,NA,NA,
4,vector0,NA,NA,NA,NA,NA,NA,NA,NA,NA,NA,NA,NA,2.764848,4562,0.212168,0.212168,0.215483,0.213825,2,0.018045,2,0.003500,16.250000,16.125000,NA,NA,NA,NA,NA,NA,NA,NA,16.000000,0.096414,16.000000,0.113580,
4,vector1,NA,NA,NA,NA,NA,NA,NA,NA,NA,NA,NA,NA,1.745455,2880,0.212168,0.212168,0.215483,0.213825,2,0.007862,2,0.007264,16.250000,16.125000,NA,NA,NA,NA,NA,NA,NA,NA,16.000000,0.096414,16.000000,0.113580,
5,cube0,0.420606,694,0.000000,0.000000,0.001658,0.001658,3,0.000043,2,0.000034,1,0.000017,NA,NA,NA,NA,NA,NA,NA,NA,NA,NA,0.125000,0.125000,0.000000,0.000000,0.500000,0.003325,0.000000,0.000000,0.000000,0.000000,NA,NA,NA,NA,
5,vector0,NA,NA,NA,NA,NA,NA,NA,NA,NA,NA,NA,NA,2.423636,3999,0.212168,0.212168,0.215483,0.213825,2,0.017012,2,0.004874,16.250000,16.125000,NA,NA,NA,NA,NA,NA,NA,NA,16.000000,0.096414,16.000000,0.113580,
5,vector1,NA,NA,NA,NA,NA,NA,NA,NA,NA,NA,NA,NA,2.003636,3306,0.212168,0.212168,0.215483,0.213825,2,0.008621,2,0.003261,16.250000,16.125000,NA,NA,NA,NA,NA,NA,NA,NA,16.000000,0.096414,16.000000,0.113580,
6,cube0,0.401818,663,0.000000,0.000000,0.001658,0.001658,3,0.000043,2,0.000034,1,0.000017,NA,NA,NA,NA,NA,NA,NA,NA,NA,NA,0.125000,0.125000,0.000000,0.000000,0.500000,0.003325,0.000000,0.000000,0.000000,0.000000,NA,NA,NA,NA,
6,vector0,NA,NA,NA,NA,NA,NA,NA,NA,NA,NA,NA,NA,2.073333,3421,0.212168,0.212168,0.215483,0.213825,2,0.008459,2,0.003295,16.250000,16.125000,NA,NA,NA,NA,NA,NA,NA,NA,16.000000,0.096414,16.000000,0.113580,
6,vector1,NA,NA,NA,NA,NA,NA,NA,NA,NA,NA,NA,NA,2.004242,3307,0.212168,0.212168,0.215483,0.213825,2,0.005087,2,0.003201,16.250000,16.125000,NA,NA,NA,NA,NA,NA,NA,NA,16.000000,0.096414,16.000000,0.113580,
7,cube0,0.445455,735,0.000000,0.000000,0.001658,0.001658,3,0.000043,2,0.000034,1,0.000017,NA,NA,NA,NA,NA,NA,NA,NA,NA,NA,0.125000,0.125000,0.000000,0.000000,0.500000,0.003325,0.000000,0.000000,0.000000,0.000000,NA,NA,NA,NA,
7,vector0,NA,NA,NA,NA,NA,NA,NA,NA,NA,NA,NA,NA,2.083030,3437,0.212168,0.212168,0.215483,0.213825,2,0.006402,2,0.006223,16.250000,16.125000,NA,NA,NA,NA,NA,NA,NA,NA,16.000000,0.096414,16.000000,0.113580,
7,vector1,NA,NA,NA,NA,NA,NA,NA,NA,NA,NA,NA,NA,1.806061,2980,0.212168,0.212168,0.215483,0.213825,2,0.006274,2,0.006641,16.250000,16.125000,NA,NA,NA,NA,NA,NA,NA,NA,16.000000,0.096414,16.000000,0.113580,
8,cube0,0.412121,680,0.000000,0.000000,0.001658,0.001658,3,0.000043,2,0.000034,1,0.000017,NA,NA,NA,NA,NA,NA,NA,NA,NA,NA,0.125000,0.125000,0.000000,0.000000,0.500000,0.003325,0.000000,0.000000,0.000000,0.000000,NA,NA,NA,NA,
8,vector0,NA,NA,NA,NA,NA,NA,NA,NA,NA,NA,NA,NA,2.409091,3975,0.212168,0.212168,0.215483,0.213825,2,0.013205,2,0.009970,16.250000,16.125000,NA,NA,NA,NA,NA,NA,NA,NA,16.000000,0.096414,16.000000,0.113580,
8,vector1,NA,NA,NA,NA,NA,NA,NA,NA,NA,NA,NA,NA,2.404243,3967,0.212168,0.212168,0.215483,0.213825,2,0.013265,2,0.003568,16.250000,16.125000,NA,NA,NA,NA,NA,NA,NA,NA,16.000000,0.096414,16.000000,0.113580,
9,cube0,0.455152,751,0.000000,0.000000,0.001658,0.001658,3,0.000043,2,0.000034,1,0.000017,NA,NA,NA,NA,NA,NA,NA,NA,NA,NA,0.125000,0.125000,0.000000,0.000000,0.500000,0.003325,0.000000,0.000000,0.000000,0.000000,NA,NA,NA,NA,
9,vector0,NA,NA,NA,NA,NA,NA,NA,NA,NA,NA,NA,NA,2.097576,3461,0.212168,0.212168,0.215483,0.213825,2,0.010354,2,0.004567,16.250000,16.125000,NA,NA,NA,NA,NA,NA,NA,NA,16.000000,0.096414,16.000000,0.113580,
9,vector1,NA,NA,NA,NA,NA,NA,NA,NA,NA,NA,NA,NA,2.483636,4098,0.212168,0.212168,0.215483,0.213825,2,0.011848,2,0.006752,16.250000,16.125000,NA,NA,NA,NA,NA,NA,NA,NA,16.000000,0.096414,16.000000,0.113580,
10,cube0,0.517576,854,0.000000,0.000000,0.001658,0.001658,3,0.000043,2,0.000034,1,0.000017,NA,NA,NA,NA,NA,NA,NA,NA,NA,NA,0.125000,0.125000,0.000000,0.000000,0.500000,0.003325,0.000000,0.000000,0.000000,0.000000,NA,NA,NA,NA,
10,vector0,NA,NA,NA,NA,NA,NA,NA,NA,NA,NA,NA,NA,1.930909,3186,0.212168,0.212168,0.215483,0.213825,2,0.005941,2,0.003312,16.250000,16.125000,NA,NA,NA,NA,NA,NA,NA,NA,16.000000,0.096414,16.000000,0.113580,
10,vector1,NA,NA,NA,NA,NA,NA,NA,NA,NA,NA,NA,NA,1.864242,3076,0.212168,0.212168,0.215483,0.213825,2,0.006394,2,0.007025,16.250000,16.125000,NA,NA,NA,NA,NA,NA,NA,NA,16.000000,0.096414,16.000000,0.113580,
11,cube0,0.478788,790,0.000000,0.000000,0.001658,0.001658,3,0.000043,2,0.000034,1,0.000017,NA,NA,NA,NA,NA,NA,NA,NA,NA,NA,0.125000,0.125000,0.000000,0.000000,0.500000,0.003325,0.000000,0.000000,0.000000,0.000000,NA,NA,NA,NA,
11,vector0,NA,NA,NA,NA,NA,NA,NA,NA,NA,NA,NA,NA,2.234545,3687,0.212168,0.212168,0.215483,0.213825,2,0.005420,2,0.006564,16.250000,16.125000,NA,NA,NA,NA,NA,NA,NA,NA,16.000000,0.096414,16.000000,0.113580,
11,vector1,NA,NA,NA,NA,NA,NA,NA,NA,NA,NA,NA,NA,2.003636,3306,0.212168,0.212168,0.215483,0.213825,2,0.005625,2,0.006504,16.250000,16.125000,NA,NA,NA,NA,NA,NA,NA,NA,16.000000,0.096414,16.000000,0.113580,
12,cube0,0.420606,694,0.000000,0.000000,0.001658,0.001658,3,0.000043,2,0.000034,1,0.000017,NA,NA,NA,NA,NA,NA,NA,NA,NA,NA,0.125000,0.125000,0.000000,0.000000,0.500000,0.003325,0.000000,0.000000,0.000000,0.000000,NA,NA,NA,NA,
12,vector0,NA,NA,NA,NA,NA,NA,NA,NA,NA,NA,NA,NA,2.223636,3669,0.212168,0.212168,0.215483,0.213825,2,0.008306,2,0.007862,16.250000,16.125000,NA,NA,NA,NA,NA,NA,NA,NA,16.000000,0.096414,16.000000,0.113580,
12,vector1,NA,NA,NA,NA,NA,NA,NA,NA,NA,NA,NA,NA,2.386667,3938,0.212168,0.212168,0.215483,0.213825,2,0.007623,2,0.005386,16.250000,16.125000,NA,NA,NA,NA,NA,NA,NA,NA,16.000000,0.096414,16.000000,0.113580,
13,cube0,0.414545,684,0.000000,0.000000,0.001658,0.001658,3,0.000043,2,0.000034,1,0.000017,NA,NA,NA,NA,NA,NA,NA,NA,NA,NA,0.125000,0.125000,0.000000,0.000000,0.500000,0.003325,0.000000,0.000000,0.000000,0.000000,NA,NA,NA,NA,
13,vector0,NA,NA,NA,NA,NA,NA,NA,NA,NA,NA,NA,NA,2.488485,4106,0.212168,0.212168,0.215483,0.213825,2,0.007768,2,0.005147,16.250000,16.125000,NA,NA,NA,NA,NA,NA,NA,NA,16.000000,0.096414,16.000000,0.113580,
13,vector1,NA,NA,NA,NA,NA,NA,NA,NA,NA,NA,NA,NA,2.122424,3502,0.212168,0.212168,0.215483,0.213825,2,0.009876,2,0.008852,16.250000,16.125000,NA,NA,NA,NA,NA,NA,NA,NA,16.000000,0.096414,16.000000,0.113580,
14,cube0,0.420606,694,0.000000,0.000000,0.001658,0.001658,3,0.000043,2,0.000034,1,0.000017,NA,NA,NA,NA,NA,NA,NA,NA,NA,NA,0.125000,0.125000,0.000000,0.000000,0.500000,0.003325,0.000000,0.000000,0.000000,0.000000,NA,NA,NA,NA,
14,vector0,NA,NA,NA,NA,NA,NA,NA,NA,NA,NA,NA,NA,2.414546,3984,0.212168,0.212168,0.215483,0.213825,2,0.006214,2,0.003099,16.250000,16.125000,NA,NA,NA,NA,NA,NA,NA,NA,16.000000,0.096414,16.000000,0.113580,
14,vector1,NA,NA,NA,NA,NA,NA,NA,NA,NA,NA,NA,NA,1.947273,3213,0.212168,0.212168,0.215483,0.213825,2,0.006479,2,0.003227,16.250000,16.125000,NA,NA,NA,NA,NA,NA,NA,NA,16.000000,0.096414,16.000000,0.113580,
15,cube0,0.455758,752,0.000000,0.000000,0.001658,0.001658,3,0.000043,2,0.000034,1,0.000017,NA,NA,NA,NA,NA,NA,NA,NA,NA,NA,0.125000,0.125000,0.000000,0.000000,0.500000,0.003325,0.000000,0.000000,0.000000,0.000000,NA,NA,NA,NA,
15,vector0,NA,NA,NA,NA,NA,NA,NA,NA,NA,NA,NA,NA,2.086061,3442,0.212168,0.212168,0.215483,0.213825,2,0.006752,2,0.005361,16.250000,16.125000,NA,NA,NA,NA,NA,NA,NA,NA,16.000000,0.096414,16.000000,0.113580,
15,vector1,NA,NA,NA,NA,NA,NA,NA,NA,NA,NA,NA,NA,2.261818,3732,0.212168,0.212168,0.215483,0.213825,2,0.002475,2,0.006317,16.250000,16.125000,NA,NA,NA,NA,NA,NA,NA,NA,16.000000,0.096414,16.000000,0.113580,
16,cube0,0.438182,723,0.000000,0.000000,0.001658,0.001658,3,0.000043,2,0.000034,1,0.000017,NA,NA,NA,NA,NA,NA,NA,NA,NA,NA,0.125000,0.125000,0.000000,0.000000,0.500000,0.003325,0.000000,0.000000,0.000000,0.000000,NA,NA,NA,NA,
16,vector0,NA,NA,NA,NA,NA,NA,NA,NA,NA,NA,NA,NA,2.323030,3833,0.212168,0.212168,0.215483,0.213825,2,0.006462,2,0.003321,16.250000,16.125000,NA,NA,NA,NA,NA,NA,NA,NA,16.000000,0.096414,16.000000,0.113580,
16,vector1,NA,NA,NA,NA,NA,NA,NA,NA,NA,NA,NA,NA,2.490303,4109,0.212168,0.212168,0.215483,0.213825,2,0.006112,2,0.003483,16.250000,16.125000,NA,NA,NA,NA,NA,NA,NA,NA,16.000000,0.096414,16.000000,0.113580,
17,cube0,0.410909,678,0.000000,0.000000,0.001658,0.001658,3,0.000043,2,0.000034,1,0.000017,NA,NA,NA,NA,NA,NA,NA,NA,NA,NA,0.125000,0.125000,0.000000,0.000000,0.500000,0.003325,0.000000,0.000000,0.000000,0.000000,NA,NA,NA,NA,
17,vector0,NA,NA,NA,NA,NA,NA,NA,NA,NA,NA,NA,NA,2.608485,4304,0.212168,0.212168,0.215483,0.213825,2,0.005523,2,0.007665,16.250000,16.125000,NA,NA,NA,NA,NA,NA,NA,NA,16.000000,0.096414,16.000000,0.113580,
17,vector1,NA,NA,NA,NA,NA,NA,NA,NA,NA,NA,NA,NA,2.218182,3660,0.212168,0.212168,0.215483,0.213825,2,0.006786,2,0.007648,16.250000,16.125000,NA,NA,NA,NA,NA,NA,NA,NA,16.000000,0.096414,16.000000,0.113580,
18,cube0,0.460606,760,0.000000,0.000000,0.001658,0.001658,3,0.000043,2,0.000034,1,0.000017,NA,NA,NA,NA,NA,NA,NA,NA,NA,NA,0.125000,0.125000,0.000000,0.000000,0.500000,0.003325,0.000000,0.000000,0.000000,0.000000,NA,NA,NA,NA,
18,vector0,NA,NA,NA,NA,NA,NA,NA,NA,NA,NA,NA,NA,2.438182,4023,0.212168,0.212168,0.215483,0.213825,2,0.006223,2,0.003321,16.250000,16.125000,NA,NA,NA,NA,NA,NA,NA,NA,16.000000,0.096414,16.000000,0.113580,
18,vector1,NA,NA,NA,NA,NA,NA,NA,NA,NA,NA,NA,NA,2.154546,3555,0.212168,0.212168,0.215483,0.213825,2,0.004038,2,0.003252,16.250000,16.125000,NA,NA,NA,NA,NA,NA,NA,NA,16.000000,0.096414,16.000000,0.113580,
19,cube0,0.461212,761,0.000000,0.000000,0.001658,0.001658,3,0.000043,2,0.000034,1,0.000017,NA,NA,NA,NA,NA,NA,NA,NA,NA,NA,0.125000,0.125000,0.000000,0.000000,0.500000,0.003325,0.000000,0.000000,0.000000,0.000000,NA,NA,NA,NA,
19,vector0,NA,NA,NA,NA,NA,NA,NA,NA,NA,NA,NA,NA,2.635758,4349,0.212168,0.212168,0.215483,0.213825,2,0.005617,2,0.006564,16.250000,16.125000,NA,NA,NA,NA,NA,NA,NA,NA,16.000000,0.096414,16.000000,0.113580,
19,vector1,NA,NA,NA,NA,NA,NA,NA,NA,NA,NA,NA,NA,2.269697,3745,0.212168,0.212168,0.215483,0.213825,2,0.002475,2,0.005446,16.250000,16.125000,NA,NA,NA,NA,NA,NA,NA,NA,16.000000,0.096414,16.000000,0.113580,
20,cube0,0.352121,581,0.000000,0.000000,0.001658,0.001658,3,0.000043,2,0.000034,1,0.000017,NA,NA,NA,NA,NA,NA,NA,NA,NA,NA,0.125000,0.125000,0.000000,0.000000,0.500000,0.003325,0.000000,0.000000,0.000000,0.000000,NA,NA,NA,NA,
20,vector0,NA,NA,NA,NA,NA,NA,NA,NA,NA,NA,NA,NA,1.527273,2520,0.212168,0.212168,0.215483,0.213825,2,0.005898,2,0.003372,16.250000,16.125000,NA,NA,NA,NA,NA,NA,NA,NA,16.000000,0.096414,16.000000,0.113580,
20,vector1,NA,NA,NA,NA,NA,NA,NA,NA,NA,NA,NA,NA,1.509697,2491,0.212168,0.212168,0.215483,0.213825,2,0.006103,2,0.003414,16.250000,16.125000,NA,NA,NA,NA,NA,NA,NA,NA,16.000000,0.096414,16.000000,0.113580,
21,cube0,0.289697,478,0.000000,0.000000,0.001658,0.001658,3,0.000043,2,0.000034,1,0.000017,NA,NA,NA,NA,NA,NA,NA,NA,NA,NA,0.125000,0.125000,0.000000,0.000000,0.500000,0.003325,0.000000,0.000000,0.000000,0.000000,NA,NA,NA,NA,
21,vector0,NA,NA,NA,NA,NA,NA,NA,NA,NA,NA,NA,NA,1.467879,2422,0.212168,0.212168,0.215483,0.213825,2,0.003056,2,0.006223,16.250000,16.125000,NA,NA,NA,NA,NA,NA,NA,NA,16.000000,0.096414,16.000000,0.113580,
21,vector1,NA,NA,NA,NA,NA,NA,NA,NA,NA,NA,NA,NA,1.459394,2408,0.212168,0.212168,0.215483,0.213825,2,0.002493,2,0.005190,16.250000,16.125000,NA,NA,NA,NA,NA,NA,NA,NA,16.000000,0.096414,16.000000,0.113580,
22,cube0,0.347879,574,0.000000,0.000000,0.001658,0.001658,3,0.000043,2,0.000034,1,0.000017,NA,NA,NA,NA,NA,NA,NA,NA,NA,NA,0.125000,0.125000,0.000000,0.000000,0.500000,0.003325,0.000000,0.000000,0.000000,0.000000,NA,NA,NA,NA,
22,vector0,NA,NA,NA,NA,NA,NA,NA,NA,NA,NA,NA,NA,1.563636,2580,0.212168,0.212168,0.215483,0.213825,2,0.006172,2,0.003636,16.250000,16.125000,NA,NA,NA,NA,NA,NA,NA,NA,16.000000,0.096414,16.000000,0.113580,
22,vector1,NA,NA,NA,NA,NA,NA,NA,NA,NA,NA,NA,NA,1.544242,2548,0.212168,0.212168,0.215483,0.213825,2,0.005915,2,0.003303,16.250000,16.125000,NA,NA,NA,NA,NA,NA,NA,NA,16.000000,0.096414,16.000000,0.113580,
23,cube0,0.290909,480,0.000000,0.000000,0.001658,0.001658,3,0.000043,2,0.000034,1,0.000017,NA,NA,NA,NA,NA,NA,NA,NA,NA,NA,0.125000,0.125000,0.000000,0.000000,0.500000,0.003325,0.000000,0.000000,0.000000,0.000000,NA,NA,NA,NA,
23,vector0,NA,NA,NA,NA,NA,NA,NA,NA,NA,NA,NA,NA,1.646061,2716,0.212168,0.212168,0.215483,0.213825,2,0.003653,2,0.007187,16.250000,16.125000,NA,NA,NA,NA,NA,NA,NA,NA,16.000000,0.096414,16.000000,0.113580,
23,vector1,NA,NA,NA,NA,NA,NA,NA,NA,NA,NA,NA,NA,1.638182,2703,0.212168,0.212168,0.215483,0.213825,2,0.003602,2,0.005933,16.250000,16.125000,NA,NA,NA,NA,NA,NA,NA,NA,16.000000,0.096414,16.000000,0.113580,
24,cube0,0.366667,605,0.000000,0.000000,0.001658,0.001658,3,0.000043,2,0.000034,1,0.000017,NA,NA,NA,NA,NA,NA,NA,NA,NA,NA,0.125000,0.125000,0.000000,0.000000,0.500000,0.003325,0.000000,0.000000,0.000000,0.000000,NA,NA,NA,NA,
24,vector0,NA,NA,NA,NA,NA,NA,NA,NA,NA,NA,NA,NA,1.493333,2464,0.212168,0.212168,0.215483,0.213825,2,0.005224,2,0.006974,16.250000,16.125000,NA,NA,NA,NA,NA,NA,NA,NA,16.000000,0.096414,16.000000,0.113580,
24,vector1,NA,NA,NA,NA,NA,NA,NA,NA,NA,NA,NA,NA,1.513939,2498,0.212168,0.212168,0.215483,0.213825,2,0.006095,2,0.003295,16.250000,16.125000,NA,NA,NA,NA,NA,NA,NA,NA,16.000000,0.096414,16.000000,0.113580,
25,cube0,0.321818,531,0.000000,0.000000,0.001658,0.001658,3,0.000043,2,0.000034,1,0.000017,NA,NA,NA,NA,NA,NA,NA,NA,NA,NA,0.125000,0.125000,0.000000,0.000000,0.500000,0.003325,0.000000,0.000000,0.000000,0.000000,NA,NA,NA,NA,
25,vector0,NA,NA,NA,NA,NA,NA,NA,NA,NA,NA,NA,NA,1.575758,2600,0.212168,0.212168,0.215483,0.213825,2,0.004806,2,0.008067,16.250000,16.125000,NA,NA,NA,NA,NA,NA,NA,NA,16.000000,0.096414,16.000000,0.113580,
25,vector1,NA,NA,NA,NA,NA,NA,NA,NA,NA,NA,NA,NA,1.609697,2656,0.212168,0.212168,0.215483,0.213825,2,0.005275,2,0.006291,16.250000,16.125000,NA,NA,NA,NA,NA,NA,NA,NA,16.000000,0.096414,16.000000,0.113580,
26,cube0,0.313939,518,0.000000,0.000000,0.001658,0.001658,3,0.000043,2,0.000034,1,0.000017,NA,NA,NA,NA,NA,NA,NA,NA,NA,NA,0.125000,0.125000,0.000000,0.000000,0.500000,0.003325,0.000000,0.000000,0.000000,0.000000,NA,NA,NA,NA,
26,vector0,NA,NA,NA,NA,NA,NA,NA,NA,NA,NA,NA,NA,1.553333,2563,0.212168,0.212168,0.215483,0.213825,2,0.004319,2,0.004285,16.250000,16.125000,NA,NA,NA,NA,NA,NA,NA,NA,16.000000,0.096414,16.000000,0.113580,
26,vector1,NA,NA,NA,NA,NA,NA,NA,NA,NA,NA,NA,NA,1.499394,2474,0.212168,0.212168,0.215483,0.213825,2,0.005625,2,0.003397,16.250000,16.125000,NA,NA,NA,NA,NA,NA,NA,NA,16.000000,0.096414,16.000000,0.113580,
27,cube0,0.340000,561,0.000000,0.000000,0.001658,0.001658,3,0.000043,2,0.000034,1,0.000017,NA,NA,NA,NA,NA,NA,NA,NA,NA,NA,0.125000,0.125000,0.000000,0.000000,0.500000,0.003325,0.000000,0.000000,0.000000,0.000000,NA,NA,NA,NA,
27,vector0,NA,NA,NA,NA,NA,NA,NA,NA,NA,NA,NA,NA,1.557576,2570,0.212168,0.212168,0.215483,0.213825,2,0.003338,2,0.005514,16.250000,16.125000,NA,NA,NA,NA,NA,NA,NA,NA,16.000000,0.096414,16.000000,0.113580,
27,vector1,NA,NA,NA,NA,NA,NA,NA,NA,NA,NA,NA,NA,1.666667,2750,0.212168,0.212168,0.215483,0.213825,2,0.004174,2,0.005975,16.250000,16.125000,NA,NA,NA,NA,NA,NA,NA,NA,16.000000,0.096414,16.000000,0.113580,
28,cube0,0.315758,521,0.000000,0.000000,0.001658,0.001658,3,0.000043,2,0.000034,1,0.000017,NA,NA,NA,NA,NA,NA,NA,NA,NA,NA,0.125000,0.125000,0.000000,0.000000,0.500000,0.003325,0.000000,0.000000,0.000000,0.000000,NA,NA,NA,NA,
28,vector0,NA,NA,NA,NA,NA,NA,NA,NA,NA,NA,NA,NA,1.503030,2480,0.212168,0.212168,0.215483,0.213825,2,0.006155,2,0.003184,16.250000,16.125000,NA,NA,NA,NA,NA,NA,NA,NA,16.000000,0.096414,16.000000,0.113580,
28,vector1,NA,NA,NA,NA,NA,NA,NA,NA,NA,NA,NA,NA,1.480000,2442,0.212168,0.212168,0.215483,0.213825,2,0.005685,2,0.003116,16.250000,16.125000,NA,NA,NA,NA,NA,NA,NA,NA,16.000000,0.096414,16.000000,0.113580,
29,cube0,0.352727,582,0.000000,0.000000,0.001658,0.001658,3,0.000043,2,0.000034,1,0.000017,NA,NA,NA,NA,NA,NA,NA,NA,NA,NA,0.125000,0.125000,0.000000,0.000000,0.500000,0.003325,0.000000,0.000000,0.000000,0.000000,NA,NA,NA,NA,
29,vector0,NA,NA,NA,NA,NA,NA,NA,NA,NA,NA,NA,NA,1.564849,2582,0.212168,0.212168,0.215483,0.213825,2,0.003167,2,0.007128,16.250000,16.125000,NA,NA,NA,NA,NA,NA,NA,NA,16.000000,0.096414,16.000000,0.113580,
29,vector1,NA,NA,NA,NA,NA,NA,NA,NA,NA,NA,NA,NA,1.398182,2307,0.212168,0.212168,0.215483,0.213825,2,0.002766,2,0.005787,16.250000,16.125000,NA,NA,NA,NA,NA,NA,NA,NA,16.000000,0.096414,16.000000,0.113580,
30,cube0,0.330909,546,0.000000,0.000000,0.001658,0.001658,3,0.000043,2,0.000034,1,0.000017,NA,NA,NA,NA,NA,NA,NA,NA,NA,NA,0.125000,0.125000,0.000000,0.000000,0.500000,0.003325,0.000000,0.000000,0.000000,0.000000,NA,NA,NA,NA,
30,vector0,NA,NA,NA,NA,NA,NA,NA,NA,NA,NA,NA,NA,1.481818,2445,0.212168,0.212168,0.215483,0.213825,2,0.005301,2,0.003457,16.250000,16.125000,NA,NA,NA,NA,NA,NA,NA,NA,16.000000,0.096414,16.000000,0.113580,
30,vector1,NA,NA,NA,NA,NA,NA,NA,NA,NA,NA,NA,NA,1.461212,2411,0.212168,0.212168,0.215483,0.213825,2,0.005335,2,0.005258,16.250000,16.125000,NA,NA,NA,NA,NA,NA,NA,NA,16.000000,0.096414,16.000000,0.113580,
31,cube0,0.373939,617,0.000000,0.000000,0.001658,0.001658,3,0.000043,2,0.000034,1,0.000017,NA,NA,NA,NA,NA,NA,NA,NA,NA,NA,0.125000,0.125000,0.000000,0.000000,0.500000,0.003325,0.000000,0.000000,0.000000,0.000000,NA,NA,NA,NA,
31,vector0,NA,NA,NA,NA,NA,NA,NA,NA,NA,NA,NA,NA,1.653939,2729,0.212168,0.212168,0.215483,0.213825,2,0.004370,2,0.006675,16.250000,16.125000,NA,NA,NA,NA,NA,NA,NA,NA,16.000000,0.096414,16.000000,0.113580,
31,vector1,NA,NA,NA,NA,NA,NA,NA,NA,NA,NA,NA,NA,1.585455,2616,0.212168,0.212168,0.215483,0.213825,2,0.003321,2,0.005429,16.250000,16.125000,NA,NA,NA,NA,NA,NA,NA,NA,16.000000,0.096414,16.000000,0.113580,
32,cube0,0.304848,503,0.000000,0.000000,0.001658,0.001658,3,0.000043,2,0.000034,1,0.000017,NA,NA,NA,NA,NA,NA,NA,NA,NA,NA,0.125000,0.125000,0.000000,0.000000,0.500000,0.003325,0.000000,0.000000,0.000000,0.000000,NA,NA,NA,NA,
32,vector0,NA,NA,NA,NA,NA,NA,NA,NA,NA,NA,NA,NA,1.490909,2460,0.212168,0.212168,0.215483,0.213825,2,0.005489,2,0.003918,16.250000,16.125000,NA,NA,NA,NA,NA,NA,NA,NA,16.000000,0.096414,16.000000,0.113580,
32,vector1,NA,NA,NA,NA,NA,NA,NA,NA,NA,NA,NA,NA,1.497576,2471,0.212168,0.212168,0.215483,0.213825,2,0.005736,2,0.006530,16.250000,16.125000,NA,NA,NA,NA,NA,NA,NA,NA,16.000000,0.096414,16.000000,0.113580,
33,cube0,0.314545,519,0.000000,0.000000,0.001658,0.001658,3,0.000043,2,0.000034,1,0.000017,NA,NA,NA,NA,NA,NA,NA,NA,NA,NA,0.125000,0.125000,0.000000,0.000000,0.500000,0.003325,0.000000,0.000000,0.000000,0.000000,NA,NA,NA,NA,
33,vector0,NA,NA,NA,NA,NA,NA,NA,NA,NA,NA,NA,NA,1.572727,2595,0.212168,0.212168,0.215483,0.213825,2,0.003551,2,0.006846,16.250000,16.125000,NA,NA,NA,NA,NA,NA,NA,NA,16.000000,0.096414,16.000000,0.113580,
33,vector1,NA,NA,NA,NA,NA,NA,NA,NA,NA,NA,NA,NA,1.581212,2609,0.212168,0.212168,0.215483,0.213825,2,0.003747,2,0.004686,16.250000,16.125000,NA,NA,NA,NA,NA,NA,NA,NA,16.000000,0.096414,16.000000,0.113580,
34,cube0,0.317576,524,0.000000,0.000000,0.001658,0.001658,3,0.000043,2,0.000034,1,0.000017,NA,NA,NA,NA,NA,NA,NA,NA,NA,NA,0.125000,0.125000,0.000000,0.000000,0.500000,0.003325,0.000000,0.000000,0.000000,0.000000,NA,NA,NA,NA,
34,vector0,NA,NA,NA,NA,NA,NA,NA,NA,NA,NA,NA,NA,1.435758,2369,0.212168,0.212168,0.215483,0.213825,2,0.005028,2,0.003184,16.250000,16.125000,NA,NA,NA,NA,NA,NA,NA,NA,16.000000,0.096414,16.000000,0.113580,
34,vector1,NA,NA,NA,NA,NA,NA,NA,NA,NA,NA,NA,NA,1.385455,2286,0.212168,0.212168,0.215483,0.213825,2,0.003969,2,0.003312,16.250000,16.125000,NA,NA,NA,NA,NA,NA,NA,NA,16.000000,0.096414,16.000000,0.113580,
35,cube0,0.348485,575,0.000000,0.000000,0.001658,0.001658,3,0.000043,2,0.000034,1,0.000017,NA,NA,NA,NA,NA,NA,NA,NA,NA,NA,0.125000,0.125000,0.000000,0.000000,0.500000,0.003325,0.000000,0.000000,0.000000,0.000000,NA,NA,NA,NA,
35,vector0,NA,NA,NA,NA,NA,NA,NA,NA,NA,NA,NA,NA,1.528485,2522,0.212168,0.212168,0.215483,0.213825,2,0.003918,2,0.005898,16.250000,16.125000,NA,NA,NA,NA,NA,NA,NA,NA,16.000000,0.096414,16.000000,0.113580,
35,vector1,NA,NA,NA,NA,NA,NA,NA,NA,NA,NA,NA,NA,1.549091,2556,0.212168,0.212168,0.215483,0.213825,2,0.002569,2,0.005480,16.250000,16.125000,NA,NA,NA,NA,NA,NA,NA,NA,16.000000,0.096414,16.000000,0.113580,
36,cube0,0.341212,563,0.000000,0.000000,0.001658,0.001658,3,0.000043,2,0.000034,1,0.000017,NA,NA,NA,NA,NA,NA,NA,NA,NA,NA,0.125000,0.125000,0.000000,0.000000,0.500000,0.003325,0.000000,0.000000,0.000000,0.000000,NA,NA,NA,NA,
36,vector0,NA,NA,NA,NA,NA,NA,NA,NA,NA,NA,NA,NA,1.630909,2691,0.212168,0.212168,0.215483,0.213825,2,0.007443,2,0.008954,16.250000,16.125000,NA,NA,NA,NA,NA,NA,NA,NA,16.000000,0.096414,16.000000,0.113580,
36,vector1,NA,NA,NA,NA,NA,NA,NA,NA,NA,NA,NA,NA,1.501818,2478,0.212168,0.212168,0.215483,0.213825,2,0.005753,2,0.003594,16.250000,16.125000,NA,NA,NA,NA,NA,NA,NA,NA,16.000000,0.096414,16.000000,0.113580,
37,cube0,0.309697,511,0.000000,0.000000,0.001658,0.001658,3,0.000043,2,0.000034,1,0.000017,NA,NA,NA,NA,NA,NA,NA,NA,NA,NA,0.125000,0.125000,0.000000,0.000000,0.500000,0.003325,0.000000,0.000000,0.000000,0.000000,NA,NA,NA,NA,
37,vector0,NA,NA,NA,NA,NA,NA,NA,NA,NA,NA,NA,NA,1.660000,2739,0.212168,0.212168,0.215483,0.213825,2,0.005651,2,0.005676,16.250000,16.125000,NA,NA,NA,NA,NA,NA,NA,NA,16.000000,0.096414,16.000000,0.113580,
37,vector1,NA,NA,NA,NA,NA,NA,NA,NA,NA,NA,NA,NA,1.544848,2549,0.212168,0.212168,0.215483,0.213825,2,0.003585,2,0.006325,16.250000,16.125000,NA,NA,NA,NA,NA,NA,NA,NA,16.000000,0.096414,16.000000,0.113580,
38,cube0,0.363030,599,0.000000,0.000000,0.001658,0.001658,3,0.000043,2,0.000034,1,0.000017,NA,NA,NA,NA,NA,NA,NA,NA,NA,NA,0.125000,0.125000,0.000000,0.000000,0.500000,0.003325,0.000000,0.000000,0.000000,0.000000,NA,NA,NA,NA,
38,vector0,NA,NA,NA,NA,NA,NA,NA,NA,NA,NA,NA,NA,1.492727,2463,0.212168,0.212168,0.215483,0.213825,2,0.005583,2,0.003431,16.250000,16.125000,NA,NA,NA,NA,NA,NA,NA,NA,16.000000,0.096414,16.000000,0.113580,
38,vector1,NA,NA,NA,NA,NA,NA,NA,NA,NA,NA,NA,NA,1.877576,3098,0.212168,0.212168,0.215483,0.213825,2,0.007742,2,0.003286,16.250000,16.125000,NA,NA,NA,NA,NA,NA,NA,NA,16.000000,0.096414,16.000000,0.113580,
39,cube0,0.347879,574,0.000000,0.000000,0.001658,0.001658,3,0.000043,2,0.000034,1,0.000017,NA,NA,NA,NA,NA,NA,NA,NA,NA,NA,0.125000,0.125000,0.000000,0.000000,0.500000,0.003325,0.000000,0.000000,0.000000,0.000000,NA,NA,NA,NA,
39,vector0,NA,NA,NA,NA,NA,NA,NA,NA,NA,NA,NA,NA,1.580000,2607,0.212168,0.212168,0.215483,0.213825,2,0.004123,2,0.006035,16.250000,16.125000,NA,NA,NA,NA,NA,NA,NA,NA,16.000000,0.096414,16.000000,0.113580,
39,vector1,NA,NA,NA,NA,NA,NA,NA,NA,NA,NA,NA,NA,1.486061,2452,0.212168,0.212168,0.215483,0.213825,2,0.005719,2,0.005506,16.250000,16.125000,NA,NA,NA,NA,NA,NA,NA,NA,16.000000,0.096414,16.000000,0.113580,
40,cube0,0.349697,577,0.000000,0.000000,0.001658,0.001658,3,0.000043,2,0.000034,1,0.000017,NA,NA,NA,NA,NA,NA,NA,NA,NA,NA,0.125000,0.125000,0.000000,0.000000,0.500000,0.003325,0.000000,0.000000,0.000000,0.000000,NA,NA,NA,NA,
40,vector0,NA,NA,NA,NA,NA,NA,NA,NA,NA,NA,NA,NA,1.599394,2639,0.212168,0.212168,0.215483,0.213825,2,0.007204,2,0.003321,16.250000,16.125000,NA,NA,NA,NA,NA,NA,NA,NA,16.000000,0.096414,16.000000,0.113580,
40,vector1,NA,NA,NA,NA,NA,NA,NA,NA,NA,NA,NA,NA,1.420606,2344,0.212168,0.212168,0.215483,0.213825,2,0.004712,2,0.003269,16.250000,16.125000,NA,NA,NA,NA,NA,NA,NA,NA,16.000000,0.096414,16.000000,0.113580,
41,cube0,0.290303,479,0.000000,0.000000,0.001658,0.001658,3,0.000043,2,0.000034,1,0.000017,NA,NA,NA,NA,NA,NA,NA,NA,NA,NA,0.125000,0.125000,0.000000,0.000000,0.500000,0.003325,0.000000,0.000000,0.000000,0.000000,NA,NA,NA,NA,
41,vector0,NA,NA,NA,NA,NA,NA,NA,NA,NA,NA,NA,NA,1.784848,2945,0.212168,0.212168,0.215483,0.213825,2,0.005429,2,0.007375,16.250000,16.125000,NA,NA,NA,NA,NA,NA,NA,NA,16.000000,0.096414,16.000000,0.113580,
41,vector1,NA,NA,NA,NA,NA,NA,NA,NA,NA,NA,NA,NA,1.514545,2499,0.212168,0.212168,0.215483,0.213825,2,0.003312,2,0.005796,16.250000,16.125000,NA,NA,NA,NA,NA,NA,NA,NA,16.000000,0.096414,16.000000,0.113580,
42,cube0,0.346061,571,0.000000,0.000000,0.001658,0.001658,3,0.000043,2,0.000034,1,0.000017,NA,NA,NA,NA,NA,NA,NA,NA,NA,NA,0.125000,0.125000,0.000000,0.000000,0.500000,0.003325,0.000000,0.000000,0.000000,0.000000,NA,NA,NA,NA,
42,vector0,NA,NA,NA,NA,NA,NA,NA,NA,NA,NA,NA,NA,1.561818,2577,0.212168,0.212168,0.215483,0.213825,2,0.006206,2,0.003440,16.250000,16.125000,NA,NA,NA,NA,NA,NA,NA,NA,16.000000,0.096414,16.000000,0.113580,
42,vector1,NA,NA,NA,NA,NA,NA,NA,NA,NA,NA,NA,NA,1.535758,2534,0.212168,0.212168,0.215483,0.213825,2,0.006146,2,0.003321,16.250000,16.125000,NA,NA,NA,NA,NA,NA,NA,NA,16.000000,0.096414,16.000000,0.113580,
43,cube0,0.294545,486,0.000000,0.000000,0.001658,0.001658,3,0.000043,2,0.000034,1,0.000017,NA,NA,NA,NA,NA,NA,NA,NA,NA,NA,0.125000,0.125000,0.000000,0.000000,0.500000,0.003325,0.000000,0.000000,0.000000,0.000000,NA,NA,NA,NA,
43,vector0,NA,NA,NA,NA,NA,NA,NA,NA,NA,NA,NA,NA,1.641818,2709,0.212168,0.212168,0.215483,0.213825,2,0.005070,2,0.006308,16.250000,16.125000,NA,NA,NA,NA,NA,NA,NA,NA,16.000000,0.096414,16.000000,0.113580,
43,vector1,NA,NA,NA,NA,NA,NA,NA,NA,NA,NA,NA,NA,1.623636,2679,0.212168,0.212168,0.215483,0.213825,2,0.004490,2,0.006692,16.250000,16.125000,NA,NA,NA,NA,NA,NA,NA,NA,16.000000,0.096414,16.000000,0.113580,
44,cube0,0.367273,606,0.000000,0.000000,0.001658,0.001658,3,0.000043,2,0.000034,1,0.000017,NA,NA,NA,NA,NA,NA,NA,NA,NA,NA,0.125000,0.125000,0.000000,0.000000,0.500000,0.003325,0.000000,0.000000,0.000000,0.000000,NA,NA,NA,NA,
44,vector0,NA,NA,NA,NA,NA,NA,NA,NA,NA,NA,NA,NA,1.406061,2320,0.212168,0.212168,0.215483,0.213825,2,0.004328,2,0.003414,16.250000,16.125000,NA,NA,NA,NA,NA,NA,NA,NA,16.000000,0.096414,16.000000,0.113580,
44,vector1,NA,NA,NA,NA,NA,NA,NA,NA,NA,NA,NA,NA,1.380606,2278,0.212168,0.212168,0.215483,0.213825,2,0.004149,2,0.003116,16.250000,16.125000,NA,NA,NA,NA,NA,NA,NA,NA,16.000000,0.096414,16.000000,0.113580,
45,cube0,0.322424,532,0.000000,0.000000,0.001658,0.001658,3,0.000043,2,0.000034,1,0.000017,NA,NA,NA,NA,NA,NA,NA,NA,NA,NA,0.125000,0.125000,0.000000,0.000000,0.500000,0.003325,0.000000,0.000000,0.000000,0.000000,NA,NA,NA,NA,
45,vector0,NA,NA,NA,NA,NA,NA,NA,NA,NA,NA,NA,NA,1.681212,2774,0.212168,0.212168,0.215483,0.213825,2,0.004285,2,0.005668,16.250000,16.125000,NA,NA,NA,NA,NA,NA,NA,NA,16.000000,0.096414,16.000000,0.113580,
45,vector1,NA,NA,NA,NA,NA,NA,NA,NA,NA,NA,NA,NA,1.443030,2381,0.212168,0.212168,0.215483,0.213825,2,0.004550,2,0.005284,16.250000,16.125000,NA,NA,NA,NA,NA,NA,NA,NA,16.000000,0.096414,16.000000,0.113580,
46,cube0,0.312121,515,0.000000,0.000000,0.001658,0.001658,3,0.000043,2,0.000034,1,0.000017,NA,NA,NA,NA,NA,NA,NA,NA,NA,NA,0.125000,0.125000,0.000000,0.000000,0.500000,0.003325,0.000000,0.000000,0.000000,0.000000,NA,NA,NA,NA,
46,vector0,NA,NA,NA,NA,NA,NA,NA,NA,NA,NA,NA,NA,1.530303,2525,0.212168,0.212168,0.215483,0.213825,2,0.005873,2,0.003303,16.250000,16.125000,NA,NA,NA,NA,NA,NA,NA,NA,16.000000,0.096414,16.000000,0.113580,
46,vector1,NA,NA,NA,NA,NA,NA,NA,NA,NA,NA,NA,NA,2.005455,3309,0.212168,0.212168,0.215483,0.213825,2,0.008604,2,0.003047,16.250000,16.125000,NA,NA,NA,NA,NA,NA,NA,NA,16.000000,0.096414,16.000000,0.113580,
47,cube0,0.343636,567,0.000000,0.000000,0.001658,0.001658,3,0.000043,2,0.000034,1,0.000017,NA,NA,NA,NA,NA,NA,NA,NA,NA,NA,0.125000,0.125000,0.000000,0.000000,0.500000,0.003325,0.000000,0.000000,0.000000,0.000000,NA,NA,NA,NA,
47,vector0,NA,NA,NA,NA,NA,NA,NA,NA,NA,NA,NA,NA,1.639394,2705,0.212168,0.212168,0.215483,0.213825,2,0.004191,2,0.006325,16.250000,16.125000,NA,NA,NA,NA,NA,NA,NA,NA,16.000000,0.096414,16.000000,0.113580,
47,vector1,NA,NA,NA,NA,NA,NA,NA,NA,NA,NA,NA,NA,1.544848,2549,0.212168,0.212168,0.215483,0.213825,2,0.006172,2,0.007076,16.250000,16.125000,NA,NA,NA,NA,NA,NA,NA,NA,16.000000,0.096414,16.000000,0.113580,
48,cube0,0.316364,522,0.000000,0.000000,0.001658,0.001658,3,0.000043,2,0.000034,1,0.000017,NA,NA,NA,NA,NA,NA,NA,NA,NA,NA,0.125000,0.125000,0.000000,0.000000,0.500000,0.003325,0.000000,0.000000,0.000000,0.000000,NA,NA,NA,NA,
48,vector0,NA,NA,NA,NA,NA,NA,NA,NA,NA,NA,NA,NA,1.530909,2526,0.212168,0.212168,0.215483,0.213825,2,0.005898,2,0.005036,16.250000,16.125000,NA,NA,NA,NA,NA,NA,NA,NA,16.000000,0.096414,16.000000,0.113580,
48,vector1,NA,NA,NA,NA,NA,NA,NA,NA,NA,NA,NA,NA,1.868485,3083,0.212168,0.212168,0.215483,0.213825,2,0.006837,2,0.003312,16.250000,16.125000,NA,NA,NA,NA,NA,NA,NA,NA,16.000000,0.096414,16.000000,0.113580,
49,cube0,0.352727,582,0.000000,0.000000,0.001658,0.001658,3,0.000043,2,0.000034,1,0.000017,NA,NA,NA,NA,NA,NA,NA,NA,NA,NA,0.125000,0.125000,0.000000,0.000000,0.500000,0.003325,0.000000,0.000000,0.000000,0.000000,NA,NA,NA,NA,
49,vector0,NA,NA,NA,NA,NA,NA,NA,NA,NA,NA,NA,NA,1.596364,2634,0.212168,0.212168,0.215483,0.213825,2,0.004499,2,0.007409,16.250000,16.125000,NA,NA,NA,NA,NA,NA,NA,NA,16.000000,0.096414,16.000000,0.113580,
49,vector1,NA,NA,NA,NA,NA,NA,NA,NA,NA,NA,NA,NA,1.547879,2554,0.212168,0.212168,0.215483,0.213825,2,0.006317,2,0.007298,16.250000,16.125000,NA,NA,NA,NA,NA,NA,NA,NA,16.000000,0.096414,16.000000,0.113580,
50,cube0,0.329091,543,0.000000,0.000000,0.001658,0.001658,3,0.000043,2,0.000034,1,0.000017,NA,NA,NA,NA,NA,NA,NA,NA,NA,NA,0.125000,0.125000,0.000000,0.000000,0.500000,0.003325,0.000000,0.000000,0.000000,0.000000,NA,NA,NA,NA,
50,vector0,NA,NA,NA,NA,NA,NA,NA,NA,NA,NA,NA,NA,1.653939,2729,0.212168,0.212168,0.215483,0.213825,2,0.008032,2,0.003568,16.250000,16.125000,NA,NA,NA,NA,NA,NA,NA,NA,16.000000,0.096414,16.000000,0.113580,
50,vector1,NA,NA,NA,NA,NA,NA,NA,NA,NA,NA,NA,NA,1.982424,3271,0.212168,0.212168,0.215483,0.213825,2,0.010320,2,0.003397,16.250000,16.125000,NA,NA,NA,NA,NA,NA,NA,NA,16.000000,0.096414,16.000000,0.113580,
51,cube0,0.371515,613,0.000000,0.000000,0.001658,0.001658,3,0.000043,2,0.000034,1,0.000017,NA,NA,NA,NA,NA,NA,NA,NA,NA,NA,0.125000,0.125000,0.000000,0.000000,0.500000,0.003325,0.000000,0.000000,0.000000,0.000000,NA,NA,NA,NA,
51,vector0,NA,NA,NA,NA,NA,NA,NA,NA,NA,NA,NA,NA,1.690909,2790,0.212168,0.212168,0.215483,0.213825,2,0.005557,2,0.006462,16.250000,16.125000,NA,NA,NA,NA,NA,NA,NA,NA,16.000000,0.096414,16.000000,0.113580,
51,vector1,NA,NA,NA,NA,NA,NA,NA,NA,NA,NA,NA,NA,1.587879,2620,0.212168,0.212168,0.215483,0.213825,2,0.006923,2,0.007674,16.250000,16.125000,NA,NA,NA,NA,NA,NA,NA,NA,16.000000,0.096414,16.000000,0.113580,
52,cube0,0.305455,504,0.000000,0.000000,0.001658,0.001658,3,0.000043,2,0.000034,1,0.000017,NA,NA,NA,NA,NA,NA,NA,NA,NA,NA,0.125000,0.125000,0.000000,0.000000,0.500000,0.003325,0.000000,0.000000,0.000000,0.000000,NA,NA,NA,NA,
52,vector0,NA,NA,NA,NA,NA,NA,NA,NA,NA,NA,NA,NA,1.558788,2572,0.212168,0.212168,0.215483,0.213825,2,0.005787,2,0.007093,16.250000,16.125000,NA,NA,NA,NA,NA,NA,NA,NA,16.000000,0.096414,16.000000,0.113580,
52,vector1,NA,NA,NA,NA,NA,NA,NA,NA,NA,NA,NA,NA,1.395151,2302,0.212168,0.212168,0.215483,0.213825,2,0.004089,2,0.007580,16.250000,16.125000,NA,NA,NA,NA,NA,NA,NA,NA,16.000000,0.096414,16.000000,0.113580,
53,cube0,0.310303,512,0.000000,0.000000,0.001658,0.001658,3,0.000043,2,0.000034,1,0.000017,NA,NA,NA,NA,NA,NA,NA,NA,NA,NA,0.125000,0.125000,0.000000,0.000000,0.500000,0.003325,0.000000,0.000000,0.000000,0.000000,NA,NA,NA,NA,
53,vector0,NA,NA,NA,NA,NA,NA,NA,NA,NA,NA,NA,NA,1.695758,2798,0.212168,0.212168,0.215483,0.213825,2,0.004678,2,0.003303,16.250000,16.125000,NA,NA,NA,NA,NA,NA,NA,NA,16.000000,0.096414,16.000000,0.113580,
53,vector1,NA,NA,NA,NA,NA,NA,NA,NA,NA,NA,NA,NA,1.572727,2595,0.212168,0.212168,0.215483,0.213825,2,0.003636,2,0.003508,16.250000,16.125000,NA,NA,NA,NA,NA,NA,NA,NA,16.000000,0.096414,16.000000,0.113580,
54,cube0,0.321212,530,0.000000,0.000000,0.001658,0.001658,3,0.000043,2,0.000034,1,0.000017,NA,NA,NA,NA,NA,NA,NA,NA,NA,NA,0.125000,0.125000,0.000000,0.000000,0.500000,0.003325,0.000000,0.000000,0.000000,0.000000,NA,NA,NA,NA,
54,vector0,NA,NA,NA,NA,NA,NA,NA,NA,NA,NA,NA,NA,1.475758,2435,0.212168,0.212168,0.215483,0.213825,2,0.005557,2,0.003252,16.250000,16.125000,NA,NA,NA,NA,NA,NA,NA,NA,16.000000,0.096414,16.000000,0.113580,
54,vector1,NA,NA,NA,NA,NA,NA,NA,NA,NA,NA,NA,NA,1.804848,2978,0.212168,0.212168,0.215483,0.213825,2,0.006317,2,0.003218,16.250000,16.125000,NA,NA,NA,NA,NA,NA,NA,NA,16.000000,0.096414,16.000000,0.113580,
55,cube0,0.352727,582,0.000000,0.000000,0.001658,0.001658,3,0.000043,2,0.000034,1,0.000017,NA,NA,NA,NA,NA,NA,NA,NA,NA,NA,0.125000,0.125000,0.000000,0.000000,0.500000,0.003325,0.000000,0.000000,0.000000,0.000000,NA,NA,NA,NA,
55,vector0,NA,NA,NA,NA,NA,NA,NA,NA,NA,NA,NA,NA,1.590303,2624,0.212168,0.212168,0.215483,0.213825,2,0.005344,2,0.005830,16.250000,16.125000,NA,NA,NA,NA,NA,NA,NA,NA,16.000000,0.096414,16.000000,0.113580,
55,vector1,NA,NA,NA,NA,NA,NA,NA,NA,NA,NA,NA,NA,1.580000,2607,0.212168,0.212168,0.215483,0.213825,2,0.006274,2,0.006692,16.250000,16.125000,NA,NA,NA,NA,NA,NA,NA,NA,16.000000,0.096414,16.000000,0.113580,
56,cube0,0.340000,561,0.000000,0.000000,0.001658,0.001658,3,0.000043,2,0.000034,1,0.000017,NA,NA,NA,NA,NA,NA,NA,NA,NA,NA,0.125000,0.125000,0.000000,0.000000,0.500000,0.003325,0.000000,0.000000,0.000000,0.000000,NA,NA,NA,NA,
56,vector0,NA,NA,NA,NA,NA,NA,NA,NA,NA,NA,NA,NA,1.623636,2679,0.212168,0.212168,0.215483,0.213825,2,0.007350,2,0.003244,16.250000,16.125000,NA,NA,NA,NA,NA,NA,NA,NA,16.000000,0.096414,16.000000,0.113580,
56,vector1,NA,NA,NA,NA,NA,NA,NA,NA,NA,NA,NA,NA,1.537576,2537,0.212168,0.212168,0.215483,0.213825,2,0.006095,2,0.005625,16.250000,16.125000,NA,NA,NA,NA,NA,NA,NA,NA,16.000000,0.096414,16.000000,0.113580,
57,cube0,0.306667,506,0.000000,0.000000,0.001658,0.001658,3,0.000043,2,0.000034,1,0.000017,NA,NA,NA,NA,NA,NA,NA,NA,NA,NA,0.125000,0.125000,0.000000,0.000000,0.500000,0.003325,0.000000,0.000000,0.000000,0.000000,NA,NA,NA,NA,
57,vector0,NA,NA,NA,NA,NA,NA,NA,NA,NA,NA,NA,NA,1.818788,3001,0.212168,0.212168,0.215483,0.213825,2,0.005719,2,0.005489,16.250000,16.125000,NA,NA,NA,NA,NA,NA,NA,NA,16.000000,0.096414,16.000000,0.113580,
57,vector1,NA,NA,NA,NA,NA,NA,NA,NA,NA,NA,NA,NA,1.663636,2745,0.212168,0.212168,0.215483,0.213825,2,0.004302,2,0.003184,16.250000,16.125000,NA,NA,NA,NA,NA,NA,NA,NA,16.000000,0.096414,16.000000,0.113580,
58,cube0,0.364242,601,0.000000,0.000000,0.001658,0.001658,3,0.000043,2,0.000034,1,0.000017,NA,NA,NA,NA,NA,NA,NA,NA,NA,NA,0.125000,0.125000,0.000000,0.000000,0.500000,0.003325,0.000000,0.000000,0.000000,0.000000,NA,NA,NA,NA,
58,vector0,NA,NA,NA,NA,NA,NA,NA,NA,NA,NA,NA,NA,1.497576,2471,0.212168,0.212168,0.215483,0.213825,2,0.005497,2,0.003423,16.250000,16.125000,NA,NA,NA,NA,NA,NA,NA,NA,16.000000,0.096414,16.000000,0.113580,
58,vector1,NA,NA,NA,NA,NA,NA,NA,NA,NA,NA,NA,NA,1.689091,2787,0.212168,0.212168,0.215483,0.213825,2,0.005267,2,0.003269,16.250000,16.125000,NA,NA,NA,NA,NA,NA,NA,NA,16.000000,0.096414,16.000000,0.113580,
59,cube0,0.350909,579,0.000000,0.000000,0.001658,0.001658,3,0.000043,2,0.000034,1,0.000017,NA,NA,NA,NA,NA,NA,NA,NA,NA,NA,0.125000,0.125000,0.000000,0.000000,0.500000,0.003325,0.000000,0.000000,0.000000,0.000000,NA,NA,NA,NA,
59,vector0,NA,NA,NA,NA,NA,NA,NA,NA,NA,NA,NA,NA,1.587879,2620,0.212168,0.212168,0.215483,0.213825,2,0.005173,2,0.008280,16.250000,16.125000,NA,NA,NA,NA,NA,NA,NA,NA,16.000000,0.096414,16.000000,0.113580,
59,vector1,NA,NA,NA,NA,NA,NA,NA,NA,NA,NA,NA,NA,1.383030,2282,0.212168,0.212168,0.215483,0.213825,2,0.004234,2,0.006197,16.250000,16.125000,NA,NA,NA,NA,NA,NA,NA,NA,16.000000,0.096414,16.000000,0.113580,
60,cube0,0.347273,573,0.000000,0.000000,0.001658,0.001658,3,0.000043,2,0.000034,1,0.000017,NA,NA,NA,NA,NA,NA,NA,NA,NA,NA,0.125000,0.125000,0.000000,0.000000,0.500000,0.003325,0.000000,0.000000,0.000000,0.000000,NA,NA,NA,NA,
60,vector0,NA,NA,NA,NA,NA,NA,NA,NA,NA,NA,NA,NA,1.565455,2583,0.212168,0.212168,0.215483,0.213825,2,0.006487,2,0.003167,16.250000,16.125000,NA,NA,NA,NA,NA,NA,NA,NA,16.000000,0.096414,16.000000,0.113580,
60,vector1,NA,NA,NA,NA,NA,NA,NA,NA,NA,NA,NA,NA,1.529091,2523,0.212168,0.212168,0.215483,0.213825,2,0.006120,2,0.007290,16.250000,16.125000,NA,NA,NA,NA,NA,NA,NA,NA,16.000000,0.096414,16.000000,0.113580,
61,cube0,0.293333,484,0.000000,0.000000,0.001658,0.001658,3,0.000043,2,0.000034,1,0.000017,NA,NA,NA,NA,NA,NA,NA,NA,NA,NA,0.125000,0.125000,0.000000,0.000000,0.500000,0.003325,0.000000,0.000000,0.000000,0.000000,NA,NA,NA,NA,
61,vector0,NA,NA,NA,NA,NA,NA,NA,NA,NA,NA,NA,NA,1.632121,2693,0.212168,0.212168,0.215483,0.213825,2,0.005019,2,0.006257,16.250000,16.125000,NA,NA,NA,NA,NA,NA,NA,NA,16.000000,0.096414,16.000000,0.113580,
61,vector1,NA,NA,NA,NA,NA,NA,NA,NA,NA,NA,NA,NA,1.732121,2858,0.212168,0.212168,0.215483,0.213825,2,0.005224,2,0.003440,16.250000,16.125000,NA,NA,NA,NA,NA,NA,NA,NA,16.000000,0.096414,16.000000,0.113580,
62,cube0,0.344848,569,0.000000,0.000000,0.001658,0.001658,3,0.000043,2,0.000034,1,0.000017,NA,NA,NA,NA,NA,NA,NA,NA,NA,NA,0.125000,0.125000,0.000000,0.000000,0.500000,0.003325,0.000000,0.000000,0.000000,0.000000,NA,NA,NA,NA,
62,vector0,NA,NA,NA,NA,NA,NA,NA,NA,NA,NA,NA,NA,1.416970,2338,0.212168,0.212168,0.215483,0.213825,2,0.004208,2,0.003218,16.250000,16.125000,NA,NA,NA,NA,NA,NA,NA,NA,16.000000,0.096414,16.000000,0.113580,
62,vector1,NA,NA,NA,NA,NA,NA,NA,NA,NA,NA,NA,NA,1.447879,2389,0.212168,0.212168,0.215483,0.213825,2,0.005096,2,0.003013,16.250000,16.125000,NA,NA,NA,NA,NA,NA,NA,NA,16.000000,0.096414,16.000000,0.113580,
63,cube0,0.294545,486,0.000000,0.000000,0.001658,0.001658,3,0.000043,2,0.000034,1,0.000017,NA,NA,NA,NA,NA,NA,NA,NA,NA,NA,0.125000,0.125000,0.000000,0.000000,0.500000,0.003325,0.000000,0.000000,0.000000,0.000000,NA,NA,NA,NA,
63,vector0,NA,NA,NA,NA,NA,NA,NA,NA,NA,NA,NA,NA,1.426667,2354,0.212168,0.212168,0.215483,0.213825,2,0.002851,2,0.007008,16.250000,16.125000,NA,NA,NA,NA,NA,NA,NA,NA,16.000000,0.096414,16.000000,0.113580,
63,vector1,NA,NA,NA,NA,NA,NA,NA,NA,NA,NA,NA,NA,1.502424,2479,0.212168,0.212168,0.215483,0.213825,2,0.002732,2,0.004934,16.250000,16.125000,NA,NA,NA,NA,NA,NA,NA,NA,16.000000,0.096414,16.000000,0.113580,
64,cube0,0.363636,600,0.000000,0.000000,0.001658,0.001658,3,0.000043,2,0.000034,1,0.000017,NA,NA,NA,NA,NA,NA,NA,NA,NA,NA,0.125000,0.125000,0.000000,0.000000,0.500000,0.003325,0.000000,0.000000,0.000000,0.000000,NA,NA,NA,NA,
64,vector0,NA,NA,NA,NA,NA,NA,NA,NA,NA,NA,NA,NA,1.561818,2577,0.212168,0.212168,0.215483,0.213825,2,0.006283,2,0.003372,16.250000,16.125000,NA,NA,NA,NA,NA,NA,NA,NA,16.000000,0.096414,16.000000,0.113580,
64,vector1,NA,NA,NA,NA,NA,NA,NA,NA,NA,NA,NA,NA,1.518182,2505,0.212168,0.212168,0.215483,0.213825,2,0.006052,2,0.003124,16.250000,16.125000,NA,NA,NA,NA,NA,NA,NA,NA,16.000000,0.096414,16.000000,0.113580,
65,cube0,0.323636,534,0.000000,0.000000,0.001658,0.001658,3,0.000043,2,0.000034,1,0.000017,NA,NA,NA,NA,NA,NA,NA,NA,NA,NA,0.125000,0.125000,0.000000,0.000000,0.500000,0.003325,0.000000,0.000000,0.000000,0.000000,NA,NA,NA,NA,
65,vector0,NA,NA,NA,NA,NA,NA,NA,NA,NA,NA,NA,NA,1.741818,2874,0.212168,0.212168,0.215483,0.213825,2,0.005839,2,0.007708,16.250000,16.125000,NA,NA,NA,NA,NA,NA,NA,NA,16.000000,0.096414,16.000000,0.113580,
65,vector1,NA,NA,NA,NA,NA,NA,NA,NA,NA,NA,NA,NA,1.587273,2619,0.212168,0.212168,0.215483,0.213825,2,0.004729,2,0.006803,16.250000,16.125000,NA,NA,NA,NA,NA,NA,NA,NA,16.000000,0.096414,16.000000,0.113580,
66,cube0,0.312727,516,0.000000,0.000000,0.001658,0.001658,3,0.000043,2,0.000034,1,0.000017,NA,NA,NA,NA,NA,NA,NA,NA,NA,NA,0.125000,0.125000,0.000000,0.000000,0.500000,0.003325,0.000000,0.000000,0.000000,0.000000,NA,NA,NA,NA,
66,vector0,NA,NA,NA,NA,NA,NA,NA,NA,NA,NA,NA,NA,1.512727,2496,0.212168,0.212168,0.215483,0.213825,2,0.005702,2,0.003192,16.250000,16.125000,NA,NA,NA,NA,NA,NA,NA,NA,16.000000,0.096414,16.000000,0.113580,
66,vector1,NA,NA,NA,NA,NA,NA,NA,NA,NA,NA,NA,NA,2.020000,3333,0.212168,0.212168,0.215483,0.213825,2,0.008485,2,0.003500,16.250000,16.125000,NA,NA,NA,NA,NA,NA,NA,NA,16.000000,0.096414,16.000000,0.113580,
67,cube0,0.343030,566,0.000000,0.000000,0.001658,0.001658,3,0.000043,2,0.000034,1,0.000017,NA,NA,NA,NA,NA,NA,NA,NA,NA,NA,0.125000,0.125000,0.000000,0.000000,0.500000,0.003325,0.000000,0.000000,0.000000,0.000000,NA,NA,NA,NA,
67,vector0,NA,NA,NA,NA,NA,NA,NA,NA,NA,NA,NA,NA,1.695758,2798,0.212168,0.212168,0.215483,0.213825,2,0.004516,2,0.007017,16.250000,16.125000,NA,NA,NA,NA,NA,NA,NA,NA,16.000000,0.096414,16.000000,0.113580,
67,vector1,NA,NA,NA,NA,NA,NA,NA,NA,NA,NA,NA,NA,1.573333,2596,0.212168,0.212168,0.215483,0.213825,2,0.006522,2,0.005531,16.250000,16.125000,NA,NA,NA,NA,NA,NA,NA,NA,16.000000,0.096414,16.000000,0.113580,
68,cube0,0.315152,520,0.000000,0.000000,0.001658,0.001658,3,0.000043,2,0.000034,1,0.000017,NA,NA,NA,NA,NA,NA,NA,NA,NA,NA,0.125000,0.125000,0.000000,0.000000,0.500000,0.003325,0.000000,0.000000,0.000000,0.000000,NA,NA,NA,NA,
68,vector0,NA,NA,NA,NA,NA,NA,NA,NA,NA,NA,NA,NA,1.518182,2505,0.212168,0.212168,0.215483,0.213825,2,0.005847,2,0.007179,16.250000,16.125000,NA,NA,NA,NA,NA,NA,NA,NA,16.000000,0.096414,16.000000,0.113580,
68,vector1,NA,NA,NA,NA,NA,NA,NA,NA,NA,NA,NA,NA,1.885455,3111,0.212168,0.212168,0.215483,0.213825,2,0.006948,2,0.003141,16.250000,16.125000,NA,NA,NA,NA,NA,NA,NA,NA,16.000000,0.096414,16.000000,0.113580,
69,cube0,0.351515,580,0.000000,0.000000,0.001658,0.001658,3,0.000043,2,0.000034,1,0.000017,NA,NA,NA,NA,NA,NA,NA,NA,NA,NA,0.125000,0.125000,0.000000,0.000000,0.500000,0.003325,0.000000,0.000000,0.000000,0.000000,NA,NA,NA,NA,
69,vector0,NA,NA,NA,NA,NA,NA,NA,NA,NA,NA,NA,NA,1.736970,2866,0.212168,0.212168,0.215483,0.213825,2,0.004405,2,0.006479,16.250000,16.125000,NA,NA,NA,NA,NA,NA,NA,NA,16.000000,0.096414,16.000000,0.113580,
69,vector1,NA,NA,NA,NA,NA,NA,NA,NA,NA,NA,NA,NA,1.689697,2788,0.212168,0.212168,0.215483,0.213825,2,0.006607,2,0.006718,16.250000,16.125000,NA,NA,NA,NA,NA,NA,NA,NA,16.000000,0.096414,16.000000,0.113580,
70,cube0,0.329697,544,0.000000,0.000000,0.001658,0.001658,3,0.000043,2,0.000034,1,0.000017,NA,NA,NA,NA,NA,NA,NA,NA,NA,NA,0.125000,0.125000,0.000000,0.000000,0.500000,0.003325,0.000000,0.000000,0.000000,0.000000,NA,NA,NA,NA,
70,vector0,NA,NA,NA,NA,NA,NA,NA,NA,NA,NA,NA,NA,1.373333,2266,0.212168,0.212168,0.215483,0.213825,2,0.003961,2,0.003150,16.250000,16.125000,NA,NA,NA,NA,NA,NA,NA,NA,16.000000,0.096414,16.000000,0.113580,
70,vector1,NA,NA,NA,NA,NA,NA,NA,NA,NA,NA,NA,NA,1.536364,2535,0.212168,0.212168,0.215483,0.213825,2,0.006120,2,0.003338,16.250000,16.125000,NA,NA,NA,NA,NA,NA,NA,NA,16.000000,0.096414,16.000000,0.113580,
71,cube0,0.376970,622,0.000000,0.000000,0.001658,0.001658,3,0.000043,2,0.000034,1,0.000017,NA,NA,NA,NA,NA,NA,NA,NA,NA,NA,0.125000,0.125000,0.000000,0.000000,0.500000,0.003325,0.000000,0.000000,0.000000,0.000000,NA,NA,NA,NA,
71,vector0,NA,NA,NA,NA,NA,NA,NA,NA,NA,NA,NA,NA,1.632121,2693,0.212168,0.212168,0.215483,0.213825,2,0.003781,2,0.006590,16.250000,16.125000,NA,NA,NA,NA,NA,NA,NA,NA,16.000000,0.096414,16.000000,0.113580,
71,vector1,NA,NA,NA,NA,NA,NA,NA,NA,NA,NA,NA,NA,1.651515,2725,0.212168,0.212168,0.215483,0.213825,2,0.005984,2,0.007810,16.250000,16.125000,NA,NA,NA,NA,NA,NA,NA,NA,16.000000,0.096414,16.000000,0.113580,
72,cube0,0.306061,505,0.000000,0.000000,0.001658,0.001658,3,0.000043,2,0.000034,1,0.000017,NA,NA,NA,NA,NA,NA,NA,NA,NA,NA,0.125000,0.125000,0.000000,0.000000,0.500000,0.003325,0.000000,0.000000,0.000000,0.000000,NA,NA,NA,NA,
72,vector0,NA,NA,NA,NA,NA,NA,NA,NA,NA,NA,NA,NA,1.460000,2409,0.212168,0.212168,0.215483,0.213825,2,0.004447,2,0.003474,16.250000,16.125000,NA,NA,NA,NA,NA,NA,NA,NA,16.000000,0.096414,16.000000,0.113580,
72,vector1,NA,NA,NA,NA,NA,NA,NA,NA,NA,NA,NA,NA,1.366061,2254,0.212168,0.212168,0.215483,0.213825,2,0.003969,2,0.003406,16.250000,16.125000,NA,NA,NA,NA,NA,NA,NA,NA,16.000000,0.096414,16.000000,0.113580,
73,cube0,0.308485,509,0.000000,0.000000,0.001658,0.001658,3,0.000043,2,0.000034,1,0.000017,NA,NA,NA,NA,NA,NA,NA,NA,NA,NA,0.125000,0.125000,0.000000,0.000000,0.500000,0.003325,0.000000,0.000000,0.000000,0.000000,NA,NA,NA,NA,
73,vector0,NA,NA,NA,NA,NA,NA,NA,NA,NA,NA,NA,NA,1.564849,2582,0.212168,0.212168,0.215483,0.213825,2,0.003944,2,0.007000,16.250000,16.125000,NA,NA,NA,NA,NA,NA,NA,NA,16.000000,0.096414,16.000000,0.113580,
73,vector1,NA,NA,NA,NA,NA,NA,NA,NA,NA,NA,NA,NA,1.421818,2346,0.212168,0.212168,0.215483,0.213825,2,0.002518,2,0.005489,16.250000,16.125000,NA,NA,NA,NA,NA,NA,NA,NA,16.000000,0.096414,16.000000,0.113580,
74,cube0,0.320000,528,0.000000,0.000000,0.001658,0.001658,3,0.000043,2,0.000034,1,0.000017,NA,NA,NA,NA,NA,NA,NA,NA,NA,NA,0.125000,0.125000,0.000000,0.000000,0.500000,0.003325,0.000000,0.000000,0.000000,0.000000,NA,NA,NA,NA,
74,vector0,NA,NA,NA,NA,NA,NA,NA,NA,NA,NA,NA,NA,1.552121,2561,0.212168,0.212168,0.215483,0.213825,2,0.006069,2,0.007247,16.250000,16.125000,NA,NA,NA,NA,NA,NA,NA,NA,16.000000,0.096414,16.000000,0.113580,
74,vector1,NA,NA,NA,NA,NA,NA,NA,NA,NA,NA,NA,NA,1.998182,3297,0.212168,0.212168,0.215483,0.213825,2,0.008715,2,0.007734,16.250000,16.125000,NA,NA,NA,NA,NA,NA,NA,NA,16.000000,0.096414,16.000000,0.113580,
75,cube0,0.360606,595,0.000000,0.000000,0.001658,0.001658,3,0.000043,2,0.000034,1,0.000017,NA,NA,NA,NA,NA,NA,NA,NA,NA,NA,0.125000,0.125000,0.000000,0.000000,0.500000,0.003325,0.000000,0.000000,0.000000,0.000000,NA,NA,NA,NA,
75,vector0,NA,NA,NA,NA,NA,NA,NA,NA,NA,NA,NA,NA,1.732727,2859,0.212168,0.212168,0.215483,0.213825,2,0.005045,2,0.006376,16.250000,16.125000,NA,NA,NA,NA,NA,NA,NA,NA,16.000000,0.096414,16.000000,0.113580,
75,vector1,NA,NA,NA,NA,NA,NA,NA,NA,NA,NA,NA,NA,1.597576,2636,0.212168,0.212168,0.215483,0.213825,2,0.006539,2,0.003269,16.250000,16.125000,NA,NA,NA,NA,NA,NA,NA,NA,16.000000,0.096414,16.000000,0.113580,
76,cube0,0.343636,567,0.000000,0.000000,0.001658,0.001658,3,0.000043,2,0.000034,1,0.000017,NA,NA,NA,NA,NA,NA,NA,NA,NA,NA,0.125000,0.125000,0.000000,0.000000,0.500000,0.003325,0.000000,0.000000,0.000000,0.000000,NA,NA,NA,NA,
76,vector0,NA,NA,NA,NA,NA,NA,NA,NA,NA,NA,NA,NA,1.555151,2566,0.212168,0.212168,0.215483,0.213825,2,0.006411,2,0.003235,16.250000,16.125000,NA,NA,NA,NA,NA,NA,NA,NA,16.000000,0.096414,16.000000,0.113580,
76,vector1,NA,NA,NA,NA,NA,NA,NA,NA,NA,NA,NA,NA,1.795758,2963,0.212168,0.212168,0.215483,0.213825,2,0.007350,2,0.006718,16.250000,16.125000,NA,NA,NA,NA,NA,NA,NA,NA,16.000000,0.096414,16.000000,0.113580,
77,cube0,0.304242,502,0.000000,0.000000,0.001658,0.001658,3,0.000043,2,0.000034,1,0.000017,NA,NA,NA,NA,NA,NA,NA,NA,NA,NA,0.125000,0.125000,0.000000,0.000000,0.500000,0.003325,0.000000,0.000000,0.000000,0.000000,NA,NA,NA,NA,
77,vector0,NA,NA,NA,NA,NA,NA,NA,NA,NA,NA,NA,NA,1.715758,2831,0.212168,0.212168,0.215483,0.213825,2,0.006650,2,0.006462,16.250000,16.125000,NA,NA,NA,NA,NA,NA,NA,NA,16.000000,0.096414,16.000000,0.113580,
77,vector1,NA,NA,NA,NA,NA,NA,NA,NA,NA,NA,NA,NA,1.569091,2589,0.212168,0.212168,0.215483,0.213825,2,0.006308,2,0.004627,16.250000,16.125000,NA,NA,NA,NA,NA,NA,NA,NA,16.000000,0.096414,16.000000,0.113580,
78,cube0,0.363636,600,0.000000,0.000000,0.001658,0.001658,3,0.000043,2,0.000034,1,0.000017,NA,NA,NA,NA,NA,NA,NA,NA,NA,NA,0.125000,0.125000,0.000000,0.000000,0.500000,0.003325,0.000000,0.000000,0.000000,0.000000,NA,NA,NA,NA,
78,vector0,NA,NA,NA,NA,NA,NA,NA,NA,NA,NA,NA,NA,1.648485,2720,0.212168,0.212168,0.215483,0.213825,2,0.007563,2,0.003252,16.250000,16.125000,NA,NA,NA,NA,NA,NA,NA,NA,16.000000,0.096414,16.000000,0.113580,
78,vector1,NA,NA,NA,NA,NA,NA,NA,NA,NA,NA,NA,NA,1.417576,2339,0.212168,0.212168,0.215483,0.213825,2,0.004652,2,0.003517,16.250000,16.125000,NA,NA,NA,NA,NA,NA,NA,NA,16.000000,0.096414,16.000000,0.113580,
79,cube0,0.348485,575,0.000000,0.000000,0.001658,0.001658,3,0.000043,2,0.000034,1,0.000017,NA,NA,NA,NA,NA,NA,NA,NA,NA,NA,0.125000,0.125000,0.000000,0.000000,0.500000,0.003325,0.000000,0.000000,0.000000,0.000000,NA,NA,NA,NA,
79,vector0,NA,NA,NA,NA,NA,NA,NA,NA,NA,NA,NA,NA,1.826667,3014,0.212168,0.212168,0.215483,0.213825,2,0.006991,2,0.006172,16.250000,16.125000,NA,NA,NA,NA,NA,NA,NA,NA,16.000000,0.096414,16.000000,0.113580,
79,vector1,NA,NA,NA,NA,NA,NA,NA,NA,NA,NA,NA,NA,1.672121,2759,0.212168,0.212168,0.215483,0.213825,2,0.004063,2,0.006189,16.250000,16.125000,NA,NA,NA,NA,NA,NA,NA,NA,16.000000,0.096414,16.000000,0.113580,
80,cube0,0.349091,576,0.000000,0.000000,0.001658,0.001658,3,0.000043,2,0.000034,1,0.000017,NA,NA,NA,NA,NA,NA,NA,NA,NA,NA,0.125000,0.125000,0.000000,0.000000,0.500000,0.003325,0.000000,0.000000,0.000000,0.000000,NA,NA,NA,NA,
80,vector0,NA,NA,NA,NA,NA,NA,NA,NA,NA,NA,NA,NA,1.519394,2507,0.212168,0.212168,0.215483,0.213825,2,0.005625,2,0.003167,16.250000,16.125000,NA,NA,NA,NA,NA,NA,NA,NA,16.000000,0.096414,16.000000,0.113580,
80,vector1,NA,NA,NA,NA,NA,NA,NA,NA,NA,NA,NA,NA,1.513939,2498,0.212168,0.212168,0.215483,0.213825,2,0.005770,2,0.007102,16.250000,16.125000,NA,NA,NA,NA,NA,NA,NA,NA,16.000000,0.096414,16.000000,0.113580,
81,cube0,0.289697,478,0.000000,0.000000,0.001658,0.001658,3,0.000043,2,0.000034,1,0.000017,NA,NA,NA,NA,NA,NA,NA,NA,NA,NA,0.125000,0.125000,0.000000,0.000000,0.500000,0.003325,0.000000,0.000000,0.000000,0.000000,NA,NA,NA,NA,
81,vector0,NA,NA,NA,NA,NA,NA,NA,NA,NA,NA,NA,NA,1.627273,2685,0.212168,0.212168,0.215483,0.213825,2,0.005062,2,0.005745,16.250000,16.125000,NA,NA,NA,NA,NA,NA,NA,NA,16.000000,0.096414,16.000000,0.113580,
81,vector1,NA,NA,NA,NA,NA,NA,NA,NA,NA,NA,NA,NA,1.614545,2664,0.212168,0.212168,0.215483,0.213825,2,0.004174,2,0.003167,16.250000,16.125000,NA,NA,NA,NA,NA,NA,NA,NA,16.000000,0.096414,16.000000,0.113580,
82,cube0,0.344848,569,0.000000,0.000000,0.001658,0.001658,3,0.000043,2,0.000034,1,0.000017,NA,NA,NA,NA,NA,NA,NA,NA,NA,NA,0.125000,0.125000,0.000000,0.000000,0.500000,0.003325,0.000000,0.000000,0.000000,0.000000,NA,NA,NA,NA,
82,vector0,NA,NA,NA,NA,NA,NA,NA,NA,NA,NA,NA,NA,1.468485,2423,0.212168,0.212168,0.215483,0.213825,2,0.005258,2,0.003218,16.250000,16.125000,NA,NA,NA,NA,NA,NA,NA,NA,16.000000,0.096414,16.000000,0.113580,
82,vector1,NA,NA,NA,NA,NA,NA,NA,NA,NA,NA,NA,NA,1.732121,2858,0.212168,0.212168,0.215483,0.213825,2,0.006504,2,0.003175,16.250000,16.125000,NA,NA,NA,NA,NA,NA,NA,NA,16.000000,0.096414,16.000000,0.113580,
83,cube0,0.292727,483,0.000000,0.000000,0.001658,0.001658,3,0.000043,2,0.000034,1,0.000017,NA,NA,NA,NA,NA,NA,NA,NA,NA,NA,0.125000,0.125000,0.000000,0.000000,0.500000,0.003325,0.000000,0.000000,0.000000,0.000000,NA,NA,NA,NA,
83,vector0,NA,NA,NA,NA,NA,NA,NA,NA,NA,NA,NA,NA,1.617576,2669,0.212168,0.212168,0.215483,0.213825,2,0.004994,2,0.005941,16.250000,16.125000,NA,NA,NA,NA,NA,NA,NA,NA,16.000000,0.096414,16.000000,0.113580,
83,vector1,NA,NA,NA,NA,NA,NA,NA,NA,NA,NA,NA,NA,1.520606,2509,0.212168,0.212168,0.215483,0.213825,2,0.005950,2,0.005583,16.250000,16.125000,NA,NA,NA,NA,NA,NA,NA,NA,16.000000,0.096414,16.000000,0.113580,
84,cube0,0.364848,602,0.000000,0.000000,0.001658,0.001658,3,0.000043,2,0.000034,1,0.000017,NA,NA,NA,NA,NA,NA,NA,NA,NA,NA,0.125000,0.125000,0.000000,0.000000,0.500000,0.003325,0.000000,0.000000,0.000000,0.000000,NA,NA,NA,NA,
84,vector0,NA,NA,NA,NA,NA,NA,NA,NA,NA,NA,NA,NA,1.480000,2442,0.212168,0.212168,0.215483,0.213825,2,0.005514,2,0.003141,16.250000,16.125000,NA,NA,NA,NA,NA,NA,NA,NA,16.000000,0.096414,16.000000,0.113580,
84,vector1,NA,NA,NA,NA,NA,NA,NA,NA,NA,NA,NA,NA,1.541212,2543,0.212168,0.212168,0.215483,0.213825,2,0.006095,2,0.003406,16.250000,16.125000,NA,NA,NA,NA,NA,NA,NA,NA,16.000000,0.096414,16.000000,0.113580,
85,cube0,0.323636,534,0.000000,0.000000,0.001658,0.001658,3,0.000043,2,0.000034,1,0.000017,NA,NA,NA,NA,NA,NA,NA,NA,NA,NA,0.125000,0.125000,0.000000,0.000000,0.500000,0.003325,0.000000,0.000000,0.000000,0.000000,NA,NA,NA,NA,
85,vector0,NA,NA,NA,NA,NA,NA,NA,NA,NA,NA,NA,NA,1.648485,2720,0.212168,0.212168,0.215483,0.213825,2,0.004968,2,0.006018,16.250000,16.125000,NA,NA,NA,NA,NA,NA,NA,NA,16.000000,0.096414,16.000000,0.113580,
85,vector1,NA,NA,NA,NA,NA,NA,NA,NA,NA,NA,NA,NA,1.807273,2982,0.212168,0.212168,0.215483,0.213825,2,0.006308,2,0.007700,16.250000,16.125000,NA,NA,NA,NA,NA,NA,NA,NA,16.000000,0.096414,16.000000,0.113580,
86,cube0,0.311515,514,0.000000,0.000000,0.001658,0.001658,3,0.000043,2,0.000034,1,0.000017,NA,NA,NA,NA,NA,NA,NA,NA,NA,NA,0.125000,0.125000,0.000000,0.000000,0.500000,0.003325,0.000000,0.000000,0.000000,0.000000,NA,NA,NA,NA,
86,vector0,NA,NA,NA,NA,NA,NA,NA,NA,NA,NA,NA,NA,1.481818,2445,0.212168,0.212168,0.215483,0.213825,2,0.005275,2,0.003286,16.250000,16.125000,NA,NA,NA,NA,NA,NA,NA,NA,16.000000,0.096414,16.000000,0.113580,
86,vector1,NA,NA,NA,NA,NA,NA,NA,NA,NA,NA,NA,NA,1.666667,2750,0.212168,0.212168,0.215483,0.213825,2,0.007879,2,0.003261,16.250000,16.125000,NA,NA,NA,NA,NA,NA,NA,NA,16.000000,0.096414,16.000000,0.113580,
87,cube0,0.341212,563,0.000000,0.000000,0.001658,0.001658,3,0.000043,2,0.000034,1,0.000017,NA,NA,NA,NA,NA,NA,NA,NA,NA,NA,0.125000,0.125000,0.000000,0.000000,0.500000,0.003325,0.000000,0.000000,0.000000,0.000000,NA,NA,NA,NA,
87,vector0,NA,NA,NA,NA,NA,NA,NA,NA,NA,NA,NA,NA,1.447879,2389,0.212168,0.212168,0.215483,0.213825,2,0.003167,2,0.007170,16.250000,16.125000,NA,NA,NA,NA,NA,NA,NA,NA,16.000000,0.096414,16.000000,0.113580,
87,vector1,NA,NA,NA,NA,NA,NA,NA,NA,NA,NA,NA,NA,1.619394,2672,0.212168,0.212168,0.215483,0.213825,2,0.005216,2,0.007102,16.250000,16.125000,NA,NA,NA,NA,NA,NA,NA,NA,16.000000,0.096414,16.000000,0.113580,
88,cube0,0.315758,521,0.000000,0.000000,0.001658,0.001658,3,0.000043,2,0.000034,1,0.000017,NA,NA,NA,NA,NA,NA,NA,NA,NA,NA,0.125000,0.125000,0.000000,0.000000,0.500000,0.003325,0.000000,0.000000,0.000000,0.000000,NA,NA,NA,NA,
88,vector0,NA,NA,NA,NA,NA,NA,NA,NA,NA,NA,NA,NA,1.489091,2457,0.212168,0.212168,0.215483,0.213825,2,0.005685,2,0.003269,16.250000,16.125000,NA,NA,NA,NA,NA,NA,NA,NA,16.000000,0.096414,16.000000,0.113580,
88,vector1,NA,NA,NA,NA,NA,NA,NA,NA,NA,NA,NA,NA,1.598182,2637,0.212168,0.212168,0.215483,0.213825,2,0.006795,2,0.003329,16.250000,16.125000,NA,NA,NA,NA,NA,NA,NA,NA,16.000000,0.096414,16.000000,0.113580,
89,cube0,0.352121,581,0.000000,0.000000,0.001658,0.001658,3,0.000043,2,0.000034,1,0.000017,NA,NA,NA,NA,NA,NA,NA,NA,NA,NA,0.125000,0.125000,0.000000,0.000000,0.500000,0.003325,0.000000,0.000000,0.000000,0.000000,NA,NA,NA,NA,
89,vector0,NA,NA,NA,NA,NA,NA,NA,NA,NA,NA,NA,NA,1.601212,2642,0.212168,0.212168,0.215483,0.213825,2,0.004106,2,0.005736,16.250000,16.125000,NA,NA,NA,NA,NA,NA,NA,NA,16.000000,0.096414,16.000000,0.113580,
89,vector1,NA,NA,NA,NA,NA,NA,NA,NA,NA,NA,NA,NA,1.771515,2923,0.212168,0.212168,0.215483,0.213825,2,0.005437,2,0.005472,16.250000,16.125000,NA,NA,NA,NA,NA,NA,NA,NA,16.000000,0.096414,16.000000,0.113580,
90,cube0,0.327879,541,0.000000,0.000000,0.001658,0.001658,3,0.000043,2,0.000034,1,0.000017,NA,NA,NA,NA,NA,NA,NA,NA,NA,NA,0.125000,0.125000,0.000000,0.000000,0.500000,0.003325,0.000000,0.000000,0.000000,0.000000,NA,NA,NA,NA,
90,vector0,NA,NA,NA,NA,NA,NA,NA,NA,NA,NA,NA,NA,1.760606,2905,0.212168,0.212168,0.215483,0.213825,2,0.006248,2,0.003380,16.250000,16.125000,NA,NA,NA,NA,NA,NA,NA,NA,16.000000,0.096414,16.000000,0.113580,
90,vector1,NA,NA,NA,NA,NA,NA,NA,NA,NA,NA,NA,NA,1.902424,3139,0.212168,0.212168,0.215483,0.213825,2,0.006726,2,0.003534,16.250000,16.125000,NA,NA,NA,NA,NA,NA,NA,NA,16.000000,0.096414,16.000000,0.113580,
91,cube0,0.383030,632,0.000000,0.000000,0.001658,0.001658,3,0.000043,2,0.000034,1,0.000017,NA,NA,NA,NA,NA,NA,NA,NA,NA,NA,0.125000,0.125000,0.000000,0.000000,0.500000,0.003325,0.000000,0.000000,0.000000,0.000000,NA,NA,NA,NA,
91,vector0,NA,NA,NA,NA,NA,NA,NA,NA,NA,NA,NA,NA,1.529091,2523,0.212168,0.212168,0.215483,0.213825,2,0.006197,2,0.006726,16.250000,16.125000,NA,NA,NA,NA,NA,NA,NA,NA,16.000000,0.096414,16.000000,0.113580,
91,vector1,NA,NA,NA,NA,NA,NA,NA,NA,NA,NA,NA,NA,1.550303,2558,0.212168,0.212168,0.215483,0.213825,2,0.006078,2,0.005130,16.250000,16.125000,NA,NA,NA,NA,NA,NA,NA,NA,16.000000,0.096414,16.000000,0.113580,
92,cube0,0.306667,506,0.000000,0.000000,0.001658,0.001658,3,0.000043,2,0.000034,1,0.000017,NA,NA,NA,NA,NA,NA,NA,NA,NA,NA,0.125000,0.125000,0.000000,0.000000,0.500000,0.003325,0.000000,0.000000,0.000000,0.000000,NA,NA,NA,NA,
92,vector0,NA,NA,NA,NA,NA,NA,NA,NA,NA,NA,NA,NA,1.579394,2606,0.212168,0.212168,0.215483,0.213825,2,0.006761,2,0.003440,16.250000,16.125000,NA,NA,NA,NA,NA,NA,NA,NA,16.000000,0.096414,16.000000,0.113580,
92,vector1,NA,NA,NA,NA,NA,NA,NA,NA,NA,NA,NA,NA,1.558182,2571,0.212168,0.212168,0.215483,0.213825,2,0.005950,2,0.003261,16.250000,16.125000,NA,NA,NA,NA,NA,NA,NA,NA,16.000000,0.096414,16.000000,0.113580,
93,cube0,0.309091,510,0.000000,0.000000,0.001658,0.001658,3,0.000043,2,0.000034,1,0.000017,NA,NA,NA,NA,NA,NA,NA,NA,NA,NA,0.125000,0.125000,0.000000,0.000000,0.500000,0.003325,0.000000,0.000000,0.000000,0.000000,NA,NA,NA,NA,
93,vector0,NA,NA,NA,NA,NA,NA,NA,NA,NA,NA,NA,NA,1.511515,2494,0.212168,0.212168,0.215483,0.213825,2,0.003184,2,0.006214,16.250000,16.125000,NA,NA,NA,NA,NA,NA,NA,NA,16.000000,0.096414,16.000000,0.113580,
93,vector1,NA,NA,NA,NA,NA,NA,NA,NA,NA,NA,NA,NA,1.505455,2484,0.212168,0.212168,0.215483,0.213825,2,0.002757,2,0.005472,16.250000,16.125000,NA,NA,NA,NA,NA,NA,NA,NA,16.000000,0.096414,16.000000,0.113580,
94,cube0,0.317576,524,0.000000,0.000000,0.001658,0.001658,3,0.000043,2,0.000034,1,0.000017,NA,NA,NA,NA,NA,NA,NA,NA,NA,NA,0.125000,0.125000,0.000000,0.000000,0.500000,0.003325,0.000000,0.000000,0.000000,0.000000,NA,NA,NA,NA,
94,vector0,NA,NA,NA,NA,NA,NA,NA,NA,NA,NA,NA,NA,1.427273,2355,0.212168,0.212168,0.215483,0.213825,2,0.004140,2,0.003133,16.250000,16.125000,NA,NA,NA,NA,NA,NA,NA,NA,16.000000,0.096414,16.000000,0.113580,
94,vector1,NA,NA,NA,NA,NA,NA,NA,NA,NA,NA,NA,NA,1.825455,3012,0.212168,0.212168,0.215483,0.213825,2,0.006120,2,0.003261,16.250000,16.125000,NA,NA,NA,NA,NA,NA,NA,NA,16.000000,0.096414,16.000000,0.113580,
95,cube0,0.348485,575,0.000000,0.000000,0.001658,0.001658,3,0.000043,2,0.000034,1,0.000017,NA,NA,NA,NA,NA,NA,NA,NA,NA,NA,0.125000,0.125000,0.000000,0.000000,0.500000,0.003325,0.000000,0.000000,0.000000,0.000000,NA,NA,NA,NA,
95,vector0,NA,NA,NA,NA,NA,NA,NA,NA,NA,NA,NA,NA,1.590909,2625,0.212168,0.212168,0.215483,0.213825,2,0.003244,2,0.004942,16.250000,16.125000,NA,NA,NA,NA,NA,NA,NA,NA,16.000000,0.096414,16.000000,0.113580,
95,vector1,NA,NA,NA,NA,NA,NA,NA,NA,NA,NA,NA,NA,1.553939,2564,0.212168,0.212168,0.215483,0.213825,2,0.003602,2,0.006419,16.250000,16.125000,NA,NA,NA,NA,NA,NA,NA,NA,16.000000,0.096414,16.000000,0.113580,
96,cube0,0.340000,561,0.000000,0.000000,0.001658,0.001658,3,0.000043,2,0.000034,1,0.000017,NA,NA,NA,NA,NA,NA,NA,NA,NA,NA,0.125000,0.125000,0.000000,0.000000,0.500000,0.003325,0.000000,0.000000,0.000000,0.000000,NA,NA,NA,NA,
96,vector0,NA,NA,NA,NA,NA,NA,NA,NA,NA,NA,NA,NA,1.461818,2412,0.212168,0.212168,0.215483,0.213825,2,0.005036,2,0.003542,16.250000,16.125000,NA,NA,NA,NA,NA,NA,NA,NA,16.000000,0.096414,16.000000,0.113580,
96,vector1,NA,NA,NA,NA,NA,NA,NA,NA,NA,NA,NA,NA,1.432121,2363,0.212168,0.212168,0.215483,0.213825,2,0.004558,2,0.003551,16.250000,16.125000,NA,NA,NA,NA,NA,NA,NA,NA,16.000000,0.096414,16.000000,0.113580,
97,cube0,0.312727,516,0.000000,0.000000,0.001658,0.001658,3,0.000043,2,0.000034,1,0.000017,NA,NA,NA,NA,NA,NA,NA,NA,NA,NA,0.125000,0.125000,0.000000,0.000000,0.500000,0.003325,0.000000,0.000000,0.000000,0.000000,NA,NA,NA,NA,
97,vector0,NA,NA,NA,NA,NA,NA,NA,NA,NA,NA,NA,NA,1.524242,2515,0.212168,0.212168,0.215483,0.213825,2,0.004055,2,0.007281,16.250000,16.125000,NA,NA,NA,NA,NA,NA,NA,NA,16.000000,0.096414,16.000000,0.113580,
97,vector1,NA,NA,NA,NA,NA,NA,NA,NA,NA,NA,NA,NA,1.586667,2618,0.212168,0.212168,0.215483,0.213825,2,0.003013,2,0.005412,16.250000,16.125000,NA,NA,NA,NA,NA,NA,NA,NA,16.000000,0.096414,16.000000,0.113580,
98,cube0,0.358182,591,0.000000,0.000000,0.001658,0.001658,3,0.000043,2,0.000034,1,0.000017,NA,NA,NA,NA,NA,NA,NA,NA,NA,NA,0.125000,0.125000,0.000000,0.000000,0.500000,0.003325,0.000000,0.000000,0.000000,0.000000,NA,NA,NA,NA,
98,vector0,NA,NA,NA,NA,NA,NA,NA,NA,NA,NA,NA,NA,1.375152,2269,0.212168,0.212168,0.215483,0.213825,2,0.004174,2,0.006906,16.250000,16.125000,NA,NA,NA,NA,NA,NA,NA,NA,16.000000,0.096414,16.000000,0.113580,
98,vector1,NA,NA,NA,NA,NA,NA,NA,NA,NA,NA,NA,NA,1.502424,2479,0.212168,0.212168,0.215483,0.213825,2,0.005472,2,0.006044,16.250000,16.125000,NA,NA,NA,NA,NA,NA,NA,NA,16.000000,0.096414,16.000000,0.113580,
99,cube0,0.349091,576,0.000000,0.000000,0.001658,0.001658,3,0.000043,2,0.000034,1,0.000017,NA,NA,NA,NA,NA,NA,NA,NA,NA,NA,0.125000,0.125000,0.000000,0.000000,0.500000,0.003325,0.000000,0.000000,0.000000,0.000000,NA,NA,NA,NA,
99,vector0,NA,NA,NA,NA,NA,NA,NA,NA,NA,NA,NA,NA,1.581212,2609,0.212168,0.212168,0.215483,0.213825,2,0.003047,2,0.003474,16.250000,16.125000,NA,NA,NA,NA,NA,NA,NA,NA,16.000000,0.096414,16.000000,0.113580,
99,vector1,NA,NA,NA,NA,NA,NA,NA,NA,NA,NA,NA,NA,1.663030,2744,0.212168,0.212168,0.215483,0.213825,2,0.005412,2,0.003150,16.250000,16.125000,NA,NA,NA,NA,NA,NA,NA,NA,16.000000,0.096414,16.000000,0.113580,
100,cube0,0.347273,573,0.000000,0.000000,0.001658,0.001658,3,0.000043,2,0.000034,1,0.000017,NA,NA,NA,NA,NA,NA,NA,NA,NA,NA,0.125000,0.125000,0.000000,0.000000,0.500000,0.003325,0.000000,0.000000,0.000000,0.000000,NA,NA,NA,NA,
100,vector0,NA,NA,NA,NA,NA,NA,NA,NA,NA,NA,NA,NA,1.447879,2389,0.212168,0.212168,0.215483,0.213825,2,0.005079,2,0.003210,16.250000,16.125000,NA,NA,NA,NA,NA,NA,NA,NA,16.000000,0.096414,16.000000,0.113580,
100,vector1,NA,NA,NA,NA,NA,NA,NA,NA,NA,NA,NA,NA,1.482424,2446,0.212168,0.212168,0.215483,0.213825,2,0.005420,2,0.003406,16.250000,16.125000,NA,NA,NA,NA,NA,NA,NA,NA,16.000000,0.096414,16.000000,0.113580,
101,cube0,0.289091,477,0.000000,0.000000,0.001658,0.001658,3,0.000043,2,0.000034,1,0.000017,NA,NA,NA,NA,NA,NA,NA,NA,NA,NA,0.125000,0.125000,0.000000,0.000000,0.500000,0.003325,0.000000,0.000000,0.000000,0.000000,NA,NA,NA,NA,
101,vector0,NA,NA,NA,NA,NA,NA,NA,NA,NA,NA,NA,NA,1.541212,2543,0.212168,0.212168,0.215483,0.213825,2,0.003218,2,0.006001,16.250000,16.125000,NA,NA,NA,NA,NA,NA,NA,NA,16.000000,0.096414,16.000000,0.113580,
101,vector1,NA,NA,NA,NA,NA,NA,NA,NA,NA,NA,NA,NA,1.575152,2599,0.212168,0.212168,0.215483,0.213825,2,0.004720,2,0.007008,16.250000,16.125000,NA,NA,NA,NA,NA,NA,NA,NA,16.000000,0.096414,16.000000,0.113580,
102,cube0,0.344848,569,0.000000,0.000000,0.001658,0.001658,3,0.000043,2,0.000034,1,0.000017,NA,NA,NA,NA,NA,NA,NA,NA,NA,NA,0.125000,0.125000,0.000000,0.000000,0.500000,0.003325,0.000000,0.000000,0.000000,0.000000,NA,NA,NA,NA,
102,vector0,NA,NA,NA,NA,NA,NA,NA,NA,NA,NA,NA,NA,1.378182,2274,0.212168,0.212168,0.215483,0.213825,2,0.003918,2,0.003201,16.250000,16.125000,NA,NA,NA,NA,NA,NA,NA,NA,16.000000,0.096414,16.000000,0.113580,
102,vector1,NA,NA,NA,NA,NA,NA,NA,NA,NA,NA,NA,NA,1.474545,2433,0.212168,0.212168,0.215483,0.213825,2,0.005216,2,0.003167,16.250000,16.125000,NA,NA,NA,NA,NA,NA,NA,NA,16.000000,0.096414,16.000000,0.113580,
103,cube0,0.292121,482,0.000000,0.000000,0.001658,0.001658,3,0.000043,2,0.000034,1,0.000017,NA,NA,NA,NA,NA,NA,NA,NA,NA,NA,0.125000,0.125000,0.000000,0.000000,0.500000,0.003325,0.000000,0.000000,0.000000,0.000000,NA,NA,NA,NA,
103,vector0,NA,NA,NA,NA,NA,NA,NA,NA,NA,NA,NA,NA,1.649091,2721,0.212168,0.212168,0.215483,0.213825,2,0.003380,2,0.007017,16.250000,16.125000,NA,NA,NA,NA,NA,NA,NA,NA,16.000000,0.096414,16.000000,0.113580,
103,vector1,NA,NA,NA,NA,NA,NA,NA,NA,NA,NA,NA,NA,1.719394,2837,0.212168,0.212168,0.215483,0.213825,2,0.005770,2,0.005216,16.250000,16.125000,NA,NA,NA,NA,NA,NA,NA,NA,16.000000,0.096414,16.000000,0.113580,
104,cube0,0.369091,609,0.000000,0.000000,0.001658,0.001658,3,0.000043,2,0.000034,1,0.000017,NA,NA,NA,NA,NA,NA,NA,NA,NA,NA,0.125000,0.125000,0.000000,0.000000,0.500000,0.003325,0.000000,0.000000,0.000000,0.000000,NA,NA,NA,NA,
104,vector0,NA,NA,NA,NA,NA,NA,NA,NA,NA,NA,NA,NA,1.537576,2537,0.212168,0.212168,0.215483,0.213825,2,0.005992,2,0.003346,16.250000,16.125000,NA,NA,NA,NA,NA,NA,NA,NA,16.000000,0.096414,16.000000,0.113580,
104,vector1,NA,NA,NA,NA,NA,NA,NA,NA,NA,NA,NA,NA,1.548485,2555,0.212168,0.212168,0.215483,0.213825,2,0.006103,2,0.003457,16.250000,16.125000,NA,NA,NA,NA,NA,NA,NA,NA,16.000000,0.096414,16.000000,0.113580,
105,cube0,0.324242,535,0.000000,0.000000,0.001658,0.001658,3,0.000043,2,0.000034,1,0.000017,NA,NA,NA,NA,NA,NA,NA,NA,NA,NA,0.125000,0.125000,0.000000,0.000000,0.500000,0.003325,0.000000,0.000000,0.000000,0.000000,NA,NA,NA,NA,
105,vector0,NA,NA,NA,NA,NA,NA,NA,NA,NA,NA,NA,NA,1.904848,3143,0.212168,0.212168,0.215483,0.213825,2,0.005318,2,0.007401,16.250000,16.125000,NA,NA,NA,NA,NA,NA,NA,NA,16.000000,0.096414,16.000000,0.113580,
105,vector1,NA,NA,NA,NA,NA,NA,NA,NA,NA,NA,NA,NA,1.751515,2890,0.212168,0.212168,0.215483,0.213825,2,0.005233,2,0.005864,16.250000,16.125000,NA,NA,NA,NA,NA,NA,NA,NA,16.000000,0.096414,16.000000,0.113580,
106,cube0,0.313939,518,0.000000,0.000000,0.001658,0.001658,3,0.000043,2,0.000034,1,0.000017,NA,NA,NA,NA,NA,NA,NA,NA,NA,NA,0.125000,0.125000,0.000000,0.000000,0.500000,0.003325,0.000000,0.000000,0.000000,0.000000,NA,NA,NA,NA,
106,vector0,NA,NA,NA,NA,NA,NA,NA,NA,NA,NA,NA,NA,1.599394,2639,0.212168,0.212168,0.215483,0.213825,2,0.006633,2,0.003303,16.250000,16.125000,NA,NA,NA,NA,NA,NA,NA,NA,16.000000,0.096414,16.000000,0.113580,
106,vector1,NA,NA,NA,NA,NA,NA,NA,NA,NA,NA,NA,NA,1.643030,2711,0.212168,0.212168,0.215483,0.213825,2,0.007836,2,0.003372,16.250000,16.125000,NA,NA,NA,NA,NA,NA,NA,NA,16.000000,0.096414,16.000000,0.113580,
107,cube0,0.338788,559,0.000000,0.000000,0.001658,0.001658,3,0.000043,2,0.000034,1,0.000017,NA,NA,NA,NA,NA,NA,NA,NA,NA,NA,0.125000,0.125000,0.000000,0.000000,0.500000,0.003325,0.000000,0.000000,0.000000,0.000000,NA,NA,NA,NA,
107,vector0,NA,NA,NA,NA,NA,NA,NA,NA,NA,NA,NA,NA,1.756364,2898,0.212168,0.212168,0.215483,0.213825,2,0.005181,2,0.006667,16.250000,16.125000,NA,NA,NA,NA,NA,NA,NA,NA,16.000000,0.096414,16.000000,0.113580,
107,vector1,NA,NA,NA,NA,NA,NA,NA,NA,NA,NA,NA,NA,1.725455,2847,0.212168,0.212168,0.215483,0.213825,2,0.005566,2,0.005694,16.250000,16.125000,NA,NA,NA,NA,NA,NA,NA,NA,16.000000,0.096414,16.000000,0.113580,
108,cube0,0.315758,521,0.000000,0.000000,0.001658,0.001658,3,0.000043,2,0.000034,1,0.000017,NA,NA,NA,NA,NA,NA,NA,NA,NA,NA,0.125000,0.125000,0.000000,0.000000,0.500000,0.003325,0.000000,0.000000,0.000000,0.000000,NA,NA,NA,NA,
108,vector0,NA,NA,NA,NA,NA,NA,NA,NA,NA,NA,NA,NA,1.518788,2506,0.212168,0.212168,0.215483,0.213825,2,0.005557,2,0.003363,16.250000,16.125000,NA,NA,NA,NA,NA,NA,NA,NA,16.000000,0.096414,16.000000,0.113580,
108,vector1,NA,NA,NA,NA,NA,NA,NA,NA,NA,NA,NA,NA,1.405455,2319,0.212168,0.212168,0.215483,0.213825,2,0.004217,2,0.003303,16.250000,16.125000,NA,NA,NA,NA,NA,NA,NA,NA,16.000000,0.096414,16.000000,0.113580,
109,cube0,0.353333,583,0.000000,0.000000,0.001658,0.001658,3,0.000043,2,0.000034,1,0.000017,NA,NA,NA,NA,NA,NA,NA,NA,NA,NA,0.125000,0.125000,0.000000,0.000000,0.500000,0.003325,0.000000,0.000000,0.000000,0.000000,NA,NA,NA,NA,
109,vector0,NA,NA,NA,NA,NA,NA,NA,NA,NA,NA,NA,NA,1.746667,2882,0.212168,0.212168,0.215483,0.213825,2,0.005378,2,0.007452,16.250000,16.125000,NA,NA,NA,NA,NA,NA,NA,NA,16.000000,0.096414,16.000000,0.113580,
109,vector1,NA,NA,NA,NA,NA,NA,NA,NA,NA,NA,NA,NA,1.702424,2809,0.212168,0.212168,0.215483,0.213825,2,0.005096,2,0.005497,16.250000,16.125000,NA,NA,NA,NA,NA,NA,NA,NA,16.000000,0.096414,16.000000,0.113580,
110,cube0,0.326667,539,0.000000,0.000000,0.001658,0.001658,3,0.000043,2,0.000034,1,0.000017,NA,NA,NA,NA,NA,NA,NA,NA,NA,NA,0.125000,0.125000,0.000000,0.000000,0.500000,0.003325,0.000000,0.000000,0.000000,0.000000,NA,NA,NA,NA,
110,vector0,NA,NA,NA,NA,NA,NA,NA,NA,NA,NA,NA,NA,1.515152,2500,0.212168,0.212168,0.215483,0.213825,2,0.006061,2,0.003491,16.250000,16.125000,NA,NA,NA,NA,NA,NA,NA,NA,16.000000,0.096414,16.000000,0.113580,
110,vector1,NA,NA,NA,NA,NA,NA,NA,NA,NA,NA,NA,NA,1.552727,2562,0.212168,0.212168,0.215483,0.213825,2,0.006701,2,0.003278,16.250000,16.125000,NA,NA,NA,NA,NA,NA,NA,NA,16.000000,0.096414,16.000000,0.113580,
111,cube0,0.375758,620,0.000000,0.000000,0.001658,0.001658,3,0.000043,2,0.000034,1,0.000017,NA,NA,NA,NA,NA,NA,NA,NA,NA,NA,0.125000,0.125000,0.000000,0.000000,0.500000,0.003325,0.000000,0.000000,0.000000,0.000000,NA,NA,NA,NA,
111,vector0,NA,NA,NA,NA,NA,NA,NA,NA,NA,NA,NA,NA,1.653333,2728,0.212168,0.212168,0.215483,0.213825,2,0.003491,2,0.006573,16.250000,16.125000,NA,NA,NA,NA,NA,NA,NA,NA,16.000000,0.096414,16.000000,0.113580,
111,vector1,NA,NA,NA,NA,NA,NA,NA,NA,NA,NA,NA,NA,1.623030,2678,0.212168,0.212168,0.215483,0.213825,2,0.004200,2,0.005062,16.250000,16.125000,NA,NA,NA,NA,NA,NA,NA,NA,16.000000,0.096414,16.000000,0.113580,
112,cube0,0.306667,506,0.000000,0.000000,0.001658,0.001658,3,0.000043,2,0.000034,1,0.000017,NA,NA,NA,NA,NA,NA,NA,NA,NA,NA,0.125000,0.125000,0.000000,0.000000,0.500000,0.003325,0.000000,0.000000,0.000000,0.000000,NA,NA,NA,NA,
112,vector0,NA,NA,NA,NA,NA,NA,NA,NA,NA,NA,NA,NA,1.566061,2584,0.212168,0.212168,0.215483,0.213825,2,0.007000,2,0.003303,16.250000,16.125000,NA,NA,NA,NA,NA,NA,NA,NA,16.000000,0.096414,16.000000,0.113580,
112,vector1,NA,NA,NA,NA,NA,NA,NA,NA,NA,NA,NA,NA,1.524848,2516,0.212168,0.212168,0.215483,0.213825,2,0.005753,2,0.003474,16.250000,16.125000,NA,NA,NA,NA,NA,NA,NA,NA,16.000000,0.096414,16.000000,0.113580,
113,cube0,0.311515,514,0.000000,0.000000,0.001658,0.001658,3,0.000043,2,0.000034,1,0.000017,NA,NA,NA,NA,NA,NA,NA,NA,NA,NA,0.125000,0.125000,0.000000,0.000000,0.500000,0.003325,0.000000,0.000000,0.000000,0.000000,NA,NA,NA,NA,
113,vector0,NA,NA,NA,NA,NA,NA,NA,NA,NA,NA,NA,NA,1.818788,3001,0.212168,0.212168,0.215483,0.213825,2,0.006436,2,0.006564,16.250000,16.125000,NA,NA,NA,NA,NA,NA,NA,NA,16.000000,0.096414,16.000000,0.113580,
113,vector1,NA,NA,NA,NA,NA,NA,NA,NA,NA,NA,NA,NA,1.691515,2791,0.212168,0.212168,0.215483,0.213825,2,0.005984,2,0.006496,16.250000,16.125000,NA,NA,NA,NA,NA,NA,NA,NA,16.000000,0.096414,16.000000,0.113580,
114,cube0,0.321818,531,0.000000,0.000000,0.001658,0.001658,3,0.000043,2,0.000034,1,0.000017,NA,NA,NA,NA,NA,NA,NA,NA,NA,NA,0.125000,0.125000,0.000000,0.000000,0.500000,0.003325,0.000000,0.000000,0.000000,0.000000,NA,NA,NA,NA,
114,vector0,NA,NA,NA,NA,NA,NA,NA,NA,NA,NA,NA,NA,1.870303,3086,0.212168,0.212168,0.215483,0.213825,2,0.007896,2,0.007256,16.250000,16.125000,NA,NA,NA,NA,NA,NA,NA,NA,16.000000,0.096414,16.000000,0.113580,
114,vector1,NA,NA,NA,NA,NA,NA,NA,NA,NA,NA,NA,NA,1.379394,2276,0.212168,0.212168,0.215483,0.213825,2,0.004149,2,0.006829,16.250000,16.125000,NA,NA,NA,NA,NA,NA,NA,NA,16.000000,0.096414,16.000000,0.113580,
115,cube0,0.349091,576,0.000000,0.000000,0.001658,0.001658,3,0.000043,2,0.000034,1,0.000017,NA,NA,NA,NA,NA,NA,NA,NA,NA,NA,0.125000,0.125000,0.000000,0.000000,0.500000,0.003325,0.000000,0.000000,0.000000,0.000000,NA,NA,NA,NA,
115,vector0,NA,NA,NA,NA,NA,NA,NA,NA,NA,NA,NA,NA,1.495152,2467,0.212168,0.212168,0.215483,0.213825,2,0.005864,2,0.006376,16.250000,16.125000,NA,NA,NA,NA,NA,NA,NA,NA,16.000000,0.096414,16.000000,0.113580,
115,vector1,NA,NA,NA,NA,NA,NA,NA,NA,NA,NA,NA,NA,1.568485,2588,0.212168,0.212168,0.215483,0.213825,2,0.002663,2,0.003286,16.250000,16.125000,NA,NA,NA,NA,NA,NA,NA,NA,16.000000,0.096414,16.000000,0.113580,
116,cube0,0.336970,556,0.000000,0.000000,0.001658,0.001658,3,0.000043,2,0.000034,1,0.000017,NA,NA,NA,NA,NA,NA,NA,NA,NA,NA,0.125000,0.125000,0.000000,0.000000,0.500000,0.003325,0.000000,0.000000,0.000000,0.000000,NA,NA,NA,NA,
116,vector0,NA,NA,NA,NA,NA,NA,NA,NA,NA,NA,NA,NA,1.381212,2279,0.212168,0.212168,0.215483,0.213825,2,0.004012,2,0.003295,16.250000,16.125000,NA,NA,NA,NA,NA,NA,NA,NA,16.000000,0.096414,16.000000,0.113580,
116,vector1,NA,NA,NA,NA,NA,NA,NA,NA,NA,NA,NA,NA,1.847273,3048,0.212168,0.212168,0.215483,0.213825,2,0.006658,2,0.003286,16.250000,16.125000,NA,NA,NA,NA,NA,NA,NA,NA,16.000000,0.096414,16.000000,0.113580,
117,cube0,0.302424,499,0.000000,0.000000,0.001658,0.001658,3,0.000043,2,0.000034,1,0.000017,NA,NA,NA,NA,NA,NA,NA,NA,NA,NA,0.125000,0.125000,0.000000,0.000000,0.500000,0.003325,0.000000,0.000000,0.000000,0.000000,NA,NA,NA,NA,
117,vector0,NA,NA,NA,NA,NA,NA,NA,NA,NA,NA,NA,NA,1.493939,2465,0.212168,0.212168,0.215483,0.213825,2,0.003406,2,0.007017,16.250000,16.125000,NA,NA,NA,NA,NA,NA,NA,NA,16.000000,0.096414,16.000000,0.113580,
117,vector1,NA,NA,NA,NA,NA,NA,NA,NA,NA,NA,NA,NA,1.658182,2736,0.212168,0.212168,0.215483,0.213825,2,0.006180,2,0.007307,16.250000,16.125000,NA,NA,NA,NA,NA,NA,NA,NA,16.000000,0.096414,16.000000,0.113580,
118,cube0,0.360000,594,0.000000,0.000000,0.001658,0.001658,3,0.000043,2,0.000034,1,0.000017,NA,NA,NA,NA,NA,NA,NA,NA,NA,NA,0.125000,0.125000,0.000000,0.000000,0.500000,0.003325,0.000000,0.000000,0.000000,0.000000,NA,NA,NA,NA,
118,vector0,NA,NA,NA,NA,NA,NA,NA,NA,NA,NA,NA,NA,1.532121,2528,0.212168,0.212168,0.215483,0.213825,2,0.006359,2,0.003286,16.250000,16.125000,NA,NA,NA,NA,NA,NA,NA,NA,16.000000,0.096414,16.000000,0.113580,
118,vector1,NA,NA,NA,NA,NA,NA,NA,NA,NA,NA,NA,NA,1.535151,2533,0.212168,0.212168,0.215483,0.213825,2,0.006044,2,0.003560,16.250000,16.125000,NA,NA,NA,NA,NA,NA,NA,NA,16.000000,0.096414,16.000000,0.113580,
119,cube0,0.349091,576,0.000000,0.000000,0.001658,0.001658,3,0.000043,2,0.000034,1,0.000017,NA,NA,NA,NA,NA,NA,NA,NA,NA,NA,0.125000,0.125000,0.000000,0.000000,0.500000,0.003325,0.000000,0.000000,0.000000,0.000000,NA,NA,NA,NA,
119,vector0,NA,NA,NA,NA,NA,NA,NA,NA,NA,NA,NA,NA,1.561212,2576,0.212168,0.212168,0.215483,0.213825,2,0.003653,2,0.005506,16.250000,16.125000,NA,NA,NA,NA,NA,NA,NA,NA,16.000000,0.096414,16.000000,0.113580,
119,vector1,NA,NA,NA,NA,NA,NA,NA,NA,NA,NA,NA,NA,1.672121,2759,0.212168,0.212168,0.215483,0.213825,2,0.004089,2,0.006419,16.250000,16.125000,NA,NA,NA,NA,NA,NA,NA,NA,16.000000,0.096414,16.000000,0.113580,
120,cube0,0.347273,573,0.000000,0.000000,0.001658,0.001658,3,0.000043,2,0.000034,1,0.000017,NA,NA,NA,NA,NA,NA,NA,NA,NA,NA,0.125000,0.125000,0.000000,0.000000,0.500000,0.003325,0.000000,0.000000,0.000000,0.000000,NA,NA,NA,NA,
120,vector0,NA,NA,NA,NA,NA,NA,NA,NA,NA,NA,NA,NA,1.547273,2553,0.212168,0.212168,0.215483,0.213825,2,0.006317,2,0.003440,16.250000,16.125000,NA,NA,NA,NA,NA,NA,NA,NA,16.000000,0.096414,16.000000,0.113580,
120,vector1,NA,NA,NA,NA,NA,NA,NA,NA,NA,NA,NA,NA,1.538788,2539,0.212168,0.212168,0.215483,0.213825,2,0.005975,2,0.003269,16.250000,16.125000,NA,NA,NA,NA,NA,NA,NA,NA,16.000000,0.096414,16.000000,0.113580,
121,cube0,0.287879,475,0.000000,0.000000,0.001658,0.001658,3,0.000043,2,0.000034,1,0.000017,NA,NA,NA,NA,NA,NA,NA,NA,NA,NA,0.125000,0.125000,0.000000,0.000000,0.500000,0.003325,0.000000,0.000000,0.000000,0.000000,NA,NA,NA,NA,
121,vector0,NA,NA,NA,NA,NA,NA,NA,NA,NA,NA,NA,NA,1.693333,2794,0.212168,0.212168,0.215483,0.213825,2,0.003730,2,0.005770,16.250000,16.125000,NA,NA,NA,NA,NA,NA,NA,NA,16.000000,0.096414,16.000000,0.113580,
121,vector1,NA,NA,NA,NA,NA,NA,NA,NA,NA,NA,NA,NA,1.573939,2597,0.212168,0.212168,0.215483,0.213825,2,0.003602,2,0.006470,16.250000,16.125000,NA,NA,NA,NA,NA,NA,NA,NA,16.000000,0.096414,16.000000,0.113580,
122,cube0,0.346061,571,0.000000,0.000000,0.001658,0.001658,3,0.000043,2,0.000034,1,0.000017,NA,NA,NA,NA,NA,NA,NA,NA,NA,NA,0.125000,0.125000,0.000000,0.000000,0.500000,0.003325,0.000000,0.000000,0.000000,0.000000,NA,NA,NA,NA,
122,vector0,NA,NA,NA,NA,NA,NA,NA,NA,NA,NA,NA,NA,1.546061,2551,0.212168,0.212168,0.215483,0.213825,2,0.006402,2,0.003457,16.250000,16.125000,NA,NA,NA,NA,NA,NA,NA,NA,16.000000,0.096414,16.000000,0.113580,
122,vector1,NA,NA,NA,NA,NA,NA,NA,NA,NA,NA,NA,NA,1.856364,3063,0.212168,0.212168,0.215483,0.213825,2,0.007947,2,0.003338,16.250000,16.125000,NA,NA,NA,NA,NA,NA,NA,NA,16.000000,0.096414,16.000000,0.113580,
123,cube0,0.303636,501,0.000000,0.000000,0.001658,0.001658,3,0.000043,2,0.000034,1,0.000017,NA,NA,NA,NA,NA,NA,NA,NA,NA,NA,0.125000,0.125000,0.000000,0.000000,0.500000,0.003325,0.000000,0.000000,0.000000,0.000000,NA,NA,NA,NA,
123,vector0,NA,NA,NA,NA,NA,NA,NA,NA,NA,NA,NA,NA,1.624242,2680,0.212168,0.212168,0.215483,0.213825,2,0.005275,2,0.007358,16.250000,16.125000,NA,NA,NA,NA,NA,NA,NA,NA,16.000000,0.096414,16.000000,0.113580,
123,vector1,NA,NA,NA,NA,NA,NA,NA,NA,NA,NA,NA,NA,1.537576,2537,0.212168,0.212168,0.215483,0.213825,2,0.006052,2,0.007042,16.250000,16.125000,NA,NA,NA,NA,NA,NA,NA,NA,16.000000,0.096414,16.000000,0.113580,
124,cube0,0.370303,611,0.000000,0.000000,0.001658,0.001658,3,0.000043,2,0.000034,1,0.000017,NA,NA,NA,NA,NA,NA,NA,NA,NA,NA,0.125000,0.125000,0.000000,0.000000,0.500000,0.003325,0.000000,0.000000,0.000000,0.000000,NA,NA,NA,NA,
124,vector0,NA,NA,NA,NA,NA,NA,NA,NA,NA,NA,NA,NA,1.824849,3011,0.212168,0.212168,0.215483,0.213825,2,0.004891,2,0.003372,16.250000,16.125000,NA,NA,NA,NA,NA,NA,NA,NA,16.000000,0.096414,16.000000,0.113580,
124,vector1,NA,NA,NA,NA,NA,NA,NA,NA,NA,NA,NA,NA,1.792727,2958,0.212168,0.212168,0.215483,0.213825,2,0.006026,2,0.003329,16.250000,16.125000,NA,NA,NA,NA,NA,NA,NA,NA,16.000000,0.096414,16.000000,0.113580,
125,cube0,0.330909,546,0.000000,0.000000,0.001658,0.001658,3,0.000043,2,0.000034,1,0.000017,NA,NA,NA,NA,NA,NA,NA,NA,NA,NA,0.125000,0.125000,0.000000,0.000000,0.500000,0.003325,0.000000,0.000000,0.000000,0.000000,NA,NA,NA,NA,
125,vector0,NA,NA,NA,NA,NA,NA,NA,NA,NA,NA,NA,NA,1.440606,2377,0.212168,0.212168,0.215483,0.213825,2,0.004473,2,0.005224,16.250000,16.125000,NA,NA,NA,NA,NA,NA,NA,NA,16.000000,0.096414,16.000000,0.113580,
125,vector1,NA,NA,NA,NA,NA,NA,NA,NA,NA,NA,NA,NA,1.526667,2519,0.212168,0.212168,0.215483,0.213825,2,0.005847,2,0.006957,16.250000,16.125000,NA,NA,NA,NA,NA,NA,NA,NA,16.000000,0.096414,16.000000,0.113580,
126,cube0,0.315152,520,0.000000,0.000000,0.001658,0.001658,3,0.000043,2,0.000034,1,0.000017,NA,NA,NA,NA,NA,NA,NA,NA,NA,NA,0.125000,0.125000,0.000000,0.000000,0.500000,0.003325,0.000000,0.000000,0.000000,0.000000,NA,NA,NA,NA,
126,vector0,NA,NA,NA,NA,NA,NA,NA,NA,NA,NA,NA,NA,1.563636,2580,0.212168,0.212168,0.215483,0.213825,2,0.005070,2,0.007128,16.250000,16.125000,NA,NA,NA,NA,NA,NA,NA,NA,16.000000,0.096414,16.000000,0.113580,
126,vector1,NA,NA,NA,NA,NA,NA,NA,NA,NA,NA,NA,NA,1.506667,2486,0.212168,0.212168,0.215483,0.213825,2,0.004917,2,0.003303,16.250000,16.125000,NA,NA,NA,NA,NA,NA,NA,NA,16.000000,0.096414,16.000000,0.113580,
127,cube0,0.344848,569,0.000000,0.000000,0.001658,0.001658,3,0.000043,2,0.000034,1,0.000017,NA,NA,NA,NA,NA,NA,NA,NA,NA,NA,0.125000,0.125000,0.000000,0.000000,0.500000,0.003325,0.000000,0.000000,0.000000,0.000000,NA,NA,NA,NA,
127,vector0,NA,NA,NA,NA,NA,NA,NA,NA,NA,NA,NA,NA,1.732121,2858,0.212168,0.212168,0.215483,0.213825,2,0.005403,2,0.003210,16.250000,16.125000,NA,NA,NA,NA,NA,NA,NA,NA,16.000000,0.096414,16.000000,0.113580,
127,vector1,NA,NA,NA,NA,NA,NA,NA,NA,NA,NA,NA,NA,1.680606,2773,0.212168,0.212168,0.215483,0.213825,2,0.003867,2,0.006880,16.250000,16.125000,NA,NA,NA,NA,NA,NA,NA,NA,16.000000,0.096414,16.000000,0.113580,
128,cube0,0.316364,522,0.000000,0.000000,0.001658,0.001658,3,0.000043,2,0.000034,1,0.000017,NA,NA,NA,NA,NA,NA,NA,NA,NA,NA,0.125000,0.125000,0.000000,0.000000,0.500000,0.003325,0.000000,0.000000,0.000000,0.000000,NA,NA,NA,NA,
128,vector0,NA,NA,NA,NA,NA,NA,NA,NA,NA,NA,NA,NA,1.406667,2321,0.212168,0.212168,0.215483,0.213825,2,0.004225,2,0.003833,16.250000,16.125000,NA,NA,NA,NA,NA,NA,NA,NA,16.000000,0.096414,16.000000,0.113580,
128,vector1,NA,NA,NA,NA,NA,NA,NA,NA,NA,NA,NA,NA,1.510303,2492,0.212168,0.212168,0.215483,0.213825,2,0.005813,2,0.003483,16.250000,16.125000,NA,NA,NA,NA,NA,NA,NA,NA,16.000000,0.096414,16.000000,0.113580,
129,cube0,0.348485,575,0.000000,0.000000,0.001658,0.001658,3,0.000043,2,0.000034,1,0.000017,NA,NA,NA,NA,NA,NA,NA,NA,NA,NA,0.125000,0.125000,0.000000,0.000000,0.500000,0.003325,0.000000,0.000000,0.000000,0.000000,NA,NA,NA,NA,
129,vector0,NA,NA,NA,NA,NA,NA,NA,NA,NA,NA,NA,NA,1.490909,2460,0.212168,0.212168,0.215483,0.213825,2,0.003653,2,0.006394,16.250000,16.125000,NA,NA,NA,NA,NA,NA,NA,NA,16.000000,0.096414,16.000000,0.113580,
129,vector1,NA,NA,NA,NA,NA,NA,NA,NA,NA,NA,NA,NA,1.618788,2671,0.212168,0.212168,0.215483,0.213825,2,0.004003,2,0.005967,16.250000,16.125000,NA,NA,NA,NA,NA,NA,NA,NA,16.000000,0.096414,16.000000,0.113580,
130,cube0,0.335758,554,0.000000,0.000000,0.001658,0.001658,3,0.000043,2,0.000034,1,0.000017,NA,NA,NA,NA,NA,NA,NA,NA,NA,NA,0.125000,0.125000,0.000000,0.000000,0.500000,0.003325,0.000000,0.000000,0.000000,0.000000,NA,NA,NA,NA,
130,vector0,NA,NA,NA,NA,NA,NA,NA,NA,NA,NA,NA,NA,1.391515,2296,0.212168,0.212168,0.215483,0.213825,2,0.004217,2,0.003346,16.250000,16.125000,NA,NA,NA,NA,NA,NA,NA,NA,16.000000,0.096414,16.000000,0.113580,
130,vector1,NA,NA,NA,NA,NA,NA,NA,NA,NA,NA,NA,NA,1.441818,2379,0.212168,0.212168,0.215483,0.213825,2,0.005164,2,0.003175,16.250000,16.125000,NA,NA,NA,NA,NA,NA,NA,NA,16.000000,0.096414,16.000000,0.113580,
131,cube0,0.374545,618,0.000000,0.000000,0.001658,0.001658,3,0.000043,2,0.000034,1,0.000017,NA,NA,NA,NA,NA,NA,NA,NA,NA,NA,0.125000,0.125000,0.000000,0.000000,0.500000,0.003325,0.000000,0.000000,0.000000,0.000000,NA,NA,NA,NA,
131,vector0,NA,NA,NA,NA,NA,NA,NA,NA,NA,NA,NA,NA,1.608485,2654,0.212168,0.212168,0.215483,0.213825,2,0.003235,2,0.006556,16.250000,16.125000,NA,NA,NA,NA,NA,NA,NA,NA,16.000000,0.096414,16.000000,0.113580,
131,vector1,NA,NA,NA,NA,NA,NA,NA,NA,NA,NA,NA,NA,1.667273,2751,0.212168,0.212168,0.215483,0.213825,2,0.003764,2,0.005907,16.250000,16.125000,NA,NA,NA,NA,NA,NA,NA,NA,16.000000,0.096414,16.000000,0.113580,
132,cube0,0.306061,505,0.000000,0.000000,0.001658,0.001658,3,0.000043,2,0.000034,1,0.000017,NA,NA,NA,NA,NA,NA,NA,NA,NA,NA,0.125000,0.125000,0.000000,0.000000,0.500000,0.003325,0.000000,0.000000,0.000000,0.000000,NA,NA,NA,NA,
132,vector0,NA,NA,NA,NA,NA,NA,NA,NA,NA,NA,NA,NA,1.550303,2558,0.212168,0.212168,0.215483,0.213825,2,0.006846,2,0.003295,16.250000,16.125000,NA,NA,NA,NA,NA,NA,NA,NA,16.000000,0.096414,16.000000,0.113580,
132,vector1,NA,NA,NA,NA,NA,NA,NA,NA,NA,NA,NA,NA,1.481818,2445,0.212168,0.212168,0.215483,0.213825,2,0.004942,2,0.003167,16.250000,16.125000,NA,NA,NA,NA,NA,NA,NA,NA,16.000000,0.096414,16.000000,0.113580,
133,cube0,0.309091,510,0.000000,0.000000,0.001658,0.001658,3,0.000043,2,0.000034,1,0.000017,NA,NA,NA,NA,NA,NA,NA,NA,NA,NA,0.125000,0.125000,0.000000,0.000000,0.500000,0.003325,0.000000,0.000000,0.000000,0.000000,NA,NA,NA,NA,
133,vector0,NA,NA,NA,NA,NA,NA,NA,NA,NA,NA,NA,NA,1.476364,2436,0.212168,0.212168,0.215483,0.213825,2,0.003645,2,0.007111,16.250000,16.125000,NA,NA,NA,NA,NA,NA,NA,NA,16.000000,0.096414,16.000000,0.113580,
133,vector1,NA,NA,NA,NA,NA,NA,NA,NA,NA,NA,NA,NA,1.558182,2571,0.212168,0.212168,0.215483,0.213825,2,0.002578,2,0.007068,16.250000,16.125000,NA,NA,NA,NA,NA,NA,NA,NA,16.000000,0.096414,16.000000,0.113580,
134,cube0,0.320000,528,0.000000,0.000000,0.001658,0.001658,3,0.000043,2,0.000034,1,0.000017,NA,NA,NA,NA,NA,NA,NA,NA,NA,NA,0.125000,0.125000,0.000000,0.000000,0.500000,0.003325,0.000000,0.000000,0.000000,0.000000,NA,NA,NA,NA,
134,vector0,NA,NA,NA,NA,NA,NA,NA,NA,NA,NA,NA,NA,1.577576,2603,0.212168,0.212168,0.215483,0.213825,2,0.006820,2,0.005864,16.250000,16.125000,NA,NA,NA,NA,NA,NA,NA,NA,16.000000,0.096414,16.000000,0.113580,
134,vector1,NA,NA,NA,NA,NA,NA,NA,NA,NA,NA,NA,NA,1.495152,2467,0.212168,0.212168,0.215483,0.213825,2,0.005267,2,0.003218,16.250000,16.125000,NA,NA,NA,NA,NA,NA,NA,NA,16.000000,0.096414,16.000000,0.113580,
135,cube0,0.352727,582,0.000000,0.000000,0.001658,0.001658,3,0.000043,2,0.000034,1,0.000017,NA,NA,NA,NA,NA,NA,NA,NA,NA,NA,0.125000,0.125000,0.000000,0.000000,0.500000,0.003325,0.000000,0.000000,0.000000,0.000000,NA,NA,NA,NA,
135,vector0,NA,NA,NA,NA,NA,NA,NA,NA,NA,NA,NA,NA,1.758182,2901,0.212168,0.212168,0.215483,0.213825,2,0.005557,2,0.005497,16.250000,16.125000,NA,NA,NA,NA,NA,NA,NA,NA,16.000000,0.096414,16.000000,0.113580,
135,vector1,NA,NA,NA,NA,NA,NA,NA,NA,NA,NA,NA,NA,1.536364,2535,0.212168,0.212168,0.215483,0.213825,2,0.003619,2,0.006189,16.250000,16.125000,NA,NA,NA,NA,NA,NA,NA,NA,16.000000,0.096414,16.000000,0.113580,
136,cube0,0.340000,561,0.000000,0.000000,0.001658,0.001658,3,0.000043,2,0.000034,1,0.000017,NA,NA,NA,NA,NA,NA,NA,NA,NA,NA,0.125000,0.125000,0.000000,0.000000,0.500000,0.003325,0.000000,0.000000,0.000000,0.000000,NA,NA,NA,NA,
136,vector0,NA,NA,NA,NA,NA,NA,NA,NA,NA,NA,NA,NA,1.895758,3128,0.212168,0.212168,0.215483,0.213825,2,0.006394,2,0.003457,16.250000,16.125000,NA,NA,NA,NA,NA,NA,NA,NA,16.000000,0.096414,16.000000,0.113580,
136,vector1,NA,NA,NA,NA,NA,NA,NA,NA,NA,NA,NA,NA,1.756364,2898,0.212168,0.212168,0.215483,0.213825,2,0.005574,2,0.003560,16.250000,16.125000,NA,NA,NA,NA,NA,NA,NA,NA,16.000000,0.096414,16.000000,0.113580,
137,cube0,0.306667,506,0.000000,0.000000,0.001658,0.001658,3,0.000043,2,0.000034,1,0.000017,NA,NA,NA,NA,NA,NA,NA,NA,NA,NA,0.125000,0.125000,0.000000,0.000000,0.500000,0.003325,0.000000,0.000000,0.000000,0.000000,NA,NA,NA,NA,
137,vector0,NA,NA,NA,NA,NA,NA,NA,NA,NA,NA,NA,NA,1.613939,2663,0.212168,0.212168,0.215483,0.213825,2,0.006120,2,0.006308,16.250000,16.125000,NA,NA,NA,NA,NA,NA,NA,NA,16.000000,0.096414,16.000000,0.113580,
137,vector1,NA,NA,NA,NA,NA,NA,NA,NA,NA,NA,NA,NA,1.447879,2389,0.212168,0.212168,0.215483,0.213825,2,0.005275,2,0.005753,16.250000,16.125000,NA,NA,NA,NA,NA,NA,NA,NA,16.000000,0.096414,16.000000,0.113580,
138,cube0,0.362424,598,0.000000,0.000000,0.001658,0.001658,3,0.000043,2,0.000034,1,0.000017,NA,NA,NA,NA,NA,NA,NA,NA,NA,NA,0.125000,0.125000,0.000000,0.000000,0.500000,0.003325,0.000000,0.000000,0.000000,0.000000,NA,NA,NA,NA,
138,vector0,NA,NA,NA,NA,NA,NA,NA,NA,NA,NA,NA,NA,1.554545,2565,0.212168,0.212168,0.215483,0.213825,2,0.006342,2,0.003355,16.250000,16.125000,NA,NA,NA,NA,NA,NA,NA,NA,16.000000,0.096414,16.000000,0.113580,
138,vector1,NA,NA,NA,NA,NA,NA,NA,NA,NA,NA,NA,NA,1.536970,2536,0.212168,0.212168,0.215483,0.213825,2,0.005941,2,0.003414,16.250000,16.125000,NA,NA,NA,NA,NA,NA,NA,NA,16.000000,0.096414,16.000000,0.113580,
139,cube0,0.350303,578,0.000000,0.000000,0.001658,0.001658,3,0.000043,2,0.000034,1,0.000017,NA,NA,NA,NA,NA,NA,NA,NA,NA,NA,0.125000,0.125000,0.000000,0.000000,0.500000,0.003325,0.000000,0.000000,0.000000,0.000000,NA,NA,NA,NA,
139,vector0,NA,NA,NA,NA,NA,NA,NA,NA,NA,NA,NA,NA,1.686667,2783,0.212168,0.212168,0.215483,0.213825,2,0.004089,2,0.006214,16.250000,16.125000,NA,NA,NA,NA,NA,NA,NA,NA,16.000000,0.096414,16.000000,0.113580,
139,vector1,NA,NA,NA,NA,NA,NA,NA,NA,NA,NA,NA,NA,1.692121,2792,0.212168,0.212168,0.215483,0.213825,2,0.003807,2,0.007606,16.250000,16.125000,NA,NA,NA,NA,NA,NA,NA,NA,16.000000,0.096414,16.000000,0.113580,
140,cube0,0.349697,577,0.000000,0.000000,0.001658,0.001658,3,0.000043,2,0.000034,1,0.000017,NA,NA,NA,NA,NA,NA,NA,NA,NA,NA,0.125000,0.125000,0.000000,0.000000,0.500000,0.003325,0.000000,0.000000,0.000000,0.000000,NA,NA,NA,NA,
140,vector0,NA,NA,NA,NA,NA,NA,NA,NA,NA,NA,NA,NA,1.515152,2500,0.212168,0.212168,0.215483,0.213825,2,0.006103,2,0.003628,16.250000,16.125000,NA,NA,NA,NA,NA,NA,NA,NA,16.000000,0.096414,16.000000,0.113580,
140,vector1,NA,NA,NA,NA,NA,NA,NA,NA,NA,NA,NA,NA,1.512727,2496,0.212168,0.212168,0.215483,0.213825,2,0.005847,2,0.003218,16.250000,16.125000,NA,NA,NA,NA,NA,NA,NA,NA,16.000000,0.096414,16.000000,0.113580,
141,cube0,0.286667,473,0.000000,0.000000,0.001658,0.001658,3,0.000043,2,0.000034,1,0.000017,NA,NA,NA,NA,NA,NA,NA,NA,NA,NA,0.125000,0.125000,0.000000,0.000000,0.500000,0.003325,0.000000,0.000000,0.000000,0.000000,NA,NA,NA,NA,
141,vector0,NA,NA,NA,NA,NA,NA,NA,NA,NA,NA,NA,NA,1.611515,2659,0.212168,0.212168,0.215483,0.213825,2,0.003739,2,0.005796,16.250000,16.125000,NA,NA,NA,NA,NA,NA,NA,NA,16.000000,0.096414,16.000000,0.113580,
141,vector1,NA,NA,NA,NA,NA,NA,NA,NA,NA,NA,NA,NA,1.597576,2636,0.212168,0.212168,0.215483,0.213825,2,0.003944,2,0.005873,16.250000,16.125000,NA,NA,NA,NA,NA,NA,NA,NA,16.000000,0.096414,16.000000,0.113580,
142,cube0,0.344848,569,0.000000,0.000000,0.001658,0.001658,3,0.000043,2,0.000034,1,0.000017,NA,NA,NA,NA,NA,NA,NA,NA,NA,NA,0.125000,0.125000,0.000000,0.000000,0.500000,0.003325,0.000000,0.000000,0.000000,0.000000,NA,NA,NA,NA,
142,vector0,NA,NA,NA,NA,NA,NA,NA,NA,NA,NA,NA,NA,1.494545,2466,0.212168,0.212168,0.215483,0.213825,2,0.005437,2,0.003252,16.250000,16.125000,NA,NA,NA,NA,NA,NA,NA,NA,16.000000,0.096414,16.000000,0.113580,
142,vector1,NA,NA,NA,NA,NA,NA,NA,NA,NA,NA,NA,NA,1.923030,3173,0.212168,0.212168,0.215483,0.213825,2,0.007461,2,0.003192,16.250000,16.125000,NA,NA,NA,NA,NA,NA,NA,NA,16.000000,0.096414,16.000000,0.113580,
143,cube0,0.290909,480,0.000000,0.000000,0.001658,0.001658,3,0.000043,2,0.000034,1,0.000017,NA,NA,NA,NA,NA,NA,NA,NA,NA,NA,0.125000,0.125000,0.000000,0.000000,0.500000,0.003325,0.000000,0.000000,0.000000,0.000000,NA,NA,NA,NA,
143,vector0,NA,NA,NA,NA,NA,NA,NA,NA,NA,NA,NA,NA,1.578182,2604,0.212168,0.212168,0.215483,0.213825,2,0.003730,2,0.006726,16.250000,16.125000,NA,NA,NA,NA,NA,NA,NA,NA,16.000000,0.096414,16.000000,0.113580,
143,vector1,NA,NA,NA,NA,NA,NA,NA,NA,NA,NA,NA,NA,1.441818,2379,0.212168,0.212168,0.215483,0.213825,2,0.004797,2,0.005455,16.250000,16.125000,NA,NA,NA,NA,NA,NA,NA,NA,16.000000,0.096414,16.000000,0.113580,
144,cube0,0.369697,610,0.000000,0.000000,0.001658,0.001658,3,0.000043,2,0.000034,1,0.000017,NA,NA,NA,NA,NA,NA,NA,NA,NA,NA,0.125000,0.125000,0.000000,0.000000,0.500000,0.003325,0.000000,0.000000,0.000000,0.000000,NA,NA,NA,NA,
144,vector0,NA,NA,NA,NA,NA,NA,NA,NA,NA,NA,NA,NA,1.561818,2577,0.212168,0.212168,0.215483,0.213825,2,0.006317,2,0.003227,16.250000,16.125000,NA,NA,NA,NA,NA,NA,NA,NA,16.000000,0.096414,16.000000,0.113580,
144,vector1,NA,NA,NA,NA,NA,NA,NA,NA,NA,NA,NA,NA,1.837576,3032,0.212168,0.212168,0.215483,0.213825,2,0.006701,2,0.003286,16.250000,16.125000,NA,NA,NA,NA,NA,NA,NA,NA,16.000000,0.096414,16.000000,0.113580,
145,cube0,0.323636,534,0.000000,0.000000,0.001658,0.001658,3,0.000043,2,0.000034,1,0.000017,NA,NA,NA,NA,NA,NA,NA,NA,NA,NA,0.125000,0.125000,0.000000,0.000000,0.500000,0.003325,0.000000,0.000000,0.000000,0.000000,NA,NA,NA,NA,
145,vector0,NA,NA,NA,NA,NA,NA,NA,NA,NA,NA,NA,NA,1.603636,2646,0.212168,0.212168,0.215483,0.213825,2,0.004567,2,0.006726,16.250000,16.125000,NA,NA,NA,NA,NA,NA,NA,NA,16.000000,0.096414,16.000000,0.113580,
145,vector1,NA,NA,NA,NA,NA,NA,NA,NA,NA,NA,NA,NA,1.650909,2724,0.212168,0.212168,0.215483,0.213825,2,0.005881,2,0.006479,16.250000,16.125000,NA,NA,NA,NA,NA,NA,NA,NA,16.000000,0.096414,16.000000,0.113580,
146,cube0,0.347273,573,0.000000,0.000000,0.001658,0.001658,3,0.000043,2,0.000034,1,0.000017,NA,NA,NA,NA,NA,NA,NA,NA,NA,NA,0.125000,0.125000,0.000000,0.000000,0.500000,0.003325,0.000000,0.000000,0.000000,0.000000,NA,NA,NA,NA,
146,vector0,NA,NA,NA,NA,NA,NA,NA,NA,NA,NA,NA,NA,1.529091,2523,0.212168,0.212168,0.215483,0.213825,2,0.006069,2,0.005787,16.250000,16.125000,NA,NA,NA,NA,NA,NA,NA,NA,16.000000,0.096414,16.000000,0.113580,
146,vector1,NA,NA,NA,NA,NA,NA,NA,NA,NA,NA,NA,NA,1.392121,2297,0.212168,0.212168,0.215483,0.213825,2,0.004080,2,0.003056,16.250000,16.125000,NA,NA,NA,NA,NA,NA,NA,NA,16.000000,0.096414,16.000000,0.113580,
147,cube0,0.340606,562,0.000000,0.000000,0.001658,0.001658,3,0.000043,2,0.000034,1,0.000017,NA,NA,NA,NA,NA,NA,NA,NA,NA,NA,0.125000,0.125000,0.000000,0.000000,0.500000,0.003325,0.000000,0.000000,0.000000,0.000000,NA,NA,NA,NA,
147,vector0,NA,NA,NA,NA,NA,NA,NA,NA,NA,NA,NA,NA,1.646061,2716,0.212168,0.212168,0.215483,0.213825,2,0.003713,2,0.003406,16.250000,16.125000,NA,NA,NA,NA,NA,NA,NA,NA,16.000000,0.096414,16.000000,0.113580,
147,vector1,NA,NA,NA,NA,NA,NA,NA,NA,NA,NA,NA,NA,1.513939,2498,0.212168,0.212168,0.215483,0.213825,2,0.002868,2,0.006812,16.250000,16.125000,NA,NA,NA,NA,NA,NA,NA,NA,16.000000,0.096414,16.000000,0.113580,
148,cube0,0.330909,546,0.000000,0.000000,0.001658,0.001658,3,0.000043,2,0.000034,1,0.000017,NA,NA,NA,NA,NA,NA,NA,NA,NA,NA,0.125000,0.125000,0.000000,0.000000,0.500000,0.003325,0.000000,0.000000,0.000000,0.000000,NA,NA,NA,NA,
148,vector0,NA,NA,NA,NA,NA,NA,NA,NA,NA,NA,NA,NA,1.850909,3054,0.212168,0.212168,0.215483,0.213825,2,0.006240,2,0.006931,16.250000,16.125000,NA,NA,NA,NA,NA,NA,NA,NA,16.000000,0.096414,16.000000,0.113580,
148,vector1,NA,NA,NA,NA,NA,NA,NA,NA,NA,NA,NA,NA,1.851515,3055,0.212168,0.212168,0.215483,0.213825,2,0.006086,2,0.003346,16.250000,16.125000,NA,NA,NA,NA,NA,NA,NA,NA,16.000000,0.096414,16.000000,0.113580,
149,cube0,0.350909,579,0.000000,0.000000,0.001658,0.001658,3,0.000043,2,0.000034,1,0.000017,NA,NA,NA,NA,NA,NA,NA,NA,NA,NA,0.125000,0.125000,0.000000,0.000000,0.500000,0.003325,0.000000,0.000000,0.000000,0.000000,NA,NA,NA,NA,
149,vector0,NA,NA,NA,NA,NA,NA,NA,NA,NA,NA,NA,NA,1.424242,2350,0.212168,0.212168,0.215483,0.213825,2,0.004959,2,0.005224,16.250000,16.125000,NA,NA,NA,NA,NA,NA,NA,NA,16.000000,0.096414,16.000000,0.113580,
149,vector1,NA,NA,NA,NA,NA,NA,NA,NA,NA,NA,NA,NA,1.482424,2446,0.212168,0.212168,0.215483,0.213825,2,0.005130,2,0.007264,16.250000,16.125000,NA,NA,NA,NA,NA,NA,NA,NA,16.000000,0.096414,16.000000,0.113580,
150,cube0,0.329091,543,0.000000,0.000000,0.001658,0.001658,3,0.000043,2,0.000034,1,0.000017,NA,NA,NA,NA,NA,NA,NA,NA,NA,NA,0.125000,0.125000,0.000000,0.000000,0.500000,0.003325,0.000000,0.000000,0.000000,0.000000,NA,NA,NA,NA,
150,vector0,NA,NA,NA,NA,NA,NA,NA,NA,NA,NA,NA,NA,1.429091,2358,0.212168,0.212168,0.215483,0.213825,2,0.004823,2,0.003210,16.250000,16.125000,NA,NA,NA,NA,NA,NA,NA,NA,16.000000,0.096414,16.000000,0.113580,
150,vector1,NA,NA,NA,NA,NA,NA,NA,NA,NA,NA,NA,NA,1.507273,2487,0.212168,0.212168,0.215483,0.213825,2,0.005617,2,0.003201,16.250000,16.125000,NA,NA,NA,NA,NA,NA,NA,NA,16.000000,0.096414,16.000000,0.113580,
151,cube0,0.372727,615,0.000000,0.000000,0.001658,0.001658,3,0.000043,2,0.000034,1,0.000017,NA,NA,NA,NA,NA,NA,NA,NA,NA,NA,0.125000,0.125000,0.000000,0.000000,0.500000,0.003325,0.000000,0.000000,0.000000,0.000000,NA,NA,NA,NA,
151,vector0,NA,NA,NA,NA,NA,NA,NA,NA,NA,NA,NA,NA,1.497576,2471,0.212168,0.212168,0.215483,0.213825,2,0.004123,2,0.005275,16.250000,16.125000,NA,NA,NA,NA,NA,NA,NA,NA,16.000000,0.096414,16.000000,0.113580,
151,vector1,NA,NA,NA,NA,NA,NA,NA,NA,NA,NA,NA,NA,1.683030,2777,0.212168,0.212168,0.215483,0.213825,2,0.004541,2,0.007222,16.250000,16.125000,NA,NA,NA,NA,NA,NA,NA,NA,16.000000,0.096414,16.000000,0.113580,
152,cube0,0.304848,503,0.000000,0.000000,0.001658,0.001658,3,0.000043,2,0.000034,1,0.000017,NA,NA,NA,NA,NA,NA,NA,NA,NA,NA,0.125000,0.125000,0.000000,0.000000,0.500000,0.003325,0.000000,0.000000,0.000000,0.000000,NA,NA,NA,NA,
152,vector0,NA,NA,NA,NA,NA,NA,NA,NA,NA,NA,NA,NA,1.418182,2340,0.212168,0.212168,0.215483,0.213825,2,0.004131,2,0.003414,16.250000,16.125000,NA,NA,NA,NA,NA,NA,NA,NA,16.000000,0.096414,16.000000,0.113580,
152,vector1,NA,NA,NA,NA,NA,NA,NA,NA,NA,NA,NA,NA,1.715152,2830,0.212168,0.212168,0.215483,0.213825,2,0.005096,2,0.006496,16.250000,16.125000,NA,NA,NA,NA,NA,NA,NA,NA,16.000000,0.096414,16.000000,0.113580,
153,cube0,0.309091,510,0.000000,0.000000,0.001658,0.001658,3,0.000043,2,0.000034,1,0.000017,NA,NA,NA,NA,NA,NA,NA,NA,NA,NA,0.125000,0.125000,0.000000,0.000000,0.500000,0.003325,0.000000,0.000000,0.000000,0.000000,NA,NA,NA,NA,
153,vector0,NA,NA,NA,NA,NA,NA,NA,NA,NA,NA,NA,NA,1.691515,2791,0.212168,0.212168,0.215483,0.213825,2,0.003978,2,0.006726,16.250000,16.125000,NA,NA,NA,NA,NA,NA,NA,NA,16.000000,0.096414,16.000000,0.113580,
153,vector1,NA,NA,NA,NA,NA,NA,NA,NA,NA,NA,NA,NA,1.378182,2274,0.212168,0.212168,0.215483,0.213825,2,0.004123,2,0.003713,16.250000,16.125000,NA,NA,NA,NA,NA,NA,NA,NA,16.000000,0.096414,16.000000,0.113580,
154,cube0,0.320000,528,0.000000,0.000000,0.001658,0.001658,3,0.000043,2,0.000034,1,0.000017,NA,NA,NA,NA,NA,NA,NA,NA,NA,NA,0.125000,0.125000,0.000000,0.000000,0.500000,0.003325,0.000000,0.000000,0.000000,0.000000,NA,NA,NA,NA,
154,vector0,NA,NA,NA,NA,NA,NA,NA,NA,NA,NA,NA,NA,1.604242,2647,0.212168,0.212168,0.215483,0.213825,2,0.006974,2,0.003184,16.250000,16.125000,NA,NA,NA,NA,NA,NA,NA,NA,16.000000,0.096414,16.000000,0.113580,
154,vector1,NA,NA,NA,NA,NA,NA,NA,NA,NA,NA,NA,NA,1.512121,2495,0.212168,0.212168,0.215483,0.213825,2,0.005992,2,0.003338,16.250000,16.125000,NA,NA,NA,NA,NA,NA,NA,NA,16.000000,0.096414,16.000000,0.113580,
155,cube0,0.349697,577,0.000000,0.000000,0.001658,0.001658,3,0.000043,2,0.000034,1,0.000017,NA,NA,NA,NA,NA,NA,NA,NA,NA,NA,0.125000,0.125000,0.000000,0.000000,0.500000,0.003325,0.000000,0.000000,0.000000,0.000000,NA,NA,NA,NA,
155,vector0,NA,NA,NA,NA,NA,NA,NA,NA,NA,NA,NA,NA,1.716970,2833,0.212168,0.212168,0.215483,0.213825,2,0.004883,2,0.007606,16.250000,16.125000,NA,NA,NA,NA,NA,NA,NA,NA,16.000000,0.096414,16.000000,0.113580,
155,vector1,NA,NA,NA,NA,NA,NA,NA,NA,NA,NA,NA,NA,1.506061,2485,0.212168,0.212168,0.215483,0.213825,2,0.003244,2,0.006957,16.250000,16.125000,NA,NA,NA,NA,NA,NA,NA,NA,16.000000,0.096414,16.000000,0.113580,
156,cube0,0.340606,562,0.000000,0.000000,0.001658,0.001658,3,0.000043,2,0.000034,1,0.000017,NA,NA,NA,NA,NA,NA,NA,NA,NA,NA,0.125000,0.125000,0.000000,0.000000,0.500000,0.003325,0.000000,0.000000,0.000000,0.000000,NA,NA,NA,NA,
156,vector0,NA,NA,NA,NA,NA,NA,NA,NA,NA,NA,NA,NA,1.793333,2959,0.212168,0.212168,0.215483,0.213825,2,0.006709,2,0.003619,16.250000,16.125000,NA,NA,NA,NA,NA,NA,NA,NA,16.000000,0.096414,16.000000,0.113580,
156,vector1,NA,NA,NA,NA,NA,NA,NA,NA,NA,NA,NA,NA,1.482424,2446,0.212168,0.212168,0.215483,0.213825,2,0.005241,2,0.003671,16.250000,16.125000,NA,NA,NA,NA,NA,NA,NA,NA,16.000000,0.096414,16.000000,0.113580,
157,cube0,0.304242,502,0.000000,0.000000,0.001658,0.001658,3,0.000043,2,0.000034,1,0.000017,NA,NA,NA,NA,NA,NA,NA,NA,NA,NA,0.125000,0.125000,0.000000,0.000000,0.500000,0.003325,0.000000,0.000000,0.000000,0.000000,NA,NA,NA,NA,
157,vector0,NA,NA,NA,NA,NA,NA,NA,NA,NA,NA,NA,NA,1.787273,2949,0.212168,0.212168,0.215483,0.213825,2,0.005881,2,0.006248,16.250000,16.125000,NA,NA,NA,NA,NA,NA,NA,NA,16.000000,0.096414,16.000000,0.113580,
157,vector1,NA,NA,NA,NA,NA,NA,NA,NA,NA,NA,NA,NA,1.579394,2606,0.212168,0.212168,0.215483,0.213825,2,0.003577,2,0.005258,16.250000,16.125000,NA,NA,NA,NA,NA,NA,NA,NA,16.000000,0.096414,16.000000,0.113580,
158,cube0,0.361212,596,0.000000,0.000000,0.001658,0.001658,3,0.000043,2,0.000034,1,0.000017,NA,NA,NA,NA,NA,NA,NA,NA,NA,NA,0.125000,0.125000,0.000000,0.000000,0.500000,0.003325,0.000000,0.000000,0.000000,0.000000,NA,NA,NA,NA,
158,vector0,NA,NA,NA,NA,NA,NA,NA,NA,NA,NA,NA,NA,1.567879,2587,0.212168,0.212168,0.215483,0.213825,2,0.006522,2,0.003389,16.250000,16.125000,NA,NA,NA,NA,NA,NA,NA,NA,16.000000,0.096414,16.000000,0.113580,
158,vector1,NA,NA,NA,NA,NA,NA,NA,NA,NA,NA,NA,NA,1.446667,2387,0.212168,0.212168,0.215483,0.213825,2,0.004439,2,0.003295,16.250000,16.125000,NA,NA,NA,NA,NA,NA,NA,NA,16.000000,0.096414,16.000000,0.113580,
159,cube0,0.351515,580,0.000000,0.000000,0.001658,0.001658,3,0.000043,2,0.000034,1,0.000017,NA,NA,NA,NA,NA,NA,NA,NA,NA,NA,0.125000,0.125000,0.000000,0.000000,0.500000,0.003325,0.000000,0.000000,0.000000,0.000000,NA,NA,NA,NA,
159,vector0,NA,NA,NA,NA,NA,NA,NA,NA,NA,NA,NA,NA,1.766667,2915,0.212168,0.212168,0.215483,0.213825,2,0.005267,2,0.006983,16.250000,16.125000,NA,NA,NA,NA,NA,NA,NA,NA,16.000000,0.096414,16.000000,0.113580,
159,vector1,NA,NA,NA,NA,NA,NA,NA,NA,NA,NA,NA,NA,1.692121,2792,0.212168,0.212168,0.215483,0.213825,2,0.004490,2,0.006957,16.250000,16.125000,NA,NA,NA,NA,NA,NA,NA,NA,16.000000,0.096414,16.000000,0.113580,
160,cube0,0.347879,574,0.000000,0.000000,0.001658,0.001658,3,0.000043,2,0.000034,1,0.000017,NA,NA,NA,NA,NA,NA,NA,NA,NA,NA,0.125000,0.125000,0.000000,0.000000,0.500000,0.003325,0.000000,0.000000,0.000000,0.000000,NA,NA,NA,NA,
160,vector0,NA,NA,NA,NA,NA,NA,NA,NA,NA,NA,NA,NA,1.392727,2298,0.212168,0.212168,0.215483,0.213825,2,0.004063,2,0.003150,16.250000,16.125000,NA,NA,NA,NA,NA,NA,NA,NA,16.000000,0.096414,16.000000,0.113580,
160,vector1,NA,NA,NA,NA,NA,NA,NA,NA,NA,NA,NA,NA,1.825455,3012,0.212168,0.212168,0.215483,0.213825,2,0.006300,2,0.003235,16.250000,16.125000,NA,NA,NA,NA,NA,NA,NA,NA,16.000000,0.096414,16.000000,0.113580,
161,cube0,0.290303,479,0.000000,0.000000,0.001658,0.001658,3,0.000043,2,0.000034,1,0.000017,NA,NA,NA,NA,NA,NA,NA,NA,NA,NA,0.125000,0.125000,0.000000,0.000000,0.500000,0.003325,0.000000,0.000000,0.000000,0.000000,NA,NA,NA,NA,
161,vector0,NA,NA,NA,NA,NA,NA,NA,NA,NA,NA,NA,NA,1.571515,2593,0.212168,0.212168,0.215483,0.213825,2,0.003338,2,0.006556,16.250000,16.125000,NA,NA,NA,NA,NA,NA,NA,NA,16.000000,0.096414,16.000000,0.113580,
161,vector1,NA,NA,NA,NA,NA,NA,NA,NA,NA,NA,NA,NA,1.840000,3036,0.212168,0.212168,0.215483,0.213825,2,0.006402,2,0.007350,16.250000,16.125000,NA,NA,NA,NA,NA,NA,NA,NA,16.000000,0.096414,16.000000,0.113580,
162,cube0,0.345455,570,0.000000,0.000000,0.001658,0.001658,3,0.000043,2,0.000034,1,0.000017,NA,NA,NA,NA,NA,NA,NA,NA,NA,NA,0.125000,0.125000,0.000000,0.000000,0.500000,0.003325,0.000000,0.000000,0.000000,0.000000,NA,NA,NA,NA,
162,vector0,NA,NA,NA,NA,NA,NA,NA,NA,NA,NA,NA,NA,1.854545,3060,0.212168,0.212168,0.215483,0.213825,2,0.006965,2,0.003235,16.250000,16.125000,NA,NA,NA,NA,NA,NA,NA,NA,16.000000,0.096414,16.000000,0.113580,
162,vector1,NA,NA,NA,NA,NA,NA,NA,NA,NA,NA,NA,NA,1.681212,2774,0.212168,0.212168,0.215483,0.213825,2,0.006163,2,0.003022,16.250000,16.125000,NA,NA,NA,NA,NA,NA,NA,NA,16.000000,0.096414,16.000000,0.113580,
163,cube0,0.293333,484,0.000000,0.000000,0.001658,0.001658,3,0.000043,2,0.000034,1,0.000017,NA,NA,NA,NA,NA,NA,NA,NA,NA,NA,0.125000,0.125000,0.000000,0.000000,0.500000,0.003325,0.000000,0.000000,0.000000,0.000000,NA,NA,NA,NA,
163,vector0,NA,NA,NA,NA,NA,NA,NA,NA,NA,NA,NA,NA,1.593939,2630,0.212168,0.212168,0.215483,0.213825,2,0.003747,2,0.007213,16.250000,16.125000,NA,NA,NA,NA,NA,NA,NA,NA,16.000000,0.096414,16.000000,0.113580,
163,vector1,NA,NA,NA,NA,NA,NA,NA,NA,NA,NA,NA,NA,1.570909,2592,0.212168,0.212168,0.215483,0.213825,2,0.003218,2,0.005805,16.250000,16.125000,NA,NA,NA,NA,NA,NA,NA,NA,16.000000,0.096414,16.000000,0.113580,
164,cube0,0.369091,609,0.000000,0.000000,0.001658,0.001658,3,0.000043,2,0.000034,1,0.000017,NA,NA,NA,NA,NA,NA,NA,NA,NA,NA,0.125000,0.125000,0.000000,0.000000,0.500000,0.003325,0.000000,0.000000,0.000000,0.000000,NA,NA,NA,NA,
164,vector0,NA,NA,NA,NA,NA,NA,NA,NA,NA,NA,NA,NA,1.531515,2527,0.212168,0.212168,0.215483,0.213825,2,0.006069,2,0.003158,16.250000,16.125000,NA,NA,NA,NA,NA,NA,NA,NA,16.000000,0.096414,16.000000,0.113580,
164,vector1,NA,NA,NA,NA,NA,NA,NA,NA,NA,NA,NA,NA,1.518182,2505,0.212168,0.212168,0.215483,0.213825,2,0.005813,2,0.003107,16.250000,16.125000,NA,NA,NA,NA,NA,NA,NA,NA,16.000000,0.096414,16.000000,0.113580,
165,cube0,0.323636,534,0.000000,0.000000,0.001658,0.001658,3,0.000043,2,0.000034,1,0.000017,NA,NA,NA,NA,NA,NA,NA,NA,NA,NA,0.125000,0.125000,0.000000,0.000000,0.500000,0.003325,0.000000,0.000000,0.000000,0.000000,NA,NA,NA,NA,
165,vector0,NA,NA,NA,NA,NA,NA,NA,NA,NA,NA,NA,NA,1.688485,2786,0.212168,0.212168,0.215483,0.213825,2,0.004661,2,0.005463,16.250000,16.125000,NA,NA,NA,NA,NA,NA,NA,NA,16.000000,0.096414,16.000000,0.113580,
165,vector1,NA,NA,NA,NA,NA,NA,NA,NA,NA,NA,NA,NA,1.545455,2550,0.212168,0.212168,0.215483,0.213825,2,0.004277,2,0.005164,16.250000,16.125000,NA,NA,NA,NA,NA,NA,NA,NA,16.000000,0.096414,16.000000,0.113580,
166,cube0,0.313939,518,0.000000,0.000000,0.001658,0.001658,3,0.000043,2,0.000034,1,0.000017,NA,NA,NA,NA,NA,NA,NA,NA,NA,NA,0.125000,0.125000,0.000000,0.000000,0.500000,0.003325,0.000000,0.000000,0.000000,0.000000,NA,NA,NA,NA,
166,vector0,NA,NA,NA,NA,NA,NA,NA,NA,NA,NA,NA,NA,1.379394,2276,0.212168,0.212168,0.215483,0.213825,2,0.004345,2,0.006581,16.250000,16.125000,NA,NA,NA,NA,NA,NA,NA,NA,16.000000,0.096414,16.000000,0.113580,
166,vector1,NA,NA,NA,NA,NA,NA,NA,NA,NA,NA,NA,NA,1.504848,2483,0.212168,0.212168,0.215483,0.213825,2,0.005890,2,0.003056,16.250000,16.125000,NA,NA,NA,NA,NA,NA,NA,NA,16.000000,0.096414,16.000000,0.113580,
167,cube0,0.340606,562,0.000000,0.000000,0.001658,0.001658,3,0.000043,2,0.000034,1,0.000017,NA,NA,NA,NA,NA,NA,NA,NA,NA,NA,0.125000,0.125000,0.000000,0.000000,0.500000,0.003325,0.000000,0.000000,0.000000,0.000000,NA,NA,NA,NA,
167,vector0,NA,NA,NA,NA,NA,NA,NA,NA,NA,NA,NA,NA,1.626061,2683,0.212168,0.212168,0.215483,0.213825,2,0.002979,2,0.007051,16.250000,16.125000,NA,NA,NA,NA,NA,NA,NA,NA,16.000000,0.096414,16.000000,0.113580,
167,vector1,NA,NA,NA,NA,NA,NA,NA,NA,NA,NA,NA,NA,1.660000,2739,0.212168,0.212168,0.215483,0.213825,2,0.004934,2,0.006539,16.250000,16.125000,NA,NA,NA,NA,NA,NA,NA,NA,16.000000,0.096414,16.000000,0.113580,
168,cube0,0.319394,527,0.000000,0.000000,0.001658,0.001658,3,0.000043,2,0.000034,1,0.000017,NA,NA,NA,NA,NA,NA,NA,NA,NA,NA,0.125000,0.125000,0.000000,0.000000,0.500000,0.003325,0.000000,0.000000,0.000000,0.000000,NA,NA,NA,NA,
168,vector0,NA,NA,NA,NA,NA,NA,NA,NA,NA,NA,NA,NA,1.849091,3051,0.212168,0.212168,0.215483,0.213825,2,0.006743,2,0.007392,16.250000,16.125000,NA,NA,NA,NA,NA,NA,NA,NA,16.000000,0.096414,16.000000,0.113580,
168,vector1,NA,NA,NA,NA,NA,NA,NA,NA,NA,NA,NA,NA,1.541818,2544,0.212168,0.212168,0.215483,0.213825,2,0.006394,2,0.003431,16.250000,16.125000,NA,NA,NA,NA,NA,NA,NA,NA,16.000000,0.096414,16.000000,0.113580,
169,cube0,0.349091,576,0.000000,0.000000,0.001658,0.001658,3,0.000043,2,0.000034,1,0.000017,NA,NA,NA,NA,NA,NA,NA,NA,NA,NA,0.125000,0.125000,0.000000,0.000000,0.500000,0.003325,0.000000,0.000000,0.000000,0.000000,NA,NA,NA,NA,
169,vector0,NA,NA,NA,NA,NA,NA,NA,NA,NA,NA,NA,NA,1.623030,2678,0.212168,0.212168,0.215483,0.213825,2,0.005514,2,0.006778,16.250000,16.125000,NA,NA,NA,NA,NA,NA,NA,NA,16.000000,0.096414,16.000000,0.113580,
169,vector1,NA,NA,NA,NA,NA,NA,NA,NA,NA,NA,NA,NA,1.635758,2699,0.212168,0.212168,0.215483,0.213825,2,0.004439,2,0.006223,16.250000,16.125000,NA,NA,NA,NA,NA,NA,NA,NA,16.000000,0.096414,16.000000,0.113580,
170,cube0,0.335758,554,0.000000,0.000000,0.001658,0.001658,3,0.000043,2,0.000034,1,0.000017,NA,NA,NA,NA,NA,NA,NA,NA,NA,NA,0.125000,0.125000,0.000000,0.000000,0.500000,0.003325,0.000000,0.000000,0.000000,0.000000,NA,NA,NA,NA,
170,vector0,NA,NA,NA,NA,NA,NA,NA,NA,NA,NA,NA,NA,1.456970,2404,0.212168,0.212168,0.215483,0.213825,2,0.005309,2,0.003312,16.250000,16.125000,NA,NA,NA,NA,NA,NA,NA,NA,16.000000,0.096414,16.000000,0.113580,
170,vector1,NA,NA,NA,NA,NA,NA,NA,NA,NA,NA,NA,NA,1.563030,2579,0.212168,0.212168,0.215483,0.213825,2,0.006308,2,0.003175,16.250000,16.125000,NA,NA,NA,NA,NA,NA,NA,NA,16.000000,0.096414,16.000000,0.113580,
171,cube0,0.374545,618,0.000000,0.000000,0.001658,0.001658,3,0.000043,2,0.000034,1,0.000017,NA,NA,NA,NA,NA,NA,NA,NA,NA,NA,0.125000,0.125000,0.000000,0.000000,0.500000,0.003325,0.000000,0.000000,0.000000,0.000000,NA,NA,NA,NA,
171,vector0,NA,NA,NA,NA,NA,NA,NA,NA,NA,NA,NA,NA,1.580606,2608,0.212168,0.212168,0.215483,0.213825,2,0.004294,2,0.005156,16.250000,16.125000,NA,NA,NA,NA,NA,NA,NA,NA,16.000000,0.096414,16.000000,0.113580,
171,vector1,NA,NA,NA,NA,NA,NA,NA,NA,NA,NA,NA,NA,1.767879,2917,0.212168,0.212168,0.215483,0.213825,2,0.005233,2,0.006931,16.250000,16.125000,NA,NA,NA,NA,NA,NA,NA,NA,16.000000,0.096414,16.000000,0.113580,
172,cube0,0.307273,507,0.000000,0.000000,0.001658,0.001658,3,0.000043,2,0.000034,1,0.000017,NA,NA,NA,NA,NA,NA,NA,NA,NA,NA,0.125000,0.125000,0.000000,0.000000,0.500000,0.003325,0.000000,0.000000,0.000000,0.000000,NA,NA,NA,NA,
172,vector0,NA,NA,NA,NA,NA,NA,NA,NA,NA,NA,NA,NA,1.612727,2661,0.212168,0.212168,0.215483,0.213825,2,0.007307,2,0.003269,16.250000,16.125000,NA,NA,NA,NA,NA,NA,NA,NA,16.000000,0.096414,16.000000,0.113580,
172,vector1,NA,NA,NA,NA,NA,NA,NA,NA,NA,NA,NA,NA,1.565455,2583,0.212168,0.212168,0.215483,0.213825,2,0.006240,2,0.003286,16.250000,16.125000,NA,NA,NA,NA,NA,NA,NA,NA,16.000000,0.096414,16.000000,0.113580,
173,cube0,0.309091,510,0.000000,0.000000,0.001658,0.001658,3,0.000043,2,0.000034,1,0.000017,NA,NA,NA,NA,NA,NA,NA,NA,NA,NA,0.125000,0.125000,0.000000,0.000000,0.500000,0.003325,0.000000,0.000000,0.000000,0.000000,NA,NA,NA,NA,
173,vector0,NA,NA,NA,NA,NA,NA,NA,NA,NA,NA,NA,NA,1.610909,2658,0.212168,0.212168,0.215483,0.213825,2,0.004208,2,0.006163,16.250000,16.125000,NA,NA,NA,NA,NA,NA,NA,NA,16.000000,0.096414,16.000000,0.113580,
173,vector1,NA,NA,NA,NA,NA,NA,NA,NA,NA,NA,NA,NA,1.620606,2674,0.212168,0.212168,0.215483,0.213825,2,0.003645,2,0.007085,16.250000,16.125000,NA,NA,NA,NA,NA,NA,NA,NA,16.000000,0.096414,16.000000,0.113580,
174,cube0,0.318182,525,0.000000,0.000000,0.001658,0.001658,3,0.000043,2,0.000034,1,0.000017,NA,NA,NA,NA,NA,NA,NA,NA,NA,NA,0.125000,0.125000,0.000000,0.000000,0.500000,0.003325,0.000000,0.000000,0.000000,0.000000,NA,NA,NA,NA,
174,vector0,NA,NA,NA,NA,NA,NA,NA,NA,NA,NA,NA,NA,1.582424,2611,0.212168,0.212168,0.215483,0.213825,2,0.006180,2,0.004968,16.250000,16.125000,NA,NA,NA,NA,NA,NA,NA,NA,16.000000,0.096414,16.000000,0.113580,
174,vector1,NA,NA,NA,NA,NA,NA,NA,NA,NA,NA,NA,NA,1.518788,2506,0.212168,0.212168,0.215483,0.213825,2,0.005839,2,0.003363,16.250000,16.125000,NA,NA,NA,NA,NA,NA,NA,NA,16.000000,0.096414,16.000000,0.113580,
175,cube0,0.349697,577,0.000000,0.000000,0.001658,0.001658,3,0.000043,2,0.000034,1,0.000017,NA,NA,NA,NA,NA,NA,NA,NA,NA,NA,0.125000,0.125000,0.000000,0.000000,0.500000,0.003325,0.000000,0.000000,0.000000,0.000000,NA,NA,NA,NA,
175,vector0,NA,NA,NA,NA,NA,NA,NA,NA,NA,NA,NA,NA,1.745455,2880,0.212168,0.212168,0.215483,0.213825,2,0.006265,2,0.005958,16.250000,16.125000,NA,NA,NA,NA,NA,NA,NA,NA,16.000000,0.096414,16.000000,0.113580,
175,vector1,NA,NA,NA,NA,NA,NA,NA,NA,NA,NA,NA,NA,1.578788,2605,0.212168,0.212168,0.215483,0.213825,2,0.004806,2,0.007495,16.250000,16.125000,NA,NA,NA,NA,NA,NA,NA,NA,16.000000,0.096414,16.000000,0.113580,
176,cube0,0.340000,561,0.000000,0.000000,0.001658,0.001658,3,0.000043,2,0.000034,1,0.000017,NA,NA,NA,NA,NA,NA,NA,NA,NA,NA,0.125000,0.125000,0.000000,0.000000,0.500000,0.003325,0.000000,0.000000,0.000000,0.000000,NA,NA,NA,NA,
176,vector0,NA,NA,NA,NA,NA,NA,NA,NA,NA,NA,NA,NA,1.995758,3293,0.212168,0.212168,0.215483,0.213825,2,0.008101,2,0.003030,16.250000,16.125000,NA,NA,NA,NA,NA,NA,NA,NA,16.000000,0.096414,16.000000,0.113580,
176,vector1,NA,NA,NA,NA,NA,NA,NA,NA,NA,NA,NA,NA,1.903030,3140,0.212168,0.212168,0.215483,0.213825,2,0.007546,2,0.003227,16.250000,16.125000,NA,NA,NA,NA,NA,NA,NA,NA,16.000000,0.096414,16.000000,0.113580,
177,cube0,0.306061,505,0.000000,0.000000,0.001658,0.001658,3,0.000043,2,0.000034,1,0.000017,NA,NA,NA,NA,NA,NA,NA,NA,NA,NA,0.125000,0.125000,0.000000,0.000000,0.500000,0.003325,0.000000,0.000000,0.000000,0.000000,NA,NA,NA,NA,
177,vector0,NA,NA,NA,NA,NA,NA,NA,NA,NA,NA,NA,NA,1.547879,2554,0.212168,0.212168,0.215483,0.213825,2,0.006001,2,0.005898,16.250000,16.125000,NA,NA,NA,NA,NA,NA,NA,NA,16.000000,0.096414,16.000000,0.113580,
177,vector1,NA,NA,NA,NA,NA,NA,NA,NA,NA,NA,NA,NA,1.568485,2588,0.212168,0.212168,0.215483,0.213825,2,0.006761,2,0.006445,16.250000,16.125000,NA,NA,NA,NA,NA,NA,NA,NA,16.000000,0.096414,16.000000,0.113580,
178,cube0,0.360606,595,0.000000,0.000000,0.001658,0.001658,3,0.000043,2,0.000034,1,0.000017,NA,NA,NA,NA,NA,NA,NA,NA,NA,NA,0.125000,0.125000,0.000000,0.000000,0.500000,0.003325,0.000000,0.000000,0.000000,0.000000,NA,NA,NA,NA,
178,vector0,NA,NA,NA,NA,NA,NA,NA,NA,NA,NA,NA,NA,1.518788,2506,0.212168,0.212168,0.215483,0.213825,2,0.006035,2,0.003116,16.250000,16.125000,NA,NA,NA,NA,NA,NA,NA,NA,16.000000,0.096414,16.000000,0.113580,
178,vector1,NA,NA,NA,NA,NA,NA,NA,NA,NA,NA,NA,NA,1.453333,2398,0.212168,0.212168,0.215483,0.213825,2,0.005301,2,0.003286,16.250000,16.125000,NA,NA,NA,NA,NA,NA,NA,NA,16.000000,0.096414,16.000000,0.113580,
179,cube0,0.349091,576,0.000000,0.000000,0.001658,0.001658,3,0.000043,2,0.000034,1,0.000017,NA,NA,NA,NA,NA,NA,NA,NA,NA,NA,0.125000,0.125000,0.000000,0.000000,0.500000,0.003325,0.000000,0.000000,0.000000,0.000000,NA,NA,NA,NA,
179,vector0,NA,NA,NA,NA,NA,NA,NA,NA,NA,NA,NA,NA,1.709091,2820,0.212168,0.212168,0.215483,0.213825,2,0.004934,2,0.005651,16.250000,16.125000,NA,NA,NA,NA,NA,NA,NA,NA,16.000000,0.096414,16.000000,0.113580,
179,vector1,NA,NA,NA,NA,NA,NA,NA,NA,NA,NA,NA,NA,1.570909,2592,0.212168,0.212168,0.215483,0.213825,2,0.004029,2,0.006129,16.250000,16.125000,NA,NA,NA,NA,NA,NA,NA,NA,16.000000,0.096414,16.000000,0.113580,
180,cube0,0.345455,570,0.000000,0.000000,0.001658,0.001658,3,0.000043,2,0.000034,1,0.000017,NA,NA,NA,NA,NA,NA,NA,NA,NA,NA,0.125000,0.125000,0.000000,0.000000,0.500000,0.003325,0.000000,0.000000,0.000000,0.000000,NA,NA,NA,NA,
180,vector0,NA,NA,NA,NA,NA,NA,NA,NA,NA,NA,NA,NA,1.539394,2540,0.212168,0.212168,0.215483,0.213825,2,0.005728,2,0.003099,16.250000,16.125000,NA,NA,NA,NA,NA,NA,NA,NA,16.000000,0.096414,16.000000,0.113580,
180,vector1,NA,NA,NA,NA,NA,NA,NA,NA,NA,NA,NA,NA,1.521212,2510,0.212168,0.212168,0.215483,0.213825,2,0.005915,2,0.003047,16.250000,16.125000,NA,NA,NA,NA,NA,NA,NA,NA,16.000000,0.096414,16.000000,0.113580,
181,cube0,0.293939,485,0.000000,0.000000,0.001658,0.001658,3,0.000043,2,0.000034,1,0.000017,NA,NA,NA,NA,NA,NA,NA,NA,NA,NA,0.125000,0.125000,0.000000,0.000000,0.500000,0.003325,0.000000,0.000000,0.000000,0.000000,NA,NA,NA,NA,
181,vector0,NA,NA,NA,NA,NA,NA,NA,NA,NA,NA,NA,NA,1.673333,2761,0.212168,0.212168,0.215483,0.213825,2,0.005139,2,0.006453,16.250000,16.125000,NA,NA,NA,NA,NA,NA,NA,NA,16.000000,0.096414,16.000000,0.113580,
181,vector1,NA,NA,NA,NA,NA,NA,NA,NA,NA,NA,NA,NA,1.735152,2863,0.212168,0.212168,0.215483,0.213825,2,0.005933,2,0.005591,16.250000,16.125000,NA,NA,NA,NA,NA,NA,NA,NA,16.000000,0.096414,16.000000,0.113580,
182,cube0,0.346667,572,0.000000,0.000000,0.001658,0.001658,3,0.000043,2,0.000034,1,0.000017,NA,NA,NA,NA,NA,NA,NA,NA,NA,NA,0.125000,0.125000,0.000000,0.000000,0.500000,0.003325,0.000000,0.000000,0.000000,0.000000,NA,NA,NA,NA,
182,vector0,NA,NA,NA,NA,NA,NA,NA,NA,NA,NA,NA,NA,2.026061,3343,0.212168,0.212168,0.215483,0.213825,2,0.007281,2,0.003500,16.250000,16.125000,NA,NA,NA,NA,NA,NA,NA,NA,16.000000,0.096414,16.000000,0.113580,
182,vector1,NA,NA,NA,NA,NA,NA,NA,NA,NA,NA,NA,NA,1.364242,2251,0.212168,0.212168,0.215483,0.213825,2,0.003961,2,0.003218,16.250000,16.125000,NA,NA,NA,NA,NA,NA,NA,NA,16.000000,0.096414,16.000000,0.113580,
183,cube0,0.292121,482,0.000000,0.000000,0.001658,0.001658,3,0.000043,2,0.000034,1,0.000017,NA,NA,NA,NA,NA,NA,NA,NA,NA,NA,0.125000,0.125000,0.000000,0.000000,0.500000,0.003325,0.000000,0.000000,0.000000,0.000000,NA,NA,NA,NA,
183,vector0,NA,NA,NA,NA,NA,NA,NA,NA,NA,NA,NA,NA,1.373939,2267,0.212168,0.212168,0.215483,0.213825,2,0.003739,2,0.005762,16.250000,16.125000,NA,NA,NA,NA,NA,NA,NA,NA,16.000000,0.096414,16.000000,0.113580,
183,vector1,NA,NA,NA,NA,NA,NA,NA,NA,NA,NA,NA,NA,1.381212,2279,0.212168,0.212168,0.215483,0.213825,2,0.002527,2,0.007111,16.250000,16.125000,NA,NA,NA,NA,NA,NA,NA,NA,16.000000,0.096414,16.000000,0.113580,
184,cube0,0.369091,609,0.000000,0.000000,0.001658,0.001658,3,0.000043,2,0.000034,1,0.000017,NA,NA,NA,NA,NA,NA,NA,NA,NA,NA,0.125000,0.125000,0.000000,0.000000,0.500000,0.003325,0.000000,0.000000,0.000000,0.000000,NA,NA,NA,NA,
184,vector0,NA,NA,NA,NA,NA,NA,NA,NA,NA,NA,NA,NA,1.504848,2483,0.212168,0.212168,0.215483,0.213825,2,0.005472,2,0.003278,16.250000,16.125000,NA,NA,NA,NA,NA,NA,NA,NA,16.000000,0.096414,16.000000,0.113580,
184,vector1,NA,NA,NA,NA,NA,NA,NA,NA,NA,NA,NA,NA,1.568485,2588,0.212168,0.212168,0.215483,0.213825,2,0.006496,2,0.003227,16.250000,16.125000,NA,NA,NA,NA,NA,NA,NA,NA,16.000000,0.096414,16.000000,0.113580,
185,cube0,0.323636,534,0.000000,0.000000,0.001658,0.001658,3,0.000043,2,0.000034,1,0.000017,NA,NA,NA,NA,NA,NA,NA,NA,NA,NA,0.125000,0.125000,0.000000,0.000000,0.500000,0.003325,0.000000,0.000000,0.000000,0.000000,NA,NA,NA,NA,
185,vector0,NA,NA,NA,NA,NA,NA,NA,NA,NA,NA,NA,NA,1.806667,2981,0.212168,0.212168,0.215483,0.213825,2,0.004755,2,0.006052,16.250000,16.125000,NA,NA,NA,NA,NA,NA,NA,NA,16.000000,0.096414,16.000000,0.113580,
185,vector1,NA,NA,NA,NA,NA,NA,NA,NA,NA,NA,NA,NA,1.643636,2712,0.212168,0.212168,0.215483,0.213825,2,0.005070,2,0.006539,16.250000,16.125000,NA,NA,NA,NA,NA,NA,NA,NA,16.000000,0.096414,16.000000,0.113580,
186,cube0,0.313333,517,0.000000,0.000000,0.001658,0.001658,3,0.000043,2,0.000034,1,0.000017,NA,NA,NA,NA,NA,NA,NA,NA,NA,NA,0.125000,0.125000,0.000000,0.000000,0.500000,0.003325,0.000000,0.000000,0.000000,0.000000,NA,NA,NA,NA,
186,vector0,NA,NA,NA,NA,NA,NA,NA,NA,NA,NA,NA,NA,1.445455,2385,0.212168,0.212168,0.215483,0.213825,2,0.005002,2,0.003278,16.250000,16.125000,NA,NA,NA,NA,NA,NA,NA,NA,16.000000,0.096414,16.000000,0.113580,
186,vector1,NA,NA,NA,NA,NA,NA,NA,NA,NA,NA,NA,NA,1.518182,2505,0.212168,0.212168,0.215483,0.213825,2,0.005941,2,0.003184,16.250000,16.125000,NA,NA,NA,NA,NA,NA,NA,NA,16.000000,0.096414,16.000000,0.113580,
187,cube0,0.338788,559,0.000000,0.000000,0.001658,0.001658,3,0.000043,2,0.000034,1,0.000017,NA,NA,NA,NA,NA,NA,NA,NA,NA,NA,0.125000,0.125000,0.000000,0.000000,0.500000,0.003325,0.000000,0.000000,0.000000,0.000000,NA,NA,NA,NA,
187,vector0,NA,NA,NA,NA,NA,NA,NA,NA,NA,NA,NA,NA,1.603030,2645,0.212168,0.212168,0.215483,0.213825,2,0.003184,2,0.006334,16.250000,16.125000,NA,NA,NA,NA,NA,NA,NA,NA,16.000000,0.096414,16.000000,0.113580,
187,vector1,NA,NA,NA,NA,NA,NA,NA,NA,NA,NA,NA,NA,1.624242,2680,0.212168,0.212168,0.215483,0.213825,2,0.004396,2,0.006923,16.250000,16.125000,NA,NA,NA,NA,NA,NA,NA,NA,16.000000,0.096414,16.000000,0.113580,
188,cube0,0.316970,523,0.000000,0.000000,0.001658,0.001658,3,0.000043,2,0.000034,1,0.000017,NA,NA,NA,NA,NA,NA,NA,NA,NA,NA,0.125000,0.125000,0.000000,0.000000,0.500000,0.003325,0.000000,0.000000,0.000000,0.000000,NA,NA,NA,NA,
188,vector0,NA,NA,NA,NA,NA,NA,NA,NA,NA,NA,NA,NA,1.486061,2452,0.212168,0.212168,0.215483,0.213825,2,0.005634,2,0.003286,16.250000,16.125000,NA,NA,NA,NA,NA,NA,NA,NA,16.000000,0.096414,16.000000,0.113580,
188,vector1,NA,NA,NA,NA,NA,NA,NA,NA,NA,NA,NA,NA,1.393939,2300,0.212168,0.212168,0.215483,0.213825,2,0.004319,2,0.003517,16.250000,16.125000,NA,NA,NA,NA,NA,NA,NA,NA,16.000000,0.096414,16.000000,0.113580,
189,cube0,0.354545,585,0.000000,0.000000,0.001658,0.001658,3,0.000043,2,0.000034,1,0.000017,NA,NA,NA,NA,NA,NA,NA,NA,NA,NA,0.125000,0.125000,0.000000,0.000000,0.500000,0.003325,0.000000,0.000000,0.000000,0.000000,NA,NA,NA,NA,
189,vector0,NA,NA,NA,NA,NA,NA,NA,NA,NA,NA,NA,NA,1.612727,2661,0.212168,0.212168,0.215483,0.213825,2,0.003355,2,0.006206,16.250000,16.125000,NA,NA,NA,NA,NA,NA,NA,NA,16.000000,0.096414,16.000000,0.113580,
189,vector1,NA,NA,NA,NA,NA,NA,NA,NA,NA,NA,NA,NA,1.438182,2373,0.212168,0.212168,0.215483,0.213825,2,0.002467,2,0.005642,16.250000,16.125000,NA,NA,NA,NA,NA,NA,NA,NA,16.000000,0.096414,16.000000,0.113580,
190,cube0,0.330909,546,0.000000,0.000000,0.001658,0.001658,3,0.000043,2,0.000034,1,0.000017,NA,NA,NA,NA,NA,NA,NA,NA,NA,NA,0.125000,0.125000,0.000000,0.000000,0.500000,0.003325,0.000000,0.000000,0.000000,0.000000,NA,NA,NA,NA,
190,vector0,NA,NA,NA,NA,NA,NA,NA,NA,NA,NA,NA,NA,1.523030,2513,0.212168,0.212168,0.215483,0.213825,2,0.006325,2,0.003158,16.250000,16.125000,NA,NA,NA,NA,NA,NA,NA,NA,16.000000,0.096414,16.000000,0.113580,
190,vector1,NA,NA,NA,NA,NA,NA,NA,NA,NA,NA,NA,NA,1.487273,2454,0.212168,0.212168,0.215483,0.213825,2,0.005318,2,0.003210,16.250000,16.125000,NA,NA,NA,NA,NA,NA,NA,NA,16.000000,0.096414,16.000000,0.113580,
191,cube0,0.370303,611,0.000000,0.000000,0.001658,0.001658,3,0.000043,2,0.000034,1,0.000017,NA,NA,NA,NA,NA,NA,NA,NA,NA,NA,0.125000,0.125000,0.000000,0.000000,0.500000,0.003325,0.000000,0.000000,0.000000,0.000000,NA,NA,NA,NA,
191,vector0,NA,NA,NA,NA,NA,NA,NA,NA,NA,NA,NA,NA,1.655151,2731,0.212168,0.212168,0.215483,0.213825,2,0.003577,2,0.005514,16.250000,16.125000,NA,NA,NA,NA,NA,NA,NA,NA,16.000000,0.096414,16.000000,0.113580,
191,vector1,NA,NA,NA,NA,NA,NA,NA,NA,NA,NA,NA,NA,1.681212,2774,0.212168,0.212168,0.215483,0.213825,2,0.003747,2,0.008468,16.250000,16.125000,NA,NA,NA,NA,NA,NA,NA,NA,16.000000,0.096414,16.000000,0.113580,
192,cube0,0.303636,501,0.000000,0.000000,0.001658,0.001658,3,0.000043,2,0.000034,1,0.000017,NA,NA,NA,NA,NA,NA,NA,NA,NA,NA,0.125000,0.125000,0.000000,0.000000,0.500000,0.003325,0.000000,0.000000,0.000000,0.000000,NA,NA,NA,NA,
192,vector0,NA,NA,NA,NA,NA,NA,NA,NA,NA,NA,NA,NA,1.627273,2685,0.212168,0.212168,0.215483,0.213825,2,0.006931,2,0.003542,16.250000,16.125000,NA,NA,NA,NA,NA,NA,NA,NA,16.000000,0.096414,16.000000,0.113580,
192,vector1,NA,NA,NA,NA,NA,NA,NA,NA,NA,NA,NA,NA,1.467273,2421,0.212168,0.212168,0.215483,0.213825,2,0.005412,2,0.003372,16.250000,16.125000,NA,NA,NA,NA,NA,NA,NA,NA,16.000000,0.096414,16.000000,0.113580,
193,cube0,0.308485,509,0.000000,0.000000,0.001658,0.001658,3,0.000043,2,0.000034,1,0.000017,NA,NA,NA,NA,NA,NA,NA,NA,NA,NA,0.125000,0.125000,0.000000,0.000000,0.500000,0.003325,0.000000,0.000000,0.000000,0.000000,NA,NA,NA,NA,
193,vector0,NA,NA,NA,NA,NA,NA,NA,NA,NA,NA,NA,NA,1.736364,2865,0.212168,0.212168,0.215483,0.213825,2,0.004336,2,0.007426,16.250000,16.125000,NA,NA,NA,NA,NA,NA,NA,NA,16.000000,0.096414,16.000000,0.113580,
193,vector1,NA,NA,NA,NA,NA,NA,NA,NA,NA,NA,NA,NA,1.553333,2563,0.212168,0.212168,0.215483,0.213825,2,0.002953,2,0.006897,16.250000,16.125000,NA,NA,NA,NA,NA,NA,NA,NA,16.000000,0.096414,16.000000,0.113580,
194,cube0,0.320606,529,0.000000,0.000000,0.001658,0.001658,3,0.000043,2,0.000034,1,0.000017,NA,NA,NA,NA,NA,NA,NA,NA,NA,NA,0.125000,0.125000,0.000000,0.000000,0.500000,0.003325,0.000000,0.000000,0.000000,0.000000,NA,NA,NA,NA,
194,vector0,NA,NA,NA,NA,NA,NA,NA,NA,NA,NA,NA,NA,1.425454,2352,0.212168,0.212168,0.215483,0.213825,2,0.004234,2,0.005327,16.250000,16.125000,NA,NA,NA,NA,NA,NA,NA,NA,16.000000,0.096414,16.000000,0.113580,
194,vector1,NA,NA,NA,NA,NA,NA,NA,NA,NA,NA,NA,NA,1.529697,2524,0.212168,0.212168,0.215483,0.213825,2,0.005873,2,0.003389,16.250000,16.125000,NA,NA,NA,NA,NA,NA,NA,NA,16.000000,0.096414,16.000000,0.113580,
195,cube0,0.350303,578,0.000000,0.000000,0.001658,0.001658,3,0.000043,2,0.000034,1,0.000017,NA,NA,NA,NA,NA,NA,NA,NA,NA,NA,0.125000,0.125000,0.000000,0.000000,0.500000,0.003325,0.000000,0.000000,0.000000,0.000000,NA,NA,NA,NA,
195,vector0,NA,NA,NA,NA,NA,NA,NA,NA,NA,NA,NA,NA,1.667879,2752,0.212168,0.212168,0.215483,0.213825,2,0.003961,2,0.003440,16.250000,16.125000,NA,NA,NA,NA,NA,NA,NA,NA,16.000000,0.096414,16.000000,0.113580,
195,vector1,NA,NA,NA,NA,NA,NA,NA,NA,NA,NA,NA,NA,1.601212,2642,0.212168,0.212168,0.215483,0.213825,2,0.004780,2,0.006906,16.250000,16.125000,NA,NA,NA,NA,NA,NA,NA,NA,16.000000,0.096414,16.000000,0.113580,
196,cube0,0.340000,561,0.000000,0.000000,0.001658,0.001658,3,0.000043,2,0.000034,1,0.000017,NA,NA,NA,NA,NA,NA,NA,NA,NA,NA,0.125000,0.125000,0.000000,0.000000,0.500000,0.003325,0.000000,0.000000,0.000000,0.000000,NA,NA,NA,NA,
196,vector0,NA,NA,NA,NA,NA,NA,NA,NA,NA,NA,NA,NA,1.641818,2709,0.212168,0.212168,0.215483,0.213825,2,0.007247,2,0.003414,16.250000,16.125000,NA,NA,NA,NA,NA,NA,NA,NA,16.000000,0.096414,16.000000,0.113580,
196,vector1,NA,NA,NA,NA,NA,NA,NA,NA,NA,NA,NA,NA,1.746061,2881,0.212168,0.212168,0.215483,0.213825,2,0.009023,2,0.003636,16.250000,16.125000,NA,NA,NA,NA,NA,NA,NA,NA,16.000000,0.096414,16.000000,0.113580,
197,cube0,0.304848,503,0.000000,0.000000,0.001658,0.001658,3,0.000043,2,0.000034,1,0.000017,NA,NA,NA,NA,NA,NA,NA,NA,NA,NA,0.125000,0.125000,0.000000,0.000000,0.500000,0.003325,0.000000,0.000000,0.000000,0.000000,NA,NA,NA,NA,
197,vector0,NA,NA,NA,NA,NA,NA,NA,NA,NA,NA,NA,NA,1.824242,3010,0.212168,0.212168,0.215483,0.213825,2,0.005796,2,0.005309,16.250000,16.125000,NA,NA,NA,NA,NA,NA,NA,NA,16.000000,0.096414,16.000000,0.113580,
197,vector1,NA,NA,NA,NA,NA,NA,NA,NA,NA,NA,NA,NA,1.852121,3056,0.212168,0.212168,0.215483,0.213825,2,0.007546,2,0.005898,16.250000,16.125000,NA,NA,NA,NA,NA,NA,NA,NA,16.000000,0.096414,16.000000,0.113580,
198,cube0,0.361818,597,0.000000,0.000000,0.001658,0.001658,3,0.000043,2,0.000034,1,0.000017,NA,NA,NA,NA,NA,NA,NA,NA,NA,NA,0.125000,0.125000,0.000000,0.000000,0.500000,0.003325,0.000000,0.000000,0.000000,0.000000,NA,NA,NA,NA,
198,vector0,NA,NA,NA,NA,NA,NA,NA,NA,NA,NA,NA,NA,1.463636,2415,0.212168,0.212168,0.215483,0.213825,2,0.005173,2,0.005250,16.250000,16.125000,NA,NA,NA,NA,NA,NA,NA,NA,16.000000,0.096414,16.000000,0.113580,
198,vector1,NA,NA,NA,NA,NA,NA,NA,NA,NA,NA,NA,NA,1.478182,2439,0.212168,0.212168,0.215483,0.213825,2,0.005181,2,0.003150,16.250000,16.125000,NA,NA,NA,NA,NA,NA,NA,NA,16.000000,0.096414,16.000000,0.113580,
199,cube0,0.349091,576,0.000000,0.000000,0.001658,0.001658,3,0.000043,2,0.000034,1,0.000017,NA,NA,NA,NA,NA,NA,NA,NA,NA,NA,0.125000,0.125000,0.000000,0.000000,0.500000,0.003325,0.000000,0.000000,0.000000,0.000000,NA,NA,NA,NA,
199,vector0,NA,NA,NA,NA,NA,NA,NA,NA,NA,NA,NA,NA,1.649091,2721,0.212168,0.212168,0.215483,0.213825,2,0.003619,2,0.007256,16.250000,16.125000,NA,NA,NA,NA,NA,NA,NA,NA,16.000000,0.096414,16.000000,0.113580,
199,vector1,NA,NA,NA,NA,NA,NA,NA,NA,NA,NA,NA,NA,1.655758,2732,0.212168,0.212168,0.215483,0.213825,2,0.003756,2,0.006342,16.250000,16.125000,NA,NA,NA,NA,NA,NA,NA,NA,16.000000,0.096414,16.000000,0.113580,
200,cube0,0.350303,578,0.000000,0.000000,0.001658,0.001658,3,0.000043,2,0.000034,1,0.000017,NA,NA,NA,NA,NA,NA,NA,NA,NA,NA,0.125000,0.125000,0.000000,0.000000,0.500000,0.003325,0.000000,0.000000,0.000000,0.000000,NA,NA,NA,NA,
200,vector0,NA,NA,NA,NA,NA,NA,NA,NA,NA,NA,NA,NA,1.493939,2465,0.212168,0.212168,0.215483,0.213825,2,0.005668,2,0.003082,16.250000,16.125000,NA,NA,NA,NA,NA,NA,NA,NA,16.000000,0.096414,16.000000,0.113580,
200,vector1,NA,NA,NA,NA,NA,NA,NA,NA,NA,NA,NA,NA,1.538788,2539,0.212168,0.212168,0.215483,0.213825,2,0.006504,2,0.003346,16.250000,16.125000,NA,NA,NA,NA,NA,NA,NA,NA,16.000000,0.096414,16.000000,0.113580,
201,cube0,0.290909,480,0.000000,0.000000,0.001658,0.001658,3,0.000043,2,0.000034,1,0.000017,NA,NA,NA,NA,NA,NA,NA,NA,NA,NA,0.125000,0.125000,0.000000,0.000000,0.500000,0.003325,0.000000,0.000000,0.000000,0.000000,NA,NA,NA,NA,
201,vector0,NA,NA,NA,NA,NA,NA,NA,NA,NA,NA,NA,NA,1.641212,2708,0.212168,0.212168,0.215483,0.213825,2,0.004755,2,0.005642,16.250000,16.125000,NA,NA,NA,NA,NA,NA,NA,NA,16.000000,0.096414,16.000000,0.113580,
201,vector1,NA,NA,NA,NA,NA,NA,NA,NA,NA,NA,NA,NA,1.717576,2834,0.212168,0.212168,0.215483,0.213825,2,0.006069,2,0.005378,16.250000,16.125000,NA,NA,NA,NA,NA,NA,NA,NA,16.000000,0.096414,16.000000,0.113580,
202,cube0,0.353333,583,0.000000,0.000000,0.001658,0.001658,3,0.000043,2,0.000034,1,0.000017,NA,NA,NA,NA,NA,NA,NA,NA,NA,NA,0.125000,0.125000,0.000000,0.000000,0.500000,0.003325,0.000000,0.000000,0.000000,0.000000,NA,NA,NA,NA,
202,vector0,NA,NA,NA,NA,NA,NA,NA,NA,NA,NA,NA,NA,1.541212,2543,0.212168,0.212168,0.215483,0.213825,2,0.006001,2,0.003107,16.250000,16.125000,NA,NA,NA,NA,NA,NA,NA,NA,16.000000,0.096414,16.000000,0.113580,
202,vector1,NA,NA,NA,NA,NA,NA,NA,NA,NA,NA,NA,NA,1.537576,2537,0.212168,0.212168,0.215483,0.213825,2,0.006069,2,0.003303,16.250000,16.125000,NA,NA,NA,NA,NA,NA,NA,NA,16.000000,0.096414,16.000000,0.113580,
203,cube0,0.293939,485,0.000000,0.000000,0.001658,0.001658,3,0.000043,2,0.000034,1,0.000017,NA,NA,NA,NA,NA,NA,NA,NA,NA,NA,0.125000,0.125000,0.000000,0.000000,0.500000,0.003325,0.000000,0.000000,0.000000,0.000000,NA,NA,NA,NA,
203,vector0,NA,NA,NA,NA,NA,NA,NA,NA,NA,NA,NA,NA,1.523030,2513,0.212168,0.212168,0.215483,0.213825,2,0.002971,2,0.007273,16.250000,16.125000,NA,NA,NA,NA,NA,NA,NA,NA,16.000000,0.096414,16.000000,0.113580,
203,vector1,NA,NA,NA,NA,NA,NA,NA,NA,NA,NA,NA,NA,1.488485,2456,0.212168,0.212168,0.215483,0.213825,2,0.002501,2,0.006351,16.250000,16.125000,NA,NA,NA,NA,NA,NA,NA,NA,16.000000,0.096414,16.000000,0.113580,
204,cube0,0.367879,607,0.000000,0.000000,0.001658,0.001658,3,0.000043,2,0.000034,1,0.000017,NA,NA,NA,NA,NA,NA,NA,NA,NA,NA,0.125000,0.125000,0.000000,0.000000,0.500000,0.003325,0.000000,0.000000,0.000000,0.000000,NA,NA,NA,NA,
204,vector0,NA,NA,NA,NA,NA,NA,NA,NA,NA,NA,NA,NA,1.602424,2644,0.212168,0.212168,0.215483,0.213825,2,0.006419,2,0.003457,16.250000,16.125000,NA,NA,NA,NA,NA,NA,NA,NA,16.000000,0.096414,16.000000,0.113580,
204,vector1,NA,NA,NA,NA,NA,NA,NA,NA,NA,NA,NA,NA,1.513333,2497,0.212168,0.212168,0.215483,0.213825,2,0.006095,2,0.007256,16.250000,16.125000,NA,NA,NA,NA,NA,NA,NA,NA,16.000000,0.096414,16.000000,0.113580,
205,cube0,0.325455,537,0.000000,0.000000,0.001658,0.001658,3,0.000043,2,0.000034,1,0.000017,NA,NA,NA,NA,NA,NA,NA,NA,NA,NA,0.125000,0.125000,0.000000,0.000000,0.500000,0.003325,0.000000,0.000000,0.000000,0.000000,NA,NA,NA,NA,
205,vector0,NA,NA,NA,NA,NA,NA,NA,NA,NA,NA,NA,NA,1.678788,2770,0.212168,0.212168,0.215483,0.213825,2,0.005608,2,0.006854,16.250000,16.125000,NA,NA,NA,NA,NA,NA,NA,NA,16.000000,0.096414,16.000000,0.113580,
205,vector1,NA,NA,NA,NA,NA,NA,NA,NA,NA,NA,NA,NA,1.607273,2652,0.212168,0.212168,0.215483,0.213825,2,0.004405,2,0.004029,16.250000,16.125000,NA,NA,NA,NA,NA,NA,NA,NA,16.000000,0.096414,16.000000,0.113580,
206,cube0,0.310303,512,0.000000,0.000000,0.001658,0.001658,3,0.000043,2,0.000034,1,0.000017,NA,NA,NA,NA,NA,NA,NA,NA,NA,NA,0.125000,0.125000,0.000000,0.000000,0.500000,0.003325,0.000000,0.000000,0.000000,0.000000,NA,NA,NA,NA,
206,vector0,NA,NA,NA,NA,NA,NA,NA,NA,NA,NA,NA,NA,1.522424,2512,0.212168,0.212168,0.215483,0.213825,2,0.005984,2,0.003090,16.250000,16.125000,NA,NA,NA,NA,NA,NA,NA,NA,16.000000,0.096414,16.000000,0.113580,
206,vector1,NA,NA,NA,NA,NA,NA,NA,NA,NA,NA,NA,NA,1.523636,2514,0.212168,0.212168,0.215483,0.213825,2,0.006052,2,0.006120,16.250000,16.125000,NA,NA,NA,NA,NA,NA,NA,NA,16.000000,0.096414,16.000000,0.113580,
207,cube0,0.339394,560,0.000000,0.000000,0.001658,0.001658,3,0.000043,2,0.000034,1,0.000017,NA,NA,NA,NA,NA,NA,NA,NA,NA,NA,0.125000,0.125000,0.000000,0.000000,0.500000,0.003325,0.000000,0.000000,0.000000,0.000000,NA,NA,NA,NA,
207,vector0,NA,NA,NA,NA,NA,NA,NA,NA,NA,NA,NA,NA,1.621818,2676,0.212168,0.212168,0.215483,0.213825,2,0.004353,2,0.005190,16.250000,16.125000,NA,NA,NA,NA,NA,NA,NA,NA,16.000000,0.096414,16.000000,0.113580,
207,vector1,NA,NA,NA,NA,NA,NA,NA,NA,NA,NA,NA,NA,1.575758,2600,0.212168,0.212168,0.215483,0.213825,2,0.004353,2,0.003167,16.250000,16.125000,NA,NA,NA,NA,NA,NA,NA,NA,16.000000,0.096414,16.000000,0.113580,
208,cube0,0.313333,517,0.000000,0.000000,0.001658,0.001658,3,0.000043,2,0.000034,1,0.000017,NA,NA,NA,NA,NA,NA,NA,NA,NA,NA,0.125000,0.125000,0.000000,0.000000,0.500000,0.003325,0.000000,0.000000,0.000000,0.000000,NA,NA,NA,NA,
208,vector0,NA,NA,NA,NA,NA,NA,NA,NA,NA,NA,NA,NA,1.524848,2516,0.212168,0.212168,0.215483,0.213825,2,0.006146,2,0.003423,16.250000,16.125000,NA,NA,NA,NA,NA,NA,NA,NA,16.000000,0.096414,16.000000,0.113580,
208,vector1,NA,NA,NA,NA,NA,NA,NA,NA,NA,NA,NA,NA,1.687879,2785,0.212168,0.212168,0.215483,0.213825,2,0.005847,2,0.003286,16.250000,16.125000,NA,NA,NA,NA,NA,NA,NA,NA,16.000000,0.096414,16.000000,0.113580,
209,cube0,0.350909,579,0.000000,0.000000,0.001658,0.001658,3,0.000043,2,0.000034,1,0.000017,NA,NA,NA,NA,NA,NA,NA,NA,NA,NA,0.125000,0.125000,0.000000,0.000000,0.500000,0.003325,0.000000,0.000000,0.000000,0.000000,NA,NA,NA,NA,
209,vector0,NA,NA,NA,NA,NA,NA,NA,NA,NA,NA,NA,NA,1.805454,2979,0.212168,0.212168,0.215483,0.213825,2,0.005813,2,0.005711,16.250000,16.125000,NA,NA,NA,NA,NA,NA,NA,NA,16.000000,0.096414,16.000000,0.113580,
209,vector1,NA,NA,NA,NA,NA,NA,NA,NA,NA,NA,NA,NA,1.781212,2939,0.212168,0.212168,0.215483,0.213825,2,0.005634,2,0.006496,16.250000,16.125000,NA,NA,NA,NA,NA,NA,NA,NA,16.000000,0.096414,16.000000,0.113580,
210,cube0,0.329091,543,0.000000,0.000000,0.001658,0.001658,3,0.000043,2,0.000034,1,0.000017,NA,NA,NA,NA,NA,NA,NA,NA,NA,NA,0.125000,0.125000,0.000000,0.000000,0.500000,0.003325,0.000000,0.000000,0.000000,0.000000,NA,NA,NA,NA,
210,vector0,NA,NA,NA,NA,NA,NA,NA,NA,NA,NA,NA,NA,1.516970,2503,0.212168,0.212168,0.215483,0.213825,2,0.005881,2,0.003321,16.250000,16.125000,NA,NA,NA,NA,NA,NA,NA,NA,16.000000,0.096414,16.000000,0.113580,
210,vector1,NA,NA,NA,NA,NA,NA,NA,NA,NA,NA,NA,NA,1.520606,2509,0.212168,0.212168,0.215483,0.213825,2,0.005548,2,0.003235,16.250000,16.125000,NA,NA,NA,NA,NA,NA,NA,NA,16.000000,0.096414,16.000000,0.113580,
211,cube0,0.372121,614,0.000000,0.000000,0.001658,0.001658,3,0.000043,2,0.000034,1,0.000017,NA,NA,NA,NA,NA,NA,NA,NA,NA,NA,0.125000,0.125000,0.000000,0.000000,0.500000,0.003325,0.000000,0.000000,0.000000,0.000000,NA,NA,NA,NA,
211,vector0,NA,NA,NA,NA,NA,NA,NA,NA,NA,NA,NA,NA,1.641212,2708,0.212168,0.212168,0.215483,0.213825,2,0.005198,2,0.006155,16.250000,16.125000,NA,NA,NA,NA,NA,NA,NA,NA,16.000000,0.096414,16.000000,0.113580,
211,vector1,NA,NA,NA,NA,NA,NA,NA,NA,NA,NA,NA,NA,1.780606,2938,0.212168,0.212168,0.215483,0.213825,2,0.006052,2,0.005369,16.250000,16.125000,NA,NA,NA,NA,NA,NA,NA,NA,16.000000,0.096414,16.000000,0.113580,
212,cube0,0.306667,506,0.000000,0.000000,0.001658,0.001658,3,0.000043,2,0.000034,1,0.000017,NA,NA,NA,NA,NA,NA,NA,NA,NA,NA,0.125000,0.125000,0.000000,0.000000,0.500000,0.003325,0.000000,0.000000,0.000000,0.000000,NA,NA,NA,NA,
212,vector0,NA,NA,NA,NA,NA,NA,NA,NA,NA,NA,NA,NA,1.499394,2474,0.212168,0.212168,0.215483,0.213825,2,0.005864,2,0.003244,16.250000,16.125000,NA,NA,NA,NA,NA,NA,NA,NA,16.000000,0.096414,16.000000,0.113580,
212,vector1,NA,NA,NA,NA,NA,NA,NA,NA,NA,NA,NA,NA,1.700606,2806,0.212168,0.212168,0.215483,0.213825,2,0.008468,2,0.007162,16.250000,16.125000,NA,NA,NA,NA,NA,NA,NA,NA,16.000000,0.096414,16.000000,0.113580,
213,cube0,0.310909,513,0.000000,0.000000,0.001658,0.001658,3,0.000043,2,0.000034,1,0.000017,NA,NA,NA,NA,NA,NA,NA,NA,NA,NA,0.125000,0.125000,0.000000,0.000000,0.500000,0.003325,0.000000,0.000000,0.000000,0.000000,NA,NA,NA,NA,
213,vector0,NA,NA,NA,NA,NA,NA,NA,NA,NA,NA,NA,NA,1.626667,2684,0.212168,0.212168,0.215483,0.213825,2,0.003918,2,0.006155,16.250000,16.125000,NA,NA,NA,NA,NA,NA,NA,NA,16.000000,0.096414,16.000000,0.113580,
213,vector1,NA,NA,NA,NA,NA,NA,NA,NA,NA,NA,NA,NA,1.737576,2867,0.212168,0.212168,0.215483,0.213825,2,0.006385,2,0.003261,16.250000,16.125000,NA,NA,NA,NA,NA,NA,NA,NA,16.000000,0.096414,16.000000,0.113580,
214,cube0,0.320000,528,0.000000,0.000000,0.001658,0.001658,3,0.000043,2,0.000034,1,0.000017,NA,NA,NA,NA,NA,NA,NA,NA,NA,NA,0.125000,0.125000,0.000000,0.000000,0.500000,0.003325,0.000000,0.000000,0.000000,0.000000,NA,NA,NA,NA,
214,vector0,NA,NA,NA,NA,NA,NA,NA,NA,NA,NA,NA,NA,1.961818,3237,0.212168,0.212168,0.215483,0.213825,2,0.006923,2,0.003303,16.250000,16.125000,NA,NA,NA,NA,NA,NA,NA,NA,16.000000,0.096414,16.000000,0.113580,
214,vector1,NA,NA,NA,NA,NA,NA,NA,NA,NA,NA,NA,NA,1.538182,2538,0.212168,0.212168,0.215483,0.213825,2,0.005839,2,0.003329,16.250000,16.125000,NA,NA,NA,NA,NA,NA,NA,NA,16.000000,0.096414,16.000000,0.113580,
215,cube0,0.348485,575,0.000000,0.000000,0.001658,0.001658,3,0.000043,2,0.000034,1,0.000017,NA,NA,NA,NA,NA,NA,NA,NA,NA,NA,0.125000,0.125000,0.000000,0.000000,0.500000,0.003325,0.000000,0.000000,0.000000,0.000000,NA,NA,NA,NA,
215,vector0,NA,NA,NA,NA,NA,NA,NA,NA,NA,NA,NA,NA,1.476970,2437,0.212168,0.212168,0.215483,0.213825,2,0.005489,2,0.005847,16.250000,16.125000,NA,NA,NA,NA,NA,NA,NA,NA,16.000000,0.096414,16.000000,0.113580,
215,vector1,NA,NA,NA,NA,NA,NA,NA,NA,NA,NA,NA,NA,1.632727,2694,0.212168,0.212168,0.215483,0.213825,2,0.003747,2,0.007051,16.250000,16.125000,NA,NA,NA,NA,NA,NA,NA,NA,16.000000,0.096414,16.000000,0.113580,
216,cube0,0.338182,558,0.000000,0.000000,0.001658,0.001658,3,0.000043,2,0.000034,1,0.000017,NA,NA,NA,NA,NA,NA,NA,NA,NA,NA,0.125000,0.125000,0.000000,0.000000,0.500000,0.003325,0.000000,0.000000,0.000000,0.000000,NA,NA,NA,NA,
216,vector0,NA,NA,NA,NA,NA,NA,NA,NA,NA,NA,NA,NA,1.912727,3156,0.212168,0.212168,0.215483,0.213825,2,0.006837,2,0.008178,16.250000,16.125000,NA,NA,NA,NA,NA,NA,NA,NA,16.000000,0.096414,16.000000,0.113580,
216,vector1,NA,NA,NA,NA,NA,NA,NA,NA,NA,NA,NA,NA,1.909091,3150,0.212168,0.212168,0.215483,0.213825,2,0.008041,2,0.003525,16.250000,16.125000,NA,NA,NA,NA,NA,NA,NA,NA,16.000000,0.096414,16.000000,0.113580,
217,cube0,0.306061,505,0.000000,0.000000,0.001658,0.001658,3,0.000043,2,0.000034,1,0.000017,NA,NA,NA,NA,NA,NA,NA,NA,NA,NA,0.125000,0.125000,0.000000,0.000000,0.500000,0.003325,0.000000,0.000000,0.000000,0.000000,NA,NA,NA,NA,
217,vector0,NA,NA,NA,NA,NA,NA,NA,NA,NA,NA,NA,NA,1.423030,2348,0.212168,0.212168,0.215483,0.213825,2,0.004149,2,0.005292,16.250000,16.125000,NA,NA,NA,NA,NA,NA,NA,NA,16.000000,0.096414,16.000000,0.113580,
217,vector1,NA,NA,NA,NA,NA,NA,NA,NA,NA,NA,NA,NA,1.561818,2577,0.212168,0.212168,0.215483,0.213825,2,0.005728,2,0.005950,16.250000,16.125000,NA,NA,NA,NA,NA,NA,NA,NA,16.000000,0.096414,16.000000,0.113580,
218,cube0,0.359394,593,0.000000,0.000000,0.001658,0.001658,3,0.000043,2,0.000034,1,0.000017,NA,NA,NA,NA,NA,NA,NA,NA,NA,NA,0.125000,0.125000,0.000000,0.000000,0.500000,0.003325,0.000000,0.000000,0.000000,0.000000,NA,NA,NA,NA,
218,vector0,NA,NA,NA,NA,NA,NA,NA,NA,NA,NA,NA,NA,1.596970,2635,0.212168,0.212168,0.215483,0.213825,2,0.006974,2,0.003380,16.250000,16.125000,NA,NA,NA,NA,NA,NA,NA,NA,16.000000,0.096414,16.000000,0.113580,
218,vector1,NA,NA,NA,NA,NA,NA,NA,NA,NA,NA,NA,NA,1.463636,2415,0.212168,0.212168,0.215483,0.213825,2,0.005318,2,0.003158,16.250000,16.125000,NA,NA,NA,NA,NA,NA,NA,NA,16.000000,0.096414,16.000000,0.113580,
219,cube0,0.350303,578,0.000000,0.000000,0.001658,0.001658,3,0.000043,2,0.000034,1,0.000017,NA,NA,NA,NA,NA,NA,NA,NA,NA,NA,0.125000,0.125000,0.000000,0.000000,0.500000,0.003325,0.000000,0.000000,0.000000,0.000000,NA,NA,NA,NA,
219,vector0,NA,NA,NA,NA,NA,NA,NA,NA,NA,NA,NA,NA,1.684848,2780,0.212168,0.212168,0.215483,0.213825,2,0.004422,2,0.005224,16.250000,16.125000,NA,NA,NA,NA,NA,NA,NA,NA,16.000000,0.096414,16.000000,0.113580,
219,vector1,NA,NA,NA,NA,NA,NA,NA,NA,NA,NA,NA,NA,1.596364,2634,0.212168,0.212168,0.215483,0.213825,2,0.003107,2,0.006965,16.250000,16.125000,NA,NA,NA,NA,NA,NA,NA,NA,16.000000,0.096414,16.000000,0.113580,
220,cube0,0.351515,580,0.000000,0.000000,0.001658,0.001658,3,0.000043,2,0.000034,1,0.000017,NA,NA,NA,NA,NA,NA,NA,NA,NA,NA,0.125000,0.125000,0.000000,0.000000,0.500000,0.003325,0.000000,0.000000,0.000000,0.000000,NA,NA,NA,NA,
220,vector0,NA,NA,NA,NA,NA,NA,NA,NA,NA,NA,NA,NA,1.376970,2272,0.212168,0.212168,0.215483,0.213825,2,0.004268,2,0.003184,16.250000,16.125000,NA,NA,NA,NA,NA,NA,NA,NA,16.000000,0.096414,16.000000,0.113580,
220,vector1,NA,NA,NA,NA,NA,NA,NA,NA,NA,NA,NA,NA,1.549697,2557,0.212168,0.212168,0.215483,0.213825,2,0.006334,2,0.003150,16.250000,16.125000,NA,NA,NA,NA,NA,NA,NA,NA,16.000000,0.096414,16.000000,0.113580,
221,cube0,0.289697,478,0.000000,0.000000,0.001658,0.001658,3,0.000043,2,0.000034,1,0.000017,NA,NA,NA,NA,NA,NA,NA,NA,NA,NA,0.125000,0.125000,0.000000,0.000000,0.500000,0.003325,0.000000,0.000000,0.000000,0.000000,NA,NA,NA,NA,
221,vector0,NA,NA,NA,NA,NA,NA,NA,NA,NA,NA,NA,NA,1.594545,2631,0.212168,0.212168,0.215483,0.213825,2,0.003082,2,0.006155,16.250000,16.125000,NA,NA,NA,NA,NA,NA,NA,NA,16.000000,0.096414,16.000000,0.113580,
221,vector1,NA,NA,NA,NA,NA,NA,NA,NA,NA,NA,NA,NA,1.755152,2896,0.212168,0.212168,0.215483,0.213825,2,0.005198,2,0.005463,16.250000,16.125000,NA,NA,NA,NA,NA,NA,NA,NA,16.000000,0.096414,16.000000,0.113580,
222,cube0,0.343030,566,0.000000,0.000000,0.001658,0.001658,3,0.000043,2,0.000034,1,0.000017,NA,NA,NA,NA,NA,NA,NA,NA,NA,NA,0.125000,0.125000,0.000000,0.000000,0.500000,0.003325,0.000000,0.000000,0.000000,0.000000,NA,NA,NA,NA,
222,vector0,NA,NA,NA,NA,NA,NA,NA,NA,NA,NA,NA,NA,1.532727,2529,0.212168,0.212168,0.215483,0.213825,2,0.006061,2,0.003227,16.250000,16.125000,NA,NA,NA,NA,NA,NA,NA,NA,16.000000,0.096414,16.000000,0.113580,
222,vector1,NA,NA,NA,NA,NA,NA,NA,NA,NA,NA,NA,NA,1.401818,2313,0.212168,0.212168,0.215483,0.213825,2,0.004481,2,0.003483,16.250000,16.125000,NA,NA,NA,NA,NA,NA,NA,NA,16.000000,0.096414,16.000000,0.113580,
223,cube0,0.291515,481,0.000000,0.000000,0.001658,0.001658,3,0.000043,2,0.000034,1,0.000017,NA,NA,NA,NA,NA,NA,NA,NA,NA,NA,0.125000,0.125000,0.000000,0.000000,0.500000,0.003325,0.000000,0.000000,0.000000,0.000000,NA,NA,NA,NA,
223,vector0,NA,NA,NA,NA,NA,NA,NA,NA,NA,NA,NA,NA,1.638182,2703,0.212168,0.212168,0.215483,0.213825,2,0.003807,2,0.005113,16.250000,16.125000,NA,NA,NA,NA,NA,NA,NA,NA,16.000000,0.096414,16.000000,0.113580,
223,vector1,NA,NA,NA,NA,NA,NA,NA,NA,NA,NA,NA,NA,1.456364,2403,0.212168,0.212168,0.215483,0.213825,2,0.002433,2,0.005719,16.250000,16.125000,NA,NA,NA,NA,NA,NA,NA,NA,16.000000,0.096414,16.000000,0.113580,
224,cube0,0.367879,607,0.000000,0.000000,0.001658,0.001658,3,0.000043,2,0.000034,1,0.000017,NA,NA,NA,NA,NA,NA,NA,NA,NA,NA,0.125000,0.125000,0.000000,0.000000,0.500000,0.003325,0.000000,0.000000,0.000000,0.000000,NA,NA,NA,NA,
224,vector0,NA,NA,NA,NA,NA,NA,NA,NA,NA,NA,NA,NA,1.464849,2417,0.212168,0.212168,0.215483,0.213825,2,0.004627,2,0.003269,16.250000,16.125000,NA,NA,NA,NA,NA,NA,NA,NA,16.000000,0.096414,16.000000,0.113580,
224,vector1,NA,NA,NA,NA,NA,NA,NA,NA,NA,NA,NA,NA,1.580606,2608,0.212168,0.212168,0.215483,0.213825,2,0.006880,2,0.003372,16.250000,16.125000,NA,NA,NA,NA,NA,NA,NA,NA,16.000000,0.096414,16.000000,0.113580,
225,cube0,0.321818,531,0.000000,0.000000,0.001658,0.001658,3,0.000043,2,0.000034,1,0.000017,NA,NA,NA,NA,NA,NA,NA,NA,NA,NA,0.125000,0.125000,0.000000,0.000000,0.500000,0.003325,0.000000,0.000000,0.000000,0.000000,NA,NA,NA,NA,
225,vector0,NA,NA,NA,NA,NA,NA,NA,NA,NA,NA,NA,NA,1.665455,2748,0.212168,0.212168,0.215483,0.213825,2,0.004874,2,0.006214,16.250000,16.125000,NA,NA,NA,NA,NA,NA,NA,NA,16.000000,0.096414,16.000000,0.113580,
225,vector1,NA,NA,NA,NA,NA,NA,NA,NA,NA,NA,NA,NA,1.664242,2746,0.212168,0.212168,0.215483,0.213825,2,0.005028,2,0.005446,16.250000,16.125000,NA,NA,NA,NA,NA,NA,NA,NA,16.000000,0.096414,16.000000,0.113580,
226,cube0,0.312727,516,0.000000,0.000000,0.001658,0.001658,3,0.000043,2,0.000034,1,0.000017,NA,NA,NA,NA,NA,NA,NA,NA,NA,NA,0.125000,0.125000,0.000000,0.000000,0.500000,0.003325,0.000000,0.000000,0.000000,0.000000,NA,NA,NA,NA,
226,vector0,NA,NA,NA,NA,NA,NA,NA,NA,NA,NA,NA,NA,1.551515,2560,0.212168,0.212168,0.215483,0.213825,2,0.006120,2,0.003201,16.250000,16.125000,NA,NA,NA,NA,NA,NA,NA,NA,16.000000,0.096414,16.000000,0.113580,
226,vector1,NA,NA,NA,NA,NA,NA,NA,NA,NA,NA,NA,NA,1.539394,2540,0.212168,0.212168,0.215483,0.213825,2,0.006479,2,0.003321,16.250000,16.125000,NA,NA,NA,NA,NA,NA,NA,NA,16.000000,0.096414,16.000000,0.113580,
227,cube0,0.340000,561,0.000000,0.000000,0.001658,0.001658,3,0.000043,2,0.000034,1,0.000017,NA,NA,NA,NA,NA,NA,NA,NA,NA,NA,0.125000,0.125000,0.000000,0.000000,0.500000,0.003325,0.000000,0.000000,0.000000,0.000000,NA,NA,NA,NA,
227,vector0,NA,NA,NA,NA,NA,NA,NA,NA,NA,NA,NA,NA,1.635152,2698,0.212168,0.212168,0.215483,0.213825,2,0.005028,2,0.005344,16.250000,16.125000,NA,NA,NA,NA,NA,NA,NA,NA,16.000000,0.096414,16.000000,0.113580,
227,vector1,NA,NA,NA,NA,NA,NA,NA,NA,NA,NA,NA,NA,1.597576,2636,0.212168,0.212168,0.215483,0.213825,2,0.003978,2,0.005156,16.250000,16.125000,NA,NA,NA,NA,NA,NA,NA,NA,16.000000,0.096414,16.000000,0.113580,
228,cube0,0.316364,522,0.000000,0.000000,0.001658,0.001658,3,0.000043,2,0.000034,1,0.000017,NA,NA,NA,NA,NA,NA,NA,NA,NA,NA,0.125000,0.125000,0.000000,0.000000,0.500000,0.003325,0.000000,0.000000,0.000000,0.000000,NA,NA,NA,NA,
228,vector0,NA,NA,NA,NA,NA,NA,NA,NA,NA,NA,NA,NA,1.469091,2424,0.212168,0.212168,0.215483,0.213825,2,0.005275,2,0.005147,16.250000,16.125000,NA,NA,NA,NA,NA,NA,NA,NA,16.000000,0.096414,16.000000,0.113580,
228,vector1,NA,NA,NA,NA,NA,NA,NA,NA,NA,NA,NA,NA,1.404848,2318,0.212168,0.212168,0.215483,0.213825,2,0.004038,2,0.003449,16.250000,16.125000,NA,NA,NA,NA,NA,NA,NA,NA,16.000000,0.096414,16.000000,0.113580,
229,cube0,0.350909,579,0.000000,0.000000,0.001658,0.001658,3,0.000043,2,0.000034,1,0.000017,NA,NA,NA,NA,NA,NA,NA,NA,NA,NA,0.125000,0.125000,0.000000,0.000000,0.500000,0.003325,0.000000,0.000000,0.000000,0.000000,NA,NA,NA,NA,
229,vector0,NA,NA,NA,NA,NA,NA,NA,NA,NA,NA,NA,NA,1.741212,2873,0.212168,0.212168,0.215483,0.213825,2,0.004823,2,0.005378,16.250000,16.125000,NA,NA,NA,NA,NA,NA,NA,NA,16.000000,0.096414,16.000000,0.113580,
229,vector1,NA,NA,NA,NA,NA,NA,NA,NA,NA,NA,NA,NA,1.666667,2750,0.212168,0.212168,0.215483,0.213825,2,0.004174,2,0.006291,16.250000,16.125000,NA,NA,NA,NA,NA,NA,NA,NA,16.000000,0.096414,16.000000,0.113580,
230,cube0,0.329697,544,0.000000,0.000000,0.001658,0.001658,3,0.000043,2,0.000034,1,0.000017,NA,NA,NA,NA,NA,NA,NA,NA,NA,NA,0.125000,0.125000,0.000000,0.000000,0.500000,0.003325,0.000000,0.000000,0.000000,0.000000,NA,NA,NA,NA,
230,vector0,NA,NA,NA,NA,NA,NA,NA,NA,NA,NA,NA,NA,1.560000,2574,0.212168,0.212168,0.215483,0.213825,2,0.006061,2,0.003329,16.250000,16.125000,NA,NA,NA,NA,NA,NA,NA,NA,16.000000,0.096414,16.000000,0.113580,
230,vector1,NA,NA,NA,NA,NA,NA,NA,NA,NA,NA,NA,NA,1.521212,2510,0.212168,0.212168,0.215483,0.213825,2,0.005420,2,0.003227,16.250000,16.125000,NA,NA,NA,NA,NA,NA,NA,NA,16.000000,0.096414,16.000000,0.113580,
231,cube0,0.373333,616,0.000000,0.000000,0.001658,0.001658,3,0.000043,2,0.000034,1,0.000017,NA,NA,NA,NA,NA,NA,NA,NA,NA,NA,0.125000,0.125000,0.000000,0.000000,0.500000,0.003325,0.000000,0.000000,0.000000,0.000000,NA,NA,NA,NA,
231,vector0,NA,NA,NA,NA,NA,NA,NA,NA,NA,NA,NA,NA,1.627879,2686,0.212168,0.212168,0.215483,0.213825,2,0.004311,2,0.004405,16.250000,16.125000,NA,NA,NA,NA,NA,NA,NA,NA,16.000000,0.096414,16.000000,0.113580,
231,vector1,NA,NA,NA,NA,NA,NA,NA,NA,NA,NA,NA,NA,1.598788,2638,0.212168,0.212168,0.215483,0.213825,2,0.005053,2,0.004234,16.250000,16.125000,NA,NA,NA,NA,NA,NA,NA,NA,16.000000,0.096414,16.000000,0.113580,
232,cube0,0.302424,499,0.000000,0.000000,0.001658,0.001658,3,0.000043,2,0.000034,1,0.000017,NA,NA,NA,NA,NA,NA,NA,NA,NA,NA,0.125000,0.125000,0.000000,0.000000,0.500000,0.003325,0.000000,0.000000,0.000000,0.000000,NA,NA,NA,NA,
232,vector0,NA,NA,NA,NA,NA,NA,NA,NA,NA,NA,NA,NA,1.532727,2529,0.212168,0.212168,0.215483,0.213825,2,0.006103,2,0.003688,16.250000,16.125000,NA,NA,NA,NA,NA,NA,NA,NA,16.000000,0.096414,16.000000,0.113580,
232,vector1,NA,NA,NA,NA,NA,NA,NA,NA,NA,NA,NA,NA,1.761818,2907,0.212168,0.212168,0.215483,0.213825,2,0.007921,2,0.005378,16.250000,16.125000,NA,NA,NA,NA,NA,NA,NA,NA,16.000000,0.096414,16.000000,0.113580,
233,cube0,0.309091,510,0.000000,0.000000,0.001658,0.001658,3,0.000043,2,0.000034,1,0.000017,NA,NA,NA,NA,NA,NA,NA,NA,NA,NA,0.125000,0.125000,0.000000,0.000000,0.500000,0.003325,0.000000,0.000000,0.000000,0.000000,NA,NA,NA,NA,
233,vector0,NA,NA,NA,NA,NA,NA,NA,NA,NA,NA,NA,NA,1.606061,2650,0.212168,0.212168,0.215483,0.213825,2,0.003986,2,0.006368,16.250000,16.125000,NA,NA,NA,NA,NA,NA,NA,NA,16.000000,0.096414,16.000000,0.113580,
233,vector1,NA,NA,NA,NA,NA,NA,NA,NA,NA,NA,NA,NA,1.688485,2786,0.212168,0.212168,0.215483,0.213825,2,0.005813,2,0.005779,16.250000,16.125000,NA,NA,NA,NA,NA,NA,NA,NA,16.000000,0.096414,16.000000,0.113580,
234,cube0,0.319394,527,0.000000,0.000000,0.001658,0.001658,3,0.000043,2,0.000034,1,0.000017,NA,NA,NA,NA,NA,NA,NA,NA,NA,NA,0.125000,0.125000,0.000000,0.000000,0.500000,0.003325,0.000000,0.000000,0.000000,0.000000,NA,NA,NA,NA,
234,vector0,NA,NA,NA,NA,NA,NA,NA,NA,NA,NA,NA,NA,1.527879,2521,0.212168,0.212168,0.215483,0.213825,2,0.005984,2,0.007435,16.250000,16.125000,NA,NA,NA,NA,NA,NA,NA,NA,16.000000,0.096414,16.000000,0.113580,
234,vector1,NA,NA,NA,NA,NA,NA,NA,NA,NA,NA,NA,NA,1.547273,2553,0.212168,0.212168,0.215483,0.213825,2,0.005992,2,0.003491,16.250000,16.125000,NA,NA,NA,NA,NA,NA,NA,NA,16.000000,0.096414,16.000000,0.113580,
235,cube0,0.350303,578,0.000000,0.000000,0.001658,0.001658,3,0.000043,2,0.000034,1,0.000017,NA,NA,NA,NA,NA,NA,NA,NA,NA,NA,0.125000,0.125000,0.000000,0.000000,0.500000,0.003325,0.000000,0.000000,0.000000,0.000000,NA,NA,NA,NA,
235,vector0,NA,NA,NA,NA,NA,NA,NA,NA,NA,NA,NA,NA,1.636364,2700,0.212168,0.212168,0.215483,0.213825,2,0.003867,2,0.007845,16.250000,16.125000,NA,NA,NA,NA,NA,NA,NA,NA,16.000000,0.096414,16.000000,0.113580,
235,vector1,NA,NA,NA,NA,NA,NA,NA,NA,NA,NA,NA,NA,1.564849,2582,0.212168,0.212168,0.215483,0.213825,2,0.003508,2,0.005659,16.250000,16.125000,NA,NA,NA,NA,NA,NA,NA,NA,16.000000,0.096414,16.000000,0.113580,
236,cube0,0.340606,562,0.000000,0.000000,0.001658,0.001658,3,0.000043,2,0.000034,1,0.000017,NA,NA,NA,NA,NA,NA,NA,NA,NA,NA,0.125000,0.125000,0.000000,0.000000,0.500000,0.003325,0.000000,0.000000,0.000000,0.000000,NA,NA,NA,NA,
236,vector0,NA,NA,NA,NA,NA,NA,NA,NA,NA,NA,NA,NA,1.667879,2752,0.212168,0.212168,0.215483,0.213825,2,0.004635,2,0.003192,16.250000,16.125000,NA,NA,NA,NA,NA,NA,NA,NA,16.000000,0.096414,16.000000,0.113580,
236,vector1,NA,NA,NA,NA,NA,NA,NA,NA,NA,NA,NA,NA,1.535151,2533,0.212168,0.212168,0.215483,0.213825,2,0.006172,2,0.003192,16.250000,16.125000,NA,NA,NA,NA,NA,NA,NA,NA,16.000000,0.096414,16.000000,0.113580,
237,cube0,0.309091,510,0.000000,0.000000,0.001658,0.001658,3,0.000043,2,0.000034,1,0.000017,NA,NA,NA,NA,NA,NA,NA,NA,NA,NA,0.125000,0.125000,0.000000,0.000000,0.500000,0.003325,0.000000,0.000000,0.000000,0.000000,NA,NA,NA,NA,
237,vector0,NA,NA,NA,NA,NA,NA,NA,NA,NA,NA,NA,NA,1.660000,2739,0.212168,0.212168,0.215483,0.213825,2,0.004217,2,0.005830,16.250000,16.125000,NA,NA,NA,NA,NA,NA,NA,NA,16.000000,0.096414,16.000000,0.113580,
237,vector1,NA,NA,NA,NA,NA,NA,NA,NA,NA,NA,NA,NA,1.607879,2653,0.212168,0.212168,0.215483,0.213825,2,0.003824,2,0.007281,16.250000,16.125000,NA,NA,NA,NA,NA,NA,NA,NA,16.000000,0.096414,16.000000,0.113580,
238,cube0,0.373333,616,0.000000,0.000000,0.001658,0.001658,3,0.000043,2,0.000034,1,0.000017,NA,NA,NA,NA,NA,NA,NA,NA,NA,NA,0.125000,0.125000,0.000000,0.000000,0.500000,0.003325,0.000000,0.000000,0.000000,0.000000,NA,NA,NA,NA,
238,vector0,NA,NA,NA,NA,NA,NA,NA,NA,NA,NA,NA,NA,1.548485,2555,0.212168,0.212168,0.215483,0.213825,2,0.005992,2,0.005497,16.250000,16.125000,NA,NA,NA,NA,NA,NA,NA,NA,16.000000,0.096414,16.000000,0.113580,
238,vector1,NA,NA,NA,NA,NA,NA,NA,NA,NA,NA,NA,NA,1.589091,2622,0.212168,0.212168,0.215483,0.213825,2,0.007034,2,0.003235,16.250000,16.125000,NA,NA,NA,NA,NA,NA,NA,NA,16.000000,0.096414,16.000000,0.113580,
239,cube0,0.353333,583,0.000000,0.000000,0.001658,0.001658,3,0.000043,2,0.000034,1,0.000017,NA,NA,NA,NA,NA,NA,NA,NA,NA,NA,0.125000,0.125000,0.000000,0.000000,0.500000,0.003325,0.000000,0.000000,0.000000,0.000000,NA,NA,NA,NA,
239,vector0,NA,NA,NA,NA,NA,NA,NA,NA,NA,NA,NA,NA,1.721212,2840,0.212168,0.212168,0.215483,0.213825,2,0.004934,2,0.006837,16.250000,16.125000,NA,NA,NA,NA,NA,NA,NA,NA,16.000000,0.096414,16.000000,0.113580,
239,vector1,NA,NA,NA,NA,NA,NA,NA,NA,NA,NA,NA,NA,1.720000,2838,0.212168,0.212168,0.215483,0.213825,2,0.005250,2,0.005933,16.250000,16.125000,NA,NA,NA,NA,NA,NA,NA,NA,16.000000,0.096414,16.000000,0.113580,
240,cube0,0.352727,582,0.000000,0.000000,0.001658,0.001658,3,0.000043,2,0.000034,1,0.000017,NA,NA,NA,NA,NA,NA,NA,NA,NA,NA,0.125000,0.125000,0.000000,0.000000,0.500000,0.003325,0.000000,0.000000,0.000000,0.000000,NA,NA,NA,NA,
240,vector0,NA,NA,NA,NA,NA,NA,NA,NA,NA,NA,NA,NA,1.582424,2611,0.212168,0.212168,0.215483,0.213825,2,0.006385,2,0.003295,16.250000,16.125000,NA,NA,NA,NA,NA,NA,NA,NA,16.000000,0.096414,16.000000,0.113580,
240,vector1,NA,NA,NA,NA,NA,NA,NA,NA,NA,NA,NA,NA,1.415151,2335,0.212168,0.212168,0.215483,0.213825,2,0.004319,2,0.003321,16.250000,16.125000,NA,NA,NA,NA,NA,NA,NA,NA,16.000000,0.096414,16.000000,0.113580,
241,cube0,0.289697,478,0.000000,0.000000,0.001658,0.001658,3,0.000043,2,0.000034,1,0.000017,NA,NA,NA,NA,NA,NA,NA,NA,NA,NA,0.125000,0.125000,0.000000,0.000000,0.500000,0.003325,0.000000,0.000000,0.000000,0.000000,NA,NA,NA,NA,
241,vector0,NA,NA,NA,NA,NA,NA,NA,NA,NA,NA,NA,NA,1.615152,2665,0.212168,0.212168,0.215483,0.213825,2,0.005028,2,0.005292,16.250000,16.125000,NA,NA,NA,NA,NA,NA,NA,NA,16.000000,0.096414,16.000000,0.113580,
241,vector1,NA,NA,NA,NA,NA,NA,NA,NA,NA,NA,NA,NA,1.507879,2488,0.212168,0.212168,0.215483,0.213825,2,0.003773,2,0.006590,16.250000,16.125000,NA,NA,NA,NA,NA,NA,NA,NA,16.000000,0.096414,16.000000,0.113580,
242,cube0,0.356364,588,0.000000,0.000000,0.001658,0.001658,3,0.000043,2,0.000034,1,0.000017,NA,NA,NA,NA,NA,NA,NA,NA,NA,NA,0.125000,0.125000,0.000000,0.000000,0.500000,0.003325,0.000000,0.000000,0.000000,0.000000,NA,NA,NA,NA,
242,vector0,NA,NA,NA,NA,NA,NA,NA,NA,NA,NA,NA,NA,1.648485,2720,0.212168,0.212168,0.215483,0.213825,2,0.007213,2,0.005566,16.250000,16.125000,NA,NA,NA,NA,NA,NA,NA,NA,16.000000,0.096414,16.000000,0.113580,
242,vector1,NA,NA,NA,NA,NA,NA,NA,NA,NA,NA,NA,NA,1.570909,2592,0.212168,0.212168,0.215483,0.213825,2,0.006240,2,0.003269,16.250000,16.125000,NA,NA,NA,NA,NA,NA,NA,NA,16.000000,0.096414,16.000000,0.113580,
243,cube0,0.295758,488,0.000000,0.000000,0.001658,0.001658,3,0.000043,2,0.000034,1,0.000017,NA,NA,NA,NA,NA,NA,NA,NA,NA,NA,0.125000,0.125000,0.000000,0.000000,0.500000,0.003325,0.000000,0.000000,0.000000,0.000000,NA,NA,NA,NA,
243,vector0,NA,NA,NA,NA,NA,NA,NA,NA,NA,NA,NA,NA,1.742424,2875,0.212168,0.212168,0.215483,0.213825,2,0.005284,2,0.007785,16.250000,16.125000,NA,NA,NA,NA,NA,NA,NA,NA,16.000000,0.096414,16.000000,0.113580,
243,vector1,NA,NA,NA,NA,NA,NA,NA,NA,NA,NA,NA,NA,1.679394,2771,0.212168,0.212168,0.215483,0.213825,2,0.005403,2,0.006274,16.250000,16.125000,NA,NA,NA,NA,NA,NA,NA,NA,16.000000,0.096414,16.000000,0.113580,
244,cube0,0.365455,603,0.000000,0.000000,0.001658,0.001658,3,0.000043,2,0.000034,1,0.000017,NA,NA,NA,NA,NA,NA,NA,NA,NA,NA,0.125000,0.125000,0.000000,0.000000,0.500000,0.003325,0.000000,0.000000,0.000000,0.000000,NA,NA,NA,NA,
244,vector0,NA,NA,NA,NA,NA,NA,NA,NA,NA,NA,NA,NA,1.789091,2952,0.212168,0.212168,0.215483,0.213825,2,0.006146,2,0.003389,16.250000,16.125000,NA,NA,NA,NA,NA,NA,NA,NA,16.000000,0.096414,16.000000,0.113580,
244,vector1,NA,NA,NA,NA,NA,NA,NA,NA,NA,NA,NA,NA,1.838788,3034,0.212168,0.212168,0.215483,0.213825,2,0.007350,2,0.007281,16.250000,16.125000,NA,NA,NA,NA,NA,NA,NA,NA,16.000000,0.096414,16.000000,0.113580,
245,cube0,0.323636,534,0.000000,0.000000,0.001658,0.001658,3,0.000043,2,0.000034,1,0.000017,NA,NA,NA,NA,NA,NA,NA,NA,NA,NA,0.125000,0.125000,0.000000,0.000000,0.500000,0.003325,0.000000,0.000000,0.000000,0.000000,NA,NA,NA,NA,
245,vector0,NA,NA,NA,NA,NA,NA,NA,NA,NA,NA,NA,NA,1.404242,2317,0.212168,0.212168,0.215483,0.213825,2,0.004080,2,0.006701,16.250000,16.125000,NA,NA,NA,NA,NA,NA,NA,NA,16.000000,0.096414,16.000000,0.113580,
245,vector1,NA,NA,NA,NA,NA,NA,NA,NA,NA,NA,NA,NA,1.494545,2466,0.212168,0.212168,0.215483,0.213825,2,0.005429,2,0.005770,16.250000,16.125000,NA,NA,NA,NA,NA,NA,NA,NA,16.000000,0.096414,16.000000,0.113580,
246,cube0,0.311515,514,0.000000,0.000000,0.001658,0.001658,3,0.000043,2,0.000034,1,0.000017,NA,NA,NA,NA,NA,NA,NA,NA,NA,NA,0.125000,0.125000,0.000000,0.000000,0.500000,0.003325,0.000000,0.000000,0.000000,0.000000,NA,NA,NA,NA,
246,vector0,NA,NA,NA,NA,NA,NA,NA,NA,NA,NA,NA,NA,1.564242,2581,0.212168,0.212168,0.215483,0.213825,2,0.006095,2,0.003295,16.250000,16.125000,NA,NA,NA,NA,NA,NA,NA,NA,16.000000,0.096414,16.000000,0.113580,
246,vector1,NA,NA,NA,NA,NA,NA,NA,NA,NA,NA,NA,NA,1.749697,2887,0.212168,0.212168,0.215483,0.213825,2,0.007247,2,0.005805,16.250000,16.125000,NA,NA,NA,NA,NA,NA,NA,NA,16.000000,0.096414,16.000000,0.113580,
247,cube0,0.342424,565,0.000000,0.000000,0.001658,0.001658,3,0.000043,2,0.000034,1,0.000017,NA,NA,NA,NA,NA,NA,NA,NA,NA,NA,0.125000,0.125000,0.000000,0.000000,0.500000,0.003325,0.000000,0.000000,0.000000,0.000000,NA,NA,NA,NA,
247,vector0,NA,NA,NA,NA,NA,NA,NA,NA,NA,NA,NA,NA,1.638788,2704,0.212168,0.212168,0.215483,0.213825,2,0.005873,2,0.006180,16.250000,16.125000,NA,NA,NA,NA,NA,NA,NA,NA,16.000000,0.096414,16.000000,0.113580,
247,vector1,NA,NA,NA,NA,NA,NA,NA,NA,NA,NA,NA,NA,1.483030,2447,0.212168,0.212168,0.215483,0.213825,2,0.005625,2,0.003457,16.250000,16.125000,NA,NA,NA,NA,NA,NA,NA,NA,16.000000,0.096414,16.000000,0.113580,
248,cube0,0.315758,521,0.000000,0.000000,0.001658,0.001658,3,0.000043,2,0.000034,1,0.000017,NA,NA,NA,NA,NA,NA,NA,NA,NA,NA,0.125000,0.125000,0.000000,0.000000,0.500000,0.003325,0.000000,0.000000,0.000000,0.000000,NA,NA,NA,NA,
248,vector0,NA,NA,NA,NA,NA,NA,NA,NA,NA,NA,NA,NA,1.519394,2507,0.212168,0.212168,0.215483,0.213825,2,0.006095,2,0.004379,16.250000,16.125000,NA,NA,NA,NA,NA,NA,NA,NA,16.000000,0.096414,16.000000,0.113580,
248,vector1,NA,NA,NA,NA,NA,NA,NA,NA,NA,NA,NA,NA,1.512727,2496,0.212168,0.212168,0.215483,0.213825,2,0.005574,2,0.003534,16.250000,16.125000,NA,NA,NA,NA,NA,NA,NA,NA,16.000000,0.096414,16.000000,0.113580,
249,cube0,0.352121,581,0.000000,0.000000,0.001658,0.001658,3,0.000043,2,0.000034,1,0.000017,NA,NA,NA,NA,NA,NA,NA,NA,NA,NA,0.125000,0.125000,0.000000,0.000000,0.500000,0.003325,0.000000,0.000000,0.000000,0.000000,NA,NA,NA,NA,
249,vector0,NA,NA,NA,NA,NA,NA,NA,NA,NA,NA,NA,NA,1.790909,2955,0.212168,0.212168,0.215483,0.213825,2,0.006018,2,0.006829,16.250000,16.125000,NA,NA,NA,NA,NA,NA,NA,NA,16.000000,0.096414,16.000000,0.113580,
249,vector1,NA,NA,NA,NA,NA,NA,NA,NA,NA,NA,NA,NA,1.653333,2728,0.212168,0.212168,0.215483,0.213825,2,0.005753,2,0.006957,16.250000,16.125000,NA,NA,NA,NA,NA,NA,NA,NA,16.000000,0.096414,16.000000,0.113580,
250,cube0,0.329091,543,0.000000,0.000000,0.001658,0.001658,3,0.000043,2,0.000034,1,0.000017,NA,NA,NA,NA,NA,NA,NA,NA,NA,NA,0.125000,0.125000,0.000000,0.000000,0.500000,0.003325,0.000000,0.000000,0.000000,0.000000,NA,NA,NA,NA,
250,vector0,NA,NA,NA,NA,NA,NA,NA,NA,NA,NA,NA,NA,1.548485,2555,0.212168,0.212168,0.215483,0.213825,2,0.006317,2,0.003141,16.250000,16.125000,NA,NA,NA,NA,NA,NA,NA,NA,16.000000,0.096414,16.000000,0.113580,
250,vector1,NA,NA,NA,NA,NA,NA,NA,NA,NA,NA,NA,NA,1.429697,2359,0.212168,0.212168,0.215483,0.213825,2,0.004302,2,0.003158,16.250000,16.125000,NA,NA,NA,NA,NA,NA,NA,NA,16.000000,0.096414,16.000000,0.113580,
251,cube0,0.373939,617,0.000000,0.000000,0.001658,0.001658,3,0.000043,2,0.000034,1,0.000017,NA,NA,NA,NA,NA,NA,NA,NA,NA,NA,0.125000,0.125000,0.000000,0.000000,0.500000,0.003325,0.000000,0.000000,0.000000,0.000000,NA,NA,NA,NA,
251,vector0,NA,NA,NA,NA,NA,NA,NA,NA,NA,NA,NA,NA,1.689697,2788,0.212168,0.212168,0.215483,0.213825,2,0.005344,2,0.006633,16.250000,16.125000,NA,NA,NA,NA,NA,NA,NA,NA,16.000000,0.096414,16.000000,0.113580,
251,vector1,NA,NA,NA,NA,NA,NA,NA,NA,NA,NA,NA,NA,1.692727,2793,0.212168,0.212168,0.215483,0.213825,2,0.004268,2,0.007213,16.250000,16.125000,NA,NA,NA,NA,NA,NA,NA,NA,16.000000,0.096414,16.000000,0.113580,
252,cube0,0.305455,504,0.000000,0.000000,0.001658,0.001658,3,0.000043,2,0.000034,1,0.000017,NA,NA,NA,NA,NA,NA,NA,NA,NA,NA,0.125000,0.125000,0.000000,0.000000,0.500000,0.003325,0.000000,0.000000,0.000000,0.000000,NA,NA,NA,NA,
252,vector0,NA,NA,NA,NA,NA,NA,NA,NA,NA,NA,NA,NA,1.481212,2444,0.212168,0.212168,0.215483,0.213825,2,0.005497,2,0.003312,16.250000,16.125000,NA,NA,NA,NA,NA,NA,NA,NA,16.000000,0.096414,16.000000,0.113580,
252,vector1,NA,NA,NA,NA,NA,NA,NA,NA,NA,NA,NA,NA,1.754545,2895,0.212168,0.212168,0.215483,0.213825,2,0.006837,2,0.006223,16.250000,16.125000,NA,NA,NA,NA,NA,NA,NA,NA,16.000000,0.096414,16.000000,0.113580,
253,cube0,0.309091,510,0.000000,0.000000,0.001658,0.001658,3,0.000043,2,0.000034,1,0.000017,NA,NA,NA,NA,NA,NA,NA,NA,NA,NA,0.125000,0.125000,0.000000,0.000000,0.500000,0.003325,0.000000,0.000000,0.000000,0.000000,NA,NA,NA,NA,
253,vector0,NA,NA,NA,NA,NA,NA,NA,NA,NA,NA,NA,NA,1.523030,2513,0.212168,0.212168,0.215483,0.213825,2,0.003338,2,0.005600,16.250000,16.125000,NA,NA,NA,NA,NA,NA,NA,NA,16.000000,0.096414,16.000000,0.113580,
253,vector1,NA,NA,NA,NA,NA,NA,NA,NA,NA,NA,NA,NA,1.562424,2578,0.212168,0.212168,0.215483,0.213825,2,0.004285,2,0.003508,16.250000,16.125000,NA,NA,NA,NA,NA,NA,NA,NA,16.000000,0.096414,16.000000,0.113580,
254,cube0,0.321212,530,0.000000,0.000000,0.001658,0.001658,3,0.000043,2,0.000034,1,0.000017,NA,NA,NA,NA,NA,NA,NA,NA,NA,NA,0.125000,0.125000,0.000000,0.000000,0.500000,0.003325,0.000000,0.000000,0.000000,0.000000,NA,NA,NA,NA,
254,vector0,NA,NA,NA,NA,NA,NA,NA,NA,NA,NA,NA,NA,1.540606,2542,0.212168,0.212168,0.215483,0.213825,2,0.006325,2,0.006530,16.250000,16.125000,NA,NA,NA,NA,NA,NA,NA,NA,16.000000,0.096414,16.000000,0.113580,
254,vector1,NA,NA,NA,NA,NA,NA,NA,NA,NA,NA,NA,NA,1.512121,2495,0.212168,0.212168,0.215483,0.213825,2,0.006078,2,0.003423,16.250000,16.125000,NA,NA,NA,NA,NA,NA,NA,NA,16.000000,0.096414,16.000000,0.113580,
255,cube0,0.348485,575,0.000000,0.000000,0.001658,0.001658,3,0.000043,2,0.000034,1,0.000017,NA,NA,NA,NA,NA,NA,NA,NA,NA,NA,0.125000,0.125000,0.000000,0.000000,0.500000,0.003325,0.000000,0.000000,0.000000,0.000000,NA,NA,NA,NA,
255,vector0,NA,NA,NA,NA,NA,NA,NA,NA,NA,NA,NA,NA,1.701212,2807,0.212168,0.212168,0.215483,0.213825,2,0.004140,2,0.004567,16.250000,16.125000,NA,NA,NA,NA,NA,NA,NA,NA,16.000000,0.096414,16.000000,0.113580,
255,vector1,NA,NA,NA,NA,NA,NA,NA,NA,NA,NA,NA,NA,1.578182,2604,0.212168,0.212168,0.215483,0.213825,2,0.003466,2,0.007111,16.250000,16.125000,NA,NA,NA,NA,NA,NA,NA,NA,16.000000,0.096414,16.000000,0.113580,
256,cube0,0.340000,561,0.000000,0.000000,0.001658,0.001658,3,0.000043,2,0.000034,1,0.000017,NA,NA,NA,NA,NA,NA,NA,NA,NA,NA,0.125000,0.125000,0.000000,0.000000,0.500000,0.003325,0.000000,0.000000,0.000000,0.000000,NA,NA,NA,NA,
256,vector0,NA,NA,NA,NA,NA,NA,NA,NA,NA,NA,NA,NA,1.693939,2795,0.212168,0.212168,0.215483,0.213825,2,0.005327,2,0.003303,16.250000,16.125000,NA,NA,NA,NA,NA,NA,NA,NA,16.000000,0.096414,16.000000,0.113580,
256,vector1,NA,NA,NA,NA,NA,NA,NA,NA,NA,NA,NA,NA,1.545455,2550,0.212168,0.212168,0.215483,0.213825,2,0.006470,2,0.003671,16.250000,16.125000,NA,NA,NA,NA,NA,NA,NA,NA,16.000000,0.096414,16.000000,0.113580,
257,cube0,0.305455,504,0.000000,0.000000,0.001658,0.001658,3,0.000043,2,0.000034,1,0.000017,NA,NA,NA,NA,NA,NA,NA,NA,NA,NA,0.125000,0.125000,0.000000,0.000000,0.500000,0.003325,0.000000,0.000000,0.000000,0.000000,NA,NA,NA,NA,
257,vector0,NA,NA,NA,NA,NA,NA,NA,NA,NA,NA,NA,NA,1.626667,2684,0.212168,0.212168,0.215483,0.213825,2,0.004686,2,0.005787,16.250000,16.125000,NA,NA,NA,NA,NA,NA,NA,NA,16.000000,0.096414,16.000000,0.113580,
257,vector1,NA,NA,NA,NA,NA,NA,NA,NA,NA,NA,NA,NA,1.730909,2856,0.212168,0.212168,0.215483,0.213825,2,0.005019,2,0.006957,16.250000,16.125000,NA,NA,NA,NA,NA,NA,NA,NA,16.000000,0.096414,16.000000,0.113580,
258,cube0,0.366061,604,0.000000,0.000000,0.001658,0.001658,3,0.000043,2,0.000034,1,0.000017,NA,NA,NA,NA,NA,NA,NA,NA,NA,NA,0.125000,0.125000,0.000000,0.000000,0.500000,0.003325,0.000000,0.000000,0.000000,0.000000,NA,NA,NA,NA,
258,vector0,NA,NA,NA,NA,NA,NA,NA,NA,NA,NA,NA,NA,1.533333,2530,0.212168,0.212168,0.215483,0.213825,2,0.005992,2,0.003312,16.250000,16.125000,NA,NA,NA,NA,NA,NA,NA,NA,16.000000,0.096414,16.000000,0.113580,
258,vector1,NA,NA,NA,NA,NA,NA,NA,NA,NA,NA,NA,NA,1.555758,2567,0.212168,0.212168,0.215483,0.213825,2,0.006394,2,0.003406,16.250000,16.125000,NA,NA,NA,NA,NA,NA,NA,NA,16.000000,0.096414,16.000000,0.113580,
259,cube0,0.358182,591,0.000000,0.000000,0.001658,0.001658,3,0.000043,2,0.000034,1,0.000017,NA,NA,NA,NA,NA,NA,NA,NA,NA,NA,0.125000,0.125000,0.000000,0.000000,0.500000,0.003325,0.000000,0.000000,0.000000,0.000000,NA,NA,NA,NA,
259,vector0,NA,NA,NA,NA,NA,NA,NA,NA,NA,NA,NA,NA,1.743030,2876,0.212168,0.212168,0.215483,0.213825,2,0.005053,2,0.006931,16.250000,16.125000,NA,NA,NA,NA,NA,NA,NA,NA,16.000000,0.096414,16.000000,0.113580,
259,vector1,NA,NA,NA,NA,NA,NA,NA,NA,NA,NA,NA,NA,1.727273,2850,0.212168,0.212168,0.215483,0.213825,2,0.005019,2,0.006675,16.250000,16.125000,NA,NA,NA,NA,NA,NA,NA,NA,16.000000,0.096414,16.000000,0.113580,
260,cube0,0.375758,620,0.000000,0.000000,0.001658,0.001658,3,0.000043,2,0.000034,1,0.000017,NA,NA,NA,NA,NA,NA,NA,NA,NA,NA,0.125000,0.125000,0.000000,0.000000,0.500000,0.003325,0.000000,0.000000,0.000000,0.000000,NA,NA,NA,NA,
260,vector0,NA,NA,NA,NA,NA,NA,NA,NA,NA,NA,NA,NA,1.553939,2564,0.212168,0.212168,0.215483,0.213825,2,0.006197,2,0.003261,16.250000,16.125000,NA,NA,NA,NA,NA,NA,NA,NA,16.000000,0.096414,16.000000,0.113580,
260,vector1,NA,NA,NA,NA,NA,NA,NA,NA,NA,NA,NA,NA,1.543636,2547,0.212168,0.212168,0.215483,0.213825,2,0.006223,2,0.003278,16.250000,16.125000,NA,NA,NA,NA,NA,NA,NA,NA,16.000000,0.096414,16.000000,0.113580,
261,cube0,0.289697,478,0.000000,0.000000,0.001658,0.001658,3,0.000043,2,0.000034,1,0.000017,NA,NA,NA,NA,NA,NA,NA,NA,NA,NA,0.125000,0.125000,0.000000,0.000000,0.500000,0.003325,0.000000,0.000000,0.000000,0.000000,NA,NA,NA,NA,
261,vector0,NA,NA,NA,NA,NA,NA,NA,NA,NA,NA,NA,NA,1.715758,2831,0.212168,0.212168,0.215483,0.213825,2,0.004755,2,0.005574,16.250000,16.125000,NA,NA,NA,NA,NA,NA,NA,NA,16.000000,0.096414,16.000000,0.113580,
261,vector1,NA,NA,NA,NA,NA,NA,NA,NA,NA,NA,NA,NA,1.675758,2765,0.212168,0.212168,0.215483,0.213825,2,0.003884,2,0.007332,16.250000,16.125000,NA,NA,NA,NA,NA,NA,NA,NA,16.000000,0.096414,16.000000,0.113580,
262,cube0,0.347879,574,0.000000,0.000000,0.001658,0.001658,3,0.000043,2,0.000034,1,0.000017,NA,NA,NA,NA,NA,NA,NA,NA,NA,NA,0.125000,0.125000,0.000000,0.000000,0.500000,0.003325,0.000000,0.000000,0.000000,0.000000,NA,NA,NA,NA,
262,vector0,NA,NA,NA,NA,NA,NA,NA,NA,NA,NA,NA,NA,1.441212,2378,0.212168,0.212168,0.215483,0.213825,2,0.004319,2,0.003423,16.250000,16.125000,NA,NA,NA,NA,NA,NA,NA,NA,16.000000,0.096414,16.000000,0.113580,
262,vector1,NA,NA,NA,NA,NA,NA,NA,NA,NA,NA,NA,NA,1.942424,3205,0.212168,0.212168,0.215483,0.213825,2,0.006095,2,0.003542,16.250000,16.125000,NA,NA,NA,NA,NA,NA,NA,NA,16.000000,0.096414,16.000000,0.113580,
263,cube0,0.290909,480,0.000000,0.000000,0.001658,0.001658,3,0.000043,2,0.000034,1,0.000017,NA,NA,NA,NA,NA,NA,NA,NA,NA,NA,0.125000,0.125000,0.000000,0.000000,0.500000,0.003325,0.000000,0.000000,0.000000,0.000000,NA,NA,NA,NA,
263,vector0,NA,NA,NA,NA,NA,NA,NA,NA,NA,NA,NA,NA,1.560606,2575,0.212168,0.212168,0.215483,0.213825,2,0.003192,2,0.006283,16.250000,16.125000,NA,NA,NA,NA,NA,NA,NA,NA,16.000000,0.096414,16.000000,0.113580,
263,vector1,NA,NA,NA,NA,NA,NA,NA,NA,NA,NA,NA,NA,1.612121,2660,0.212168,0.212168,0.215483,0.213825,2,0.005087,2,0.007401,16.250000,16.125000,NA,NA,NA,NA,NA,NA,NA,NA,16.000000,0.096414,16.000000,0.113580,
264,cube0,0.366667,605,0.000000,0.000000,0.001658,0.001658,3,0.000043,2,0.000034,1,0.000017,NA,NA,NA,NA,NA,NA,NA,NA,NA,NA,0.125000,0.125000,0.000000,0.000000,0.500000,0.003325,0.000000,0.000000,0.000000,0.000000,NA,NA,NA,NA,
264,vector0,NA,NA,NA,NA,NA,NA,NA,NA,NA,NA,NA,NA,1.545455,2550,0.212168,0.212168,0.215483,0.213825,2,0.006394,2,0.003295,16.250000,16.125000,NA,NA,NA,NA,NA,NA,NA,NA,16.000000,0.096414,16.000000,0.113580,
264,vector1,NA,NA,NA,NA,NA,NA,NA,NA,NA,NA,NA,NA,1.848485,3050,0.212168,0.212168,0.215483,0.213825,2,0.008152,2,0.003312,16.250000,16.125000,NA,NA,NA,NA,NA,NA,NA,NA,16.000000,0.096414,16.000000,0.113580,
265,cube0,0.321818,531,0.000000,0.000000,0.001658,0.001658,3,0.000043,2,0.000034,1,0.000017,NA,NA,NA,NA,NA,NA,NA,NA,NA,NA,0.125000,0.125000,0.000000,0.000000,0.500000,0.003325,0.000000,0.000000,0.000000,0.000000,NA,NA,NA,NA,
265,vector0,NA,NA,NA,NA,NA,NA,NA,NA,NA,NA,NA,NA,1.643030,2711,0.212168,0.212168,0.215483,0.213825,2,0.005685,2,0.006837,16.250000,16.125000,NA,NA,NA,NA,NA,NA,NA,NA,16.000000,0.096414,16.000000,0.113580,
265,vector1,NA,NA,NA,NA,NA,NA,NA,NA,NA,NA,NA,NA,1.544242,2548,0.212168,0.212168,0.215483,0.213825,2,0.006325,2,0.006615,16.250000,16.125000,NA,NA,NA,NA,NA,NA,NA,NA,16.000000,0.096414,16.000000,0.113580,
266,cube0,0.310909,513,0.000000,0.000000,0.001658,0.001658,3,0.000043,2,0.000034,1,0.000017,NA,NA,NA,NA,NA,NA,NA,NA,NA,NA,0.125000,0.125000,0.000000,0.000000,0.500000,0.003325,0.000000,0.000000,0.000000,0.000000,NA,NA,NA,NA,
266,vector0,NA,NA,NA,NA,NA,NA,NA,NA,NA,NA,NA,NA,1.844242,3043,0.212168,0.212168,0.215483,0.213825,2,0.006470,2,0.003235,16.250000,16.125000,NA,NA,NA,NA,NA,NA,NA,NA,16.000000,0.096414,16.000000,0.113580,
266,vector1,NA,NA,NA,NA,NA,NA,NA,NA,NA,NA,NA,NA,1.841212,3038,0.212168,0.212168,0.215483,0.213825,2,0.005694,2,0.003158,16.250000,16.125000,NA,NA,NA,NA,NA,NA,NA,NA,16.000000,0.096414,16.000000,0.113580,
267,cube0,0.339394,560,0.000000,0.000000,0.001658,0.001658,3,0.000043,2,0.000034,1,0.000017,NA,NA,NA,NA,NA,NA,NA,NA,NA,NA,0.125000,0.125000,0.000000,0.000000,0.500000,0.003325,0.000000,0.000000,0.000000,0.000000,NA,NA,NA,NA,
267,vector0,NA,NA,NA,NA,NA,NA,NA,NA,NA,NA,NA,NA,1.565455,2583,0.212168,0.212168,0.215483,0.213825,2,0.006487,2,0.007418,16.250000,16.125000,NA,NA,NA,NA,NA,NA,NA,NA,16.000000,0.096414,16.000000,0.113580,
267,vector1,NA,NA,NA,NA,NA,NA,NA,NA,NA,NA,NA,NA,1.520000,2508,0.212168,0.212168,0.215483,0.213825,2,0.006137,2,0.005301,16.250000,16.125000,NA,NA,NA,NA,NA,NA,NA,NA,16.000000,0.096414,16.000000,0.113580,
268,cube0,0.315758,521,0.000000,0.000000,0.001658,0.001658,3,0.000043,2,0.000034,1,0.000017,NA,NA,NA,NA,NA,NA,NA,NA,NA,NA,0.125000,0.125000,0.000000,0.000000,0.500000,0.003325,0.000000,0.000000,0.000000,0.000000,NA,NA,NA,NA,
268,vector0,NA,NA,NA,NA,NA,NA,NA,NA,NA,NA,NA,NA,1.371515,2263,0.212168,0.212168,0.215483,0.213825,2,0.003995,2,0.003116,16.250000,16.125000,NA,NA,NA,NA,NA,NA,NA,NA,16.000000,0.096414,16.000000,0.113580,
268,vector1,NA,NA,NA,NA,NA,NA,NA,NA,NA,NA,NA,NA,1.507273,2487,0.212168,0.212168,0.215483,0.213825,2,0.005480,2,0.003235,16.250000,16.125000,NA,NA,NA,NA,NA,NA,NA,NA,16.000000,0.096414,16.000000,0.113580,
269,cube0,0.352121,581,0.000000,0.000000,0.001658,0.001658,3,0.000043,2,0.000034,1,0.000017,NA,NA,NA,NA,NA,NA,NA,NA,NA,NA,0.125000,0.125000,0.000000,0.000000,0.500000,0.003325,0.000000,0.000000,0.000000,0.000000,NA,NA,NA,NA,
269,vector0,NA,NA,NA,NA,NA,NA,NA,NA,NA,NA,NA,NA,1.515758,2501,0.212168,0.212168,0.215483,0.213825,2,0.002475,2,0.006291,16.250000,16.125000,NA,NA,NA,NA,NA,NA,NA,NA,16.000000,0.096414,16.000000,0.113580,
269,vector1,NA,NA,NA,NA,NA,NA,NA,NA,NA,NA,NA,NA,1.538788,2539,0.212168,0.212168,0.215483,0.213825,2,0.003858,2,0.006872,16.250000,16.125000,NA,NA,NA,NA,NA,NA,NA,NA,16.000000,0.096414,16.000000,0.113580,
270,cube0,0.333333,550,0.000000,0.000000,0.001658,0.001658,3,0.000043,2,0.000034,1,0.000017,NA,NA,NA,NA,NA,NA,NA,NA,NA,NA,0.125000,0.125000,0.000000,0.000000,0.500000,0.003325,0.000000,0.000000,0.000000,0.000000,NA,NA,NA,NA,
270,vector0,NA,NA,NA,NA,NA,NA,NA,NA,NA,NA,NA,NA,1.540606,2542,0.212168,0.212168,0.215483,0.213825,2,0.006180,2,0.003175,16.250000,16.125000,NA,NA,NA,NA,NA,NA,NA,NA,16.000000,0.096414,16.000000,0.113580,
270,vector1,NA,NA,NA,NA,NA,NA,NA,NA,NA,NA,NA,NA,1.819394,3002,0.212168,0.212168,0.215483,0.213825,2,0.006539,2,0.003210,16.250000,16.125000,NA,NA,NA,NA,NA,NA,NA,NA,16.000000,0.096414,16.000000,0.113580,
271,cube0,0.370909,612,0.000000,0.000000,0.001658,0.001658,3,0.000043,2,0.000034,1,0.000017,NA,NA,NA,NA,NA,NA,NA,NA,NA,NA,0.125000,0.125000,0.000000,0.000000,0.500000,0.003325,0.000000,0.000000,0.000000,0.000000,NA,NA,NA,NA,
271,vector0,NA,NA,NA,NA,NA,NA,NA,NA,NA,NA,NA,NA,1.732727,2859,0.212168,0.212168,0.215483,0.213825,2,0.004942,2,0.006769,16.250000,16.125000,NA,NA,NA,NA,NA,NA,NA,NA,16.000000,0.096414,16.000000,0.113580,
271,vector1,NA,NA,NA,NA,NA,NA,NA,NA,NA,NA,NA,NA,1.566667,2585,0.212168,0.212168,0.215483,0.213825,2,0.006453,2,0.006325,16.250000,16.125000,NA,NA,NA,NA,NA,NA,NA,NA,16.000000,0.096414,16.000000,0.113580,
272,cube0,0.307273,507,0.000000,0.000000,0.001658,0.001658,3,0.000043,2,0.000034,1,0.000017,NA,NA,NA,NA,NA,NA,NA,NA,NA,NA,0.125000,0.125000,0.000000,0.000000,0.500000,0.003325,0.000000,0.000000,0.000000,0.000000,NA,NA,NA,NA,
272,vector0,NA,NA,NA,NA,NA,NA,NA,NA,NA,NA,NA,NA,1.460000,2409,0.212168,0.212168,0.215483,0.213825,2,0.005216,2,0.008528,16.250000,16.125000,NA,NA,NA,NA,NA,NA,NA,NA,16.000000,0.096414,16.000000,0.113580,
272,vector1,NA,NA,NA,NA,NA,NA,NA,NA,NA,NA,NA,NA,1.670909,2757,0.212168,0.212168,0.215483,0.213825,2,0.008178,2,0.006044,16.250000,16.125000,NA,NA,NA,NA,NA,NA,NA,NA,16.000000,0.096414,16.000000,0.113580,
273,cube0,0.309091,510,0.000000,0.000000,0.001658,0.001658,3,0.000043,2,0.000034,1,0.000017,NA,NA,NA,NA,NA,NA,NA,NA,NA,NA,0.125000,0.125000,0.000000,0.000000,0.500000,0.003325,0.000000,0.000000,0.000000,0.000000,NA,NA,NA,NA,
273,vector0,NA,NA,NA,NA,NA,NA,NA,NA,NA,NA,NA,NA,1.603030,2645,0.212168,0.212168,0.215483,0.213825,2,0.002484,2,0.005856,16.250000,16.125000,NA,NA,NA,NA,NA,NA,NA,NA,16.000000,0.096414,16.000000,0.113580,
273,vector1,NA,NA,NA,NA,NA,NA,NA,NA,NA,NA,NA,NA,1.721818,2841,0.212168,0.212168,0.215483,0.213825,2,0.005634,2,0.004729,16.250000,16.125000,NA,NA,NA,NA,NA,NA,NA,NA,16.000000,0.096414,16.000000,0.113580,
274,cube0,0.320606,529,0.000000,0.000000,0.001658,0.001658,3,0.000043,2,0.000034,1,0.000017,NA,NA,NA,NA,NA,NA,NA,NA,NA,NA,0.125000,0.125000,0.000000,0.000000,0.500000,0.003325,0.000000,0.000000,0.000000,0.000000,NA,NA,NA,NA,
274,vector0,NA,NA,NA,NA,NA,NA,NA,NA,NA,NA,NA,NA,1.557576,2570,0.212168,0.212168,0.215483,0.213825,2,0.006129,2,0.003167,16.250000,16.125000,NA,NA,NA,NA,NA,NA,NA,NA,16.000000,0.096414,16.000000,0.113580,
274,vector1,NA,NA,NA,NA,NA,NA,NA,NA,NA,NA,NA,NA,1.517576,2504,0.212168,0.212168,0.215483,0.213825,2,0.005762,2,0.003440,16.250000,16.125000,NA,NA,NA,NA,NA,NA,NA,NA,16.000000,0.096414,16.000000,0.113580,
275,cube0,0.355152,586,0.000000,0.000000,0.001658,0.001658,3,0.000043,2,0.000034,1,0.000017,NA,NA,NA,NA,NA,NA,NA,NA,NA,NA,0.125000,0.125000,0.000000,0.000000,0.500000,0.003325,0.000000,0.000000,0.000000,0.000000,NA,NA,NA,NA,
275,vector0,NA,NA,NA,NA,NA,NA,NA,NA,NA,NA,NA,NA,1.632121,2693,0.212168,0.212168,0.215483,0.213825,2,0.003466,2,0.005881,16.250000,16.125000,NA,NA,NA,NA,NA,NA,NA,NA,16.000000,0.096414,16.000000,0.113580,
275,vector1,NA,NA,NA,NA,NA,NA,NA,NA,NA,NA,NA,NA,1.646061,2716,0.212168,0.212168,0.215483,0.213825,2,0.003500,2,0.007554,16.250000,16.125000,NA,NA,NA,NA,NA,NA,NA,NA,16.000000,0.096414,16.000000,0.113580,
276,cube0,0.337576,557,0.000000,0.000000,0.001658,0.001658,3,0.000043,2,0.000034,1,0.000017,NA,NA,NA,NA,NA,NA,NA,NA,NA,NA,0.125000,0.125000,0.000000,0.000000,0.500000,0.003325,0.000000,0.000000,0.000000,0.000000,NA,NA,NA,NA,
276,vector0,NA,NA,NA,NA,NA,NA,NA,NA,NA,NA,NA,NA,1.903636,3141,0.212168,0.212168,0.215483,0.213825,2,0.008528,2,0.003457,16.250000,16.125000,NA,NA,NA,NA,NA,NA,NA,NA,16.000000,0.096414,16.000000,0.113580,
276,vector1,NA,NA,NA,NA,NA,NA,NA,NA,NA,NA,NA,NA,1.499394,2474,0.212168,0.212168,0.215483,0.213825,2,0.005702,2,0.003431,16.250000,16.125000,NA,NA,NA,NA,NA,NA,NA,NA,16.000000,0.096414,16.000000,0.113580,
277,cube0,0.306061,505,0.000000,0.000000,0.001658,0.001658,3,0.000043,2,0.000034,1,0.000017,NA,NA,NA,NA,NA,NA,NA,NA,NA,NA,0.125000,0.125000,0.000000,0.000000,0.500000,0.003325,0.000000,0.000000,0.000000,0.000000,NA,NA,NA,NA,
277,vector0,NA,NA,NA,NA,NA,NA,NA,NA,NA,NA,NA,NA,1.528485,2522,0.212168,0.212168,0.215483,0.213825,2,0.006206,2,0.006026,16.250000,16.125000,NA,NA,NA,NA,NA,NA,NA,NA,16.000000,0.096414,16.000000,0.113580,
277,vector1,NA,NA,NA,NA,NA,NA,NA,NA,NA,NA,NA,NA,1.506667,2486,0.212168,0.212168,0.215483,0.213825,2,0.002885,2,0.006265,16.250000,16.125000,NA,NA,NA,NA,NA,NA,NA,NA,16.000000,0.096414,16.000000,0.113580,
278,cube0,0.359394,593,0.000000,0.000000,0.001658,0.001658,3,0.000043,2,0.000034,1,0.000017,NA,NA,NA,NA,NA,NA,NA,NA,NA,NA,0.125000,0.125000,0.000000,0.000000,0.500000,0.003325,0.000000,0.000000,0.000000,0.000000,NA,NA,NA,NA,
278,vector0,NA,NA,NA,NA,NA,NA,NA,NA,NA,NA,NA,NA,1.515758,2501,0.212168,0.212168,0.215483,0.213825,2,0.005941,2,0.003175,16.250000,16.125000,NA,NA,NA,NA,NA,NA,NA,NA,16.000000,0.096414,16.000000,0.113580,
278,vector1,NA,NA,NA,NA,NA,NA,NA,NA,NA,NA,NA,NA,1.385455,2286,0.212168,0.212168,0.215483,0.213825,2,0.004089,2,0.003235,16.250000,16.125000,NA,NA,NA,NA,NA,NA,NA,NA,16.000000,0.096414,16.000000,0.113580,
279,cube0,0.350303,578,0.000000,0.000000,0.001658,0.001658,3,0.000043,2,0.000034,1,0.000017,NA,NA,NA,NA,NA,NA,NA,NA,NA,NA,0.125000,0.125000,0.000000,0.000000,0.500000,0.003325,0.000000,0.000000,0.000000,0.000000,NA,NA,NA,NA,
279,vector0,NA,NA,NA,NA,NA,NA,NA,NA,NA,NA,NA,NA,1.551515,2560,0.212168,0.212168,0.215483,0.213825,2,0.003594,2,0.006923,16.250000,16.125000,NA,NA,NA,NA,NA,NA,NA,NA,16.000000,0.096414,16.000000,0.113580,
279,vector1,NA,NA,NA,NA,NA,NA,NA,NA,NA,NA,NA,NA,1.543030,2546,0.212168,0.212168,0.215483,0.213825,2,0.002612,2,0.005591,16.250000,16.125000,NA,NA,NA,NA,NA,NA,NA,NA,16.000000,0.096414,16.000000,0.113580,
280,cube0,0.351515,580,0.000000,0.000000,0.001658,0.001658,3,0.000043,2,0.000034,1,0.000017,NA,NA,NA,NA,NA,NA,NA,NA,NA,NA,0.125000,0.125000,0.000000,0.000000,0.500000,0.003325,0.000000,0.000000,0.000000,0.000000,NA,NA,NA,NA,
280,vector0,NA,NA,NA,NA,NA,NA,NA,NA,NA,NA,NA,NA,1.543030,2546,0.212168,0.212168,0.215483,0.213825,2,0.006189,2,0.004755,16.250000,16.125000,NA,NA,NA,NA,NA,NA,NA,NA,16.000000,0.096414,16.000000,0.113580,
280,vector1,NA,NA,NA,NA,NA,NA,NA,NA,NA,NA,NA,NA,1.584849,2615,0.212168,0.212168,0.215483,0.213825,2,0.006761,2,0.007947,16.250000,16.125000,NA,NA,NA,NA,NA,NA,NA,NA,16.000000,0.096414,16.000000,0.113580,
281,cube0,0.292727,483,0.000000,0.000000,0.001658,0.001658,3,0.000043,2,0.000034,1,0.000017,NA,NA,NA,NA,NA,NA,NA,NA,NA,NA,0.125000,0.125000,0.000000,0.000000,0.500000,0.003325,0.000000,0.000000,0.000000,0.000000,NA,NA,NA,NA,
281,vector0,NA,NA,NA,NA,NA,NA,NA,NA,NA,NA,NA,NA,1.646061,2716,0.212168,0.212168,0.215483,0.213825,2,0.003978,2,0.005762,16.250000,16.125000,NA,NA,NA,NA,NA,NA,NA,NA,16.000000,0.096414,16.000000,0.113580,
281,vector1,NA,NA,NA,NA,NA,NA,NA,NA,NA,NA,NA,NA,1.610909,2658,0.212168,0.212168,0.215483,0.213825,2,0.004012,2,0.004490,16.250000,16.125000,NA,NA,NA,NA,NA,NA,NA,NA,16.000000,0.096414,16.000000,0.113580,
282,cube0,0.343636,567,0.000000,0.000000,0.001658,0.001658,3,0.000043,2,0.000034,1,0.000017,NA,NA,NA,NA,NA,NA,NA,NA,NA,NA,0.125000,0.125000,0.000000,0.000000,0.500000,0.003325,0.000000,0.000000,0.000000,0.000000,NA,NA,NA,NA,
282,vector0,NA,NA,NA,NA,NA,NA,NA,NA,NA,NA,NA,NA,1.581818,2610,0.212168,0.212168,0.215483,0.213825,2,0.006539,2,0.003099,16.250000,16.125000,NA,NA,NA,NA,NA,NA,NA,NA,16.000000,0.096414,16.000000,0.113580,
282,vector1,NA,NA,NA,NA,NA,NA,NA,NA,NA,NA,NA,NA,1.569091,2589,0.212168,0.212168,0.215483,0.213825,2,0.006291,2,0.003312,16.250000,16.125000,NA,NA,NA,NA,NA,NA,NA,NA,16.000000,0.096414,16.000000,0.113580,
283,cube0,0.296970,490,0.000000,0.000000,0.001658,0.001658,3,0.000043,2,0.000034,1,0.000017,NA,NA,NA,NA,NA,NA,NA,NA,NA,NA,0.125000,0.125000,0.000000,0.000000,0.500000,0.003325,0.000000,0.000000,0.000000,0.000000,NA,NA,NA,NA,
283,vector0,NA,NA,NA,NA,NA,NA,NA,NA,NA,NA,NA,NA,1.829091,3018,0.212168,0.212168,0.215483,0.213825,2,0.005574,2,0.005429,16.250000,16.125000,NA,NA,NA,NA,NA,NA,NA,NA,16.000000,0.096414,16.000000,0.113580,
283,vector1,NA,NA,NA,NA,NA,NA,NA,NA,NA,NA,NA,NA,1.666061,2749,0.212168,0.212168,0.215483,0.213825,2,0.006155,2,0.007469,16.250000,16.125000,NA,NA,NA,NA,NA,NA,NA,NA,16.000000,0.096414,16.000000,0.113580,
284,cube0,0.368485,608,0.000000,0.000000,0.001658,0.001658,3,0.000043,2,0.000034,1,0.000017,NA,NA,NA,NA,NA,NA,NA,NA,NA,NA,0.125000,0.125000,0.000000,0.000000,0.500000,0.003325,0.000000,0.000000,0.000000,0.000000,NA,NA,NA,NA,
284,vector0,NA,NA,NA,NA,NA,NA,NA,NA,NA,NA,NA,NA,1.701212,2807,0.212168,0.212168,0.215483,0.213825,2,0.006189,2,0.003449,16.250000,16.125000,NA,NA,NA,NA,NA,NA,NA,NA,16.000000,0.096414,16.000000,0.113580,
284,vector1,NA,NA,NA,NA,NA,NA,NA,NA,NA,NA,NA,NA,1.844242,3043,0.212168,0.212168,0.215483,0.213825,2,0.007879,2,0.007648,16.250000,16.125000,NA,NA,NA,NA,NA,NA,NA,NA,16.000000,0.096414,16.000000,0.113580,
285,cube0,0.322424,532,0.000000,0.000000,0.001658,0.001658,3,0.000043,2,0.000034,1,0.000017,NA,NA,NA,NA,NA,NA,NA,NA,NA,NA,0.125000,0.125000,0.000000,0.000000,0.500000,0.003325,0.000000,0.000000,0.000000,0.000000,NA,NA,NA,NA,
285,vector0,NA,NA,NA,NA,NA,NA,NA,NA,NA,NA,NA,NA,1.411515,2329,0.212168,0.212168,0.215483,0.213825,2,0.004268,2,0.006880,16.250000,16.125000,NA,NA,NA,NA,NA,NA,NA,NA,16.000000,0.096414,16.000000,0.113580,
285,vector1,NA,NA,NA,NA,NA,NA,NA,NA,NA,NA,NA,NA,1.536970,2536,0.212168,0.212168,0.215483,0.213825,2,0.006231,2,0.003090,16.250000,16.125000,NA,NA,NA,NA,NA,NA,NA,NA,16.000000,0.096414,16.000000,0.113580,
286,cube0,0.315152,520,0.000000,0.000000,0.001658,0.001658,3,0.000043,2,0.000034,1,0.000017,NA,NA,NA,NA,NA,NA,NA,NA,NA,NA,0.125000,0.125000,0.000000,0.000000,0.500000,0.003325,0.000000,0.000000,0.000000,0.000000,NA,NA,NA,NA,
286,vector0,NA,NA,NA,NA,NA,NA,NA,NA,NA,NA,NA,NA,1.928485,3182,0.212168,0.212168,0.215483,0.213825,2,0.007887,2,0.003073,16.250000,16.125000,NA,NA,NA,NA,NA,NA,NA,NA,16.000000,0.096414,16.000000,0.113580,
286,vector1,NA,NA,NA,NA,NA,NA,NA,NA,NA,NA,NA,NA,1.855152,3061,0.212168,0.212168,0.215483,0.213825,2,0.007213,2,0.007452,16.250000,16.125000,NA,NA,NA,NA,NA,NA,NA,NA,16.000000,0.096414,16.000000,0.113580,
287,cube0,0.338788,559,0.000000,0.000000,0.001658,0.001658,3,0.000043,2,0.000034,1,0.000017,NA,NA,NA,NA,NA,NA,NA,NA,NA,NA,0.125000,0.125000,0.000000,0.000000,0.500000,0.003325,0.000000,0.000000,0.000000,0.000000,NA,NA,NA,NA,
287,vector0,NA,NA,NA,NA,NA,NA,NA,NA,NA,NA,NA,NA,1.547879,2554,0.212168,0.212168,0.215483,0.213825,2,0.006445,2,0.005984,16.250000,16.125000,NA,NA,NA,NA,NA,NA,NA,NA,16.000000,0.096414,16.000000,0.113580,
287,vector1,NA,NA,NA,NA,NA,NA,NA,NA,NA,NA,NA,NA,1.453939,2399,0.212168,0.212168,0.215483,0.213825,2,0.005318,2,0.005412,16.250000,16.125000,NA,NA,NA,NA,NA,NA,NA,NA,16.000000,0.096414,16.000000,0.113580,
288,cube0,0.315152,520,0.000000,0.000000,0.001658,0.001658,3,0.000043,2,0.000034,1,0.000017,NA,NA,NA,NA,NA,NA,NA,NA,NA,NA,0.125000,0.125000,0.000000,0.000000,0.500000,0.003325,0.000000,0.000000,0.000000,0.000000,NA,NA,NA,NA,
288,vector0,NA,NA,NA,NA,NA,NA,NA,NA,NA,NA,NA,NA,1.470909,2427,0.212168,0.212168,0.215483,0.213825,2,0.005369,2,0.003355,16.250000,16.125000,NA,NA,NA,NA,NA,NA,NA,NA,16.000000,0.096414,16.000000,0.113580,
288,vector1,NA,NA,NA,NA,NA,NA,NA,NA,NA,NA,NA,NA,1.527273,2520,0.212168,0.212168,0.215483,0.213825,2,0.005642,2,0.006103,16.250000,16.125000,NA,NA,NA,NA,NA,NA,NA,NA,16.000000,0.096414,16.000000,0.113580,
289,cube0,0.350909,579,0.000000,0.000000,0.001658,0.001658,3,0.000043,2,0.000034,1,0.000017,NA,NA,NA,NA,NA,NA,NA,NA,NA,NA,0.125000,0.125000,0.000000,0.000000,0.500000,0.003325,0.000000,0.000000,0.000000,0.000000,NA,NA,NA,NA,
289,vector0,NA,NA,NA,NA,NA,NA,NA,NA,NA,NA,NA,NA,1.632121,2693,0.212168,0.212168,0.215483,0.213825,2,0.004567,2,0.007153,16.250000,16.125000,NA,NA,NA,NA,NA,NA,NA,NA,16.000000,0.096414,16.000000,0.113580,
289,vector1,NA,NA,NA,NA,NA,NA,NA,NA,NA,NA,NA,NA,1.665455,2748,0.212168,0.212168,0.215483,0.213825,2,0.005583,2,0.008195,16.250000,16.125000,NA,NA,NA,NA,NA,NA,NA,NA,16.000000,0.096414,16.000000,0.113580,
290,cube0,0.328485,542,0.000000,0.000000,0.001658,0.001658,3,0.000043,2,0.000034,1,0.000017,NA,NA,NA,NA,NA,NA,NA,NA,NA,NA,0.125000,0.125000,0.000000,0.000000,0.500000,0.003325,0.000000,0.000000,0.000000,0.000000,NA,NA,NA,NA,
290,vector0,NA,NA,NA,NA,NA,NA,NA,NA,NA,NA,NA,NA,1.516970,2503,0.212168,0.212168,0.215483,0.213825,2,0.005728,2,0.003261,16.250000,16.125000,NA,NA,NA,NA,NA,NA,NA,NA,16.000000,0.096414,16.000000,0.113580,
290,vector1,NA,NA,NA,NA,NA,NA,NA,NA,NA,NA,NA,NA,1.821212,3005,0.212168,0.212168,0.215483,0.213825,2,0.006095,2,0.003286,16.250000,16.125000,NA,NA,NA,NA,NA,NA,NA,NA,16.000000,0.096414,16.000000,0.113580,
291,cube0,0.370909,612,0.000000,0.000000,0.001658,0.001658,3,0.000043,2,0.000034,1,0.000017,NA,NA,NA,NA,NA,NA,NA,NA,NA,NA,0.125000,0.125000,0.000000,0.000000,0.500000,0.003325,0.000000,0.000000,0.000000,0.000000,NA,NA,NA,NA,
291,vector0,NA,NA,NA,NA,NA,NA,NA,NA,NA,NA,NA,NA,1.675151,2764,0.212168,0.212168,0.215483,0.213825,2,0.004430,2,0.006257,16.250000,16.125000,NA,NA,NA,NA,NA,NA,NA,NA,16.000000,0.096414,16.000000,0.113580,
291,vector1,NA,NA,NA,NA,NA,NA,NA,NA,NA,NA,NA,NA,1.528485,2522,0.212168,0.212168,0.215483,0.213825,2,0.005676,2,0.006641,16.250000,16.125000,NA,NA,NA,NA,NA,NA,NA,NA,16.000000,0.096414,16.000000,0.113580,
292,cube0,0.306061,505,0.000000,0.000000,0.001658,0.001658,3,0.000043,2,0.000034,1,0.000017,NA,NA,NA,NA,NA,NA,NA,NA,NA,NA,0.125000,0.125000,0.000000,0.000000,0.500000,0.003325,0.000000,0.000000,0.000000,0.000000,NA,NA,NA,NA,
292,vector0,NA,NA,NA,NA,NA,NA,NA,NA,NA,NA,NA,NA,1.422424,2347,0.212168,0.212168,0.215483,0.213825,2,0.004686,2,0.005787,16.250000,16.125000,NA,NA,NA,NA,NA,NA,NA,NA,16.000000,0.096414,16.000000,0.113580,
292,vector1,NA,NA,NA,NA,NA,NA,NA,NA,NA,NA,NA,NA,1.748485,2885,0.212168,0.212168,0.215483,0.213825,2,0.008988,2,0.003457,16.250000,16.125000,NA,NA,NA,NA,NA,NA,NA,NA,16.000000,0.096414,16.000000,0.113580,
293,cube0,0.309091,510,0.000000,0.000000,0.001658,0.001658,3,0.000043,2,0.000034,1,0.000017,NA,NA,NA,NA,NA,NA,NA,NA,NA,NA,0.125000,0.125000,0.000000,0.000000,0.500000,0.003325,0.000000,0.000000,0.000000,0.000000,NA,NA,NA,NA,
293,vector0,NA,NA,NA,NA,NA,NA,NA,NA,NA,NA,NA,NA,1.365455,2253,0.212168,0.212168,0.215483,0.213825,2,0.002484,2,0.003338,16.250000,16.125000,NA,NA,NA,NA,NA,NA,NA,NA,16.000000,0.096414,16.000000,0.113580,
293,vector1,NA,NA,NA,NA,NA,NA,NA,NA,NA,NA,NA,NA,1.716364,2832,0.212168,0.212168,0.215483,0.213825,2,0.005711,2,0.006197,16.250000,16.125000,NA,NA,NA,NA,NA,NA,NA,NA,16.000000,0.096414,16.000000,0.113580,
294,cube0,0.320606,529,0.000000,0.000000,0.001658,0.001658,3,0.000043,2,0.000034,1,0.000017,NA,NA,NA,NA,NA,NA,NA,NA,NA,NA,0.125000,0.125000,0.000000,0.000000,0.500000,0.003325,0.000000,0.000000,0.000000,0.000000,NA,NA,NA,NA,
294,vector0,NA,NA,NA,NA,NA,NA,NA,NA,NA,NA,NA,NA,1.496364,2469,0.212168,0.212168,0.215483,0.213825,2,0.005566,2,0.003355,16.250000,16.125000,NA,NA,NA,NA,NA,NA,NA,NA,16.000000,0.096414,16.000000,0.113580,
294,vector1,NA,NA,NA,NA,NA,NA,NA,NA,NA,NA,NA,NA,1.475758,2435,0.212168,0.212168,0.215483,0.213825,2,0.005378,2,0.003466,16.250000,16.125000,NA,NA,NA,NA,NA,NA,NA,NA,16.000000,0.096414,16.000000,0.113580,
295,cube0,0.350909,579,0.000000,0.000000,0.001658,0.001658,3,0.000043,2,0.000034,1,0.000017,NA,NA,NA,NA,NA,NA,NA,NA,NA,NA,0.125000,0.125000,0.000000,0.000000,0.500000,0.003325,0.000000,0.000000,0.000000,0.000000,NA,NA,NA,NA,
295,vector0,NA,NA,NA,NA,NA,NA,NA,NA,NA,NA,NA,NA,1.657576,2735,0.212168,0.212168,0.215483,0.213825,2,0.003440,2,0.007059,16.250000,16.125000,NA,NA,NA,NA,NA,NA,NA,NA,16.000000,0.096414,16.000000,0.113580,
295,vector1,NA,NA,NA,NA,NA,NA,NA,NA,NA,NA,NA,NA,1.510909,2493,0.212168,0.212168,0.215483,0.213825,2,0.003628,2,0.007204,16.250000,16.125000,NA,NA,NA,NA,NA,NA,NA,NA,16.000000,0.096414,16.000000,0.113580,
296,cube0,0.341212,563,0.000000,0.000000,0.001658,0.001658,3,0.000043,2,0.000034,1,0.000017,NA,NA,NA,NA,NA,NA,NA,NA,NA,NA,0.125000,0.125000,0.000000,0.000000,0.500000,0.003325,0.000000,0.000000,0.000000,0.000000,NA,NA,NA,NA,
296,vector0,NA,NA,NA,NA,NA,NA,NA,NA,NA,NA,NA,NA,1.621212,2675,0.212168,0.212168,0.215483,0.213825,2,0.007085,2,0.003372,16.250000,16.125000,NA,NA,NA,NA,NA,NA,NA,NA,16.000000,0.096414,16.000000,0.113580,
296,vector1,NA,NA,NA,NA,NA,NA,NA,NA,NA,NA,NA,NA,1.457576,2405,0.212168,0.212168,0.215483,0.213825,2,0.005224,2,0.003321,16.250000,16.125000,NA,NA,NA,NA,NA,NA,NA,NA,16.000000,0.096414,16.000000,0.113580,
297,cube0,0.307879,508,0.000000,0.000000,0.001658,0.001658,3,0.000043,2,0.000034,1,0.000017,NA,NA,NA,NA,NA,NA,NA,NA,NA,NA,0.125000,0.125000,0.000000,0.000000,0.500000,0.003325,0.000000,0.000000,0.000000,0.000000,NA,NA,NA,NA,
297,vector0,NA,NA,NA,NA,NA,NA,NA,NA,NA,NA,NA,NA,1.576364,2601,0.212168,0.212168,0.215483,0.213825,2,0.004994,2,0.007384,16.250000,16.125000,NA,NA,NA,NA,NA,NA,NA,NA,16.000000,0.096414,16.000000,0.113580,
297,vector1,NA,NA,NA,NA,NA,NA,NA,NA,NA,NA,NA,NA,1.435151,2368,0.212168,0.212168,0.215483,0.213825,2,0.002510,2,0.007059,16.250000,16.125000,NA,NA,NA,NA,NA,NA,NA,NA,16.000000,0.096414,16.000000,0.113580,
298,cube0,0.362424,598,0.000000,0.000000,0.001658,0.001658,3,0.000043,2,0.000034,1,0.000017,NA,NA,NA,NA,NA,NA,NA,NA,NA,NA,0.125000,0.125000,0.000000,0.000000,0.500000,0.003325,0.000000,0.000000,0.000000,0.000000,NA,NA,NA,NA,
298,vector0,NA,NA,NA,NA,NA,NA,NA,NA,NA,NA,NA,NA,1.443030,2381,0.212168,0.212168,0.215483,0.213825,2,0.004900,2,0.005011,16.250000,16.125000,NA,NA,NA,NA,NA,NA,NA,NA,16.000000,0.096414,16.000000,0.113580,
298,vector1,NA,NA,NA,NA,NA,NA,NA,NA,NA,NA,NA,NA,1.413333,2332,0.212168,0.212168,0.215483,0.213825,2,0.004678,2,0.003346,16.250000,16.125000,NA,NA,NA,NA,NA,NA,NA,NA,16.000000,0.096414,16.000000,0.113580,
299,cube0,0.354545,585,0.000000,0.000000,0.001658,0.001658,3,0.000043,2,0.000034,1,0.000017,NA,NA,NA,NA,NA,NA,NA,NA,NA,NA,0.125000,0.125000,0.000000,0.000000,0.500000,0.003325,0.000000,0.000000,0.000000,0.000000,NA,NA,NA,NA,
299,vector0,NA,NA,NA,NA,NA,NA,NA,NA,NA,NA,NA,NA,1.682424,2776,0.212168,0.212168,0.215483,0.213825,2,0.003995,2,0.006394,16.250000,16.125000,NA,NA,NA,NA,NA,NA,NA,NA,16.000000,0.096414,16.000000,0.113580,
299,vector1,NA,NA,NA,NA,NA,NA,NA,NA,NA,NA,NA,NA,1.630303,2690,0.212168,0.212168,0.215483,0.213825,2,0.004200,2,0.005403,16.250000,16.125000,NA,NA,NA,NA,NA,NA,NA,NA,16.000000,0.096414,16.000000,0.113580,
300,cube0,0.347879,574,0.000000,0.000000,0.001658,0.001658,3,0.000043,2,0.000034,1,0.000017,NA,NA,NA,NA,NA,NA,NA,NA,NA,NA,0.125000,0.125000,0.000000,0.000000,0.500000,0.003325,0.000000,0.000000,0.000000,0.000000,NA,NA,NA,NA,
300,vector0,NA,NA,NA,NA,NA,NA,NA,NA,NA,NA,NA,NA,1.558182,2571,0.212168,0.212168,0.215483,0.213825,2,0.006265,2,0.003141,16.250000,16.125000,NA,NA,NA,NA,NA,NA,NA,NA,16.000000,0.096414,16.000000,0.113580,
300,vector1,NA,NA,NA,NA,NA,NA,NA,NA,NA,NA,NA,NA,1.572727,2595,0.212168,0.212168,0.215483,0.213825,2,0.006436,2,0.003099,16.250000,16.125000,NA,NA,NA,NA,NA,NA,NA,NA,16.000000,0.096414,16.000000,0.113580,
301,cube0,0.294545,486,0.000000,0.000000,0.001658,0.001658,3,0.000043,2,0.000034,1,0.000017,NA,NA,NA,NA,NA,NA,NA,NA,NA,NA,0.125000,0.125000,0.000000,0.000000,0.500000,0.003325,0.000000,0.000000,0.000000,0.000000,NA,NA,NA,NA,
301,vector0,NA,NA,NA,NA,NA,NA,NA,NA,NA,NA,NA,NA,1.533333,2530,0.212168,0.212168,0.215483,0.213825,2,0.003542,2,0.005429,16.250000,16.125000,NA,NA,NA,NA,NA,NA,NA,NA,16.000000,0.096414,16.000000,0.113580,
301,vector1,NA,NA,NA,NA,NA,NA,NA,NA,NA,NA,NA,NA,1.612121,2660,0.212168,0.212168,0.215483,0.213825,2,0.003466,2,0.007264,16.250000,16.125000,NA,NA,NA,NA,NA,NA,NA,NA,16.000000,0.096414,16.000000,0.113580,
302,cube0,0.347273,573,0.000000,0.000000,0.001658,0.001658,3,0.000043,2,0.000034,1,0.000017,NA,NA,NA,NA,NA,NA,NA,NA,NA,NA,0.125000,0.125000,0.000000,0.000000,0.500000,0.003325,0.000000,0.000000,0.000000,0.000000,NA,NA,NA,NA,
302,vector0,NA,NA,NA,NA,NA,NA,NA,NA,NA,NA,NA,NA,1.579394,2606,0.212168,0.212168,0.215483,0.213825,2,0.006214,2,0.003431,16.250000,16.125000,NA,NA,NA,NA,NA,NA,NA,NA,16.000000,0.096414,16.000000,0.113580,
302,vector1,NA,NA,NA,NA,NA,NA,NA,NA,NA,NA,NA,NA,1.881818,3105,0.212168,0.212168,0.215483,0.213825,2,0.006411,2,0.003295,16.250000,16.125000,NA,NA,NA,NA,NA,NA,NA,NA,16.000000,0.096414,16.000000,0.113580,
303,cube0,0.295152,487,0.000000,0.000000,0.001658,0.001658,3,0.000043,2,0.000034,1,0.000017,NA,NA,NA,NA,NA,NA,NA,NA,NA,NA,0.125000,0.125000,0.000000,0.000000,0.500000,0.003325,0.000000,0.000000,0.000000,0.000000,NA,NA,NA,NA,
303,vector0,NA,NA,NA,NA,NA,NA,NA,NA,NA,NA,NA,NA,1.813939,2993,0.212168,0.212168,0.215483,0.213825,2,0.005497,2,0.005386,16.250000,16.125000,NA,NA,NA,NA,NA,NA,NA,NA,16.000000,0.096414,16.000000,0.113580,
303,vector1,NA,NA,NA,NA,NA,NA,NA,NA,NA,NA,NA,NA,1.513939,2498,0.212168,0.212168,0.215483,0.213825,2,0.006163,2,0.006923,16.250000,16.125000,NA,NA,NA,NA,NA,NA,NA,NA,16.000000,0.096414,16.000000,0.113580,
304,cube0,0.365455,603,0.000000,0.000000,0.001658,0.001658,3,0.000043,2,0.000034,1,0.000017,NA,NA,NA,NA,NA,NA,NA,NA,NA,NA,0.125000,0.125000,0.000000,0.000000,0.500000,0.003325,0.000000,0.000000,0.000000,0.000000,NA,NA,NA,NA,
304,vector0,NA,NA,NA,NA,NA,NA,NA,NA,NA,NA,NA,NA,1.787273,2949,0.212168,0.212168,0.215483,0.213825,2,0.005847,2,0.003261,16.250000,16.125000,NA,NA,NA,NA,NA,NA,NA,NA,16.000000,0.096414,16.000000,0.113580,
304,vector1,NA,NA,NA,NA,NA,NA,NA,NA,NA,NA,NA,NA,1.909697,3151,0.212168,0.212168,0.215483,0.213825,2,0.007298,2,0.008007,16.250000,16.125000,NA,NA,NA,NA,NA,NA,NA,NA,16.000000,0.096414,16.000000,0.113580,
305,cube0,0.321212,530,0.000000,0.000000,0.001658,0.001658,3,0.000043,2,0.000034,1,0.000017,NA,NA,NA,NA,NA,NA,NA,NA,NA,NA,0.125000,0.125000,0.000000,0.000000,0.500000,0.003325,0.000000,0.000000,0.000000,0.000000,NA,NA,NA,NA,
305,vector0,NA,NA,NA,NA,NA,NA,NA,NA,NA,NA,NA,NA,1.444242,2383,0.212168,0.212168,0.215483,0.213825,2,0.004558,2,0.006846,16.250000,16.125000,NA,NA,NA,NA,NA,NA,NA,NA,16.000000,0.096414,16.000000,0.113580,
305,vector1,NA,NA,NA,NA,NA,NA,NA,NA,NA,NA,NA,NA,1.543636,2547,0.212168,0.212168,0.215483,0.213825,2,0.006214,2,0.005053,16.250000,16.125000,NA,NA,NA,NA,NA,NA,NA,NA,16.000000,0.096414,16.000000,0.113580,
306,cube0,0.312727,516,0.000000,0.000000,0.001658,0.001658,3,0.000043,2,0.000034,1,0.000017,NA,NA,NA,NA,NA,NA,NA,NA,NA,NA,0.125000,0.125000,0.000000,0.000000,0.500000,0.003325,0.000000,0.000000,0.000000,0.000000,NA,NA,NA,NA,
306,vector0,NA,NA,NA,NA,NA,NA,NA,NA,NA,NA,NA,NA,1.972121,3254,0.212168,0.212168,0.215483,0.213825,2,0.008289,2,0.003244,16.250000,16.125000,NA,NA,NA,NA,NA,NA,NA,NA,16.000000,0.096414,16.000000,0.113580,
306,vector1,NA,NA,NA,NA,NA,NA,NA,NA,NA,NA,NA,NA,1.887879,3115,0.212168,0.212168,0.215483,0.213825,2,0.007571,2,0.006940,16.250000,16.125000,NA,NA,NA,NA,NA,NA,NA,NA,16.000000,0.096414,16.000000,0.113580,
307,cube0,0.340606,562,0.000000,0.000000,0.001658,0.001658,3,0.000043,2,0.000034,1,0.000017,NA,NA,NA,NA,NA,NA,NA,NA,NA,NA,0.125000,0.125000,0.000000,0.000000,0.500000,0.003325,0.000000,0.000000,0.000000,0.000000,NA,NA,NA,NA,
307,vector0,NA,NA,NA,NA,NA,NA,NA,NA,NA,NA,NA,NA,1.585455,2616,0.212168,0.212168,0.215483,0.213825,2,0.006837,2,0.007512,16.250000,16.125000,NA,NA,NA,NA,NA,NA,NA,NA,16.000000,0.096414,16.000000,0.113580,
307,vector1,NA,NA,NA,NA,NA,NA,NA,NA,NA,NA,NA,NA,1.500606,2476,0.212168,0.212168,0.215483,0.213825,2,0.005924,2,0.006564,16.250000,16.125000,NA,NA,NA,NA,NA,NA,NA,NA,16.000000,0.096414,16.000000,0.113580,
308,cube0,0.315758,521,0.000000,0.000000,0.001658,0.001658,3,0.000043,2,0.000034,1,0.000017,NA,NA,NA,NA,NA,NA,NA,NA,NA,NA,0.125000,0.125000,0.000000,0.000000,0.500000,0.003325,0.000000,0.000000,0.000000,0.000000,NA,NA,NA,NA,
308,vector0,NA,NA,NA,NA,NA,NA,NA,NA,NA,NA,NA,NA,1.450303,2393,0.212168,0.212168,0.215483,0.213825,2,0.004985,2,0.006120,16.250000,16.125000,NA,NA,NA,NA,NA,NA,NA,NA,16.000000,0.096414,16.000000,0.113580,
308,vector1,NA,NA,NA,NA,NA,NA,NA,NA,NA,NA,NA,NA,1.417576,2339,0.212168,0.212168,0.215483,0.213825,2,0.004225,2,0.003329,16.250000,16.125000,NA,NA,NA,NA,NA,NA,NA,NA,16.000000,0.096414,16.000000,0.113580,
309,cube0,0.361212,596,0.000000,0.000000,0.001658,0.001658,3,0.000043,2,0.000034,1,0.000017,NA,NA,NA,NA,NA,NA,NA,NA,NA,NA,0.125000,0.125000,0.000000,0.000000,0.500000,0.003325,0.000000,0.000000,0.000000,0.000000,NA,NA,NA,NA,
309,vector0,NA,NA,NA,NA,NA,NA,NA,NA,NA,NA,NA,NA,1.529697,2524,0.212168,0.212168,0.215483,0.213825,2,0.003756,2,0.003329,16.250000,16.125000,NA,NA,NA,NA,NA,NA,NA,NA,16.000000,0.096414,16.000000,0.113580,
309,vector1,NA,NA,NA,NA,NA,NA,NA,NA,NA,NA,NA,NA,1.570303,2591,0.212168,0.212168,0.215483,0.213825,2,0.003577,2,0.005830,16.250000,16.125000,NA,NA,NA,NA,NA,NA,NA,NA,16.000000,0.096414,16.000000,0.113580,
310,cube0,0.330909,546,0.000000,0.000000,0.001658,0.001658,3,0.000043,2,0.000034,1,0.000017,NA,NA,NA,NA,NA,NA,NA,NA,NA,NA,0.125000,0.125000,0.000000,0.000000,0.500000,0.003325,0.000000,0.000000,0.000000,0.000000,NA,NA,NA,NA,
310,vector0,NA,NA,NA,NA,NA,NA,NA,NA,NA,NA,NA,NA,1.494545,2466,0.212168,0.212168,0.215483,0.213825,2,0.005284,2,0.003389,16.250000,16.125000,NA,NA,NA,NA,NA,NA,NA,NA,16.000000,0.096414,16.000000,0.113580,
310,vector1,NA,NA,NA,NA,NA,NA,NA,NA,NA,NA,NA,NA,1.519394,2507,0.212168,0.212168,0.215483,0.213825,2,0.005369,2,0.003372,16.250000,16.125000,NA,NA,NA,NA,NA,NA,NA,NA,16.000000,0.096414,16.000000,0.113580,
311,cube0,0.372727,615,0.000000,0.000000,0.001658,0.001658,3,0.000043,2,0.000034,1,0.000017,NA,NA,NA,NA,NA,NA,NA,NA,NA,NA,0.125000,0.125000,0.000000,0.000000,0.500000,0.003325,0.000000,0.000000,0.000000,0.000000,NA,NA,NA,NA,
311,vector0,NA,NA,NA,NA,NA,NA,NA,NA,NA,NA,NA,NA,1.632727,2694,0.212168,0.212168,0.215483,0.213825,2,0.004396,2,0.007520,16.250000,16.125000,NA,NA,NA,NA,NA,NA,NA,NA,16.000000,0.096414,16.000000,0.113580,
311,vector1,NA,NA,NA,NA,NA,NA,NA,NA,NA,NA,NA,NA,1.829091,3018,0.212168,0.212168,0.215483,0.213825,2,0.004908,2,0.006786,16.250000,16.125000,NA,NA,NA,NA,NA,NA,NA,NA,16.000000,0.096414,16.000000,0.113580,
312,cube0,0.307273,507,0.000000,0.000000,0.001658,0.001658,3,0.000043,2,0.000034,1,0.000017,NA,NA,NA,NA,NA,NA,NA,NA,NA,NA,0.125000,0.125000,0.000000,0.000000,0.500000,0.003325,0.000000,0.000000,0.000000,0.000000,NA,NA,NA,NA,
312,vector0,NA,NA,NA,NA,NA,NA,NA,NA,NA,NA,NA,NA,1.533333,2530,0.212168,0.212168,0.215483,0.213825,2,0.006189,2,0.003756,16.250000,16.125000,NA,NA,NA,NA,NA,NA,NA,NA,16.000000,0.096414,16.000000,0.113580,
312,vector1,NA,NA,NA,NA,NA,NA,NA,NA,NA,NA,NA,NA,1.679394,2771,0.212168,0.212168,0.215483,0.213825,2,0.008289,2,0.003286,16.250000,16.125000,NA,NA,NA,NA,NA,NA,NA,NA,16.000000,0.096414,16.000000,0.113580,
313,cube0,0.309697,511,0.000000,0.000000,0.001658,0.001658,3,0.000043,2,0.000034,1,0.000017,NA,NA,NA,NA,NA,NA,NA,NA,NA,NA,0.125000,0.125000,0.000000,0.000000,0.500000,0.003325,0.000000,0.000000,0.000000,0.000000,NA,NA,NA,NA,
313,vector0,NA,NA,NA,NA,NA,NA,NA,NA,NA,NA,NA,NA,1.543636,2547,0.212168,0.212168,0.215483,0.213825,2,0.003116,2,0.008195,16.250000,16.125000,NA,NA,NA,NA,NA,NA,NA,NA,16.000000,0.096414,16.000000,0.113580,
313,vector1,NA,NA,NA,NA,NA,NA,NA,NA,NA,NA,NA,NA,1.595152,2632,0.212168,0.212168,0.215483,0.213825,2,0.004729,2,0.006095,16.250000,16.125000,NA,NA,NA,NA,NA,NA,NA,NA,16.000000,0.096414,16.000000,0.113580,
314,cube0,0.318788,526,0.000000,0.000000,0.001658,0.001658,3,0.000043,2,0.000034,1,0.000017,NA,NA,NA,NA,NA,NA,NA,NA,NA,NA,0.125000,0.125000,0.000000,0.000000,0.500000,0.003325,0.000000,0.000000,0.000000,0.000000,NA,NA,NA,NA,
314,vector0,NA,NA,NA,NA,NA,NA,NA,NA,NA,NA,NA,NA,1.489697,2458,0.212168,0.212168,0.215483,0.213825,2,0.005480,2,0.003380,16.250000,16.125000,NA,NA,NA,NA,NA,NA,NA,NA,16.000000,0.096414,16.000000,0.113580,
314,vector1,NA,NA,NA,NA,NA,NA,NA,NA,NA,NA,NA,NA,1.390909,2295,0.212168,0.212168,0.215483,0.213825,2,0.004157,2,0.003218,16.250000,16.125000,NA,NA,NA,NA,NA,NA,NA,NA,16.000000,0.096414,16.000000,0.113580,
315,cube0,0.352727,582,0.000000,0.000000,0.001658,0.001658,3,0.000043,2,0.000034,1,0.000017,NA,NA,NA,NA,NA,NA,NA,NA,NA,NA,0.125000,0.125000,0.000000,0.000000,0.500000,0.003325,0.000000,0.000000,0.000000,0.000000,NA,NA,NA,NA,
315,vector0,NA,NA,NA,NA,NA,NA,NA,NA,NA,NA,NA,NA,1.596970,2635,0.212168,0.212168,0.215483,0.213825,2,0.003355,2,0.007213,16.250000,16.125000,NA,NA,NA,NA,NA,NA,NA,NA,16.000000,0.096414,16.000000,0.113580,
315,vector1,NA,NA,NA,NA,NA,NA,NA,NA,NA,NA,NA,NA,1.476970,2437,0.212168,0.212168,0.215483,0.213825,2,0.002535,2,0.005856,16.250000,16.125000,NA,NA,NA,NA,NA,NA,NA,NA,16.000000,0.096414,16.000000,0.113580,
316,cube0,0.344242,568,0.000000,0.000000,0.001658,0.001658,3,0.000043,2,0.000034,1,0.000017,NA,NA,NA,NA,NA,NA,NA,NA,NA,NA,0.125000,0.125000,0.000000,0.000000,0.500000,0.003325,0.000000,0.000000,0.000000,0.000000,NA,NA,NA,NA,
316,vector0,NA,NA,NA,NA,NA,NA,NA,NA,NA,NA,NA,NA,1.536364,2535,0.212168,0.212168,0.215483,0.213825,2,0.005958,2,0.003346,16.250000,16.125000,NA,NA,NA,NA,NA,NA,NA,NA,16.000000,0.096414,16.000000,0.113580,
316,vector1,NA,NA,NA,NA,NA,NA,NA,NA,NA,NA,NA,NA,1.517576,2504,0.212168,0.212168,0.215483,0.213825,2,0.005915,2,0.007162,16.250000,16.125000,NA,NA,NA,NA,NA,NA,NA,NA,16.000000,0.096414,16.000000,0.113580,
317,cube0,0.306667,506,0.000000,0.000000,0.001658,0.001658,3,0.000043,2,0.000034,1,0.000017,NA,NA,NA,NA,NA,NA,NA,NA,NA,NA,0.125000,0.125000,0.000000,0.000000,0.500000,0.003325,0.000000,0.000000,0.000000,0.000000,NA,NA,NA,NA,
317,vector0,NA,NA,NA,NA,NA,NA,NA,NA,NA,NA,NA,NA,1.590909,2625,0.212168,0.212168,0.215483,0.213825,2,0.005224,2,0.006965,16.250000,16.125000,NA,NA,NA,NA,NA,NA,NA,NA,16.000000,0.096414,16.000000,0.113580,
317,vector1,NA,NA,NA,NA,NA,NA,NA,NA,NA,NA,NA,NA,1.521212,2510,0.212168,0.212168,0.215483,0.213825,2,0.003867,2,0.003056,16.250000,16.125000,NA,NA,NA,NA,NA,NA,NA,NA,16.000000,0.096414,16.000000,0.113580,
318,cube0,0.363636,600,0.000000,0.000000,0.001658,0.001658,3,0.000043,2,0.000034,1,0.000017,NA,NA,NA,NA,NA,NA,NA,NA,NA,NA,0.125000,0.125000,0.000000,0.000000,0.500000,0.003325,0.000000,0.000000,0.000000,0.000000,NA,NA,NA,NA,
318,vector0,NA,NA,NA,NA,NA,NA,NA,NA,NA,NA,NA,NA,1.741818,2874,0.212168,0.212168,0.215483,0.213825,2,0.006778,2,0.008126,16.250000,16.125000,NA,NA,NA,NA,NA,NA,NA,NA,16.000000,0.096414,16.000000,0.113580,
318,vector1,NA,NA,NA,NA,NA,NA,NA,NA,NA,NA,NA,NA,1.632121,2693,0.212168,0.212168,0.215483,0.213825,2,0.007452,2,0.003158,16.250000,16.125000,NA,NA,NA,NA,NA,NA,NA,NA,16.000000,0.096414,16.000000,0.113580,
319,cube0,0.349091,576,0.000000,0.000000,0.001658,0.001658,3,0.000043,2,0.000034,1,0.000017,NA,NA,NA,NA,NA,NA,NA,NA,NA,NA,0.125000,0.125000,0.000000,0.000000,0.500000,0.003325,0.000000,0.000000,0.000000,0.000000,NA,NA,NA,NA,
319,vector0,NA,NA,NA,NA,NA,NA,NA,NA,NA,NA,NA,NA,1.852727,3057,0.212168,0.212168,0.215483,0.213825,2,0.006206,2,0.005267,16.250000,16.125000,NA,NA,NA,NA,NA,NA,NA,NA,16.000000,0.096414,16.000000,0.113580,
319,vector1,NA,NA,NA,NA,NA,NA,NA,NA,NA,NA,NA,NA,1.773333,2926,0.212168,0.212168,0.215483,0.213825,2,0.006061,2,0.005659,16.250000,16.125000,NA,NA,NA,NA,NA,NA,NA,NA,16.000000,0.096414,16.000000,0.113580,
320,cube0,0.350909,579,0.000000,0.000000,0.001658,0.001658,3,0.000043,2,0.000034,1,0.000017,NA,NA,NA,NA,NA,NA,NA,NA,NA,NA,0.125000,0.125000,0.000000,0.000000,0.500000,0.003325,0.000000,0.000000,0.000000,0.000000,NA,NA,NA,NA,
320,vector0,NA,NA,NA,NA,NA,NA,NA,NA,NA,NA,NA,NA,1.492727,2463,0.212168,0.212168,0.215483,0.213825,2,0.005489,2,0.003184,16.250000,16.125000,NA,NA,NA,NA,NA,NA,NA,NA,16.000000,0.096414,16.000000,0.113580,
320,vector1,NA,NA,NA,NA,NA,NA,NA,NA,NA,NA,NA,NA,1.447879,2389,0.212168,0.212168,0.215483,0.213825,2,0.004789,2,0.007230,16.250000,16.125000,NA,NA,NA,NA,NA,NA,NA,NA,16.000000,0.096414,16.000000,0.113580,
321,cube0,0.287879,475,0.000000,0.000000,0.001658,0.001658,3,0.000043,2,0.000034,1,0.000017,NA,NA,NA,NA,NA,NA,NA,NA,NA,NA,0.125000,0.125000,0.000000,0.000000,0.500000,0.003325,0.000000,0.000000,0.000000,0.000000,NA,NA,NA,NA,
321,vector0,NA,NA,NA,NA,NA,NA,NA,NA,NA,NA,NA,NA,1.576970,2602,0.212168,0.212168,0.215483,0.213825,2,0.003372,2,0.007589,16.250000,16.125000,NA,NA,NA,NA,NA,NA,NA,NA,16.000000,0.096414,16.000000,0.113580,
321,vector1,NA,NA,NA,NA,NA,NA,NA,NA,NA,NA,NA,NA,1.586667,2618,0.212168,0.212168,0.215483,0.213825,2,0.003158,2,0.004806,16.250000,16.125000,NA,NA,NA,NA,NA,NA,NA,NA,16.000000,0.096414,16.000000,0.113580,
322,cube0,0.343636,567,0.000000,0.000000,0.001658,0.001658,3,0.000043,2,0.000034,1,0.000017,NA,NA,NA,NA,NA,NA,NA,NA,NA,NA,0.125000,0.125000,0.000000,0.000000,0.500000,0.003325,0.000000,0.000000,0.000000,0.000000,NA,NA,NA,NA,
322,vector0,NA,NA,NA,NA,NA,NA,NA,NA,NA,NA,NA,NA,1.583636,2613,0.212168,0.212168,0.215483,0.213825,2,0.006522,2,0.003150,16.250000,16.125000,NA,NA,NA,NA,NA,NA,NA,NA,16.000000,0.096414,16.000000,0.113580,
322,vector1,NA,NA,NA,NA,NA,NA,NA,NA,NA,NA,NA,NA,1.595758,2633,0.212168,0.212168,0.215483,0.213825,2,0.006624,2,0.004464,16.250000,16.125000,NA,NA,NA,NA,NA,NA,NA,NA,16.000000,0.096414,16.000000,0.113580,
323,cube0,0.291515,481,0.000000,0.000000,0.001658,0.001658,3,0.000043,2,0.000034,1,0.000017,NA,NA,NA,NA,NA,NA,NA,NA,NA,NA,0.125000,0.125000,0.000000,0.000000,0.500000,0.003325,0.000000,0.000000,0.000000,0.000000,NA,NA,NA,NA,
323,vector0,NA,NA,NA,NA,NA,NA,NA,NA,NA,NA,NA,NA,1.777576,2933,0.212168,0.212168,0.215483,0.213825,2,0.005105,2,0.006803,16.250000,16.125000,NA,NA,NA,NA,NA,NA,NA,NA,16.000000,0.096414,16.000000,0.113580,
323,vector1,NA,NA,NA,NA,NA,NA,NA,NA,NA,NA,NA,NA,1.789697,2953,0.212168,0.212168,0.215483,0.213825,2,0.006564,2,0.006948,16.250000,16.125000,NA,NA,NA,NA,NA,NA,NA,NA,16.000000,0.096414,16.000000,0.113580,
324,cube0,0.366061,604,0.000000,0.000000,0.001658,0.001658,3,0.000043,2,0.000034,1,0.000017,NA,NA,NA,NA,NA,NA,NA,NA,NA,NA,0.125000,0.125000,0.000000,0.000000,0.500000,0.003325,0.000000,0.000000,0.000000,0.000000,NA,NA,NA,NA,
324,vector0,NA,NA,NA,NA,NA,NA,NA,NA,NA,NA,NA,NA,1.883030,3107,0.212168,0.212168,0.215483,0.213825,2,0.007435,2,0.003406,16.250000,16.125000,NA,NA,NA,NA,NA,NA,NA,NA,16.000000,0.096414,16.000000,0.113580,
324,vector1,NA,NA,NA,NA,NA,NA,NA,NA,NA,NA,NA,NA,1.862424,3073,0.212168,0.212168,0.215483,0.213825,2,0.007281,2,0.003141,16.250000,16.125000,NA,NA,NA,NA,NA,NA,NA,NA,16.000000,0.096414,16.000000,0.113580,
325,cube0,0.323030,533,0.000000,0.000000,0.001658,0.001658,3,0.000043,2,0.000034,1,0.000017,NA,NA,NA,NA,NA,NA,NA,NA,NA,NA,0.125000,0.125000,0.000000,0.000000,0.500000,0.003325,0.000000,0.000000,0.000000,0.000000,NA,NA,NA,NA,
325,vector0,NA,NA,NA,NA,NA,NA,NA,NA,NA,NA,NA,NA,1.545455,2550,0.212168,0.212168,0.215483,0.213825,2,0.006103,2,0.006530,16.250000,16.125000,NA,NA,NA,NA,NA,NA,NA,NA,16.000000,0.096414,16.000000,0.113580,
325,vector1,NA,NA,NA,NA,NA,NA,NA,NA,NA,NA,NA,NA,1.520606,2509,0.212168,0.212168,0.215483,0.213825,2,0.006044,2,0.005566,16.250000,16.125000,NA,NA,NA,NA,NA,NA,NA,NA,16.000000,0.096414,16.000000,0.113580,
326,cube0,0.312121,515,0.000000,0.000000,0.001658,0.001658,3,0.000043,2,0.000034,1,0.000017,NA,NA,NA,NA,NA,NA,NA,NA,NA,NA,0.125000,0.125000,0.000000,0.000000,0.500000,0.003325,0.000000,0.000000,0.000000,0.000000,NA,NA,NA,NA,
326,vector0,NA,NA,NA,NA,NA,NA,NA,NA,NA,NA,NA,NA,1.473333,2431,0.212168,0.212168,0.215483,0.213825,2,0.005267,2,0.003141,16.250000,16.125000,NA,NA,NA,NA,NA,NA,NA,NA,16.000000,0.096414,16.000000,0.113580,
326,vector1,NA,NA,NA,NA,NA,NA,NA,NA,NA,NA,NA,NA,1.464242,2416,0.212168,0.212168,0.215483,0.213825,2,0.005250,2,0.003192,16.250000,16.125000,NA,NA,NA,NA,NA,NA,NA,NA,16.000000,0.096414,16.000000,0.113580,
327,cube0,0.340000,561,0.000000,0.000000,0.001658,0.001658,3,0.000043,2,0.000034,1,0.000017,NA,NA,NA,NA,NA,NA,NA,NA,NA,NA,0.125000,0.125000,0.000000,0.000000,0.500000,0.003325,0.000000,0.000000,0.000000,0.000000,NA,NA,NA,NA,
327,vector0,NA,NA,NA,NA,NA,NA,NA,NA,NA,NA,NA,NA,1.574546,2598,0.212168,0.212168,0.215483,0.213825,2,0.004183,2,0.006206,16.250000,16.125000,NA,NA,NA,NA,NA,NA,NA,NA,16.000000,0.096414,16.000000,0.113580,
327,vector1,NA,NA,NA,NA,NA,NA,NA,NA,NA,NA,NA,NA,1.454545,2400,0.212168,0.212168,0.215483,0.213825,2,0.002714,2,0.004584,16.250000,16.125000,NA,NA,NA,NA,NA,NA,NA,NA,16.000000,0.096414,16.000000,0.113580,
328,cube0,0.317576,524,0.000000,0.000000,0.001658,0.001658,3,0.000043,2,0.000034,1,0.000017,NA,NA,NA,NA,NA,NA,NA,NA,NA,NA,0.125000,0.125000,0.000000,0.000000,0.500000,0.003325,0.000000,0.000000,0.000000,0.000000,NA,NA,NA,NA,
328,vector0,NA,NA,NA,NA,NA,NA,NA,NA,NA,NA,NA,NA,1.580000,2607,0.212168,0.212168,0.215483,0.213825,2,0.006402,2,0.003372,16.250000,16.125000,NA,NA,NA,NA,NA,NA,NA,NA,16.000000,0.096414,16.000000,0.113580,
328,vector1,NA,NA,NA,NA,NA,NA,NA,NA,NA,NA,NA,NA,1.564849,2582,0.212168,0.212168,0.215483,0.213825,2,0.006615,2,0.003227,16.250000,16.125000,NA,NA,NA,NA,NA,NA,NA,NA,16.000000,0.096414,16.000000,0.113580,
329,cube0,0.351515,580,0.000000,0.000000,0.001658,0.001658,3,0.000043,2,0.000034,1,0.000017,NA,NA,NA,NA,NA,NA,NA,NA,NA,NA,0.125000,0.125000,0.000000,0.000000,0.500000,0.003325,0.000000,0.000000,0.000000,0.000000,NA,NA,NA,NA,
329,vector0,NA,NA,NA,NA,NA,NA,NA,NA,NA,NA,NA,NA,1.655151,2731,0.212168,0.212168,0.215483,0.213825,2,0.005890,2,0.007222,16.250000,16.125000,NA,NA,NA,NA,NA,NA,NA,NA,16.000000,0.096414,16.000000,0.113580,
329,vector1,NA,NA,NA,NA,NA,NA,NA,NA,NA,NA,NA,NA,1.694546,2796,0.212168,0.212168,0.215483,0.213825,2,0.005173,2,0.007742,16.250000,16.125000,NA,NA,NA,NA,NA,NA,NA,NA,16.000000,0.096414,16.000000,0.113580,
330,cube0,0.327879,541,0.000000,0.000000,0.001658,0.001658,3,0.000043,2,0.000034,1,0.000017,NA,NA,NA,NA,NA,NA,NA,NA,NA,NA,0.125000,0.125000,0.000000,0.000000,0.500000,0.003325,0.000000,0.000000,0.000000,0.000000,NA,NA,NA,NA,
330,vector0,NA,NA,NA,NA,NA,NA,NA,NA,NA,NA,NA,NA,1.575152,2599,0.212168,0.212168,0.215483,0.213825,2,0.006308,2,0.003568,16.250000,16.125000,NA,NA,NA,NA,NA,NA,NA,NA,16.000000,0.096414,16.000000,0.113580,
330,vector1,NA,NA,NA,NA,NA,NA,NA,NA,NA,NA,NA,NA,1.767273,2916,0.212168,0.212168,0.215483,0.213825,2,0.006257,2,0.003500,16.250000,16.125000,NA,NA,NA,NA,NA,NA,NA,NA,16.000000,0.096414,16.000000,0.113580,
331,cube0,0.372121,614,0.000000,0.000000,0.001658,0.001658,3,0.000043,2,0.000034,1,0.000017,NA,NA,NA,NA,NA,NA,NA,NA,NA,NA,0.125000,0.125000,0.000000,0.000000,0.500000,0.003325,0.000000,0.000000,0.000000,0.000000,NA,NA,NA,NA,
331,vector0,NA,NA,NA,NA,NA,NA,NA,NA,NA,NA,NA,NA,1.747273,2883,0.212168,0.212168,0.215483,0.213825,2,0.005702,2,0.005745,16.250000,16.125000,NA,NA,NA,NA,NA,NA,NA,NA,16.000000,0.096414,16.000000,0.113580,
331,vector1,NA,NA,NA,NA,NA,NA,NA,NA,NA,NA,NA,NA,1.467879,2422,0.212168,0.212168,0.215483,0.213825,2,0.005267,2,0.006624,16.250000,16.125000,NA,NA,NA,NA,NA,NA,NA,NA,16.000000,0.096414,16.000000,0.113580,
332,cube0,0.307273,507,0.000000,0.000000,0.001658,0.001658,3,0.000043,2,0.000034,1,0.000017,NA,NA,NA,NA,NA,NA,NA,NA,NA,NA,0.125000,0.125000,0.000000,0.000000,0.500000,0.003325,0.000000,0.000000,0.000000,0.000000,NA,NA,NA,NA,
332,vector0,NA,NA,NA,NA,NA,NA,NA,NA,NA,NA,NA,NA,1.580606,2608,0.212168,0.212168,0.215483,0.213825,2,0.006872,2,0.004618,16.250000,16.125000,NA,NA,NA,NA,NA,NA,NA,NA,16.000000,0.096414,16.000000,0.113580,
332,vector1,NA,NA,NA,NA,NA,NA,NA,NA,NA,NA,NA,NA,1.484848,2450,0.212168,0.212168,0.215483,0.213825,2,0.005523,2,0.005437,16.250000,16.125000,NA,NA,NA,NA,NA,NA,NA,NA,16.000000,0.096414,16.000000,0.113580,
333,cube0,0.309091,510,0.000000,0.000000,0.001658,0.001658,3,0.000043,2,0.000034,1,0.000017,NA,NA,NA,NA,NA,NA,NA,NA,NA,NA,0.125000,0.125000,0.000000,0.000000,0.500000,0.003325,0.000000,0.000000,0.000000,0.000000,NA,NA,NA,NA,
333,vector0,NA,NA,NA,NA,NA,NA,NA,NA,NA,NA,NA,NA,1.628485,2687,0.212168,0.212168,0.215483,0.213825,2,0.004370,2,0.006615,16.250000,16.125000,NA,NA,NA,NA,NA,NA,NA,NA,16.000000,0.096414,16.000000,0.113580,
333,vector1,NA,NA,NA,NA,NA,NA,NA,NA,NA,NA,NA,NA,1.561818,2577,0.212168,0.212168,0.215483,0.213825,2,0.003500,2,0.006095,16.250000,16.125000,NA,NA,NA,NA,NA,NA,NA,NA,16.000000,0.096414,16.000000,0.113580,
334,cube0,0.318182,525,0.000000,0.000000,0.001658,0.001658,3,0.000043,2,0.000034,1,0.000017,NA,NA,NA,NA,NA,NA,NA,NA,NA,NA,0.125000,0.125000,0.000000,0.000000,0.500000,0.003325,0.000000,0.000000,0.000000,0.000000,NA,NA,NA,NA,
334,vector0,NA,NA,NA,NA,NA,NA,NA,NA,NA,NA,NA,NA,1.477576,2438,0.212168,0.212168,0.215483,0.213825,2,0.005531,2,0.003397,16.250000,16.125000,NA,NA,NA,NA,NA,NA,NA,NA,16.000000,0.096414,16.000000,0.113580,
334,vector1,NA,NA,NA,NA,NA,NA,NA,NA,NA,NA,NA,NA,1.539394,2540,0.212168,0.212168,0.215483,0.213825,2,0.006103,2,0.003560,16.250000,16.125000,NA,NA,NA,NA,NA,NA,NA,NA,16.000000,0.096414,16.000000,0.113580,
335,cube0,0.348485,575,0.000000,0.000000,0.001658,0.001658,3,0.000043,2,0.000034,1,0.000017,NA,NA,NA,NA,NA,NA,NA,NA,NA,NA,0.125000,0.125000,0.000000,0.000000,0.500000,0.003325,0.000000,0.000000,0.000000,0.000000,NA,NA,NA,NA,
335,vector0,NA,NA,NA,NA,NA,NA,NA,NA,NA,NA,NA,NA,1.526061,2518,0.212168,0.212168,0.215483,0.213825,2,0.003414,2,0.007222,16.250000,16.125000,NA,NA,NA,NA,NA,NA,NA,NA,16.000000,0.096414,16.000000,0.113580,
335,vector1,NA,NA,NA,NA,NA,NA,NA,NA,NA,NA,NA,NA,1.701212,2807,0.212168,0.212168,0.215483,0.213825,2,0.003995,2,0.006428,16.250000,16.125000,NA,NA,NA,NA,NA,NA,NA,NA,16.000000,0.096414,16.000000,0.113580,
336,cube0,0.340606,562,0.000000,0.000000,0.001658,0.001658,3,0.000043,2,0.000034,1,0.000017,NA,NA,NA,NA,NA,NA,NA,NA,NA,NA,0.125000,0.125000,0.000000,0.000000,0.500000,0.003325,0.000000,0.000000,0.000000,0.000000,NA,NA,NA,NA,
336,vector0,NA,NA,NA,NA,NA,NA,NA,NA,NA,NA,NA,NA,1.828485,3017,0.212168,0.212168,0.215483,0.213825,2,0.008374,2,0.005207,16.250000,16.125000,NA,NA,NA,NA,NA,NA,NA,NA,16.000000,0.096414,16.000000,0.113580,
336,vector1,NA,NA,NA,NA,NA,NA,NA,NA,NA,NA,NA,NA,1.357576,2240,0.212168,0.212168,0.215483,0.213825,2,0.003952,2,0.005318,16.250000,16.125000,NA,NA,NA,NA,NA,NA,NA,NA,16.000000,0.096414,16.000000,0.113580,
337,cube0,0.306061,505,0.000000,0.000000,0.001658,0.001658,3,0.000043,2,0.000034,1,0.000017,NA,NA,NA,NA,NA,NA,NA,NA,NA,NA,0.125000,0.125000,0.000000,0.000000,0.500000,0.003325,0.000000,0.000000,0.000000,0.000000,NA,NA,NA,NA,
337,vector0,NA,NA,NA,NA,NA,NA,NA,NA,NA,NA,NA,NA,1.804848,2978,0.212168,0.212168,0.215483,0.213825,2,0.006633,2,0.003150,16.250000,16.125000,NA,NA,NA,NA,NA,NA,NA,NA,16.000000,0.096414,16.000000,0.113580,
337,vector1,NA,NA,NA,NA,NA,NA,NA,NA,NA,NA,NA,NA,1.319394,2177,0.212168,0.212168,0.215483,0.213825,2,0.002467,2,0.003218,16.250000,16.125000,NA,NA,NA,NA,NA,NA,NA,NA,16.000000,0.096414,16.000000,0.113580,
338,cube0,0.363636,600,0.000000,0.000000,0.001658,0.001658,3,0.000043,2,0.000034,1,0.000017,NA,NA,NA,NA,NA,NA,NA,NA,NA,NA,0.125000,0.125000,0.000000,0.000000,0.500000,0.003325,0.000000,0.000000,0.000000,0.000000,NA,NA,NA,NA,
338,vector0,NA,NA,NA,NA,NA,NA,NA,NA,NA,NA,NA,NA,1.429091,2358,0.212168,0.212168,0.215483,0.213825,2,0.004592,2,0.003346,16.250000,16.125000,NA,NA,NA,NA,NA,NA,NA,NA,16.000000,0.096414,16.000000,0.113580,
338,vector1,NA,NA,NA,NA,NA,NA,NA,NA,NA,NA,NA,NA,1.503030,2480,0.212168,0.212168,0.215483,0.213825,2,0.005856,2,0.003141,16.250000,16.125000,NA,NA,NA,NA,NA,NA,NA,NA,16.000000,0.096414,16.000000,0.113580,
339,cube0,0.353939,584,0.000000,0.000000,0.001658,0.001658,3,0.000043,2,0.000034,1,0.000017,NA,NA,NA,NA,NA,NA,NA,NA,NA,NA,0.125000,0.125000,0.000000,0.000000,0.500000,0.003325,0.000000,0.000000,0.000000,0.000000,NA,NA,NA,NA,
339,vector0,NA,NA,NA,NA,NA,NA,NA,NA,NA,NA,NA,NA,1.604242,2647,0.212168,0.212168,0.215483,0.213825,2,0.003747,2,0.006863,16.250000,16.125000,NA,NA,NA,NA,NA,NA,NA,NA,16.000000,0.096414,16.000000,0.113580,
339,vector1,NA,NA,NA,NA,NA,NA,NA,NA,NA,NA,NA,NA,1.551515,2560,0.212168,0.212168,0.215483,0.213825,2,0.004029,2,0.005805,16.250000,16.125000,NA,NA,NA,NA,NA,NA,NA,NA,16.000000,0.096414,16.000000,0.113580,
340,cube0,0.348485,575,0.000000,0.000000,0.001658,0.001658,3,0.000043,2,0.000034,1,0.000017,NA,NA,NA,NA,NA,NA,NA,NA,NA,NA,0.125000,0.125000,0.000000,0.000000,0.500000,0.003325,0.000000,0.000000,0.000000,0.000000,NA,NA,NA,NA,
340,vector0,NA,NA,NA,NA,NA,NA,NA,NA,NA,NA,NA,NA,1.538182,2538,0.212168,0.212168,0.215483,0.213825,2,0.006214,2,0.003508,16.250000,16.125000,NA,NA,NA,NA,NA,NA,NA,NA,16.000000,0.096414,16.000000,0.113580,
340,vector1,NA,NA,NA,NA,NA,NA,NA,NA,NA,NA,NA,NA,1.536364,2535,0.212168,0.212168,0.215483,0.213825,2,0.006146,2,0.003227,16.250000,16.125000,NA,NA,NA,NA,NA,NA,NA,NA,16.000000,0.096414,16.000000,0.113580,
341,cube0,0.290909,480,0.000000,0.000000,0.001658,0.001658,3,0.000043,2,0.000034,1,0.000017,NA,NA,NA,NA,NA,NA,NA,NA,NA,NA,0.125000,0.125000,0.000000,0.000000,0.500000,0.003325,0.000000,0.000000,0.000000,0.000000,NA,NA,NA,NA,
341,vector0,NA,NA,NA,NA,NA,NA,NA,NA,NA,NA,NA,NA,1.791515,2956,0.212168,0.212168,0.215483,0.213825,2,0.005711,2,0.006607,16.250000,16.125000,NA,NA,NA,NA,NA,NA,NA,NA,16.000000,0.096414,16.000000,0.113580,
341,vector1,NA,NA,NA,NA,NA,NA,NA,NA,NA,NA,NA,NA,1.733333,2860,0.212168,0.212168,0.215483,0.213825,2,0.004755,2,0.005787,16.250000,16.125000,NA,NA,NA,NA,NA,NA,NA,NA,16.000000,0.096414,16.000000,0.113580,
342,cube0,0.345455,570,0.000000,0.000000,0.001658,0.001658,3,0.000043,2,0.000034,1,0.000017,NA,NA,NA,NA,NA,NA,NA,NA,NA,NA,0.125000,0.125000,0.000000,0.000000,0.500000,0.003325,0.000000,0.000000,0.000000,0.000000,NA,NA,NA,NA,
342,vector0,NA,NA,NA,NA,NA,NA,NA,NA,NA,NA,NA,NA,1.596364,2634,0.212168,0.212168,0.215483,0.213825,2,0.006641,2,0.003210,16.250000,16.125000,NA,NA,NA,NA,NA,NA,NA,NA,16.000000,0.096414,16.000000,0.113580,
342,vector1,NA,NA,NA,NA,NA,NA,NA,NA,NA,NA,NA,NA,1.432121,2363,0.212168,0.212168,0.215483,0.213825,2,0.004720,2,0.003380,16.250000,16.125000,NA,NA,NA,NA,NA,NA,NA,NA,16.000000,0.096414,16.000000,0.113580,
343,cube0,0.292121,482,0.000000,0.000000,0.001658,0.001658,3,0.000043,2,0.000034,1,0.000017,NA,NA,NA,NA,NA,NA,NA,NA,NA,NA,0.125000,0.125000,0.000000,0.000000,0.500000,0.003325,0.000000,0.000000,0.000000,0.000000,NA,NA,NA,NA,
343,vector0,NA,NA,NA,NA,NA,NA,NA,NA,NA,NA,NA,NA,1.703636,2811,0.212168,0.212168,0.215483,0.213825,2,0.004089,2,0.006863,16.250000,16.125000,NA,NA,NA,NA,NA,NA,NA,NA,16.000000,0.096414,16.000000,0.113580,
343,vector1,NA,NA,NA,NA,NA,NA,NA,NA,NA,NA,NA,NA,1.588485,2621,0.212168,0.212168,0.215483,0.213825,2,0.003090,2,0.007691,16.250000,16.125000,NA,NA,NA,NA,NA,NA,NA,NA,16.000000,0.096414,16.000000,0.113580,
344,cube0,0.364848,602,0.000000,0.000000,0.001658,0.001658,3,0.000043,2,0.000034,1,0.000017,NA,NA,NA,NA,NA,NA,NA,NA,NA,NA,0.125000,0.125000,0.000000,0.000000,0.500000,0.003325,0.000000,0.000000,0.000000,0.000000,NA,NA,NA,NA,
344,vector0,NA,NA,NA,NA,NA,NA,NA,NA,NA,NA,NA,NA,1.961818,3237,0.212168,0.212168,0.215483,0.213825,2,0.008417,2,0.003363,16.250000,16.125000,NA,NA,NA,NA,NA,NA,NA,NA,16.000000,0.096414,16.000000,0.113580,
344,vector1,NA,NA,NA,NA,NA,NA,NA,NA,NA,NA,NA,NA,1.944242,3208,0.212168,0.212168,0.215483,0.213825,2,0.008485,2,0.003807,16.250000,16.125000,NA,NA,NA,NA,NA,NA,NA,NA,16.000000,0.096414,16.000000,0.113580,
345,cube0,0.321818,531,0.000000,0.000000,0.001658,0.001658,3,0.000043,2,0.000034,1,0.000017,NA,NA,NA,NA,NA,NA,NA,NA,NA,NA,0.125000,0.125000,0.000000,0.000000,0.500000,0.003325,0.000000,0.000000,0.000000,0.000000,NA,NA,NA,NA,
345,vector0,NA,NA,NA,NA,NA,NA,NA,NA,NA,NA,NA,NA,1.543636,2547,0.212168,0.212168,0.215483,0.213825,2,0.005992,2,0.006197,16.250000,16.125000,NA,NA,NA,NA,NA,NA,NA,NA,16.000000,0.096414,16.000000,0.113580,
345,vector1,NA,NA,NA,NA,NA,NA,NA,NA,NA,NA,NA,NA,1.533333,2530,0.212168,0.212168,0.215483,0.213825,2,0.005915,2,0.007230,16.250000,16.125000,NA,NA,NA,NA,NA,NA,NA,NA,16.000000,0.096414,16.000000,0.113580,
346,cube0,0.313333,517,0.000000,0.000000,0.001658,0.001658,3,0.000043,2,0.000034,1,0.000017,NA,NA,NA,NA,NA,NA,NA,NA,NA,NA,0.125000,0.125000,0.000000,0.000000,0.500000,0.003325,0.000000,0.000000,0.000000,0.000000,NA,NA,NA,NA,
346,vector0,NA,NA,NA,NA,NA,NA,NA,NA,NA,NA,NA,NA,1.400606,2311,0.212168,0.212168,0.215483,0.213825,2,0.004362,2,0.003423,16.250000,16.125000,NA,NA,NA,NA,NA,NA,NA,NA,16.000000,0.096414,16.000000,0.113580,
346,vector1,NA,NA,NA,NA,NA,NA,NA,NA,NA,NA,NA,NA,1.529697,2524,0.212168,0.212168,0.215483,0.213825,2,0.006240,2,0.003141,16.250000,16.125000,NA,NA,NA,NA,NA,NA,NA,NA,16.000000,0.096414,16.000000,0.113580,
347,cube0,0.343636,567,0.000000,0.000000,0.001658,0.001658,3,0.000043,2,0.000034,1,0.000017,NA,NA,NA,NA,NA,NA,NA,NA,NA,NA,0.125000,0.125000,0.000000,0.000000,0.500000,0.003325,0.000000,0.000000,0.000000,0.000000,NA,NA,NA,NA,
347,vector0,NA,NA,NA,NA,NA,NA,NA,NA,NA,NA,NA,NA,1.522424,2512,0.212168,0.212168,0.215483,0.213825,2,0.003901,2,0.007093,16.250000,16.125000,NA,NA,NA,NA,NA,NA,NA,NA,16.000000,0.096414,16.000000,0.113580,
347,vector1,NA,NA,NA,NA,NA,NA,NA,NA,NA,NA,NA,NA,1.540606,2542,0.212168,0.212168,0.215483,0.213825,2,0.003807,2,0.007000,16.250000,16.125000,NA,NA,NA,NA,NA,NA,NA,NA,16.000000,0.096414,16.000000,0.113580,
348,cube0,0.316364,522,0.000000,0.000000,0.001658,0.001658,3,0.000043,2,0.000034,1,0.000017,NA,NA,NA,NA,NA,NA,NA,NA,NA,NA,0.125000,0.125000,0.000000,0.000000,0.500000,0.003325,0.000000,0.000000,0.000000,0.000000,NA,NA,NA,NA,
348,vector0,NA,NA,NA,NA,NA,NA,NA,NA,NA,NA,NA,NA,1.465455,2418,0.212168,0.212168,0.215483,0.213825,2,0.004592,2,0.003261,16.250000,16.125000,NA,NA,NA,NA,NA,NA,NA,NA,16.000000,0.096414,16.000000,0.113580,
348,vector1,NA,NA,NA,NA,NA,NA,NA,NA,NA,NA,NA,NA,1.466667,2420,0.212168,0.212168,0.215483,0.213825,2,0.005122,2,0.007964,16.250000,16.125000,NA,NA,NA,NA,NA,NA,NA,NA,16.000000,0.096414,16.000000,0.113580,
349,cube0,0.351515,580,0.000000,0.000000,0.001658,0.001658,3,0.000043,2,0.000034,1,0.000017,NA,NA,NA,NA,NA,NA,NA,NA,NA,NA,0.125000,0.125000,0.000000,0.000000,0.500000,0.003325,0.000000,0.000000,0.000000,0.000000,NA,NA,NA,NA,
349,vector0,NA,NA,NA,NA,NA,NA,NA,NA,NA,NA,NA,NA,1.649697,2722,0.212168,0.212168,0.215483,0.213825,2,0.004191,2,0.006504,16.250000,16.125000,NA,NA,NA,NA,NA,NA,NA,NA,16.000000,0.096414,16.000000,0.113580,
349,vector1,NA,NA,NA,NA,NA,NA,NA,NA,NA,NA,NA,NA,1.556970,2569,0.212168,0.212168,0.215483,0.213825,2,0.003611,2,0.003440,16.250000,16.125000,NA,NA,NA,NA,NA,NA,NA,NA,16.000000,0.096414,16.000000,0.113580,
350,cube0,0.329091,543,0.000000,0.000000,0.001658,0.001658,3,0.000043,2,0.000034,1,0.000017,NA,NA,NA,NA,NA,NA,NA,NA,NA,NA,0.125000,0.125000,0.000000,0.000000,0.500000,0.003325,0.000000,0.000000,0.000000,0.000000,NA,NA,NA,NA,
350,vector0,NA,NA,NA,NA,NA,NA,NA,NA,NA,NA,NA,NA,1.600606,2641,0.212168,0.212168,0.215483,0.213825,2,0.006803,2,0.003363,16.250000,16.125000,NA,NA,NA,NA,NA,NA,NA,NA,16.000000,0.096414,16.000000,0.113580,
350,vector1,NA,NA,NA,NA,NA,NA,NA,NA,NA,NA,NA,NA,1.831515,3022,0.212168,0.212168,0.215483,0.213825,2,0.007870,2,0.003150,16.250000,16.125000,NA,NA,NA,NA,NA,NA,NA,NA,16.000000,0.096414,16.000000,0.113580,
351,cube0,0.376970,622,0.000000,0.000000,0.001658,0.001658,3,0.000043,2,0.000034,1,0.000017,NA,NA,NA,NA,NA,NA,NA,NA,NA,NA,0.125000,0.125000,0.000000,0.000000,0.500000,0.003325,0.000000,0.000000,0.000000,0.000000,NA,NA,NA,NA,
351,vector0,NA,NA,NA,NA,NA,NA,NA,NA,NA,NA,NA,NA,1.773333,2926,0.212168,0.212168,0.215483,0.213825,2,0.006026,2,0.006906,16.250000,16.125000,NA,NA,NA,NA,NA,NA,NA,NA,16.000000,0.096414,16.000000,0.113580,
351,vector1,NA,NA,NA,NA,NA,NA,NA,NA,NA,NA,NA,NA,1.656970,2734,0.212168,0.212168,0.215483,0.213825,2,0.006359,2,0.007119,16.250000,16.125000,NA,NA,NA,NA,NA,NA,NA,NA,16.000000,0.096414,16.000000,0.113580,
352,cube0,0.307879,508,0.000000,0.000000,0.001658,0.001658,3,0.000043,2,0.000034,1,0.000017,NA,NA,NA,NA,NA,NA,NA,NA,NA,NA,0.125000,0.125000,0.000000,0.000000,0.500000,0.003325,0.000000,0.000000,0.000000,0.000000,NA,NA,NA,NA,
352,vector0,NA,NA,NA,NA,NA,NA,NA,NA,NA,NA,NA,NA,1.805454,2979,0.212168,0.212168,0.215483,0.213825,2,0.007964,2,0.003150,16.250000,16.125000,NA,NA,NA,NA,NA,NA,NA,NA,16.000000,0.096414,16.000000,0.113580,
352,vector1,NA,NA,NA,NA,NA,NA,NA,NA,NA,NA,NA,NA,1.472727,2430,0.212168,0.212168,0.215483,0.213825,2,0.005480,2,0.003440,16.250000,16.125000,NA,NA,NA,NA,NA,NA,NA,NA,16.000000,0.096414,16.000000,0.113580,
353,cube0,0.310909,513,0.000000,0.000000,0.001658,0.001658,3,0.000043,2,0.000034,1,0.000017,NA,NA,NA,NA,NA,NA,NA,NA,NA,NA,0.125000,0.125000,0.000000,0.000000,0.500000,0.003325,0.000000,0.000000,0.000000,0.000000,NA,NA,NA,NA,
353,vector0,NA,NA,NA,NA,NA,NA,NA,NA,NA,NA,NA,NA,1.698788,2803,0.212168,0.212168,0.215483,0.213825,2,0.005472,2,0.006726,16.250000,16.125000,NA,NA,NA,NA,NA,NA,NA,NA,16.000000,0.096414,16.000000,0.113580,
353,vector1,NA,NA,NA,NA,NA,NA,NA,NA,NA,NA,NA,NA,1.557576,2570,0.212168,0.212168,0.215483,0.213825,2,0.003500,2,0.005642,16.250000,16.125000,NA,NA,NA,NA,NA,NA,NA,NA,16.000000,0.096414,16.000000,0.113580,
354,cube0,0.320000,528,0.000000,0.000000,0.001658,0.001658,3,0.000043,2,0.000034,1,0.000017,NA,NA,NA,NA,NA,NA,NA,NA,NA,NA,0.125000,0.125000,0.000000,0.000000,0.500000,0.003325,0.000000,0.000000,0.000000,0.000000,NA,NA,NA,NA,
354,vector0,NA,NA,NA,NA,NA,NA,NA,NA,NA,NA,NA,NA,1.543030,2546,0.212168,0.212168,0.215483,0.213825,2,0.006462,2,0.003150,16.250000,16.125000,NA,NA,NA,NA,NA,NA,NA,NA,16.000000,0.096414,16.000000,0.113580,
354,vector1,NA,NA,NA,NA,NA,NA,NA,NA,NA,NA,NA,NA,1.517576,2504,0.212168,0.212168,0.215483,0.213825,2,0.005890,2,0.003431,16.250000,16.125000,NA,NA,NA,NA,NA,NA,NA,NA,16.000000,0.096414,16.000000,0.113580,
355,cube0,0.350909,579,0.000000,0.000000,0.001658,0.001658,3,0.000043,2,0.000034,1,0.000017,NA,NA,NA,NA,NA,NA,NA,NA,NA,NA,0.125000,0.125000,0.000000,0.000000,0.500000,0.003325,0.000000,0.000000,0.000000,0.000000,NA,NA,NA,NA,
355,vector0,NA,NA,NA,NA,NA,NA,NA,NA,NA,NA,NA,NA,1.653333,2728,0.212168,0.212168,0.215483,0.213825,2,0.004575,2,0.006317,16.250000,16.125000,NA,NA,NA,NA,NA,NA,NA,NA,16.000000,0.096414,16.000000,0.113580,
355,vector1,NA,NA,NA,NA,NA,NA,NA,NA,NA,NA,NA,NA,1.561212,2576,0.212168,0.212168,0.215483,0.213825,2,0.004200,2,0.005813,16.250000,16.125000,NA,NA,NA,NA,NA,NA,NA,NA,16.000000,0.096414,16.000000,0.113580,
356,cube0,0.341818,564,0.000000,0.000000,0.001658,0.001658,3,0.000043,2,0.000034,1,0.000017,NA,NA,NA,NA,NA,NA,NA,NA,NA,NA,0.125000,0.125000,0.000000,0.000000,0.500000,0.003325,0.000000,0.000000,0.000000,0.000000,NA,NA,NA,NA,
356,vector0,NA,NA,NA,NA,NA,NA,NA,NA,NA,NA,NA,NA,1.786061,2947,0.212168,0.212168,0.215483,0.213825,2,0.005975,2,0.003090,16.250000,16.125000,NA,NA,NA,NA,NA,NA,NA,NA,16.000000,0.096414,16.000000,0.113580,
356,vector1,NA,NA,NA,NA,NA,NA,NA,NA,NA,NA,NA,NA,1.452121,2396,0.212168,0.212168,0.215483,0.213825,2,0.005002,2,0.003201,16.250000,16.125000,NA,NA,NA,NA,NA,NA,NA,NA,16.000000,0.096414,16.000000,0.113580,
357,cube0,0.307879,508,0.000000,0.000000,0.001658,0.001658,3,0.000043,2,0.000034,1,0.000017,NA,NA,NA,NA,NA,NA,NA,NA,NA,NA,0.125000,0.125000,0.000000,0.000000,0.500000,0.003325,0.000000,0.000000,0.000000,0.000000,NA,NA,NA,NA,
357,vector0,NA,NA,NA,NA,NA,NA,NA,NA,NA,NA,NA,NA,1.529697,2524,0.212168,0.212168,0.215483,0.213825,2,0.004157,2,0.005813,16.250000,16.125000,NA,NA,NA,NA,NA,NA,NA,NA,16.000000,0.096414,16.000000,0.113580,
357,vector1,NA,NA,NA,NA,NA,NA,NA,NA,NA,NA,NA,NA,1.397576,2306,0.212168,0.212168,0.215483,0.213825,2,0.002458,2,0.005728,16.250000,16.125000,NA,NA,NA,NA,NA,NA,NA,NA,16.000000,0.096414,16.000000,0.113580,
358,cube0,0.358788,592,0.000000,0.000000,0.001658,0.001658,3,0.000043,2,0.000034,1,0.000017,NA,NA,NA,NA,NA,NA,NA,NA,NA,NA,0.125000,0.125000,0.000000,0.000000,0.500000,0.003325,0.000000,0.000000,0.000000,0.000000,NA,NA,NA,NA,
358,vector0,NA,NA,NA,NA,NA,NA,NA,NA,NA,NA,NA,NA,1.444242,2383,0.212168,0.212168,0.215483,0.213825,2,0.004618,2,0.004934,16.250000,16.125000,NA,NA,NA,NA,NA,NA,NA,NA,16.000000,0.096414,16.000000,0.113580,
358,vector1,NA,NA,NA,NA,NA,NA,NA,NA,NA,NA,NA,NA,1.398182,2307,0.212168,0.212168,0.215483,0.213825,2,0.004430,2,0.003295,16.250000,16.125000,NA,NA,NA,NA,NA,NA,NA,NA,16.000000,0.096414,16.000000,0.113580,
359,cube0,0.355758,587,0.000000,0.000000,0.001658,0.001658,3,0.000043,2,0.000034,1,0.000017,NA,NA,NA,NA,NA,NA,NA,NA,NA,NA,0.125000,0.125000,0.000000,0.000000,0.500000,0.003325,0.000000,0.000000,0.000000,0.000000,NA,NA,NA,NA,
359,vector0,NA,NA,NA,NA,NA,NA,NA,NA,NA,NA,NA,NA,1.470303,2426,0.212168,0.212168,0.215483,0.213825,2,0.002561,2,0.006948,16.250000,16.125000,NA,NA,NA,NA,NA,NA,NA,NA,16.000000,0.096414,16.000000,0.113580,
359,vector1,NA,NA,NA,NA,NA,NA,NA,NA,NA,NA,NA,NA,1.392727,2298,0.212168,0.212168,0.215483,0.213825,2,0.002868,2,0.006368,16.250000,16.125000,NA,NA,NA,NA,NA,NA,NA,NA,16.000000,0.096414,16.000000,0.113580,
360,cube0,0.367879,607,0.000000,0.000000,0.001658,0.001658,3,0.000043,2,0.000034,1,0.000017,NA,NA,NA,NA,NA,NA,NA,NA,NA,NA,0.125000,0.125000,0.000000,0.000000,0.500000,0.003325,0.000000,0.000000,0.000000,0.000000,NA,NA,NA,NA,
360,vector0,NA,NA,NA,NA,NA,NA,NA,NA,NA,NA,NA,NA,1.563636,2580,0.212168,0.212168,0.215483,0.213825,2,0.005881,2,0.003628,16.250000,16.125000,NA,NA,NA,NA,NA,NA,NA,NA,16.000000,0.096414,16.000000,0.113580,
360,vector1,NA,NA,NA,NA,NA,NA,NA,NA,NA,NA,NA,NA,1.592121,2627,0.212168,0.212168,0.215483,0.213825,2,0.006709,2,0.003355,16.250000,16.125000,NA,NA,NA,NA,NA,NA,NA,NA,16.000000,0.096414,16.000000,0.113580,
361,cube0,0.291515,481,0.000000,0.000000,0.001658,0.001658,3,0.000043,2,0.000034,1,0.000017,NA,NA,NA,NA,NA,NA,NA,NA,NA,NA,0.125000,0.125000,0.000000,0.000000,0.500000,0.003325,0.000000,0.000000,0.000000,0.000000,NA,NA,NA,NA,
361,vector0,NA,NA,NA,NA,NA,NA,NA,NA,NA,NA,NA,NA,1.720606,2839,0.212168,0.212168,0.215483,0.213825,2,0.005019,2,0.005548,16.250000,16.125000,NA,NA,NA,NA,NA,NA,NA,NA,16.000000,0.096414,16.000000,0.113580,
361,vector1,NA,NA,NA,NA,NA,NA,NA,NA,NA,NA,NA,NA,1.700606,2806,0.212168,0.212168,0.215483,0.213825,2,0.004439,2,0.006385,16.250000,16.125000,NA,NA,NA,NA,NA,NA,NA,NA,16.000000,0.096414,16.000000,0.113580,
362,cube0,0.344848,569,0.000000,0.000000,0.001658,0.001658,3,0.000043,2,0.000034,1,0.000017,NA,NA,NA,NA,NA,NA,NA,NA,NA,NA,0.125000,0.125000,0.000000,0.000000,0.500000,0.003325,0.000000,0.000000,0.000000,0.000000,NA,NA,NA,NA,
362,vector0,NA,NA,NA,NA,NA,NA,NA,NA,NA,NA,NA,NA,1.461212,2411,0.212168,0.212168,0.215483,0.213825,2,0.004541,2,0.003449,16.250000,16.125000,NA,NA,NA,NA,NA,NA,NA,NA,16.000000,0.096414,16.000000,0.113580,
362,vector1,NA,NA,NA,NA,NA,NA,NA,NA,NA,NA,NA,NA,1.503030,2480,0.212168,0.212168,0.215483,0.213825,2,0.004994,2,0.003192,16.250000,16.125000,NA,NA,NA,NA,NA,NA,NA,NA,16.000000,0.096414,16.000000,0.113580,
363,cube0,0.293333,484,0.000000,0.000000,0.001658,0.001658,3,0.000043,2,0.000034,1,0.000017,NA,NA,NA,NA,NA,NA,NA,NA,NA,NA,0.125000,0.125000,0.000000,0.000000,0.500000,0.003325,0.000000,0.000000,0.000000,0.000000,NA,NA,NA,NA,
363,vector0,NA,NA,NA,NA,NA,NA,NA,NA,NA,NA,NA,NA,1.656364,2733,0.212168,0.212168,0.215483,0.213825,2,0.004319,2,0.005327,16.250000,16.125000,NA,NA,NA,NA,NA,NA,NA,NA,16.000000,0.096414,16.000000,0.113580,
363,vector1,NA,NA,NA,NA,NA,NA,NA,NA,NA,NA,NA,NA,1.735152,2863,0.212168,0.212168,0.215483,0.213825,2,0.005318,2,0.005890,16.250000,16.125000,NA,NA,NA,NA,NA,NA,NA,NA,16.000000,0.096414,16.000000,0.113580,
364,cube0,0.366667,605,0.000000,0.000000,0.001658,0.001658,3,0.000043,2,0.000034,1,0.000017,NA,NA,NA,NA,NA,NA,NA,NA,NA,NA,0.125000,0.125000,0.000000,0.000000,0.500000,0.003325,0.000000,0.000000,0.000000,0.000000,NA,NA,NA,NA,
364,vector0,NA,NA,NA,NA,NA,NA,NA,NA,NA,NA,NA,NA,1.508485,2489,0.212168,0.212168,0.215483,0.213825,2,0.005805,2,0.004063,16.250000,16.125000,NA,NA,NA,NA,NA,NA,NA,NA,16.000000,0.096414,16.000000,0.113580,
364,vector1,NA,NA,NA,NA,NA,NA,NA,NA,NA,NA,NA,NA,1.834545,3027,0.212168,0.212168,0.215483,0.213825,2,0.008007,2,0.003483,16.250000,16.125000,NA,NA,NA,NA,NA,NA,NA,NA,16.000000,0.096414,16.000000,0.113580,
365,cube0,0.320000,528,0.000000,0.000000,0.001658,0.001658,3,0.000043,2,0.000034,1,0.000017,NA,NA,NA,NA,NA,NA,NA,NA,NA,NA,0.125000,0.125000,0.000000,0.000000,0.500000,0.003325,0.000000,0.000000,0.000000,0.000000,NA,NA,NA,NA,
365,vector0,NA,NA,NA,NA,NA,NA,NA,NA,NA,NA,NA,NA,1.632121,2693,0.212168,0.212168,0.215483,0.213825,2,0.004669,2,0.007409,16.250000,16.125000,NA,NA,NA,NA,NA,NA,NA,NA,16.000000,0.096414,16.000000,0.113580,
365,vector1,NA,NA,NA,NA,NA,NA,NA,NA,NA,NA,NA,NA,1.549091,2556,0.212168,0.212168,0.215483,0.213825,2,0.006248,2,0.005309,16.250000,16.125000,NA,NA,NA,NA,NA,NA,NA,NA,16.000000,0.096414,16.000000,0.113580,
366,cube0,0.312727,516,0.000000,0.000000,0.001658,0.001658,3,0.000043,2,0.000034,1,0.000017,NA,NA,NA,NA,NA,NA,NA,NA,NA,NA,0.125000,0.125000,0.000000,0.000000,0.500000,0.003325,0.000000,0.000000,0.000000,0.000000,NA,NA,NA,NA,
366,vector0,NA,NA,NA,NA,NA,NA,NA,NA,NA,NA,NA,NA,1.417576,2339,0.212168,0.212168,0.215483,0.213825,2,0.004046,2,0.003167,16.250000,16.125000,NA,NA,NA,NA,NA,NA,NA,NA,16.000000,0.096414,16.000000,0.113580,
366,vector1,NA,NA,NA,NA,NA,NA,NA,NA,NA,NA,NA,NA,1.398788,2308,0.212168,0.212168,0.215483,0.213825,2,0.004413,2,0.003227,16.250000,16.125000,NA,NA,NA,NA,NA,NA,NA,NA,16.000000,0.096414,16.000000,0.113580,
367,cube0,0.342424,565,0.000000,0.000000,0.001658,0.001658,3,0.000043,2,0.000034,1,0.000017,NA,NA,NA,NA,NA,NA,NA,NA,NA,NA,0.125000,0.125000,0.000000,0.000000,0.500000,0.003325,0.000000,0.000000,0.000000,0.000000,NA,NA,NA,NA,
367,vector0,NA,NA,NA,NA,NA,NA,NA,NA,NA,NA,NA,NA,1.524242,2515,0.212168,0.212168,0.215483,0.213825,2,0.003261,2,0.004695,16.250000,16.125000,NA,NA,NA,NA,NA,NA,NA,NA,16.000000,0.096414,16.000000,0.113580,
367,vector1,NA,NA,NA,NA,NA,NA,NA,NA,NA,NA,NA,NA,1.558788,2572,0.212168,0.212168,0.215483,0.213825,2,0.002518,2,0.005967,16.250000,16.125000,NA,NA,NA,NA,NA,NA,NA,NA,16.000000,0.096414,16.000000,0.113580,
368,cube0,0.315152,520,0.000000,0.000000,0.001658,0.001658,3,0.000043,2,0.000034,1,0.000017,NA,NA,NA,NA,NA,NA,NA,NA,NA,NA,0.125000,0.125000,0.000000,0.000000,0.500000,0.003325,0.000000,0.000000,0.000000,0.000000,NA,NA,NA,NA,
368,vector0,NA,NA,NA,NA,NA,NA,NA,NA,NA,NA,NA,NA,1.454545,2400,0.212168,0.212168,0.215483,0.213825,2,0.004823,2,0.003534,16.250000,16.125000,NA,NA,NA,NA,NA,NA,NA,NA,16.000000,0.096414,16.000000,0.113580,
368,vector1,NA,NA,NA,NA,NA,NA,NA,NA,NA,NA,NA,NA,1.548485,2555,0.212168,0.212168,0.215483,0.213825,2,0.006334,2,0.003346,16.250000,16.125000,NA,NA,NA,NA,NA,NA,NA,NA,16.000000,0.096414,16.000000,0.113580,
369,cube0,0.349697,577,0.000000,0.000000,0.001658,0.001658,3,0.000043,2,0.000034,1,0.000017,NA,NA,NA,NA,NA,NA,NA,NA,NA,NA,0.125000,0.125000,0.000000,0.000000,0.500000,0.003325,0.000000,0.000000,0.000000,0.000000,NA,NA,NA,NA,
369,vector0,NA,NA,NA,NA,NA,NA,NA,NA,NA,NA,NA,NA,1.515758,2501,0.212168,0.212168,0.215483,0.213825,2,0.003474,2,0.007657,16.250000,16.125000,NA,NA,NA,NA,NA,NA,NA,NA,16.000000,0.096414,16.000000,0.113580,
369,vector1,NA,NA,NA,NA,NA,NA,NA,NA,NA,NA,NA,NA,1.665455,2748,0.212168,0.212168,0.215483,0.213825,2,0.003730,2,0.006462,16.250000,16.125000,NA,NA,NA,NA,NA,NA,NA,NA,16.000000,0.096414,16.000000,0.113580,
370,cube0,0.329091,543,0.000000,0.000000,0.001658,0.001658,3,0.000043,2,0.000034,1,0.000017,NA,NA,NA,NA,NA,NA,NA,NA,NA,NA,0.125000,0.125000,0.000000,0.000000,0.500000,0.003325,0.000000,0.000000,0.000000,0.000000,NA,NA,NA,NA,
370,vector0,NA,NA,NA,NA,NA,NA,NA,NA,NA,NA,NA,NA,1.522424,2512,0.212168,0.212168,0.215483,0.213825,2,0.005770,2,0.003423,16.250000,16.125000,NA,NA,NA,NA,NA,NA,NA,NA,16.000000,0.096414,16.000000,0.113580,
370,vector1,NA,NA,NA,NA,NA,NA,NA,NA,NA,NA,NA,NA,1.912121,3155,0.212168,0.212168,0.215483,0.213825,2,0.007580,2,0.003175,16.250000,16.125000,NA,NA,NA,NA,NA,NA,NA,NA,16.000000,0.096414,16.000000,0.113580,
371,cube0,0.373333,616,0.000000,0.000000,0.001658,0.001658,3,0.000043,2,0.000034,1,0.000017,NA,NA,NA,NA,NA,NA,NA,NA,NA,NA,0.125000,0.125000,0.000000,0.000000,0.500000,0.003325,0.000000,0.000000,0.000000,0.000000,NA,NA,NA,NA,
371,vector0,NA,NA,NA,NA,NA,NA,NA,NA,NA,NA,NA,NA,1.592121,2627,0.212168,0.212168,0.215483,0.213825,2,0.004755,2,0.006061,16.250000,16.125000,NA,NA,NA,NA,NA,NA,NA,NA,16.000000,0.096414,16.000000,0.113580,
371,vector1,NA,NA,NA,NA,NA,NA,NA,NA,NA,NA,NA,NA,1.507273,2487,0.212168,0.212168,0.215483,0.213825,2,0.006069,2,0.006607,16.250000,16.125000,NA,NA,NA,NA,NA,NA,NA,NA,16.000000,0.096414,16.000000,0.113580,
372,cube0,0.307273,507,0.000000,0.000000,0.001658,0.001658,3,0.000043,2,0.000034,1,0.000017,NA,NA,NA,NA,NA,NA,NA,NA,NA,NA,0.125000,0.125000,0.000000,0.000000,0.500000,0.003325,0.000000,0.000000,0.000000,0.000000,NA,NA,NA,NA,
372,vector0,NA,NA,NA,NA,NA,NA,NA,NA,NA,NA,NA,NA,2.032121,3353,0.212168,0.212168,0.215483,0.213825,2,0.008818,2,0.003235,16.250000,16.125000,NA,NA,NA,NA,NA,NA,NA,NA,16.000000,0.096414,16.000000,0.113580,
372,vector1,NA,NA,NA,NA,NA,NA,NA,NA,NA,NA,NA,NA,1.369091,2259,0.212168,0.212168,0.215483,0.213825,2,0.003986,2,0.003568,16.250000,16.125000,NA,NA,NA,NA,NA,NA,NA,NA,16.000000,0.096414,16.000000,0.113580,
373,cube0,0.310303,512,0.000000,0.000000,0.001658,0.001658,3,0.000043,2,0.000034,1,0.000017,NA,NA,NA,NA,NA,NA,NA,NA,NA,NA,0.125000,0.125000,0.000000,0.000000,0.500000,0.003325,0.000000,0.000000,0.000000,0.000000,NA,NA,NA,NA,
373,vector0,NA,NA,NA,NA,NA,NA,NA,NA,NA,NA,NA,NA,1.526061,2518,0.212168,0.212168,0.215483,0.213825,2,0.005958,2,0.005096,16.250000,16.125000,NA,NA,NA,NA,NA,NA,NA,NA,16.000000,0.096414,16.000000,0.113580,
373,vector1,NA,NA,NA,NA,NA,NA,NA,NA,NA,NA,NA,NA,1.569697,2590,0.212168,0.212168,0.215483,0.213825,2,0.003244,2,0.007332,16.250000,16.125000,NA,NA,NA,NA,NA,NA,NA,NA,16.000000,0.096414,16.000000,0.113580,
374,cube0,0.320606,529,0.000000,0.000000,0.001658,0.001658,3,0.000043,2,0.000034,1,0.000017,NA,NA,NA,NA,NA,NA,NA,NA,NA,NA,0.125000,0.125000,0.000000,0.000000,0.500000,0.003325,0.000000,0.000000,0.000000,0.000000,NA,NA,NA,NA,
374,vector0,NA,NA,NA,NA,NA,NA,NA,NA,NA,NA,NA,NA,1.512121,2495,0.212168,0.212168,0.215483,0.213825,2,0.005915,2,0.007904,16.250000,16.125000,NA,NA,NA,NA,NA,NA,NA,NA,16.000000,0.096414,16.000000,0.113580,
374,vector1,NA,NA,NA,NA,NA,NA,NA,NA,NA,NA,NA,NA,1.535758,2534,0.212168,0.212168,0.215483,0.213825,2,0.006137,2,0.005437,16.250000,16.125000,NA,NA,NA,NA,NA,NA,NA,NA,16.000000,0.096414,16.000000,0.113580,
375,cube0,0.351515,580,0.000000,0.000000,0.001658,0.001658,3,0.000043,2,0.000034,1,0.000017,NA,NA,NA,NA,NA,NA,NA,NA,NA,NA,0.125000,0.125000,0.000000,0.000000,0.500000,0.003325,0.000000,0.000000,0.000000,0.000000,NA,NA,NA,NA,
375,vector0,NA,NA,NA,NA,NA,NA,NA,NA,NA,NA,NA,NA,1.601818,2643,0.212168,0.212168,0.215483,0.213825,2,0.004038,2,0.003167,16.250000,16.125000,NA,NA,NA,NA,NA,NA,NA,NA,16.000000,0.096414,16.000000,0.113580,
375,vector1,NA,NA,NA,NA,NA,NA,NA,NA,NA,NA,NA,NA,1.761818,2907,0.212168,0.212168,0.215483,0.213825,2,0.004370,2,0.007358,16.250000,16.125000,NA,NA,NA,NA,NA,NA,NA,NA,16.000000,0.096414,16.000000,0.113580,
376,cube0,0.345455,570,0.000000,0.000000,0.001658,0.001658,3,0.000043,2,0.000034,1,0.000017,NA,NA,NA,NA,NA,NA,NA,NA,NA,NA,0.125000,0.125000,0.000000,0.000000,0.500000,0.003325,0.000000,0.000000,0.000000,0.000000,NA,NA,NA,NA,
376,vector0,NA,NA,NA,NA,NA,NA,NA,NA,NA,NA,NA,NA,1.755152,2896,0.212168,0.212168,0.215483,0.213825,2,0.006069,2,0.003303,16.250000,16.125000,NA,NA,NA,NA,NA,NA,NA,NA,16.000000,0.096414,16.000000,0.113580,
376,vector1,NA,NA,NA,NA,NA,NA,NA,NA,NA,NA,NA,NA,1.465455,2418,0.212168,0.212168,0.215483,0.213825,2,0.005198,2,0.003406,16.250000,16.125000,NA,NA,NA,NA,NA,NA,NA,NA,16.000000,0.096414,16.000000,0.113580,
377,cube0,0.305455,504,0.000000,0.000000,0.001658,0.001658,3,0.000043,2,0.000034,1,0.000017,NA,NA,NA,NA,NA,NA,NA,NA,NA,NA,0.125000,0.125000,0.000000,0.000000,0.500000,0.003325,0.000000,0.000000,0.000000,0.000000,NA,NA,NA,NA,
377,vector0,NA,NA,NA,NA,NA,NA,NA,NA,NA,NA,NA,NA,1.744242,2878,0.212168,0.212168,0.215483,0.213825,2,0.005941,2,0.005378,16.250000,16.125000,NA,NA,NA,NA,NA,NA,NA,NA,16.000000,0.096414,16.000000,0.113580,
377,vector1,NA,NA,NA,NA,NA,NA,NA,NA,NA,NA,NA,NA,1.594545,2631,0.212168,0.212168,0.215483,0.213825,2,0.003380,2,0.005327,16.250000,16.125000,NA,NA,NA,NA,NA,NA,NA,NA,16.000000,0.096414,16.000000,0.113580,
378,cube0,0.361212,596,0.000000,0.000000,0.001658,0.001658,3,0.000043,2,0.000034,1,0.000017,NA,NA,NA,NA,NA,NA,NA,NA,NA,NA,0.125000,0.125000,0.000000,0.000000,0.500000,0.003325,0.000000,0.000000,0.000000,0.000000,NA,NA,NA,NA,
378,vector0,NA,NA,NA,NA,NA,NA,NA,NA,NA,NA,NA,NA,1.532121,2528,0.212168,0.212168,0.215483,0.213825,2,0.006078,2,0.007051,16.250000,16.125000,NA,NA,NA,NA,NA,NA,NA,NA,16.000000,0.096414,16.000000,0.113580,
378,vector1,NA,NA,NA,NA,NA,NA,NA,NA,NA,NA,NA,NA,1.452727,2397,0.212168,0.212168,0.215483,0.213825,2,0.004806,2,0.003295,16.250000,16.125000,NA,NA,NA,NA,NA,NA,NA,NA,16.000000,0.096414,16.000000,0.113580,
379,cube0,0.351515,580,0.000000,0.000000,0.001658,0.001658,3,0.000043,2,0.000034,1,0.000017,NA,NA,NA,NA,NA,NA,NA,NA,NA,NA,0.125000,0.125000,0.000000,0.000000,0.500000,0.003325,0.000000,0.000000,0.000000,0.000000,NA,NA,NA,NA,
379,vector0,NA,NA,NA,NA,NA,NA,NA,NA,NA,NA,NA,NA,1.660000,2739,0.212168,0.212168,0.215483,0.213825,2,0.003978,2,0.003303,16.250000,16.125000,NA,NA,NA,NA,NA,NA,NA,NA,16.000000,0.096414,16.000000,0.113580,
379,vector1,NA,NA,NA,NA,NA,NA,NA,NA,NA,NA,NA,NA,1.481818,2445,0.212168,0.212168,0.215483,0.213825,2,0.002928,2,0.007375,16.250000,16.125000,NA,NA,NA,NA,NA,NA,NA,NA,16.000000,0.096414,16.000000,0.113580,
380,cube0,0.348485,575,0.000000,0.000000,0.001658,0.001658,3,0.000043,2,0.000034,1,0.000017,NA,NA,NA,NA,NA,NA,NA,NA,NA,NA,0.125000,0.125000,0.000000,0.000000,0.500000,0.003325,0.000000,0.000000,0.000000,0.000000,NA,NA,NA,NA,
380,vector0,NA,NA,NA,NA,NA,NA,NA,NA,NA,NA,NA,NA,1.557576,2570,0.212168,0.212168,0.215483,0.213825,2,0.006265,2,0.003431,16.250000,16.125000,NA,NA,NA,NA,NA,NA,NA,NA,16.000000,0.096414,16.000000,0.113580,
380,vector1,NA,NA,NA,NA,NA,NA,NA,NA,NA,NA,NA,NA,1.538788,2539,0.212168,0.212168,0.215483,0.213825,2,0.005950,2,0.003414,16.250000,16.125000,NA,NA,NA,NA,NA,NA,NA,NA,16.000000,0.096414,16.000000,0.113580,
381,cube0,0.289697,478,0.000000,0.000000,0.001658,0.001658,3,0.000043,2,0.000034,1,0.000017,NA,NA,NA,NA,NA,NA,NA,NA,NA,NA,0.125000,0.125000,0.000000,0.000000,0.500000,0.003325,0.000000,0.000000,0.000000,0.000000,NA,NA,NA,NA,
381,vector0,NA,NA,NA,NA,NA,NA,NA,NA,NA,NA,NA,NA,1.727879,2851,0.212168,0.212168,0.215483,0.213825,2,0.004447,2,0.006155,16.250000,16.125000,NA,NA,NA,NA,NA,NA,NA,NA,16.000000,0.096414,16.000000,0.113580,
381,vector1,NA,NA,NA,NA,NA,NA,NA,NA,NA,NA,NA,NA,1.634545,2697,0.212168,0.212168,0.215483,0.213825,2,0.003363,2,0.006795,16.250000,16.125000,NA,NA,NA,NA,NA,NA,NA,NA,16.000000,0.096414,16.000000,0.113580,
382,cube0,0.344848,569,0.000000,0.000000,0.001658,0.001658,3,0.000043,2,0.000034,1,0.000017,NA,NA,NA,NA,NA,NA,NA,NA,NA,NA,0.125000,0.125000,0.000000,0.000000,0.500000,0.003325,0.000000,0.000000,0.000000,0.000000,NA,NA,NA,NA,
382,vector0,NA,NA,NA,NA,NA,NA,NA,NA,NA,NA,NA,NA,1.666667,2750,0.212168,0.212168,0.215483,0.213825,2,0.007111,2,0.003295,16.250000,16.125000,NA,NA,NA,NA,NA,NA,NA,NA,16.000000,0.096414,16.000000,0.113580,
382,vector1,NA,NA,NA,NA,NA,NA,NA,NA,NA,NA,NA,NA,1.590303,2624,0.212168,0.212168,0.215483,0.213825,2,0.006283,2,0.003372,16.250000,16.125000,NA,NA,NA,NA,NA,NA,NA,NA,16.000000,0.096414,16.000000,0.113580,
383,cube0,0.292121,482,0.000000,0.000000,0.001658,0.001658,3,0.000043,2,0.000034,1,0.000017,NA,NA,NA,NA,NA,NA,NA,NA,NA,NA,0.125000,0.125000,0.000000,0.000000,0.500000,0.003325,0.000000,0.000000,0.000000,0.000000,NA,NA,NA,NA,
383,vector0,NA,NA,NA,NA,NA,NA,NA,NA,NA,NA,NA,NA,1.725455,2847,0.212168,0.212168,0.215483,0.213825,2,0.005489,2,0.007128,16.250000,16.125000,NA,NA,NA,NA,NA,NA,NA,NA,16.000000,0.096414,16.000000,0.113580,
383,vector1,NA,NA,NA,NA,NA,NA,NA,NA,NA,NA,NA,NA,1.827273,3015,0.212168,0.212168,0.215483,0.213825,2,0.006009,2,0.005395,16.250000,16.125000,NA,NA,NA,NA,NA,NA,NA,NA,16.000000,0.096414,16.000000,0.113580,
384,cube0,0.367273,606,0.000000,0.000000,0.001658,0.001658,3,0.000043,2,0.000034,1,0.000017,NA,NA,NA,NA,NA,NA,NA,NA,NA,NA,0.125000,0.125000,0.000000,0.000000,0.500000,0.003325,0.000000,0.000000,0.000000,0.000000,NA,NA,NA,NA,
384,vector0,NA,NA,NA,NA,NA,NA,NA,NA,NA,NA,NA,NA,1.890303,3119,0.212168,0.212168,0.215483,0.213825,2,0.006743,2,0.003321,16.250000,16.125000,NA,NA,NA,NA,NA,NA,NA,NA,16.000000,0.096414,16.000000,0.113580,
384,vector1,NA,NA,NA,NA,NA,NA,NA,NA,NA,NA,NA,NA,1.838182,3033,0.212168,0.212168,0.215483,0.213825,2,0.006453,2,0.003790,16.250000,16.125000,NA,NA,NA,NA,NA,NA,NA,NA,16.000000,0.096414,16.000000,0.113580,
385,cube0,0.321212,530,0.000000,0.000000,0.001658,0.001658,3,0.000043,2,0.000034,1,0.000017,NA,NA,NA,NA,NA,NA,NA,NA,NA,NA,0.125000,0.125000,0.000000,0.000000,0.500000,0.003325,0.000000,0.000000,0.000000,0.000000,NA,NA,NA,NA,
385,vector0,NA,NA,NA,NA,NA,NA,NA,NA,NA,NA,NA,NA,1.498182,2472,0.212168,0.212168,0.215483,0.213825,2,0.004490,2,0.006044,16.250000,16.125000,NA,NA,NA,NA,NA,NA,NA,NA,16.000000,0.096414,16.000000,0.113580,
385,vector1,NA,NA,NA,NA,NA,NA,NA,NA,NA,NA,NA,NA,1.423636,2349,0.212168,0.212168,0.215483,0.213825,2,0.004319,2,0.005685,16.250000,16.125000,NA,NA,NA,NA,NA,NA,NA,NA,16.000000,0.096414,16.000000,0.113580,
386,cube0,0.312727,516,0.000000,0.000000,0.001658,0.001658,3,0.000043,2,0.000034,1,0.000017,NA,NA,NA,NA,NA,NA,NA,NA,NA,NA,0.125000,0.125000,0.000000,0.000000,0.500000,0.003325,0.000000,0.000000,0.000000,0.000000,NA,NA,NA,NA,
386,vector0,NA,NA,NA,NA,NA,NA,NA,NA,NA,NA,NA,NA,1.649091,2721,0.212168,0.212168,0.215483,0.213825,2,0.005062,2,0.003525,16.250000,16.125000,NA,NA,NA,NA,NA,NA,NA,NA,16.000000,0.096414,16.000000,0.113580,
386,vector1,NA,NA,NA,NA,NA,NA,NA,NA,NA,NA,NA,NA,1.607879,2653,0.212168,0.212168,0.215483,0.213825,2,0.006018,2,0.003184,16.250000,16.125000,NA,NA,NA,NA,NA,NA,NA,NA,16.000000,0.096414,16.000000,0.113580,
387,cube0,0.340606,562,0.000000,0.000000,0.001658,0.001658,3,0.000043,2,0.000034,1,0.000017,NA,NA,NA,NA,NA,NA,NA,NA,NA,NA,0.125000,0.125000,0.000000,0.000000,0.500000,0.003325,0.000000,0.000000,0.000000,0.000000,NA,NA,NA,NA,
387,vector0,NA,NA,NA,NA,NA,NA,NA,NA,NA,NA,NA,NA,1.603030,2645,0.212168,0.212168,0.215483,0.213825,2,0.004413,2,0.004806,16.250000,16.125000,NA,NA,NA,NA,NA,NA,NA,NA,16.000000,0.096414,16.000000,0.113580,
387,vector1,NA,NA,NA,NA,NA,NA,NA,NA,NA,NA,NA,NA,1.561818,2577,0.212168,0.212168,0.215483,0.213825,2,0.003892,2,0.006172,16.250000,16.125000,NA,NA,NA,NA,NA,NA,NA,NA,16.000000,0.096414,16.000000,0.113580,
388,cube0,0.316364,522,0.000000,0.000000,0.001658,0.001658,3,0.000043,2,0.000034,1,0.000017,NA,NA,NA,NA,NA,NA,NA,NA,NA,NA,0.125000,0.125000,0.000000,0.000000,0.500000,0.003325,0.000000,0.000000,0.000000,0.000000,NA,NA,NA,NA,
388,vector0,NA,NA,NA,NA,NA,NA,NA,NA,NA,NA,NA,NA,1.533333,2530,0.212168,0.212168,0.215483,0.213825,2,0.005514,2,0.003329,16.250000,16.125000,NA,NA,NA,NA,NA,NA,NA,NA,16.000000,0.096414,16.000000,0.113580,
388,vector1,NA,NA,NA,NA,NA,NA,NA,NA,NA,NA,NA,NA,1.401818,2313,0.212168,0.212168,0.215483,0.213825,2,0.004166,2,0.003568,16.250000,16.125000,NA,NA,NA,NA,NA,NA,NA,NA,16.000000,0.096414,16.000000,0.113580,
389,cube0,0.350909,579,0.000000,0.000000,0.001658,0.001658,3,0.000043,2,0.000034,1,0.000017,NA,NA,NA,NA,NA,NA,NA,NA,NA,NA,0.125000,0.125000,0.000000,0.000000,0.500000,0.003325,0.000000,0.000000,0.000000,0.000000,NA,NA,NA,NA,
389,vector0,NA,NA,NA,NA,NA,NA,NA,NA,NA,NA,NA,NA,1.578788,2605,0.212168,0.212168,0.215483,0.213825,2,0.004191,2,0.006581,16.250000,16.125000,NA,NA,NA,NA,NA,NA,NA,NA,16.000000,0.096414,16.000000,0.113580,
389,vector1,NA,NA,NA,NA,NA,NA,NA,NA,NA,NA,NA,NA,1.530909,2526,0.212168,0.212168,0.215483,0.213825,2,0.002638,2,0.005523,16.250000,16.125000,NA,NA,NA,NA,NA,NA,NA,NA,16.000000,0.096414,16.000000,0.113580,
390,cube0,0.329091,543,0.000000,0.000000,0.001658,0.001658,3,0.000043,2,0.000034,1,0.000017,NA,NA,NA,NA,NA,NA,NA,NA,NA,NA,0.125000,0.125000,0.000000,0.000000,0.500000,0.003325,0.000000,0.000000,0.000000,0.000000,NA,NA,NA,NA,
390,vector0,NA,NA,NA,NA,NA,NA,NA,NA,NA,NA,NA,NA,1.413333,2332,0.212168,0.212168,0.215483,0.213825,2,0.004166,2,0.003619,16.250000,16.125000,NA,NA,NA,NA,NA,NA,NA,NA,16.000000,0.096414,16.000000,0.113580,
390,vector1,NA,NA,NA,NA,NA,NA,NA,NA,NA,NA,NA,NA,1.830303,3020,0.212168,0.212168,0.215483,0.213825,2,0.007230,2,0.003500,16.250000,16.125000,NA,NA,NA,NA,NA,NA,NA,NA,16.000000,0.096414,16.000000,0.113580,
391,cube0,0.375152,619,0.000000,0.000000,0.001658,0.001658,3,0.000043,2,0.000034,1,0.000017,NA,NA,NA,NA,NA,NA,NA,NA,NA,NA,0.125000,0.125000,0.000000,0.000000,0.500000,0.003325,0.000000,0.000000,0.000000,0.000000,NA,NA,NA,NA,
391,vector0,NA,NA,NA,NA,NA,NA,NA,NA,NA,NA,NA,NA,1.466667,2420,0.212168,0.212168,0.215483,0.213825,2,0.003653,2,0.006317,16.250000,16.125000,NA,NA,NA,NA,NA,NA,NA,NA,16.000000,0.096414,16.000000,0.113580,
391,vector1,NA,NA,NA,NA,NA,NA,NA,NA,NA,NA,NA,NA,1.501818,2478,0.212168,0.212168,0.215483,0.213825,2,0.005753,2,0.007051,16.250000,16.125000,NA,NA,NA,NA,NA,NA,NA,NA,16.000000,0.096414,16.000000,0.113580,
392,cube0,0.303636,501,0.000000,0.000000,0.001658,0.001658,3,0.000043,2,0.000034,1,0.000017,NA,NA,NA,NA,NA,NA,NA,NA,NA,NA,0.125000,0.125000,0.000000,0.000000,0.500000,0.003325,0.000000,0.000000,0.000000,0.000000,NA,NA,NA,NA,
392,vector0,NA,NA,NA,NA,NA,NA,NA,NA,NA,NA,NA,NA,1.513333,2497,0.212168,0.212168,0.215483,0.213825,2,0.005992,2,0.003423,16.250000,16.125000,NA,NA,NA,NA,NA,NA,NA,NA,16.000000,0.096414,16.000000,0.113580,
392,vector1,NA,NA,NA,NA,NA,NA,NA,NA,NA,NA,NA,NA,1.776364,2931,0.212168,0.212168,0.215483,0.213825,2,0.007196,2,0.003363,16.250000,16.125000,NA,NA,NA,NA,NA,NA,NA,NA,16.000000,0.096414,16.000000,0.113580,
393,cube0,0.306667,506,0.000000,0.000000,0.001658,0.001658,3,0.000043,2,0.000034,1,0.000017,NA,NA,NA,NA,NA,NA,NA,NA,NA,NA,0.125000,0.125000,0.000000,0.000000,0.500000,0.003325,0.000000,0.000000,0.000000,0.000000,NA,NA,NA,NA,
393,vector0,NA,NA,NA,NA,NA,NA,NA,NA,NA,NA,NA,NA,1.610303,2657,0.212168,0.212168,0.215483,0.213825,2,0.005079,2,0.005676,16.250000,16.125000,NA,NA,NA,NA,NA,NA,NA,NA,16.000000,0.096414,16.000000,0.113580,
393,vector1,NA,NA,NA,NA,NA,NA,NA,NA,NA,NA,NA,NA,1.810909,2988,0.212168,0.212168,0.215483,0.213825,2,0.006180,2,0.006709,16.250000,16.125000,NA,NA,NA,NA,NA,NA,NA,NA,16.000000,0.096414,16.000000,0.113580,
394,cube0,0.319394,527,0.000000,0.000000,0.001658,0.001658,3,0.000043,2,0.000034,1,0.000017,NA,NA,NA,NA,NA,NA,NA,NA,NA,NA,0.125000,0.125000,0.000000,0.000000,0.500000,0.003325,0.000000,0.000000,0.000000,0.000000,NA,NA,NA,NA,
394,vector0,NA,NA,NA,NA,NA,NA,NA,NA,NA,NA,NA,NA,1.510909,2493,0.212168,0.212168,0.215483,0.213825,2,0.005856,2,0.006368,16.250000,16.125000,NA,NA,NA,NA,NA,NA,NA,NA,16.000000,0.096414,16.000000,0.113580,
394,vector1,NA,NA,NA,NA,NA,NA,NA,NA,NA,NA,NA,NA,1.463636,2415,0.212168,0.212168,0.215483,0.213825,2,0.005002,2,0.004703,16.250000,16.125000,NA,NA,NA,NA,NA,NA,NA,NA,16.000000,0.096414,16.000000,0.113580,
395,cube0,0.350909,579,0.000000,0.000000,0.001658,0.001658,3,0.000043,2,0.000034,1,0.000017,NA,NA,NA,NA,NA,NA,NA,NA,NA,NA,0.125000,0.125000,0.000000,0.000000,0.500000,0.003325,0.000000,0.000000,0.000000,0.000000,NA,NA,NA,NA,
395,vector0,NA,NA,NA,NA,NA,NA,NA,NA,NA,NA,NA,NA,1.530303,2525,0.212168,0.212168,0.215483,0.213825,2,0.002475,2,0.007008,16.250000,16.125000,NA,NA,NA,NA,NA,NA,NA,NA,16.000000,0.096414,16.000000,0.113580,
395,vector1,NA,NA,NA,NA,NA,NA,NA,NA,NA,NA,NA,NA,1.591515,2626,0.212168,0.212168,0.215483,0.213825,2,0.002757,2,0.004925,16.250000,16.125000,NA,NA,NA,NA,NA,NA,NA,NA,16.000000,0.096414,16.000000,0.113580,
396,cube0,0.342424,565,0.000000,0.000000,0.001658,0.001658,3,0.000043,2,0.000034,1,0.000017,NA,NA,NA,NA,NA,NA,NA,NA,NA,NA,0.125000,0.125000,0.000000,0.000000,0.500000,0.003325,0.000000,0.000000,0.000000,0.000000,NA,NA,NA,NA,
396,vector0,NA,NA,NA,NA,NA,NA,NA,NA,NA,NA,NA,NA,1.550303,2558,0.212168,0.212168,0.215483,0.213825,2,0.006590,2,0.003218,16.250000,16.125000,NA,NA,NA,NA,NA,NA,NA,NA,16.000000,0.096414,16.000000,0.113580,
396,vector1,NA,NA,NA,NA,NA,NA,NA,NA,NA,NA,NA,NA,1.651515,2725,0.212168,0.212168,0.215483,0.213825,2,0.006325,2,0.003363,16.250000,16.125000,NA,NA,NA,NA,NA,NA,NA,NA,16.000000,0.096414,16.000000,0.113580,
397,cube0,0.306667,506,0.000000,0.000000,0.001658,0.001658,3,0.000043,2,0.000034,1,0.000017,NA,NA,NA,NA,NA,NA,NA,NA,NA,NA,0.125000,0.125000,0.000000,0.000000,0.500000,0.003325,0.000000,0.000000,0.000000,0.000000,NA,NA,NA,NA,
397,vector0,NA,NA,NA,NA,NA,NA,NA,NA,NA,NA,NA,NA,1.630909,2691,0.212168,0.212168,0.215483,0.213825,2,0.004661,2,0.005933,16.250000,16.125000,NA,NA,NA,NA,NA,NA,NA,NA,16.000000,0.096414,16.000000,0.113580,
397,vector1,NA,NA,NA,NA,NA,NA,NA,NA,NA,NA,NA,NA,1.742424,2875,0.212168,0.212168,0.215483,0.213825,2,0.005207,2,0.006385,16.250000,16.125000,NA,NA,NA,NA,NA,NA,NA,NA,16.000000,0.096414,16.000000,0.113580,
398,cube0,0.364242,601,0.000000,0.000000,0.001658,0.001658,3,0.000043,2,0.000034,1,0.000017,NA,NA,NA,NA,NA,NA,NA,NA,NA,NA,0.125000,0.125000,0.000000,0.000000,0.500000,0.003325,0.000000,0.000000,0.000000,0.000000,NA,NA,NA,NA,
398,vector0,NA,NA,NA,NA,NA,NA,NA,NA,NA,NA,NA,NA,1.524848,2516,0.212168,0.212168,0.215483,0.213825,2,0.006112,2,0.004994,16.250000,16.125000,NA,NA,NA,NA,NA,NA,NA,NA,16.000000,0.096414,16.000000,0.113580,
398,vector1,NA,NA,NA,NA,NA,NA,NA,NA,NA,NA,NA,NA,1.399394,2309,0.212168,0.212168,0.215483,0.213825,2,0.004251,2,0.003440,16.250000,16.125000,NA,NA,NA,NA,NA,NA,NA,NA,16.000000,0.096414,16.000000,0.113580,
399,cube0,0.352121,581,0.000000,0.000000,0.001658,0.001658,3,0.000043,2,0.000034,1,0.000017,NA,NA,NA,NA,NA,NA,NA,NA,NA,NA,0.125000,0.125000,0.000000,0.000000,0.500000,0.003325,0.000000,0.000000,0.000000,0.000000,NA,NA,NA,NA,
399,vector0,NA,NA,NA,NA,NA,NA,NA,NA,NA,NA,NA,NA,1.563636,2580,0.212168,0.212168,0.215483,0.213825,2,0.002928,2,0.005344,16.250000,16.125000,NA,NA,NA,NA,NA,NA,NA,NA,16.000000,0.096414,16.000000,0.113580,
399,vector1,NA,NA,NA,NA,NA,NA,NA,NA,NA,NA,NA,NA,1.473333,2431,0.212168,0.212168,0.215483,0.213825,2,0.002544,2,0.005881,16.250000,16.125000,NA,NA,NA,NA,NA,NA,NA,NA,16.000000,0.096414,16.000000,0.113580,
400,cube0,0.350909,579,0.000000,0.000000,0.001658,0.001658,3,0.000043,2,0.000034,1,0.000017,NA,NA,NA,NA,NA,NA,NA,NA,NA,NA,0.125000,0.125000,0.000000,0.000000,0.500000,0.003325,0.000000,0.000000,0.000000,0.000000,NA,NA,NA,NA,
400,vector0,NA,NA,NA,NA,NA,NA,NA,NA,NA,NA,NA,NA,1.460606,2410,0.212168,0.212168,0.215483,0.213825,2,0.005002,2,0.003389,16.250000,16.125000,NA,NA,NA,NA,NA,NA,NA,NA,16.000000,0.096414,16.000000,0.113580,
400,vector1,NA,NA,NA,NA,NA,NA,NA,NA,NA,NA,NA,NA,1.534545,2532,0.212168,0.212168,0.215483,0.213825,2,0.005864,2,0.003184,16.250000,16.125000,NA,NA,NA,NA,NA,NA,NA,NA,16.000000,0.096414,16.000000,0.113580,
401,cube0,0.286061,472,0.000000,0.000000,0.001658,0.001658,3,0.000043,2,0.000034,1,0.000017,NA,NA,NA,NA,NA,NA,NA,NA,NA,NA,0.125000,0.125000,0.000000,0.000000,0.500000,0.003325,0.000000,0.000000,0.000000,0.000000,NA,NA,NA,NA,
401,vector0,NA,NA,NA,NA,NA,NA,NA,NA,NA,NA,NA,NA,1.624242,2680,0.212168,0.212168,0.215483,0.213825,2,0.004302,2,0.005531,16.250000,16.125000,NA,NA,NA,NA,NA,NA,NA,NA,16.000000,0.096414,16.000000,0.113580,
401,vector1,NA,NA,NA,NA,NA,NA,NA,NA,NA,NA,NA,NA,1.682424,2776,0.212168,0.212168,0.215483,0.213825,2,0.004977,2,0.005523,16.250000,16.125000,NA,NA,NA,NA,NA,NA,NA,NA,16.000000,0.096414,16.000000,0.113580,
402,cube0,0.346667,572,0.000000,0.000000,0.001658,0.001658,3,0.000043,2,0.000034,1,0.000017,NA,NA,NA,NA,NA,NA,NA,NA,NA,NA,0.125000,0.125000,0.000000,0.000000,0.500000,0.003325,0.000000,0.000000,0.000000,0.000000,NA,NA,NA,NA,
402,vector0,NA,NA,NA,NA,NA,NA,NA,NA,NA,NA,NA,NA,1.481818,2445,0.212168,0.212168,0.215483,0.213825,2,0.004934,2,0.003645,16.250000,16.125000,NA,NA,NA,NA,NA,NA,NA,NA,16.000000,0.096414,16.000000,0.113580,
402,vector1,NA,NA,NA,NA,NA,NA,NA,NA,NA,NA,NA,NA,1.844242,3043,0.212168,0.212168,0.215483,0.213825,2,0.006419,2,0.003346,16.250000,16.125000,NA,NA,NA,NA,NA,NA,NA,NA,16.000000,0.096414,16.000000,0.113580,
403,cube0,0.293939,485,0.000000,0.000000,0.001658,0.001658,3,0.000043,2,0.000034,1,0.000017,NA,NA,NA,NA,NA,NA,NA,NA,NA,NA,0.125000,0.125000,0.000000,0.000000,0.500000,0.003325,0.000000,0.000000,0.000000,0.000000,NA,NA,NA,NA,
403,vector0,NA,NA,NA,NA,NA,NA,NA,NA,NA,NA,NA,NA,1.524242,2515,0.212168,0.212168,0.215483,0.213825,2,0.003713,2,0.007162,16.250000,16.125000,NA,NA,NA,NA,NA,NA,NA,NA,16.000000,0.096414,16.000000,0.113580,
403,vector1,NA,NA,NA,NA,NA,NA,NA,NA,NA,NA,NA,NA,1.527273,2520,0.212168,0.212168,0.215483,0.213825,2,0.005975,2,0.006394,16.250000,16.125000,NA,NA,NA,NA,NA,NA,NA,NA,16.000000,0.096414,16.000000,0.113580,
404,cube0,0.364848,602,0.000000,0.000000,0.001658,0.001658,3,0.000043,2,0.000034,1,0.000017,NA,NA,NA,NA,NA,NA,NA,NA,NA,NA,0.125000,0.125000,0.000000,0.000000,0.500000,0.003325,0.000000,0.000000,0.000000,0.000000,NA,NA,NA,NA,
404,vector0,NA,NA,NA,NA,NA,NA,NA,NA,NA,NA,NA,NA,1.483636,2448,0.212168,0.212168,0.215483,0.213825,2,0.005600,2,0.003594,16.250000,16.125000,NA,NA,NA,NA,NA,NA,NA,NA,16.000000,0.096414,16.000000,0.113580,
404,vector1,NA,NA,NA,NA,NA,NA,NA,NA,NA,NA,NA,NA,1.760000,2904,0.212168,0.212168,0.215483,0.213825,2,0.007034,2,0.003688,16.250000,16.125000,NA,NA,NA,NA,NA,NA,NA,NA,16.000000,0.096414,16.000000,0.113580,
405,cube0,0.320000,528,0.000000,0.000000,0.001658,0.001658,3,0.000043,2,0.000034,1,0.000017,NA,NA,NA,NA,NA,NA,NA,NA,NA,NA,0.125000,0.125000,0.000000,0.000000,0.500000,0.003325,0.000000,0.000000,0.000000,0.000000,NA,NA,NA,NA,
405,vector0,NA,NA,NA,NA,NA,NA,NA,NA,NA,NA,NA,NA,1.612121,2660,0.212168,0.212168,0.215483,0.213825,2,0.004763,2,0.007606,16.250000,16.125000,NA,NA,NA,NA,NA,NA,NA,NA,16.000000,0.096414,16.000000,0.113580,
405,vector1,NA,NA,NA,NA,NA,NA,NA,NA,NA,NA,NA,NA,1.483030,2447,0.212168,0.212168,0.215483,0.213825,2,0.005420,2,0.007008,16.250000,16.125000,NA,NA,NA,NA,NA,NA,NA,NA,16.000000,0.096414,16.000000,0.113580,
406,cube0,0.310303,512,0.000000,0.000000,0.001658,0.001658,3,0.000043,2,0.000034,1,0.000017,NA,NA,NA,NA,NA,NA,NA,NA,NA,NA,0.125000,0.125000,0.000000,0.000000,0.500000,0.003325,0.000000,0.000000,0.000000,0.000000,NA,NA,NA,NA,
406,vector0,NA,NA,NA,NA,NA,NA,NA,NA,NA,NA,NA,NA,1.530909,2526,0.212168,0.212168,0.215483,0.213825,2,0.005890,2,0.003346,16.250000,16.125000,NA,NA,NA,NA,NA,NA,NA,NA,16.000000,0.096414,16.000000,0.113580,
406,vector1,NA,NA,NA,NA,NA,NA,NA,NA,NA,NA,NA,NA,1.509697,2491,0.212168,0.212168,0.215483,0.213825,2,0.005762,2,0.003355,16.250000,16.125000,NA,NA,NA,NA,NA,NA,NA,NA,16.000000,0.096414,16.000000,0.113580,
407,cube0,0.339394,560,0.000000,0.000000,0.001658,0.001658,3,0.000043,2,0.000034,1,0.000017,NA,NA,NA,NA,NA,NA,NA,NA,NA,NA,0.125000,0.125000,0.000000,0.000000,0.500000,0.003325,0.000000,0.000000,0.000000,0.000000,NA,NA,NA,NA,
407,vector0,NA,NA,NA,NA,NA,NA,NA,NA,NA,NA,NA,NA,1.765455,2913,0.212168,0.212168,0.215483,0.213825,2,0.005463,2,0.006812,16.250000,16.125000,NA,NA,NA,NA,NA,NA,NA,NA,16.000000,0.096414,16.000000,0.113580,
407,vector1,NA,NA,NA,NA,NA,NA,NA,NA,NA,NA,NA,NA,1.580000,2607,0.212168,0.212168,0.215483,0.213825,2,0.004029,2,0.006026,16.250000,16.125000,NA,NA,NA,NA,NA,NA,NA,NA,16.000000,0.096414,16.000000,0.113580,
408,cube0,0.318182,525,0.000000,0.000000,0.001658,0.001658,3,0.000043,2,0.000034,1,0.000017,NA,NA,NA,NA,NA,NA,NA,NA,NA,NA,0.125000,0.125000,0.000000,0.000000,0.500000,0.003325,0.000000,0.000000,0.000000,0.000000,NA,NA,NA,NA,
408,vector0,NA,NA,NA,NA,NA,NA,NA,NA,NA,NA,NA,NA,1.691515,2791,0.212168,0.212168,0.215483,0.213825,2,0.006035,2,0.003244,16.250000,16.125000,NA,NA,NA,NA,NA,NA,NA,NA,16.000000,0.096414,16.000000,0.113580,
408,vector1,NA,NA,NA,NA,NA,NA,NA,NA,NA,NA,NA,NA,1.521818,2511,0.212168,0.212168,0.215483,0.213825,2,0.006120,2,0.007102,16.250000,16.125000,NA,NA,NA,NA,NA,NA,NA,NA,16.000000,0.096414,16.000000,0.113580,
409,cube0,0.349697,577,0.000000,0.000000,0.001658,0.001658,3,0.000043,2,0.000034,1,0.000017,NA,NA,NA,NA,NA,NA,NA,NA,NA,NA,0.125000,0.125000,0.000000,0.000000,0.500000,0.003325,0.000000,0.000000,0.000000,0.000000,NA,NA,NA,NA,
409,vector0,NA,NA,NA,NA,NA,NA,NA,NA,NA,NA,NA,NA,1.592727,2628,0.212168,0.212168,0.215483,0.213825,2,0.004789,2,0.004481,16.250000,16.125000,NA,NA,NA,NA,NA,NA,NA,NA,16.000000,0.096414,16.000000,0.113580,
409,vector1,NA,NA,NA,NA,NA,NA,NA,NA,NA,NA,NA,NA,1.566667,2585,0.212168,0.212168,0.215483,0.213825,2,0.003995,2,0.003269,16.250000,16.125000,NA,NA,NA,NA,NA,NA,NA,NA,16.000000,0.096414,16.000000,0.113580,
410,cube0,0.327879,541,0.000000,0.000000,0.001658,0.001658,3,0.000043,2,0.000034,1,0.000017,NA,NA,NA,NA,NA,NA,NA,NA,NA,NA,0.125000,0.125000,0.000000,0.000000,0.500000,0.003325,0.000000,0.000000,0.000000,0.000000,NA,NA,NA,NA,
410,vector0,NA,NA,NA,NA,NA,NA,NA,NA,NA,NA,NA,NA,1.381818,2280,0.212168,0.212168,0.215483,0.213825,2,0.003927,2,0.003295,16.250000,16.125000,NA,NA,NA,NA,NA,NA,NA,NA,16.000000,0.096414,16.000000,0.113580,
410,vector1,NA,NA,NA,NA,NA,NA,NA,NA,NA,NA,NA,NA,1.822424,3007,0.212168,0.212168,0.215483,0.213825,2,0.007000,2,0.003431,16.250000,16.125000,NA,NA,NA,NA,NA,NA,NA,NA,16.000000,0.096414,16.000000,0.113580,
411,cube0,0.370909,612,0.000000,0.000000,0.001658,0.001658,3,0.000043,2,0.000034,1,0.000017,NA,NA,NA,NA,NA,NA,NA,NA,NA,NA,0.125000,0.125000,0.000000,0.000000,0.500000,0.003325,0.000000,0.000000,0.000000,0.000000,NA,NA,NA,NA,
411,vector0,NA,NA,NA,NA,NA,NA,NA,NA,NA,NA,NA,NA,1.578182,2604,0.212168,0.212168,0.215483,0.213825,2,0.003338,2,0.005668,16.250000,16.125000,NA,NA,NA,NA,NA,NA,NA,NA,16.000000,0.096414,16.000000,0.113580,
411,vector1,NA,NA,NA,NA,NA,NA,NA,NA,NA,NA,NA,NA,1.493333,2464,0.212168,0.212168,0.215483,0.213825,2,0.005668,2,0.007042,16.250000,16.125000,NA,NA,NA,NA,NA,NA,NA,NA,16.000000,0.096414,16.000000,0.113580,
412,cube0,0.304242,502,0.000000,0.000000,0.001658,0.001658,3,0.000043,2,0.000034,1,0.000017,NA,NA,NA,NA,NA,NA,NA,NA,NA,NA,0.125000,0.125000,0.000000,0.000000,0.500000,0.003325,0.000000,0.000000,0.000000,0.000000,NA,NA,NA,NA,
412,vector0,NA,NA,NA,NA,NA,NA,NA,NA,NA,NA,NA,NA,1.399394,2309,0.212168,0.212168,0.215483,0.213825,2,0.004439,2,0.003466,16.250000,16.125000,NA,NA,NA,NA,NA,NA,NA,NA,16.000000,0.096414,16.000000,0.113580,
412,vector1,NA,NA,NA,NA,NA,NA,NA,NA,NA,NA,NA,NA,1.523636,2514,0.212168,0.212168,0.215483,0.213825,2,0.005830,2,0.003329,16.250000,16.125000,NA,NA,NA,NA,NA,NA,NA,NA,16.000000,0.096414,16.000000,0.113580,
413,cube0,0.308485,509,0.000000,0.000000,0.001658,0.001658,3,0.000043,2,0.000034,1,0.000017,NA,NA,NA,NA,NA,NA,NA,NA,NA,NA,0.125000,0.125000,0.000000,0.000000,0.500000,0.003325,0.000000,0.000000,0.000000,0.000000,NA,NA,NA,NA,
413,vector0,NA,NA,NA,NA,NA,NA,NA,NA,NA,NA,NA,NA,1.602424,2644,0.212168,0.212168,0.215483,0.213825,2,0.003064,2,0.006061,16.250000,16.125000,NA,NA,NA,NA,NA,NA,NA,NA,16.000000,0.096414,16.000000,0.113580,
413,vector1,NA,NA,NA,NA,NA,NA,NA,NA,NA,NA,NA,NA,1.590909,2625,0.212168,0.212168,0.215483,0.213825,2,0.004925,2,0.006470,16.250000,16.125000,NA,NA,NA,NA,NA,NA,NA,NA,16.000000,0.096414,16.000000,0.113580,
414,cube0,0.320606,529,0.000000,0.000000,0.001658,0.001658,3,0.000043,2,0.000034,1,0.000017,NA,NA,NA,NA,NA,NA,NA,NA,NA,NA,0.125000,0.125000,0.000000,0.000000,0.500000,0.003325,0.000000,0.000000,0.000000,0.000000,NA,NA,NA,NA,
414,vector0,NA,NA,NA,NA,NA,NA,NA,NA,NA,NA,NA,NA,1.504848,2483,0.212168,0.212168,0.215483,0.213825,2,0.005753,2,0.006675,16.250000,16.125000,NA,NA,NA,NA,NA,NA,NA,NA,16.000000,0.096414,16.000000,0.113580,
414,vector1,NA,NA,NA,NA,NA,NA,NA,NA,NA,NA,NA,NA,1.583636,2613,0.212168,0.212168,0.215483,0.213825,2,0.006743,2,0.003227,16.250000,16.125000,NA,NA,NA,NA,NA,NA,NA,NA,16.000000,0.096414,16.000000,0.113580,
415,cube0,0.351515,580,0.000000,0.000000,0.001658,0.001658,3,0.000043,2,0.000034,1,0.000017,NA,NA,NA,NA,NA,NA,NA,NA,NA,NA,0.125000,0.125000,0.000000,0.000000,0.500000,0.003325,0.000000,0.000000,0.000000,0.000000,NA,NA,NA,NA,
415,vector0,NA,NA,NA,NA,NA,NA,NA,NA,NA,NA,NA,NA,1.480606,2443,0.212168,0.212168,0.215483,0.213825,2,0.003466,2,0.003355,16.250000,16.125000,NA,NA,NA,NA,NA,NA,NA,NA,16.000000,0.096414,16.000000,0.113580,
415,vector1,NA,NA,NA,NA,NA,NA,NA,NA,NA,NA,NA,NA,1.682424,2776,0.212168,0.212168,0.215483,0.213825,2,0.005395,2,0.006598,16.250000,16.125000,NA,NA,NA,NA,NA,NA,NA,NA,16.000000,0.096414,16.000000,0.113580,
416,cube0,0.338788,559,0.000000,0.000000,0.001658,0.001658,3,0.000043,2,0.000034,1,0.000017,NA,NA,NA,NA,NA,NA,NA,NA,NA,NA,0.125000,0.125000,0.000000,0.000000,0.500000,0.003325,0.000000,0.000000,0.000000,0.000000,NA,NA,NA,NA,
416,vector0,NA,NA,NA,NA,NA,NA,NA,NA,NA,NA,NA,NA,1.526061,2518,0.212168,0.212168,0.215483,0.213825,2,0.005941,2,0.003329,16.250000,16.125000,NA,NA,NA,NA,NA,NA,NA,NA,16.000000,0.096414,16.000000,0.113580,
416,vector1,NA,NA,NA,NA,NA,NA,NA,NA,NA,NA,NA,NA,1.743636,2877,0.212168,0.212168,0.215483,0.213825,2,0.008843,2,0.003423,16.250000,16.125000,NA,NA,NA,NA,NA,NA,NA,NA,16.000000,0.096414,16.000000,0.113580,
417,cube0,0.305455,504,0.000000,0.000000,0.001658,0.001658,3,0.000043,2,0.000034,1,0.000017,NA,NA,NA,NA,NA,NA,NA,NA,NA,NA,0.125000,0.125000,0.000000,0.000000,0.500000,0.003325,0.000000,0.000000,0.000000,0.000000,NA,NA,NA,NA,
417,vector0,NA,NA,NA,NA,NA,NA,NA,NA,NA,NA,NA,NA,1.466061,2419,0.212168,0.212168,0.215483,0.213825,2,0.002774,2,0.005600,16.250000,16.125000,NA,NA,NA,NA,NA,NA,NA,NA,16.000000,0.096414,16.000000,0.113580,
417,vector1,NA,NA,NA,NA,NA,NA,NA,NA,NA,NA,NA,NA,1.688485,2786,0.212168,0.212168,0.215483,0.213825,2,0.005975,2,0.006095,16.250000,16.125000,NA,NA,NA,NA,NA,NA,NA,NA,16.000000,0.096414,16.000000,0.113580,
418,cube0,0.358788,592,0.000000,0.000000,0.001658,0.001658,3,0.000043,2,0.000034,1,0.000017,NA,NA,NA,NA,NA,NA,NA,NA,NA,NA,0.125000,0.125000,0.000000,0.000000,0.500000,0.003325,0.000000,0.000000,0.000000,0.000000,NA,NA,NA,NA,
418,vector0,NA,NA,NA,NA,NA,NA,NA,NA,NA,NA,NA,NA,1.404242,2317,0.212168,0.212168,0.215483,0.213825,2,0.004328,2,0.004780,16.250000,16.125000,NA,NA,NA,NA,NA,NA,NA,NA,16.000000,0.096414,16.000000,0.113580,
418,vector1,NA,NA,NA,NA,NA,NA,NA,NA,NA,NA,NA,NA,1.494545,2466,0.212168,0.212168,0.215483,0.213825,2,0.005770,2,0.003295,16.250000,16.125000,NA,NA,NA,NA,NA,NA,NA,NA,16.000000,0.096414,16.000000,0.113580,
419,cube0,0.363636,600,0.000000,0.000000,0.001658,0.001658,3,0.000043,2,0.000034,1,0.000017,NA,NA,NA,NA,NA,NA,NA,NA,NA,NA,0.125000,0.125000,0.000000,0.000000,0.500000,0.003325,0.000000,0.000000,0.000000,0.000000,NA,NA,NA,NA,
419,vector0,NA,NA,NA,NA,NA,NA,NA,NA,NA,NA,NA,NA,1.558788,2572,0.212168,0.212168,0.215483,0.213825,2,0.002578,2,0.005258,16.250000,16.125000,NA,NA,NA,NA,NA,NA,NA,NA,16.000000,0.096414,16.000000,0.113580,
419,vector1,NA,NA,NA,NA,NA,NA,NA,NA,NA,NA,NA,NA,1.592121,2627,0.212168,0.212168,0.215483,0.213825,2,0.004097,2,0.005420,16.250000,16.125000,NA,NA,NA,NA,NA,NA,NA,NA,16.000000,0.096414,16.000000,0.113580,
420,cube0,0.349697,577,0.000000,0.000000,0.001658,0.001658,3,0.000043,2,0.000034,1,0.000017,NA,NA,NA,NA,NA,NA,NA,NA,NA,NA,0.125000,0.125000,0.000000,0.000000,0.500000,0.003325,0.000000,0.000000,0.000000,0.000000,NA,NA,NA,NA,
420,vector0,NA,NA,NA,NA,NA,NA,NA,NA,NA,NA,NA,NA,1.384848,2285,0.212168,0.212168,0.215483,0.213825,2,0.004097,2,0.003372,16.250000,16.125000,NA,NA,NA,NA,NA,NA,NA,NA,16.000000,0.096414,16.000000,0.113580,
420,vector1,NA,NA,NA,NA,NA,NA,NA,NA,NA,NA,NA,NA,1.542424,2545,0.212168,0.212168,0.215483,0.213825,2,0.006069,2,0.003414,16.250000,16.125000,NA,NA,NA,NA,NA,NA,NA,NA,16.000000,0.096414,16.000000,0.113580,
421,cube0,0.290909,480,0.000000,0.000000,0.001658,0.001658,3,0.000043,2,0.000034,1,0.000017,NA,NA,NA,NA,NA,NA,NA,NA,NA,NA,0.125000,0.125000,0.000000,0.000000,0.500000,0.003325,0.000000,0.000000,0.000000,0.000000,NA,NA,NA,NA,
421,vector0,NA,NA,NA,NA,NA,NA,NA,NA,NA,NA,NA,NA,1.580000,2607,0.212168,0.212168,0.215483,0.213825,2,0.003235,2,0.006786,16.250000,16.125000,NA,NA,NA,NA,NA,NA,NA,NA,16.000000,0.096414,16.000000,0.113580,
421,vector1,NA,NA,NA,NA,NA,NA,NA,NA,NA,NA,NA,NA,1.650303,2723,0.212168,0.212168,0.215483,0.213825,2,0.004806,2,0.005694,16.250000,16.125000,NA,NA,NA,NA,NA,NA,NA,NA,16.000000,0.096414,16.000000,0.113580,
422,cube0,0.345455,570,0.000000,0.000000,0.001658,0.001658,3,0.000043,2,0.000034,1,0.000017,NA,NA,NA,NA,NA,NA,NA,NA,NA,NA,0.125000,0.125000,0.000000,0.000000,0.500000,0.003325,0.000000,0.000000,0.000000,0.000000,NA,NA,NA,NA,
422,vector0,NA,NA,NA,NA,NA,NA,NA,NA,NA,NA,NA,NA,1.575152,2599,0.212168,0.212168,0.215483,0.213825,2,0.005992,2,0.003269,16.250000,16.125000,NA,NA,NA,NA,NA,NA,NA,NA,16.000000,0.096414,16.000000,0.113580,
422,vector1,NA,NA,NA,NA,NA,NA,NA,NA,NA,NA,NA,NA,1.933939,3191,0.212168,0.212168,0.215483,0.213825,2,0.006752,2,0.003295,16.250000,16.125000,NA,NA,NA,NA,NA,NA,NA,NA,16.000000,0.096414,16.000000,0.113580,
423,cube0,0.291515,481,0.000000,0.000000,0.001658,0.001658,3,0.000043,2,0.000034,1,0.000017,NA,NA,NA,NA,NA,NA,NA,NA,NA,NA,0.125000,0.125000,0.000000,0.000000,0.500000,0.003325,0.000000,0.000000,0.000000,0.000000,NA,NA,NA,NA,
423,vector0,NA,NA,NA,NA,NA,NA,NA,NA,NA,NA,NA,NA,1.803030,2975,0.212168,0.212168,0.215483,0.213825,2,0.005216,2,0.005642,16.250000,16.125000,NA,NA,NA,NA,NA,NA,NA,NA,16.000000,0.096414,16.000000,0.113580,
423,vector1,NA,NA,NA,NA,NA,NA,NA,NA,NA,NA,NA,NA,1.615152,2665,0.212168,0.212168,0.215483,0.213825,2,0.006564,2,0.005079,16.250000,16.125000,NA,NA,NA,NA,NA,NA,NA,NA,16.000000,0.096414,16.000000,0.113580,
424,cube0,0.367273,606,0.000000,0.000000,0.001658,0.001658,3,0.000043,2,0.000034,1,0.000017,NA,NA,NA,NA,NA,NA,NA,NA,NA,NA,0.125000,0.125000,0.000000,0.000000,0.500000,0.003325,0.000000,0.000000,0.000000,0.000000,NA,NA,NA,NA,
424,vector0,NA,NA,NA,NA,NA,NA,NA,NA,NA,NA,NA,NA,1.664848,2747,0.212168,0.212168,0.215483,0.213825,2,0.005506,2,0.003030,16.250000,16.125000,NA,NA,NA,NA,NA,NA,NA,NA,16.000000,0.096414,16.000000,0.113580,
424,vector1,NA,NA,NA,NA,NA,NA,NA,NA,NA,NA,NA,NA,1.706667,2816,0.212168,0.212168,0.215483,0.213825,2,0.005864,2,0.007025,16.250000,16.125000,NA,NA,NA,NA,NA,NA,NA,NA,16.000000,0.096414,16.000000,0.113580,
425,cube0,0.321212,530,0.000000,0.000000,0.001658,0.001658,3,0.000043,2,0.000034,1,0.000017,NA,NA,NA,NA,NA,NA,NA,NA,NA,NA,0.125000,0.125000,0.000000,0.000000,0.500000,0.003325,0.000000,0.000000,0.000000,0.000000,NA,NA,NA,NA,
425,vector0,NA,NA,NA,NA,NA,NA,NA,NA,NA,NA,NA,NA,1.683030,2777,0.212168,0.212168,0.215483,0.213825,2,0.004499,2,0.006701,16.250000,16.125000,NA,NA,NA,NA,NA,NA,NA,NA,16.000000,0.096414,16.000000,0.113580,
425,vector1,NA,NA,NA,NA,NA,NA,NA,NA,NA,NA,NA,NA,1.384242,2284,0.212168,0.212168,0.215483,0.213825,2,0.004157,2,0.004814,16.250000,16.125000,NA,NA,NA,NA,NA,NA,NA,NA,16.000000,0.096414,16.000000,0.113580,
426,cube0,0.311515,514,0.000000,0.000000,0.001658,0.001658,3,0.000043,2,0.000034,1,0.000017,NA,NA,NA,NA,NA,NA,NA,NA,NA,NA,0.125000,0.125000,0.000000,0.000000,0.500000,0.003325,0.000000,0.000000,0.000000,0.000000,NA,NA,NA,NA,
426,vector0,NA,NA,NA,NA,NA,NA,NA,NA,NA,NA,NA,NA,1.522424,2512,0.212168,0.212168,0.215483,0.213825,2,0.005617,2,0.003201,16.250000,16.125000,NA,NA,NA,NA,NA,NA,NA,NA,16.000000,0.096414,16.000000,0.113580,
426,vector1,NA,NA,NA,NA,NA,NA,NA,NA,NA,NA,NA,NA,1.476970,2437,0.212168,0.212168,0.215483,0.213825,2,0.005719,2,0.003150,16.250000,16.125000,NA,NA,NA,NA,NA,NA,NA,NA,16.000000,0.096414,16.000000,0.113580,
427,cube0,0.339394,560,0.000000,0.000000,0.001658,0.001658,3,0.000043,2,0.000034,1,0.000017,NA,NA,NA,NA,NA,NA,NA,NA,NA,NA,0.125000,0.125000,0.000000,0.000000,0.500000,0.003325,0.000000,0.000000,0.000000,0.000000,NA,NA,NA,NA,
427,vector0,NA,NA,NA,NA,NA,NA,NA,NA,NA,NA,NA,NA,1.678182,2769,0.212168,0.212168,0.215483,0.213825,2,0.004789,2,0.006598,16.250000,16.125000,NA,NA,NA,NA,NA,NA,NA,NA,16.000000,0.096414,16.000000,0.113580,
427,vector1,NA,NA,NA,NA,NA,NA,NA,NA,NA,NA,NA,NA,1.635758,2699,0.212168,0.212168,0.215483,0.213825,2,0.003560,2,0.007674,16.250000,16.125000,NA,NA,NA,NA,NA,NA,NA,NA,16.000000,0.096414,16.000000,0.113580,
428,cube0,0.315758,521,0.000000,0.000000,0.001658,0.001658,3,0.000043,2,0.000034,1,0.000017,NA,NA,NA,NA,NA,NA,NA,NA,NA,NA,0.125000,0.125000,0.000000,0.000000,0.500000,0.003325,0.000000,0.000000,0.000000,0.000000,NA,NA,NA,NA,
428,vector0,NA,NA,NA,NA,NA,NA,NA,NA,NA,NA,NA,NA,1.487273,2454,0.212168,0.212168,0.215483,0.213825,2,0.005275,2,0.003261,16.250000,16.125000,NA,NA,NA,NA,NA,NA,NA,NA,16.000000,0.096414,16.000000,0.113580,
428,vector1,NA,NA,NA,NA,NA,NA,NA,NA,NA,NA,NA,NA,1.549091,2556,0.212168,0.212168,0.215483,0.213825,2,0.006223,2,0.003406,16.250000,16.125000,NA,NA,NA,NA,NA,NA,NA,NA,16.000000,0.096414,16.000000,0.113580,
429,cube0,0.353333,583,0.000000,0.000000,0.001658,0.001658,3,0.000043,2,0.000034,1,0.000017,NA,NA,NA,NA,NA,NA,NA,NA,NA,NA,0.125000,0.125000,0.000000,0.000000,0.500000,0.003325,0.000000,0.000000,0.000000,0.000000,NA,NA,NA,NA,
429,vector0,NA,NA,NA,NA,NA,NA,NA,NA,NA,NA,NA,NA,1.701818,2808,0.212168,0.212168,0.215483,0.213825,2,0.005250,2,0.004883,16.250000,16.125000,NA,NA,NA,NA,NA,NA,NA,NA,16.000000,0.096414,16.000000,0.113580,
429,vector1,NA,NA,NA,NA,NA,NA,NA,NA,NA,NA,NA,NA,1.662424,2743,0.212168,0.212168,0.215483,0.213825,2,0.004985,2,0.005617,16.250000,16.125000,NA,NA,NA,NA,NA,NA,NA,NA,16.000000,0.096414,16.000000,0.113580,
430,cube0,0.331515,547,0.000000,0.000000,0.001658,0.001658,3,0.000043,2,0.000034,1,0.000017,NA,NA,NA,NA,NA,NA,NA,NA,NA,NA,0.125000,0.125000,0.000000,0.000000,0.500000,0.003325,0.000000,0.000000,0.000000,0.000000,NA,NA,NA,NA,
430,vector0,NA,NA,NA,NA,NA,NA,NA,NA,NA,NA,NA,NA,1.537576,2537,0.212168,0.212168,0.215483,0.213825,2,0.005839,2,0.003483,16.250000,16.125000,NA,NA,NA,NA,NA,NA,NA,NA,16.000000,0.096414,16.000000,0.113580,
430,vector1,NA,NA,NA,NA,NA,NA,NA,NA,NA,NA,NA,NA,1.906667,3146,0.212168,0.212168,0.215483,0.213825,2,0.008980,2,0.003491,16.250000,16.125000,NA,NA,NA,NA,NA,NA,NA,NA,16.000000,0.096414,16.000000,0.113580,
431,cube0,0.372727,615,0.000000,0.000000,0.001658,0.001658,3,0.000043,2,0.000034,1,0.000017,NA,NA,NA,NA,NA,NA,NA,NA,NA,NA,0.125000,0.125000,0.000000,0.000000,0.500000,0.003325,0.000000,0.000000,0.000000,0.000000,NA,NA,NA,NA,
431,vector0,NA,NA,NA,NA,NA,NA,NA,NA,NA,NA,NA,NA,1.526061,2518,0.212168,0.212168,0.215483,0.213825,2,0.004285,2,0.005950,16.250000,16.125000,NA,NA,NA,NA,NA,NA,NA,NA,16.000000,0.096414,16.000000,0.113580,
431,vector1,NA,NA,NA,NA,NA,NA,NA,NA,NA,NA,NA,NA,1.518788,2506,0.212168,0.212168,0.215483,0.213825,2,0.006137,2,0.005335,16.250000,16.125000,NA,NA,NA,NA,NA,NA,NA,NA,16.000000,0.096414,16.000000,0.113580,
432,cube0,0.307879,508,0.000000,0.000000,0.001658,0.001658,3,0.000043,2,0.000034,1,0.000017,NA,NA,NA,NA,NA,NA,NA,NA,NA,NA,0.125000,0.125000,0.000000,0.000000,0.500000,0.003325,0.000000,0.000000,0.000000,0.000000,NA,NA,NA,NA,
432,vector0,NA,NA,NA,NA,NA,NA,NA,NA,NA,NA,NA,NA,1.493333,2464,0.212168,0.212168,0.215483,0.213825,2,0.005617,2,0.003235,16.250000,16.125000,NA,NA,NA,NA,NA,NA,NA,NA,16.000000,0.096414,16.000000,0.113580,
432,vector1,NA,NA,NA,NA,NA,NA,NA,NA,NA,NA,NA,NA,1.790909,2955,0.212168,0.212168,0.215483,0.213825,2,0.006530,2,0.003457,16.250000,16.125000,NA,NA,NA,NA,NA,NA,NA,NA,16.000000,0.096414,16.000000,0.113580,
433,cube0,0.308485,509,0.000000,0.000000,0.001658,0.001658,3,0.000043,2,0.000034,1,0.000017,NA,NA,NA,NA,NA,NA,NA,NA,NA,NA,0.125000,0.125000,0.000000,0.000000,0.500000,0.003325,0.000000,0.000000,0.000000,0.000000,NA,NA,NA,NA,
433,vector0,NA,NA,NA,NA,NA,NA,NA,NA,NA,NA,NA,NA,1.635152,2698,0.212168,0.212168,0.215483,0.213825,2,0.005446,2,0.006411,16.250000,16.125000,NA,NA,NA,NA,NA,NA,NA,NA,16.000000,0.096414,16.000000,0.113580,
433,vector1,NA,NA,NA,NA,NA,NA,NA,NA,NA,NA,NA,NA,1.707879,2818,0.212168,0.212168,0.215483,0.213825,2,0.006300,2,0.006684,16.250000,16.125000,NA,NA,NA,NA,NA,NA,NA,NA,16.000000,0.096414,16.000000,0.113580,
434,cube0,0.323636,534,0.000000,0.000000,0.001658,0.001658,3,0.000043,2,0.000034,1,0.000017,NA,NA,NA,NA,NA,NA,NA,NA,NA,NA,0.125000,0.125000,0.000000,0.000000,0.500000,0.003325,0.000000,0.000000,0.000000,0.000000,NA,NA,NA,NA,
434,vector0,NA,NA,NA,NA,NA,NA,NA,NA,NA,NA,NA,NA,1.530909,2526,0.212168,0.212168,0.215483,0.213825,2,0.006095,2,0.003303,16.250000,16.125000,NA,NA,NA,NA,NA,NA,NA,NA,16.000000,0.096414,16.000000,0.113580,
434,vector1,NA,NA,NA,NA,NA,NA,NA,NA,NA,NA,NA,NA,1.589091,2622,0.212168,0.212168,0.215483,0.213825,2,0.006564,2,0.003278,16.250000,16.125000,NA,NA,NA,NA,NA,NA,NA,NA,16.000000,0.096414,16.000000,0.113580,
435,cube0,0.349697,577,0.000000,0.000000,0.001658,0.001658,3,0.000043,2,0.000034,1,0.000017,NA,NA,NA,NA,NA,NA,NA,NA,NA,NA,0.125000,0.125000,0.000000,0.000000,0.500000,0.003325,0.000000,0.000000,0.000000,0.000000,NA,NA,NA,NA,
435,vector0,NA,NA,NA,NA,NA,NA,NA,NA,NA,NA,NA,NA,1.586667,2618,0.212168,0.212168,0.215483,0.213825,2,0.004251,2,0.007128,16.250000,16.125000,NA,NA,NA,NA,NA,NA,NA,NA,16.000000,0.096414,16.000000,0.113580,
435,vector1,NA,NA,NA,NA,NA,NA,NA,NA,NA,NA,NA,NA,1.694546,2796,0.212168,0.212168,0.215483,0.213825,2,0.004806,2,0.007042,16.250000,16.125000,NA,NA,NA,NA,NA,NA,NA,NA,16.000000,0.096414,16.000000,0.113580,
436,cube0,0.340000,561,0.000000,0.000000,0.001658,0.001658,3,0.000043,2,0.000034,1,0.000017,NA,NA,NA,NA,NA,NA,NA,NA,NA,NA,0.125000,0.125000,0.000000,0.000000,0.500000,0.003325,0.000000,0.000000,0.000000,0.000000,NA,NA,NA,NA,
436,vector0,NA,NA,NA,NA,NA,NA,NA,NA,NA,NA,NA,NA,1.407273,2322,0.212168,0.212168,0.215483,0.213825,2,0.004379,2,0.003286,16.250000,16.125000,NA,NA,NA,NA,NA,NA,NA,NA,16.000000,0.096414,16.000000,0.113580,
436,vector1,NA,NA,NA,NA,NA,NA,NA,NA,NA,NA,NA,NA,1.452121,2396,0.212168,0.212168,0.215483,0.213825,2,0.004925,2,0.003252,16.250000,16.125000,NA,NA,NA,NA,NA,NA,NA,NA,16.000000,0.096414,16.000000,0.113580,
437,cube0,0.323030,533,0.000000,0.000000,0.001658,0.001658,3,0.000043,2,0.000034,1,0.000017,NA,NA,NA,NA,NA,NA,NA,NA,NA,NA,0.125000,0.125000,0.000000,0.000000,0.500000,0.003325,0.000000,0.000000,0.000000,0.000000,NA,NA,NA,NA,
437,vector0,NA,NA,NA,NA,NA,NA,NA,NA,NA,NA,NA,NA,1.555151,2566,0.212168,0.212168,0.215483,0.213825,2,0.002475,2,0.005625,16.250000,16.125000,NA,NA,NA,NA,NA,NA,NA,NA,16.000000,0.096414,16.000000,0.113580,
437,vector1,NA,NA,NA,NA,NA,NA,NA,NA,NA,NA,NA,NA,1.495758,2468,0.212168,0.212168,0.215483,0.213825,2,0.002569,2,0.005437,16.250000,16.125000,NA,NA,NA,NA,NA,NA,NA,NA,16.000000,0.096414,16.000000,0.113580,
438,cube0,0.364242,601,0.000000,0.000000,0.001658,0.001658,3,0.000043,2,0.000034,1,0.000017,NA,NA,NA,NA,NA,NA,NA,NA,NA,NA,0.125000,0.125000,0.000000,0.000000,0.500000,0.003325,0.000000,0.000000,0.000000,0.000000,NA,NA,NA,NA,
438,vector0,NA,NA,NA,NA,NA,NA,NA,NA,NA,NA,NA,NA,1.832727,3024,0.212168,0.212168,0.215483,0.213825,2,0.005642,2,0.003261,16.250000,16.125000,NA,NA,NA,NA,NA,NA,NA,NA,16.000000,0.096414,16.000000,0.113580,
438,vector1,NA,NA,NA,NA,NA,NA,NA,NA,NA,NA,NA,NA,1.447273,2388,0.212168,0.212168,0.215483,0.213825,2,0.005019,2,0.003244,16.250000,16.125000,NA,NA,NA,NA,NA,NA,NA,NA,16.000000,0.096414,16.000000,0.113580,
439,cube0,0.350909,579,0.000000,0.000000,0.001658,0.001658,3,0.000043,2,0.000034,1,0.000017,NA,NA,NA,NA,NA,NA,NA,NA,NA,NA,0.125000,0.125000,0.000000,0.000000,0.500000,0.003325,0.000000,0.000000,0.000000,0.000000,NA,NA,NA,NA,
439,vector0,NA,NA,NA,NA,NA,NA,NA,NA,NA,NA,NA,NA,1.516970,2503,0.212168,0.212168,0.215483,0.213825,2,0.003363,2,0.006803,16.250000,16.125000,NA,NA,NA,NA,NA,NA,NA,NA,16.000000,0.096414,16.000000,0.113580,
439,vector1,NA,NA,NA,NA,NA,NA,NA,NA,NA,NA,NA,NA,1.489697,2458,0.212168,0.212168,0.215483,0.213825,2,0.003389,2,0.006752,16.250000,16.125000,NA,NA,NA,NA,NA,NA,NA,NA,16.000000,0.096414,16.000000,0.113580,
440,cube0,0.348485,575,0.000000,0.000000,0.001658,0.001658,3,0.000043,2,0.000034,1,0.000017,NA,NA,NA,NA,NA,NA,NA,NA,NA,NA,0.125000,0.125000,0.000000,0.000000,0.500000,0.003325,0.000000,0.000000,0.000000,0.000000,NA,NA,NA,NA,
440,vector0,NA,NA,NA,NA,NA,NA,NA,NA,NA,NA,NA,NA,1.437576,2372,0.212168,0.212168,0.215483,0.213825,2,0.004695,2,0.003363,16.250000,16.125000,NA,NA,NA,NA,NA,NA,NA,NA,16.000000,0.096414,16.000000,0.113580,
440,vector1,NA,NA,NA,NA,NA,NA,NA,NA,NA,NA,NA,NA,1.547273,2553,0.212168,0.212168,0.215483,0.213825,2,0.006257,2,0.003150,16.250000,16.125000,NA,NA,NA,NA,NA,NA,NA,NA,16.000000,0.096414,16.000000,0.113580,
441,cube0,0.295152,487,0.000000,0.000000,0.001658,0.001658,3,0.000043,2,0.000034,1,0.000017,NA,NA,NA,NA,NA,NA,NA,NA,NA,NA,0.125000,0.125000,0.000000,0.000000,0.500000,0.003325,0.000000,0.000000,0.000000,0.000000,NA,NA,NA,NA,
441,vector0,NA,NA,NA,NA,NA,NA,NA,NA,NA,NA,NA,NA,1.638182,2703,0.212168,0.212168,0.215483,0.213825,2,0.004259,2,0.005369,16.250000,16.125000,NA,NA,NA,NA,NA,NA,NA,NA,16.000000,0.096414,16.000000,0.113580,
441,vector1,NA,NA,NA,NA,NA,NA,NA,NA,NA,NA,NA,NA,1.729091,2853,0.212168,0.212168,0.215483,0.213825,2,0.005446,2,0.006761,16.250000,16.125000,NA,NA,NA,NA,NA,NA,NA,NA,16.000000,0.096414,16.000000,0.113580,
442,cube0,0.346061,571,0.000000,0.000000,0.001658,0.001658,3,0.000043,2,0.000034,1,0.000017,NA,NA,NA,NA,NA,NA,NA,NA,NA,NA,0.125000,0.125000,0.000000,0.000000,0.500000,0.003325,0.000000,0.000000,0.000000,0.000000,NA,NA,NA,NA,
442,vector0,NA,NA,NA,NA,NA,NA,NA,NA,NA,NA,NA,NA,1.538788,2539,0.212168,0.212168,0.215483,0.213825,2,0.005659,2,0.003167,16.250000,16.125000,NA,NA,NA,NA,NA,NA,NA,NA,16.000000,0.096414,16.000000,0.113580,
442,vector1,NA,NA,NA,NA,NA,NA,NA,NA,NA,NA,NA,NA,1.362424,2248,0.212168,0.212168,0.215483,0.213825,2,0.004149,2,0.003150,16.250000,16.125000,NA,NA,NA,NA,NA,NA,NA,NA,16.000000,0.096414,16.000000,0.113580,
443,cube0,0.294545,486,0.000000,0.000000,0.001658,0.001658,3,0.000043,2,0.000034,1,0.000017,NA,NA,NA,NA,NA,NA,NA,NA,NA,NA,0.125000,0.125000,0.000000,0.000000,0.500000,0.003325,0.000000,0.000000,0.000000,0.000000,NA,NA,NA,NA,
443,vector0,NA,NA,NA,NA,NA,NA,NA,NA,NA,NA,NA,NA,1.671515,2758,0.212168,0.212168,0.215483,0.213825,2,0.004883,2,0.005258,16.250000,16.125000,NA,NA,NA,NA,NA,NA,NA,NA,16.000000,0.096414,16.000000,0.113580,
443,vector1,NA,NA,NA,NA,NA,NA,NA,NA,NA,NA,NA,NA,1.428485,2357,0.212168,0.212168,0.215483,0.213825,2,0.004294,2,0.005523,16.250000,16.125000,NA,NA,NA,NA,NA,NA,NA,NA,16.000000,0.096414,16.000000,0.113580,
444,cube0,0.368485,608,0.000000,0.000000,0.001658,0.001658,3,0.000043,2,0.000034,1,0.000017,NA,NA,NA,NA,NA,NA,NA,NA,NA,NA,0.125000,0.125000,0.000000,0.000000,0.500000,0.003325,0.000000,0.000000,0.000000,0.000000,NA,NA,NA,NA,
444,vector0,NA,NA,NA,NA,NA,NA,NA,NA,NA,NA,NA,NA,1.520606,2509,0.212168,0.212168,0.215483,0.213825,2,0.005873,2,0.003252,16.250000,16.125000,NA,NA,NA,NA,NA,NA,NA,NA,16.000000,0.096414,16.000000,0.113580,
444,vector1,NA,NA,NA,NA,NA,NA,NA,NA,NA,NA,NA,NA,1.761818,2907,0.212168,0.212168,0.215483,0.213825,2,0.006436,2,0.003252,16.250000,16.125000,NA,NA,NA,NA,NA,NA,NA,NA,16.000000,0.096414,16.000000,0.113580,
445,cube0,0.323030,533,0.000000,0.000000,0.001658,0.001658,3,0.000043,2,0.000034,1,0.000017,NA,NA,NA,NA,NA,NA,NA,NA,NA,NA,0.125000,0.125000,0.000000,0.000000,0.500000,0.003325,0.000000,0.000000,0.000000,0.000000,NA,NA,NA,NA,
445,vector0,NA,NA,NA,NA,NA,NA,NA,NA,NA,NA,NA,NA,1.656970,2734,0.212168,0.212168,0.215483,0.213825,2,0.005822,2,0.006820,16.250000,16.125000,NA,NA,NA,NA,NA,NA,NA,NA,16.000000,0.096414,16.000000,0.113580,
445,vector1,NA,NA,NA,NA,NA,NA,NA,NA,NA,NA,NA,NA,1.520606,2509,0.212168,0.212168,0.215483,0.213825,2,0.006146,2,0.006078,16.250000,16.125000,NA,NA,NA,NA,NA,NA,NA,NA,16.000000,0.096414,16.000000,0.113580,
446,cube0,0.310909,513,0.000000,0.000000,0.001658,0.001658,3,0.000043,2,0.000034,1,0.000017,NA,NA,NA,NA,NA,NA,NA,NA,NA,NA,0.125000,0.125000,0.000000,0.000000,0.500000,0.003325,0.000000,0.000000,0.000000,0.000000,NA,NA,NA,NA,
446,vector0,NA,NA,NA,NA,NA,NA,NA,NA,NA,NA,NA,NA,1.443636,2382,0.212168,0.212168,0.215483,0.213825,2,0.004908,2,0.003090,16.250000,16.125000,NA,NA,NA,NA,NA,NA,NA,NA,16.000000,0.096414,16.000000,0.113580,
446,vector1,NA,NA,NA,NA,NA,NA,NA,NA,NA,NA,NA,NA,1.418788,2341,0.212168,0.212168,0.215483,0.213825,2,0.003995,2,0.003047,16.250000,16.125000,NA,NA,NA,NA,NA,NA,NA,NA,16.000000,0.096414,16.000000,0.113580,
447,cube0,0.342424,565,0.000000,0.000000,0.001658,0.001658,3,0.000043,2,0.000034,1,0.000017,NA,NA,NA,NA,NA,NA,NA,NA,NA,NA,0.125000,0.125000,0.000000,0.000000,0.500000,0.003325,0.000000,0.000000,0.000000,0.000000,NA,NA,NA,NA,
447,vector0,NA,NA,NA,NA,NA,NA,NA,NA,NA,NA,NA,NA,1.548485,2555,0.212168,0.212168,0.215483,0.213825,2,0.003440,2,0.007119,16.250000,16.125000,NA,NA,NA,NA,NA,NA,NA,NA,16.000000,0.096414,16.000000,0.113580,
447,vector1,NA,NA,NA,NA,NA,NA,NA,NA,NA,NA,NA,NA,1.588485,2621,0.212168,0.212168,0.215483,0.213825,2,0.003406,2,0.007076,16.250000,16.125000,NA,NA,NA,NA,NA,NA,NA,NA,16.000000,0.096414,16.000000,0.113580,
448,cube0,0.315152,520,0.000000,0.000000,0.001658,0.001658,3,0.000043,2,0.000034,1,0.000017,NA,NA,NA,NA,NA,NA,NA,NA,NA,NA,0.125000,0.125000,0.000000,0.000000,0.500000,0.003325,0.000000,0.000000,0.000000,0.000000,NA,NA,NA,NA,
448,vector0,NA,NA,NA,NA,NA,NA,NA,NA,NA,NA,NA,NA,1.356364,2238,0.212168,0.212168,0.215483,0.213825,2,0.003978,2,0.003355,16.250000,16.125000,NA,NA,NA,NA,NA,NA,NA,NA,16.000000,0.096414,16.000000,0.113580,
448,vector1,NA,NA,NA,NA,NA,NA,NA,NA,NA,NA,NA,NA,1.559394,2573,0.212168,0.212168,0.215483,0.213825,2,0.006376,2,0.008408,16.250000,16.125000,NA,NA,NA,NA,NA,NA,NA,NA,16.000000,0.096414,16.000000,0.113580,
449,cube0,0.347879,574,0.000000,0.000000,0.001658,0.001658,3,0.000043,2,0.000034,1,0.000017,NA,NA,NA,NA,NA,NA,NA,NA,NA,NA,0.125000,0.125000,0.000000,0.000000,0.500000,0.003325,0.000000,0.000000,0.000000,0.000000,NA,NA,NA,NA,
449,vector0,NA,NA,NA,NA,NA,NA,NA,NA,NA,NA,NA,NA,1.334545,2202,0.212168,0.212168,0.215483,0.213825,2,0.002603,2,0.006462,16.250000,16.125000,NA,NA,NA,NA,NA,NA,NA,NA,16.000000,0.096414,16.000000,0.113580,
449,vector1,NA,NA,NA,NA,NA,NA,NA,NA,NA,NA,NA,NA,1.676364,2766,0.212168,0.212168,0.215483,0.213825,2,0.004627,2,0.003491,16.250000,16.125000,NA,NA,NA,NA,NA,NA,NA,NA,16.000000,0.096414,16.000000,0.113580,
450,cube0,0.332121,548,0.000000,0.000000,0.001658,0.001658,3,0.000043,2,0.000034,1,0.000017,NA,NA,NA,NA,NA,NA,NA,NA,NA,NA,0.125000,0.125000,0.000000,0.000000,0.500000,0.003325,0.000000,0.000000,0.000000,0.000000,NA,NA,NA,NA,
450,vector0,NA,NA,NA,NA,NA,NA,NA,NA,NA,NA,NA,NA,1.518182,2505,0.212168,0.212168,0.215483,0.213825,2,0.006052,2,0.003107,16.250000,16.125000,NA,NA,NA,NA,NA,NA,NA,NA,16.000000,0.096414,16.000000,0.113580,
450,vector1,NA,NA,NA,NA,NA,NA,NA,NA,NA,NA,NA,NA,1.373333,2266,0.212168,0.212168,0.215483,0.213825,2,0.004217,2,0.003466,16.250000,16.125000,NA,NA,NA,NA,NA,NA,NA,NA,16.000000,0.096414,16.000000,0.113580,
451,cube0,0.375152,619,0.000000,0.000000,0.001658,0.001658,3,0.000043,2,0.000034,1,0.000017,NA,NA,NA,NA,NA,NA,NA,NA,NA,NA,0.125000,0.125000,0.000000,0.000000,0.500000,0.003325,0.000000,0.000000,0.000000,0.000000,NA,NA,NA,NA,
451,vector0,NA,NA,NA,NA,NA,NA,NA,NA,NA,NA,NA,NA,1.672727,2760,0.212168,0.212168,0.215483,0.213825,2,0.005284,2,0.005856,16.250000,16.125000,NA,NA,NA,NA,NA,NA,NA,NA,16.000000,0.096414,16.000000,0.113580,
451,vector1,NA,NA,NA,NA,NA,NA,NA,NA,NA,NA,NA,NA,1.507879,2488,0.212168,0.212168,0.215483,0.213825,2,0.003534,2,0.006044,16.250000,16.125000,NA,NA,NA,NA,NA,NA,NA,NA,16.000000,0.096414,16.000000,0.113580,
452,cube0,0.306061,505,0.000000,0.000000,0.001658,0.001658,3,0.000043,2,0.000034,1,0.000017,NA,NA,NA,NA,NA,NA,NA,NA,NA,NA,0.125000,0.125000,0.000000,0.000000,0.500000,0.003325,0.000000,0.000000,0.000000,0.000000,NA,NA,NA,NA,
452,vector0,NA,NA,NA,NA,NA,NA,NA,NA,NA,NA,NA,NA,1.576970,2602,0.212168,0.212168,0.215483,0.213825,2,0.006035,2,0.003653,16.250000,16.125000,NA,NA,NA,NA,NA,NA,NA,NA,16.000000,0.096414,16.000000,0.113580,
452,vector1,NA,NA,NA,NA,NA,NA,NA,NA,NA,NA,NA,NA,1.544848,2549,0.212168,0.212168,0.215483,0.213825,2,0.006265,2,0.003457,16.250000,16.125000,NA,NA,NA,NA,NA,NA,NA,NA,16.000000,0.096414,16.000000,0.113580,
453,cube0,0.313939,518,0.000000,0.000000,0.001658,0.001658,3,0.000043,2,0.000034,1,0.000017,NA,NA,NA,NA,NA,NA,NA,NA,NA,NA,0.125000,0.125000,0.000000,0.000000,0.500000,0.003325,0.000000,0.000000,0.000000,0.000000,NA,NA,NA,NA,
453,vector0,NA,NA,NA,NA,NA,NA,NA,NA,NA,NA,NA,NA,1.628485,2687,0.212168,0.212168,0.215483,0.213825,2,0.005036,2,0.005318,16.250000,16.125000,NA,NA,NA,NA,NA,NA,NA,NA,16.000000,0.096414,16.000000,0.113580,
453,vector1,NA,NA,NA,NA,NA,NA,NA,NA,NA,NA,NA,NA,1.644848,2714,0.212168,0.212168,0.215483,0.213825,2,0.003910,2,0.006931,16.250000,16.125000,NA,NA,NA,NA,NA,NA,NA,NA,16.000000,0.096414,16.000000,0.113580,
454,cube0,0.320606,529,0.000000,0.000000,0.001658,0.001658,3,0.000043,2,0.000034,1,0.000017,NA,NA,NA,NA,NA,NA,NA,NA,NA,NA,0.125000,0.125000,0.000000,0.000000,0.500000,0.003325,0.000000,0.000000,0.000000,0.000000,NA,NA,NA,NA,
454,vector0,NA,NA,NA,NA,NA,NA,NA,NA,NA,NA,NA,NA,1.422424,2347,0.212168,0.212168,0.215483,0.213825,2,0.004396,2,0.003064,16.250000,16.125000,NA,NA,NA,NA,NA,NA,NA,NA,16.000000,0.096414,16.000000,0.113580,
454,vector1,NA,NA,NA,NA,NA,NA,NA,NA,NA,NA,NA,NA,1.790909,2955,0.212168,0.212168,0.215483,0.213825,2,0.005694,2,0.003431,16.250000,16.125000,NA,NA,NA,NA,NA,NA,NA,NA,16.000000,0.096414,16.000000,0.113580,
455,cube0,0.350303,578,0.000000,0.000000,0.001658,0.001658,3,0.000043,2,0.000034,1,0.000017,NA,NA,NA,NA,NA,NA,NA,NA,NA,NA,0.125000,0.125000,0.000000,0.000000,0.500000,0.003325,0.000000,0.000000,0.000000,0.000000,NA,NA,NA,NA,
455,vector0,NA,NA,NA,NA,NA,NA,NA,NA,NA,NA,NA,NA,1.767273,2916,0.212168,0.212168,0.215483,0.213825,2,0.005514,2,0.005668,16.250000,16.125000,NA,NA,NA,NA,NA,NA,NA,NA,16.000000,0.096414,16.000000,0.113580,
455,vector1,NA,NA,NA,NA,NA,NA,NA,NA,NA,NA,NA,NA,1.498182,2472,0.212168,0.212168,0.215483,0.213825,2,0.005634,2,0.006026,16.250000,16.125000,NA,NA,NA,NA,NA,NA,NA,NA,16.000000,0.096414,16.000000,0.113580,
456,cube0,0.343636,567,0.000000,0.000000,0.001658,0.001658,3,0.000043,2,0.000034,1,0.000017,NA,NA,NA,NA,NA,NA,NA,NA,NA,NA,0.125000,0.125000,0.000000,0.000000,0.500000,0.003325,0.000000,0.000000,0.000000,0.000000,NA,NA,NA,NA,
456,vector0,NA,NA,NA,NA,NA,NA,NA,NA,NA,NA,NA,NA,1.489091,2457,0.212168,0.212168,0.215483,0.213825,2,0.005455,2,0.003158,16.250000,16.125000,NA,NA,NA,NA,NA,NA,NA,NA,16.000000,0.096414,16.000000,0.113580,
456,vector1,NA,NA,NA,NA,NA,NA,NA,NA,NA,NA,NA,NA,1.558182,2571,0.212168,0.212168,0.215483,0.213825,2,0.005975,2,0.003286,16.250000,16.125000,NA,NA,NA,NA,NA,NA,NA,NA,16.000000,0.096414,16.000000,0.113580,
457,cube0,0.304848,503,0.000000,0.000000,0.001658,0.001658,3,0.000043,2,0.000034,1,0.000017,NA,NA,NA,NA,NA,NA,NA,NA,NA,NA,0.125000,0.125000,0.000000,0.000000,0.500000,0.003325,0.000000,0.000000,0.000000,0.000000,NA,NA,NA,NA,
457,vector0,NA,NA,NA,NA,NA,NA,NA,NA,NA,NA,NA,NA,1.648485,2720,0.212168,0.212168,0.215483,0.213825,2,0.003790,2,0.005429,16.250000,16.125000,NA,NA,NA,NA,NA,NA,NA,NA,16.000000,0.096414,16.000000,0.113580,
457,vector1,NA,NA,NA,NA,NA,NA,NA,NA,NA,NA,NA,NA,1.755152,2896,0.212168,0.212168,0.215483,0.213825,2,0.005600,2,0.006283,16.250000,16.125000,NA,NA,NA,NA,NA,NA,NA,NA,16.000000,0.096414,16.000000,0.113580,
458,cube0,0.364848,602,0.000000,0.000000,0.001658,0.001658,3,0.000043,2,0.000034,1,0.000017,NA,NA,NA,NA,NA,NA,NA,NA,NA,NA,0.125000,0.125000,0.000000,0.000000,0.500000,0.003325,0.000000,0.000000,0.000000,0.000000,NA,NA,NA,NA,
458,vector0,NA,NA,NA,NA,NA,NA,NA,NA,NA,NA,NA,NA,1.509091,2490,0.212168,0.212168,0.215483,0.213825,2,0.005830,2,0.003525,16.250000,16.125000,NA,NA,NA,NA,NA,NA,NA,NA,16.000000,0.096414,16.000000,0.113580,
458,vector1,NA,NA,NA,NA,NA,NA,NA,NA,NA,NA,NA,NA,1.510909,2493,0.212168,0.212168,0.215483,0.213825,2,0.005847,2,0.003218,16.250000,16.125000,NA,NA,NA,NA,NA,NA,NA,NA,16.000000,0.096414,16.000000,0.113580,
459,cube0,0.350909,579,0.000000,0.000000,0.001658,0.001658,3,0.000043,2,0.000034,1,0.000017,NA,NA,NA,NA,NA,NA,NA,NA,NA,NA,0.125000,0.125000,0.000000,0.000000,0.500000,0.003325,0.000000,0.000000,0.000000,0.000000,NA,NA,NA,NA,
459,vector0,NA,NA,NA,NA,NA,NA,NA,NA,NA,NA,NA,NA,1.596970,2635,0.212168,0.212168,0.215483,0.213825,2,0.002578,2,0.007008,16.250000,16.125000,NA,NA,NA,NA,NA,NA,NA,NA,16.000000,0.096414,16.000000,0.113580,
459,vector1,NA,NA,NA,NA,NA,NA,NA,NA,NA,NA,NA,NA,1.666667,2750,0.212168,0.212168,0.215483,0.213825,2,0.003910,2,0.006231,16.250000,16.125000,NA,NA,NA,NA,NA,NA,NA,NA,16.000000,0.096414,16.000000,0.113580,
460,cube0,0.346061,571,0.000000,0.000000,0.001658,0.001658,3,0.000043,2,0.000034,1,0.000017,NA,NA,NA,NA,NA,NA,NA,NA,NA,NA,0.125000,0.125000,0.000000,0.000000,0.500000,0.003325,0.000000,0.000000,0.000000,0.000000,NA,NA,NA,NA,
460,vector0,NA,NA,NA,NA,NA,NA,NA,NA,NA,NA,NA,NA,1.501818,2478,0.212168,0.212168,0.215483,0.213825,2,0.005762,2,0.003175,16.250000,16.125000,NA,NA,NA,NA,NA,NA,NA,NA,16.000000,0.096414,16.000000,0.113580,
460,vector1,NA,NA,NA,NA,NA,NA,NA,NA,NA,NA,NA,NA,1.581212,2609,0.212168,0.212168,0.215483,0.213825,2,0.006513,2,0.003329,16.250000,16.125000,NA,NA,NA,NA,NA,NA,NA,NA,16.000000,0.096414,16.000000,0.113580,
461,cube0,0.292121,482,0.000000,0.000000,0.001658,0.001658,3,0.000043,2,0.000034,1,0.000017,NA,NA,NA,NA,NA,NA,NA,NA,NA,NA,0.125000,0.125000,0.000000,0.000000,0.500000,0.003325,0.000000,0.000000,0.000000,0.000000,NA,NA,NA,NA,
461,vector0,NA,NA,NA,NA,NA,NA,NA,NA,NA,NA,NA,NA,1.571515,2593,0.212168,0.212168,0.215483,0.213825,2,0.004285,2,0.007059,16.250000,16.125000,NA,NA,NA,NA,NA,NA,NA,NA,16.000000,0.096414,16.000000,0.113580,
461,vector1,NA,NA,NA,NA,NA,NA,NA,NA,NA,NA,NA,NA,1.753939,2894,0.212168,0.212168,0.215483,0.213825,2,0.005045,2,0.007315,16.250000,16.125000,NA,NA,NA,NA,NA,NA,NA,NA,16.000000,0.096414,16.000000,0.113580,
462,cube0,0.347879,574,0.000000,0.000000,0.001658,0.001658,3,0.000043,2,0.000034,1,0.000017,NA,NA,NA,NA,NA,NA,NA,NA,NA,NA,0.125000,0.125000,0.000000,0.000000,0.500000,0.003325,0.000000,0.000000,0.000000,0.000000,NA,NA,NA,NA,
462,vector0,NA,NA,NA,NA,NA,NA,NA,NA,NA,NA,NA,NA,1.593939,2630,0.212168,0.212168,0.215483,0.213825,2,0.006308,2,0.003210,16.250000,16.125000,NA,NA,NA,NA,NA,NA,NA,NA,16.000000,0.096414,16.000000,0.113580,
462,vector1,NA,NA,NA,NA,NA,NA,NA,NA,NA,NA,NA,NA,1.530909,2526,0.212168,0.212168,0.215483,0.213825,2,0.006112,2,0.003210,16.250000,16.125000,NA,NA,NA,NA,NA,NA,NA,NA,16.000000,0.096414,16.000000,0.113580,
463,cube0,0.292727,483,0.000000,0.000000,0.001658,0.001658,3,0.000043,2,0.000034,1,0.000017,NA,NA,NA,NA,NA,NA,NA,NA,NA,NA,0.125000,0.125000,0.000000,0.000000,0.500000,0.003325,0.000000,0.000000,0.000000,0.000000,NA,NA,NA,NA,
463,vector0,NA,NA,NA,NA,NA,NA,NA,NA,NA,NA,NA,NA,1.798182,2967,0.212168,0.212168,0.215483,0.213825,2,0.005600,2,0.005028,16.250000,16.125000,NA,NA,NA,NA,NA,NA,NA,NA,16.000000,0.096414,16.000000,0.113580,
463,vector1,NA,NA,NA,NA,NA,NA,NA,NA,NA,NA,NA,NA,1.631515,2692,0.212168,0.212168,0.215483,0.213825,2,0.004601,2,0.006846,16.250000,16.125000,NA,NA,NA,NA,NA,NA,NA,NA,16.000000,0.096414,16.000000,0.113580,
464,cube0,0.365455,603,0.000000,0.000000,0.001658,0.001658,3,0.000043,2,0.000034,1,0.000017,NA,NA,NA,NA,NA,NA,NA,NA,NA,NA,0.125000,0.125000,0.000000,0.000000,0.500000,0.003325,0.000000,0.000000,0.000000,0.000000,NA,NA,NA,NA,
464,vector0,NA,NA,NA,NA,NA,NA,NA,NA,NA,NA,NA,NA,1.895758,3128,0.212168,0.212168,0.215483,0.213825,2,0.005762,2,0.003235,16.250000,16.125000,NA,NA,NA,NA,NA,NA,NA,NA,16.000000,0.096414,16.000000,0.113580,
464,vector1,NA,NA,NA,NA,NA,NA,NA,NA,NA,NA,NA,NA,1.486667,2453,0.212168,0.212168,0.215483,0.213825,2,0.005275,2,0.007290,16.250000,16.125000,NA,NA,NA,NA,NA,NA,NA,NA,16.000000,0.096414,16.000000,0.113580,
465,cube0,0.321818,531,0.000000,0.000000,0.001658,0.001658,3,0.000043,2,0.000034,1,0.000017,NA,NA,NA,NA,NA,NA,NA,NA,NA,NA,0.125000,0.125000,0.000000,0.000000,0.500000,0.003325,0.000000,0.000000,0.000000,0.000000,NA,NA,NA,NA,
465,vector0,NA,NA,NA,NA,NA,NA,NA,NA,NA,NA,NA,NA,1.701212,2807,0.212168,0.212168,0.215483,0.213825,2,0.005676,2,0.007554,16.250000,16.125000,NA,NA,NA,NA,NA,NA,NA,NA,16.000000,0.096414,16.000000,0.113580,
465,vector1,NA,NA,NA,NA,NA,NA,NA,NA,NA,NA,NA,NA,1.680606,2773,0.212168,0.212168,0.215483,0.213825,2,0.005907,2,0.005847,16.250000,16.125000,NA,NA,NA,NA,NA,NA,NA,NA,16.000000,0.096414,16.000000,0.113580,
466,cube0,0.315758,521,0.000000,0.000000,0.001658,0.001658,3,0.000043,2,0.000034,1,0.000017,NA,NA,NA,NA,NA,NA,NA,NA,NA,NA,0.125000,0.125000,0.000000,0.000000,0.500000,0.003325,0.000000,0.000000,0.000000,0.000000,NA,NA,NA,NA,
466,vector0,NA,NA,NA,NA,NA,NA,NA,NA,NA,NA,NA,NA,1.396364,2304,0.212168,0.212168,0.215483,0.213825,2,0.004439,2,0.003312,16.250000,16.125000,NA,NA,NA,NA,NA,NA,NA,NA,16.000000,0.096414,16.000000,0.113580,
466,vector1,NA,NA,NA,NA,NA,NA,NA,NA,NA,NA,NA,NA,1.516970,2503,0.212168,0.212168,0.215483,0.213825,2,0.006035,2,0.003056,16.250000,16.125000,NA,NA,NA,NA,NA,NA,NA,NA,16.000000,0.096414,16.000000,0.113580,
467,cube0,0.340606,562,0.000000,0.000000,0.001658,0.001658,3,0.000043,2,0.000034,1,0.000017,NA,NA,NA,NA,NA,NA,NA,NA,NA,NA,0.125000,0.125000,0.000000,0.000000,0.500000,0.003325,0.000000,0.000000,0.000000,0.000000,NA,NA,NA,NA,
467,vector0,NA,NA,NA,NA,NA,NA,NA,NA,NA,NA,NA,NA,1.452727,2397,0.212168,0.212168,0.215483,0.213825,2,0.002689,2,0.006701,16.250000,16.125000,NA,NA,NA,NA,NA,NA,NA,NA,16.000000,0.096414,16.000000,0.113580,
467,vector1,NA,NA,NA,NA,NA,NA,NA,NA,NA,NA,NA,NA,1.779394,2936,0.212168,0.212168,0.215483,0.213825,2,0.005694,2,0.006530,16.250000,16.125000,NA,NA,NA,NA,NA,NA,NA,NA,16.000000,0.096414,16.000000,0.113580,
468,cube0,0.318182,525,0.000000,0.000000,0.001658,0.001658,3,0.000043,2,0.000034,1,0.000017,NA,NA,NA,NA,NA,NA,NA,NA,NA,NA,0.125000,0.125000,0.000000,0.000000,0.500000,0.003325,0.000000,0.000000,0.000000,0.000000,NA,NA,NA,NA,
468,vector0,NA,NA,NA,NA,NA,NA,NA,NA,NA,NA,NA,NA,1.538788,2539,0.212168,0.212168,0.215483,0.213825,2,0.006624,2,0.003099,16.250000,16.125000,NA,NA,NA,NA,NA,NA,NA,NA,16.000000,0.096414,16.000000,0.113580,
468,vector1,NA,NA,NA,NA,NA,NA,NA,NA,NA,NA,NA,NA,1.455152,2401,0.212168,0.212168,0.215483,0.213825,2,0.005036,2,0.003329,16.250000,16.125000,NA,NA,NA,NA,NA,NA,NA,NA,16.000000,0.096414,16.000000,0.113580,
469,cube0,0.353333,583,0.000000,0.000000,0.001658,0.001658,3,0.000043,2,0.000034,1,0.000017,NA,NA,NA,NA,NA,NA,NA,NA,NA,NA,0.125000,0.125000,0.000000,0.000000,0.500000,0.003325,0.000000,0.000000,0.000000,0.000000,NA,NA,NA,NA,
469,vector0,NA,NA,NA,NA,NA,NA,NA,NA,NA,NA,NA,NA,1.676364,2766,0.212168,0.212168,0.215483,0.213825,2,0.004609,2,0.006923,16.250000,16.125000,NA,NA,NA,NA,NA,NA,NA,NA,16.000000,0.096414,16.000000,0.113580,
469,vector1,NA,NA,NA,NA,NA,NA,NA,NA,NA,NA,NA,NA,1.590909,2625,0.212168,0.212168,0.215483,0.213825,2,0.004558,2,0.005241,16.250000,16.125000,NA,NA,NA,NA,NA,NA,NA,NA,16.000000,0.096414,16.000000,0.113580,
470,cube0,0.329697,544,0.000000,0.000000,0.001658,0.001658,3,0.000043,2,0.000034,1,0.000017,NA,NA,NA,NA,NA,NA,NA,NA,NA,NA,0.125000,0.125000,0.000000,0.000000,0.500000,0.003325,0.000000,0.000000,0.000000,0.000000,NA,NA,NA,NA,
470,vector0,NA,NA,NA,NA,NA,NA,NA,NA,NA,NA,NA,NA,1.524848,2516,0.212168,0.212168,0.215483,0.213825,2,0.006180,2,0.004703,16.250000,16.125000,NA,NA,NA,NA,NA,NA,NA,NA,16.000000,0.096414,16.000000,0.113580,
470,vector1,NA,NA,NA,NA,NA,NA,NA,NA,NA,NA,NA,NA,1.533333,2530,0.212168,0.212168,0.215483,0.213825,2,0.006231,2,0.003662,16.250000,16.125000,NA,NA,NA,NA,NA,NA,NA,NA,16.000000,0.096414,16.000000,0.113580,
471,cube0,0.372121,614,0.000000,0.000000,0.001658,0.001658,3,0.000043,2,0.000034,1,0.000017,NA,NA,NA,NA,NA,NA,NA,NA,NA,NA,0.125000,0.125000,0.000000,0.000000,0.500000,0.003325,0.000000,0.000000,0.000000,0.000000,NA,NA,NA,NA,
471,vector0,NA,NA,NA,NA,NA,NA,NA,NA,NA,NA,NA,NA,1.599394,2639,0.212168,0.212168,0.215483,0.213825,2,0.004567,2,0.007128,16.250000,16.125000,NA,NA,NA,NA,NA,NA,NA,NA,16.000000,0.096414,16.000000,0.113580,
471,vector1,NA,NA,NA,NA,NA,NA,NA,NA,NA,NA,NA,NA,1.582424,2611,0.212168,0.212168,0.215483,0.213825,2,0.004311,2,0.005711,16.250000,16.125000,NA,NA,NA,NA,NA,NA,NA,NA,16.000000,0.096414,16.000000,0.113580,
472,cube0,0.305455,504,0.000000,0.000000,0.001658,0.001658,3,0.000043,2,0.000034,1,0.000017,NA,NA,NA,NA,NA,NA,NA,NA,NA,NA,0.125000,0.125000,0.000000,0.000000,0.500000,0.003325,0.000000,0.000000,0.000000,0.000000,NA,NA,NA,NA,
472,vector0,NA,NA,NA,NA,NA,NA,NA,NA,NA,NA,NA,NA,1.841818,3039,0.212168,0.212168,0.215483,0.213825,2,0.006146,2,0.007546,16.250000,16.125000,NA,NA,NA,NA,NA,NA,NA,NA,16.000000,0.096414,16.000000,0.113580,
472,vector1,NA,NA,NA,NA,NA,NA,NA,NA,NA,NA,NA,NA,1.399394,2309,0.212168,0.212168,0.215483,0.213825,2,0.004225,2,0.003406,16.250000,16.125000,NA,NA,NA,NA,NA,NA,NA,NA,16.000000,0.096414,16.000000,0.113580,
473,cube0,0.312121,515,0.000000,0.000000,0.001658,0.001658,3,0.000043,2,0.000034,1,0.000017,NA,NA,NA,NA,NA,NA,NA,NA,NA,NA,0.125000,0.125000,0.000000,0.000000,0.500000,0.003325,0.000000,0.000000,0.000000,0.000000,NA,NA,NA,NA,
473,vector0,NA,NA,NA,NA,NA,NA,NA,NA,NA,NA,NA,NA,1.775758,2930,0.212168,0.212168,0.215483,0.213825,2,0.005514,2,0.003901,16.250000,16.125000,NA,NA,NA,NA,NA,NA,NA,NA,16.000000,0.096414,16.000000,0.113580,
473,vector1,NA,NA,NA,NA,NA,NA,NA,NA,NA,NA,NA,NA,1.395151,2302,0.212168,0.212168,0.215483,0.213825,2,0.002936,2,0.007648,16.250000,16.125000,NA,NA,NA,NA,NA,NA,NA,NA,16.000000,0.096414,16.000000,0.113580,
474,cube0,0.319394,527,0.000000,0.000000,0.001658,0.001658,3,0.000043,2,0.000034,1,0.000017,NA,NA,NA,NA,NA,NA,NA,NA,NA,NA,0.125000,0.125000,0.000000,0.000000,0.500000,0.003325,0.000000,0.000000,0.000000,0.000000,NA,NA,NA,NA,
474,vector0,NA,NA,NA,NA,NA,NA,NA,NA,NA,NA,NA,NA,1.552121,2561,0.212168,0.212168,0.215483,0.213825,2,0.006248,2,0.003278,16.250000,16.125000,NA,NA,NA,NA,NA,NA,NA,NA,16.000000,0.096414,16.000000,0.113580,
474,vector1,NA,NA,NA,NA,NA,NA,NA,NA,NA,NA,NA,NA,1.525455,2517,0.212168,0.212168,0.215483,0.213825,2,0.006044,2,0.003423,16.250000,16.125000,NA,NA,NA,NA,NA,NA,NA,NA,16.000000,0.096414,16.000000,0.113580,
475,cube0,0.351515,580,0.000000,0.000000,0.001658,0.001658,3,0.000043,2,0.000034,1,0.000017,NA,NA,NA,NA,NA,NA,NA,NA,NA,NA,0.125000,0.125000,0.000000,0.000000,0.500000,0.003325,0.000000,0.000000,0.000000,0.000000,NA,NA,NA,NA,
475,vector0,NA,NA,NA,NA,NA,NA,NA,NA,NA,NA,NA,NA,1.761818,2907,0.212168,0.212168,0.215483,0.213825,2,0.004866,2,0.005583,16.250000,16.125000,NA,NA,NA,NA,NA,NA,NA,NA,16.000000,0.096414,16.000000,0.113580,
475,vector1,NA,NA,NA,NA,NA,NA,NA,NA,NA,NA,NA,NA,1.609697,2656,0.212168,0.212168,0.215483,0.213825,2,0.003039,2,0.007085,16.250000,16.125000,NA,NA,NA,NA,NA,NA,NA,NA,16.000000,0.096414,16.000000,0.113580,
476,cube0,0.347273,573,0.000000,0.000000,0.001658,0.001658,3,0.000043,2,0.000034,1,0.000017,NA,NA,NA,NA,NA,NA,NA,NA,NA,NA,0.125000,0.125000,0.000000,0.000000,0.500000,0.003325,0.000000,0.000000,0.000000,0.000000,NA,NA,NA,NA,
476,vector0,NA,NA,NA,NA,NA,NA,NA,NA,NA,NA,NA,NA,1.541212,2543,0.212168,0.212168,0.215483,0.213825,2,0.005975,2,0.003235,16.250000,16.125000,NA,NA,NA,NA,NA,NA,NA,NA,16.000000,0.096414,16.000000,0.113580,
476,vector1,NA,NA,NA,NA,NA,NA,NA,NA,NA,NA,NA,NA,1.472121,2429,0.212168,0.212168,0.215483,0.213825,2,0.005318,2,0.003141,16.250000,16.125000,NA,NA,NA,NA,NA,NA,NA,NA,16.000000,0.096414,16.000000,0.113580,
477,cube0,0.307273,507,0.000000,0.000000,0.001658,0.001658,3,0.000043,2,0.000034,1,0.000017,NA,NA,NA,NA,NA,NA,NA,NA,NA,NA,0.125000,0.125000,0.000000,0.000000,0.500000,0.003325,0.000000,0.000000,0.000000,0.000000,NA,NA,NA,NA,
477,vector0,NA,NA,NA,NA,NA,NA,NA,NA,NA,NA,NA,NA,1.726061,2848,0.212168,0.212168,0.215483,0.213825,2,0.004686,2,0.005250,16.250000,16.125000,NA,NA,NA,NA,NA,NA,NA,NA,16.000000,0.096414,16.000000,0.113580,
477,vector1,NA,NA,NA,NA,NA,NA,NA,NA,NA,NA,NA,NA,1.487273,2454,0.212168,0.212168,0.215483,0.213825,2,0.003235,2,0.006829,16.250000,16.125000,NA,NA,NA,NA,NA,NA,NA,NA,16.000000,0.096414,16.000000,0.113580,
478,cube0,0.365455,603,0.000000,0.000000,0.001658,0.001658,3,0.000043,2,0.000034,1,0.000017,NA,NA,NA,NA,NA,NA,NA,NA,NA,NA,0.125000,0.125000,0.000000,0.000000,0.500000,0.003325,0.000000,0.000000,0.000000,0.000000,NA,NA,NA,NA,
478,vector0,NA,NA,NA,NA,NA,NA,NA,NA,NA,NA,NA,NA,1.606061,2650,0.212168,0.212168,0.215483,0.213825,2,0.006615,2,0.003423,16.250000,16.125000,NA,NA,NA,NA,NA,NA,NA,NA,16.000000,0.096414,16.000000,0.113580,
478,vector1,NA,NA,NA,NA,NA,NA,NA,NA,NA,NA,NA,NA,1.806061,2980,0.212168,0.212168,0.215483,0.213825,2,0.006223,2,0.003175,16.250000,16.125000,NA,NA,NA,NA,NA,NA,NA,NA,16.000000,0.096414,16.000000,0.113580,
479,cube0,0.350303,578,0.000000,0.000000,0.001658,0.001658,3,0.000043,2,0.000034,1,0.000017,NA,NA,NA,NA,NA,NA,NA,NA,NA,NA,0.125000,0.125000,0.000000,0.000000,0.500000,0.003325,0.000000,0.000000,0.000000,0.000000,NA,NA,NA,NA,
479,vector0,NA,NA,NA,NA,NA,NA,NA,NA,NA,NA,NA,NA,1.613939,2663,0.212168,0.212168,0.215483,0.213825,2,0.004942,2,0.006803,16.250000,16.125000,NA,NA,NA,NA,NA,NA,NA,NA,16.000000,0.096414,16.000000,0.113580,
479,vector1,NA,NA,NA,NA,NA,NA,NA,NA,NA,NA,NA,NA,1.666667,2750,0.212168,0.212168,0.215483,0.213825,2,0.003858,2,0.005617,16.250000,16.125000,NA,NA,NA,NA,NA,NA,NA,NA,16.000000,0.096414,16.000000,0.113580,
480,cube0,0.350303,578,0.000000,0.000000,0.001658,0.001658,3,0.000043,2,0.000034,1,0.000017,NA,NA,NA,NA,NA,NA,NA,NA,NA,NA,0.125000,0.125000,0.000000,0.000000,0.500000,0.003325,0.000000,0.000000,0.000000,0.000000,NA,NA,NA,NA,
480,vector0,NA,NA,NA,NA,NA,NA,NA,NA,NA,NA,NA,NA,1.488485,2456,0.212168,0.212168,0.215483,0.213825,2,0.005625,2,0.003312,16.250000,16.125000,NA,NA,NA,NA,NA,NA,NA,NA,16.000000,0.096414,16.000000,0.113580,
480,vector1,NA,NA,NA,NA,NA,NA,NA,NA,NA,NA,NA,NA,1.636364,2700,0.212168,0.212168,0.215483,0.213825,2,0.005583,2,0.003158,16.250000,16.125000,NA,NA,NA,NA,NA,NA,NA,NA,16.000000,0.096414,16.000000,0.113580,
481,cube0,0.287879,475,0.000000,0.000000,0.001658,0.001658,3,0.000043,2,0.000034,1,0.000017,NA,NA,NA,NA,NA,NA,NA,NA,NA,NA,0.125000,0.125000,0.000000,0.000000,0.500000,0.003325,0.000000,0.000000,0.000000,0.000000,NA,NA,NA,NA,
481,vector0,NA,NA,NA,NA,NA,NA,NA,NA,NA,NA,NA,NA,1.657576,2735,0.212168,0.212168,0.215483,0.213825,2,0.003628,2,0.006726,16.250000,16.125000,NA,NA,NA,NA,NA,NA,NA,NA,16.000000,0.096414,16.000000,0.113580,
481,vector1,NA,NA,NA,NA,NA,NA,NA,NA,NA,NA,NA,NA,1.378182,2274,0.212168,0.212168,0.215483,0.213825,2,0.004063,2,0.007145,16.250000,16.125000,NA,NA,NA,NA,NA,NA,NA,NA,16.000000,0.096414,16.000000,0.113580,
482,cube0,0.347879,574,0.000000,0.000000,0.001658,0.001658,3,0.000043,2,0.000034,1,0.000017,NA,NA,NA,NA,NA,NA,NA,NA,NA,NA,0.125000,0.125000,0.000000,0.000000,0.500000,0.003325,0.000000,0.000000,0.000000,0.000000,NA,NA,NA,NA,
482,vector0,NA,NA,NA,NA,NA,NA,NA,NA,NA,NA,NA,NA,1.479394,2441,0.212168,0.212168,0.215483,0.213825,2,0.005762,2,0.003218,16.250000,16.125000,NA,NA,NA,NA,NA,NA,NA,NA,16.000000,0.096414,16.000000,0.113580,
482,vector1,NA,NA,NA,NA,NA,NA,NA,NA,NA,NA,NA,NA,1.592121,2627,0.212168,0.212168,0.215483,0.213825,2,0.006897,2,0.003158,16.250000,16.125000,NA,NA,NA,NA,NA,NA,NA,NA,16.000000,0.096414,16.000000,0.113580,
483,cube0,0.293939,485,0.000000,0.000000,0.001658,0.001658,3,0.000043,2,0.000034,1,0.000017,NA,NA,NA,NA,NA,NA,NA,NA,NA,NA,0.125000,0.125000,0.000000,0.000000,0.500000,0.003325,0.000000,0.000000,0.000000,0.000000,NA,NA,NA,NA,
483,vector0,NA,NA,NA,NA,NA,NA,NA,NA,NA,NA,NA,NA,1.553333,2563,0.212168,0.212168,0.215483,0.213825,2,0.003756,2,0.006342,16.250000,16.125000,NA,NA,NA,NA,NA,NA,NA,NA,16.000000,0.096414,16.000000,0.113580,
483,vector1,NA,NA,NA,NA,NA,NA,NA,NA,NA,NA,NA,NA,1.744848,2879,0.212168,0.212168,0.215483,0.213825,2,0.004883,2,0.005600,16.250000,16.125000,NA,NA,NA,NA,NA,NA,NA,NA,16.000000,0.096414,16.000000,0.113580,
484,cube0,0.365455,603,0.000000,0.000000,0.001658,0.001658,3,0.000043,2,0.000034,1,0.000017,NA,NA,NA,NA,NA,NA,NA,NA,NA,NA,0.125000,0.125000,0.000000,0.000000,0.500000,0.003325,0.000000,0.000000,0.000000,0.000000,NA,NA,NA,NA,
484,vector0,NA,NA,NA,NA,NA,NA,NA,NA,NA,NA,NA,NA,1.509091,2490,0.212168,0.212168,0.215483,0.213825,2,0.004072,2,0.003210,16.250000,16.125000,NA,NA,NA,NA,NA,NA,NA,NA,16.000000,0.096414,16.000000,0.113580,
484,vector1,NA,NA,NA,NA,NA,NA,NA,NA,NA,NA,NA,NA,1.466061,2419,0.212168,0.212168,0.215483,0.213825,2,0.005369,2,0.003346,16.250000,16.125000,NA,NA,NA,NA,NA,NA,NA,NA,16.000000,0.096414,16.000000,0.113580,
485,cube0,0.323030,533,0.000000,0.000000,0.001658,0.001658,3,0.000043,2,0.000034,1,0.000017,NA,NA,NA,NA,NA,NA,NA,NA,NA,NA,0.125000,0.125000,0.000000,0.000000,0.500000,0.003325,0.000000,0.000000,0.000000,0.000000,NA,NA,NA,NA,
485,vector0,NA,NA,NA,NA,NA,NA,NA,NA,NA,NA,NA,NA,1.562424,2578,0.212168,0.212168,0.215483,0.213825,2,0.002962,2,0.006633,16.250000,16.125000,NA,NA,NA,NA,NA,NA,NA,NA,16.000000,0.096414,16.000000,0.113580,
485,vector1,NA,NA,NA,NA,NA,NA,NA,NA,NA,NA,NA,NA,1.618182,2670,0.212168,0.212168,0.215483,0.213825,2,0.004029,2,0.005233,16.250000,16.125000,NA,NA,NA,NA,NA,NA,NA,NA,16.000000,0.096414,16.000000,0.113580,
486,cube0,0.310303,512,0.000000,0.000000,0.001658,0.001658,3,0.000043,2,0.000034,1,0.000017,NA,NA,NA,NA,NA,NA,NA,NA,NA,NA,0.125000,0.125000,0.000000,0.000000,0.500000,0.003325,0.000000,0.000000,0.000000,0.000000,NA,NA,NA,NA,
486,vector0,NA,NA,NA,NA,NA,NA,NA,NA,NA,NA,NA,NA,1.493333,2464,0.212168,0.212168,0.215483,0.213825,2,0.005745,2,0.003303,16.250000,16.125000,NA,NA,NA,NA,NA,NA,NA,NA,16.000000,0.096414,16.000000,0.113580,
486,vector1,NA,NA,NA,NA,NA,NA,NA,NA,NA,NA,NA,NA,1.529697,2524,0.212168,0.212168,0.215483,0.213825,2,0.006445,2,0.003124,16.250000,16.125000,NA,NA,NA,NA,NA,NA,NA,NA,16.000000,0.096414,16.000000,0.113580,
487,cube0,0.340606,562,0.000000,0.000000,0.001658,0.001658,3,0.000043,2,0.000034,1,0.000017,NA,NA,NA,NA,NA,NA,NA,NA,NA,NA,0.125000,0.125000,0.000000,0.000000,0.500000,0.003325,0.000000,0.000000,0.000000,0.000000,NA,NA,NA,NA,
487,vector0,NA,NA,NA,NA,NA,NA,NA,NA,NA,NA,NA,NA,1.650303,2723,0.212168,0.212168,0.215483,0.213825,2,0.004678,2,0.004550,16.250000,16.125000,NA,NA,NA,NA,NA,NA,NA,NA,16.000000,0.096414,16.000000,0.113580,
487,vector1,NA,NA,NA,NA,NA,NA,NA,NA,NA,NA,NA,NA,1.776364,2931,0.212168,0.212168,0.215483,0.213825,2,0.005873,2,0.005659,16.250000,16.125000,NA,NA,NA,NA,NA,NA,NA,NA,16.000000,0.096414,16.000000,0.113580,
488,cube0,0.315758,521,0.000000,0.000000,0.001658,0.001658,3,0.000043,2,0.000034,1,0.000017,NA,NA,NA,NA,NA,NA,NA,NA,NA,NA,0.125000,0.125000,0.000000,0.000000,0.500000,0.003325,0.000000,0.000000,0.000000,0.000000,NA,NA,NA,NA,
488,vector0,NA,NA,NA,NA,NA,NA,NA,NA,NA,NA,NA,NA,1.520000,2508,0.212168,0.212168,0.215483,0.213825,2,0.005941,2,0.003824,16.250000,16.125000,NA,NA,NA,NA,NA,NA,NA,NA,16.000000,0.096414,16.000000,0.113580,
488,vector1,NA,NA,NA,NA,NA,NA,NA,NA,NA,NA,NA,NA,1.501212,2477,0.212168,0.212168,0.215483,0.213825,2,0.005813,2,0.003491,16.250000,16.125000,NA,NA,NA,NA,NA,NA,NA,NA,16.000000,0.096414,16.000000,0.113580,
489,cube0,0.355152,586,0.000000,0.000000,0.001658,0.001658,3,0.000043,2,0.000034,1,0.000017,NA,NA,NA,NA,NA,NA,NA,NA,NA,NA,0.125000,0.125000,0.000000,0.000000,0.500000,0.003325,0.000000,0.000000,0.000000,0.000000,NA,NA,NA,NA,
489,vector0,NA,NA,NA,NA,NA,NA,NA,NA,NA,NA,NA,NA,1.676364,2766,0.212168,0.212168,0.215483,0.213825,2,0.004524,2,0.005873,16.250000,16.125000,NA,NA,NA,NA,NA,NA,NA,NA,16.000000,0.096414,16.000000,0.113580,
489,vector1,NA,NA,NA,NA,NA,NA,NA,NA,NA,NA,NA,NA,1.573333,2596,0.212168,0.212168,0.215483,0.213825,2,0.004396,2,0.005745,16.250000,16.125000,NA,NA,NA,NA,NA,NA,NA,NA,16.000000,0.096414,16.000000,0.113580,
490,cube0,0.332727,549,0.000000,0.000000,0.001658,0.001658,3,0.000043,2,0.000034,1,0.000017,NA,NA,NA,NA,NA,NA,NA,NA,NA,NA,0.125000,0.125000,0.000000,0.000000,0.500000,0.003325,0.000000,0.000000,0.000000,0.000000,NA,NA,NA,NA,
490,vector0,NA,NA,NA,NA,NA,NA,NA,NA,NA,NA,NA,NA,1.410303,2327,0.212168,0.212168,0.215483,0.213825,2,0.004149,2,0.007597,16.250000,16.125000,NA,NA,NA,NA,NA,NA,NA,NA,16.000000,0.096414,16.000000,0.113580,
490,vector1,NA,NA,NA,NA,NA,NA,NA,NA,NA,NA,NA,NA,1.552121,2561,0.212168,0.212168,0.215483,0.213825,2,0.006197,2,0.003312,16.250000,16.125000,NA,NA,NA,NA,NA,NA,NA,NA,16.000000,0.096414,16.000000,0.113580,
491,cube0,0.375758,620,0.000000,0.000000,0.001658,0.001658,3,0.000043,2,0.000034,1,0.000017,NA,NA,NA,NA,NA,NA,NA,NA,NA,NA,0.125000,0.125000,0.000000,0.000000,0.500000,0.003325,0.000000,0.000000,0.000000,0.000000,NA,NA,NA,NA,
491,vector0,NA,NA,NA,NA,NA,NA,NA,NA,NA,NA,NA,NA,1.487879,2455,0.212168,0.212168,0.215483,0.213825,2,0.003082,2,0.004242,16.250000,16.125000,NA,NA,NA,NA,NA,NA,NA,NA,16.000000,0.096414,16.000000,0.113580,
491,vector1,NA,NA,NA,NA,NA,NA,NA,NA,NA,NA,NA,NA,1.751515,2890,0.212168,0.212168,0.215483,0.213825,2,0.005497,2,0.006223,16.250000,16.125000,NA,NA,NA,NA,NA,NA,NA,NA,16.000000,0.096414,16.000000,0.113580,
492,cube0,0.306061,505,0.000000,0.000000,0.001658,0.001658,3,0.000043,2,0.000034,1,0.000017,NA,NA,NA,NA,NA,NA,NA,NA,NA,NA,0.125000,0.125000,0.000000,0.000000,0.500000,0.003325,0.000000,0.000000,0.000000,0.000000,NA,NA,NA,NA,
492,vector0,NA,NA,NA,NA,NA,NA,NA,NA,NA,NA,NA,NA,1.563030,2579,0.212168,0.212168,0.215483,0.213825,2,0.006231,2,0.003406,16.250000,16.125000,NA,NA,NA,NA,NA,NA,NA,NA,16.000000,0.096414,16.000000,0.113580,
492,vector1,NA,NA,NA,NA,NA,NA,NA,NA,NA,NA,NA,NA,1.524242,2515,0.212168,0.212168,0.215483,0.213825,2,0.005753,2,0.003423,16.250000,16.125000,NA,NA,NA,NA,NA,NA,NA,NA,16.000000,0.096414,16.000000,0.113580,
493,cube0,0.310303,512,0.000000,0.000000,0.001658,0.001658,3,0.000043,2,0.000034,1,0.000017,NA,NA,NA,NA,NA,NA,NA,NA,NA,NA,0.125000,0.125000,0.000000,0.000000,0.500000,0.003325,0.000000,0.000000,0.000000,0.000000,NA,NA,NA,NA,
493,vector0,NA,NA,NA,NA,NA,NA,NA,NA,NA,NA,NA,NA,1.787273,2949,0.212168,0.212168,0.215483,0.213825,2,0.005309,2,0.004499,16.250000,16.125000,NA,NA,NA,NA,NA,NA,NA,NA,16.000000,0.096414,16.000000,0.113580,
493,vector1,NA,NA,NA,NA,NA,NA,NA,NA,NA,NA,NA,NA,1.680606,2773,0.212168,0.212168,0.215483,0.213825,2,0.004183,2,0.006018,16.250000,16.125000,NA,NA,NA,NA,NA,NA,NA,NA,16.000000,0.096414,16.000000,0.113580,
494,cube0,0.320000,528,0.000000,0.000000,0.001658,0.001658,3,0.000043,2,0.000034,1,0.000017,NA,NA,NA,NA,NA,NA,NA,NA,NA,NA,0.125000,0.125000,0.000000,0.000000,0.500000,0.003325,0.000000,0.000000,0.000000,0.000000,NA,NA,NA,NA,
494,vector0,NA,NA,NA,NA,NA,NA,NA,NA,NA,NA,NA,NA,1.520000,2508,0.212168,0.212168,0.215483,0.213825,2,0.005992,2,0.003303,16.250000,16.125000,NA,NA,NA,NA,NA,NA,NA,NA,16.000000,0.096414,16.000000,0.113580,
494,vector1,NA,NA,NA,NA,NA,NA,NA,NA,NA,NA,NA,NA,1.559394,2573,0.212168,0.212168,0.215483,0.213825,2,0.006223,2,0.003321,16.250000,16.125000,NA,NA,NA,NA,NA,NA,NA,NA,16.000000,0.096414,16.000000,0.113580,
495,cube0,0.350909,579,0.000000,0.000000,0.001658,0.001658,3,0.000043,2,0.000034,1,0.000017,NA,NA,NA,NA,NA,NA,NA,NA,NA,NA,0.125000,0.125000,0.000000,0.000000,0.500000,0.003325,0.000000,0.000000,0.000000,0.000000,NA,NA,NA,NA,
495,vector0,NA,NA,NA,NA,NA,NA,NA,NA,NA,NA,NA,NA,1.800000,2970,0.212168,0.212168,0.215483,0.213825,2,0.005856,2,0.006803,16.250000,16.125000,NA,NA,NA,NA,NA,NA,NA,NA,16.000000,0.096414,16.000000,0.113580,
495,vector1,NA,NA,NA,NA,NA,NA,NA,NA,NA,NA,NA,NA,1.831515,3022,0.212168,0.212168,0.215483,0.213825,2,0.006155,2,0.005702,16.250000,16.125000,NA,NA,NA,NA,NA,NA,NA,NA,16.000000,0.096414,16.000000,0.113580,
496,cube0,0.344242,568,0.000000,0.000000,0.001658,0.001658,3,0.000043,2,0.000034,1,0.000017,NA,NA,NA,NA,NA,NA,NA,NA,NA,NA,0.125000,0.125000,0.000000,0.000000,0.500000,0.003325,0.000000,0.000000,0.000000,0.000000,NA,NA,NA,NA,
496,vector0,NA,NA,NA,NA,NA,NA,NA,NA,NA,NA,NA,NA,1.440000,2376,0.212168,0.212168,0.215483,0.213825,2,0.004780,2,0.003636,16.250000,16.125000,NA,NA,NA,NA,NA,NA,NA,NA,16.000000,0.096414,16.000000,0.113580,
496,vector1,NA,NA,NA,NA,NA,NA,NA,NA,NA,NA,NA,NA,1.540606,2542,0.212168,0.212168,0.215483,0.213825,2,0.006265,2,0.004840,16.250000,16.125000,NA,NA,NA,NA,NA,NA,NA,NA,16.000000,0.096414,16.000000,0.113580,
497,cube0,0.308485,509,0.000000,0.000000,0.001658,0.001658,3,0.000043,2,0.000034,1,0.000017,NA,NA,NA,NA,NA,NA,NA,NA,NA,NA,0.125000,0.125000,0.000000,0.000000,0.500000,0.003325,0.000000,0.000000,0.000000,0.000000,NA,NA,NA,NA,
497,vector0,NA,NA,NA,NA,NA,NA,NA,NA,NA,NA,NA,NA,1.481818,2445,0.212168,0.212168,0.215483,0.213825,2,0.002971,2,0.007051,16.250000,16.125000,NA,NA,NA,NA,NA,NA,NA,NA,16.000000,0.096414,16.000000,0.113580,
497,vector1,NA,NA,NA,NA,NA,NA,NA,NA,NA,NA,NA,NA,1.656364,2733,0.212168,0.212168,0.215483,0.213825,2,0.003594,2,0.007102,16.250000,16.125000,NA,NA,NA,NA,NA,NA,NA,NA,16.000000,0.096414,16.000000,0.113580,
498,cube0,0.365455,603,0.000000,0.000000,0.001658,0.001658,3,0.000043,2,0.000034,1,0.000017,NA,NA,NA,NA,NA,NA,NA,NA,NA,NA,0.125000,0.125000,0.000000,0.000000,0.500000,0.003325,0.000000,0.000000,0.000000,0.000000,NA,NA,NA,NA,
498,vector0,NA,NA,NA,NA,NA,NA,NA,NA,NA,NA,NA,NA,1.536970,2536,0.212168,0.212168,0.215483,0.213825,2,0.005719,2,0.003210,16.250000,16.125000,NA,NA,NA,NA,NA,NA,NA,NA,16.000000,0.096414,16.000000,0.113580,
498,vector1,NA,NA,NA,NA,NA,NA,NA,NA,NA,NA,NA,NA,1.480606,2443,0.212168,0.212168,0.215483,0.213825,2,0.005275,2,0.003466,16.250000,16.125000,NA,NA,NA,NA,NA,NA,NA,NA,16.000000,0.096414,16.000000,0.113580,
499,cube0,0.349091,576,0.000000,0.000000,0.001658,0.001658,3,0.000043,2,0.000034,1,0.000017,NA,NA,NA,NA,NA,NA,NA,NA,NA,NA,0.125000,0.125000,0.000000,0.000000,0.500000,0.003325,0.000000,0.000000,0.000000,0.000000,NA,NA,NA,NA,
499,vector0,NA,NA,NA,NA,NA,NA,NA,NA,NA,NA,NA,NA,1.618182,2670,0.212168,0.212168,0.215483,0.213825,2,0.003500,2,0.005156,16.250000,16.125000,NA,NA,NA,NA,NA,NA,NA,NA,16.000000,0.096414,16.000000,0.113580,
499,vector1,NA,NA,NA,NA,NA,NA,NA,NA,NA,NA,NA,NA,1.430909,2361,0.212168,0.212168,0.215483,0.213825,2,0.002544,2,0.007068,16.250000,16.125000,NA,NA,NA,NA,NA,NA,NA,NA,16.000000,0.096414,16.000000,0.113580,
500,cube0,0.347273,573,0.000000,0.000000,0.001658,0.001658,3,0.000043,2,0.000034,1,0.000017,NA,NA,NA,NA,NA,NA,NA,NA,NA,NA,0.125000,0.125000,0.000000,0.000000,0.500000,0.003325,0.000000,0.000000,0.000000,0.000000,NA,NA,NA,NA,
500,vector0,NA,NA,NA,NA,NA,NA,NA,NA,NA,NA,NA,NA,1.531515,2527,0.212168,0.212168,0.215483,0.213825,2,0.006257,2,0.003184,16.250000,16.125000,NA,NA,NA,NA,NA,NA,NA,NA,16.000000,0.096414,16.000000,0.113580,
500,vector1,NA,NA,NA,NA,NA,NA,NA,NA,NA,NA,NA,NA,1.854545,3060,0.212168,0.212168,0.215483,0.213825,2,0.006411,2,0.003312,16.250000,16.125000,NA,NA,NA,NA,NA,NA,NA,NA,16.000000,0.096414,16.000000,0.113580,
501,cube0,0.289091,477,0.000000,0.000000,0.001658,0.001658,3,0.000043,2,0.000034,1,0.000017,NA,NA,NA,NA,NA,NA,NA,NA,NA,NA,0.125000,0.125000,0.000000,0.000000,0.500000,0.003325,0.000000,0.000000,0.000000,0.000000,NA,NA,NA,NA,
501,vector0,NA,NA,NA,NA,NA,NA,NA,NA,NA,NA,NA,NA,1.780000,2937,0.212168,0.212168,0.215483,0.213825,2,0.005275,2,0.007085,16.250000,16.125000,NA,NA,NA,NA,NA,NA,NA,NA,16.000000,0.096414,16.000000,0.113580,
501,vector1,NA,NA,NA,NA,NA,NA,NA,NA,NA,NA,NA,NA,1.545455,2550,0.212168,0.212168,0.215483,0.213825,2,0.006155,2,0.007034,16.250000,16.125000,NA,NA,NA,NA,NA,NA,NA,NA,16.000000,0.096414,16.000000,0.113580,
502,cube0,0.346667,572,0.000000,0.000000,0.001658,0.001658,3,0.000043,2,0.000034,1,0.000017,NA,NA,NA,NA,NA,NA,NA,NA,NA,NA,0.125000,0.125000,0.000000,0.000000,0.500000,0.003325,0.000000,0.000000,0.000000,0.000000,NA,NA,NA,NA,
502,vector0,NA,NA,NA,NA,NA,NA,NA,NA,NA,NA,NA,NA,1.370303,2261,0.212168,0.212168,0.215483,0.213825,2,0.004208,2,0.003064,16.250000,16.125000,NA,NA,NA,NA,NA,NA,NA,NA,16.000000,0.096414,16.000000,0.113580,
502,vector1,NA,NA,NA,NA,NA,NA,NA,NA,NA,NA,NA,NA,1.475152,2434,0.212168,0.212168,0.215483,0.213825,2,0.005369,2,0.003090,16.250000,16.125000,NA,NA,NA,NA,NA,NA,NA,NA,16.000000,0.096414,16.000000,0.113580,
503,cube0,0.293939,485,0.000000,0.000000,0.001658,0.001658,3,0.000043,2,0.000034,1,0.000017,NA,NA,NA,NA,NA,NA,NA,NA,NA,NA,0.125000,0.125000,0.000000,0.000000,0.500000,0.003325,0.000000,0.000000,0.000000,0.000000,NA,NA,NA,NA,
503,vector0,NA,NA,NA,NA,NA,NA,NA,NA,NA,NA,NA,NA,1.534545,2532,0.212168,0.212168,0.215483,0.213825,2,0.003705,2,0.005856,16.250000,16.125000,NA,NA,NA,NA,NA,NA,NA,NA,16.000000,0.096414,16.000000,0.113580,
503,vector1,NA,NA,NA,NA,NA,NA,NA,NA,NA,NA,NA,NA,1.552121,2561,0.212168,0.212168,0.215483,0.213825,2,0.003978,2,0.006846,16.250000,16.125000,NA,NA,NA,NA,NA,NA,NA,NA,16.000000,0.096414,16.000000,0.113580,
504,cube0,0.366061,604,0.000000,0.000000,0.001658,0.001658,3,0.000043,2,0.000034,1,0.000017,NA,NA,NA,NA,NA,NA,NA,NA,NA,NA,0.125000,0.125000,0.000000,0.000000,0.500000,0.003325,0.000000,0.000000,0.000000,0.000000,NA,NA,NA,NA,
504,vector0,NA,NA,NA,NA,NA,NA,NA,NA,NA,NA,NA,NA,1.670909,2757,0.212168,0.212168,0.215483,0.213825,2,0.004396,2,0.003722,16.250000,16.125000,NA,NA,NA,NA,NA,NA,NA,NA,16.000000,0.096414,16.000000,0.113580,
504,vector1,NA,NA,NA,NA,NA,NA,NA,NA,NA,NA,NA,NA,1.558788,2572,0.212168,0.212168,0.215483,0.213825,2,0.006650,2,0.003653,16.250000,16.125000,NA,NA,NA,NA,NA,NA,NA,NA,16.000000,0.096414,16.000000,0.113580,
505,cube0,0.323030,533,0.000000,0.000000,0.001658,0.001658,3,0.000043,2,0.000034,1,0.000017,NA,NA,NA,NA,NA,NA,NA,NA,NA,NA,0.125000,0.125000,0.000000,0.000000,0.500000,0.003325,0.000000,0.000000,0.000000,0.000000,NA,NA,NA,NA,
505,vector0,NA,NA,NA,NA,NA,NA,NA,NA,NA,NA,NA,NA,1.589697,2623,0.212168,0.212168,0.215483,0.213825,2,0.003218,2,0.005642,16.250000,16.125000,NA,NA,NA,NA,NA,NA,NA,NA,16.000000,0.096414,16.000000,0.113580,
505,vector1,NA,NA,NA,NA,NA,NA,NA,NA,NA,NA,NA,NA,1.601212,2642,0.212168,0.212168,0.215483,0.213825,2,0.004396,2,0.007068,16.250000,16.125000,NA,NA,NA,NA,NA,NA,NA,NA,16.000000,0.096414,16.000000,0.113580,
506,cube0,0.319394,527,0.000000,0.000000,0.001658,0.001658,3,0.000043,2,0.000034,1,0.000017,NA,NA,NA,NA,NA,NA,NA,NA,NA,NA,0.125000,0.125000,0.000000,0.000000,0.500000,0.003325,0.000000,0.000000,0.000000,0.000000,NA,NA,NA,NA,
506,vector0,NA,NA,NA,NA,NA,NA,NA,NA,NA,NA,NA,NA,1.427879,2356,0.212168,0.212168,0.215483,0.213825,2,0.004499,2,0.003329,16.250000,16.125000,NA,NA,NA,NA,NA,NA,NA,NA,16.000000,0.096414,16.000000,0.113580,
506,vector1,NA,NA,NA,NA,NA,NA,NA,NA,NA,NA,NA,NA,1.490909,2460,0.212168,0.212168,0.215483,0.213825,2,0.005881,2,0.003201,16.250000,16.125000,NA,NA,NA,NA,NA,NA,NA,NA,16.000000,0.096414,16.000000,0.113580,
507,cube0,0.341212,563,0.000000,0.000000,0.001658,0.001658,3,0.000043,2,0.000034,1,0.000017,NA,NA,NA,NA,NA,NA,NA,NA,NA,NA,0.125000,0.125000,0.000000,0.000000,0.500000,0.003325,0.000000,0.000000,0.000000,0.000000,NA,NA,NA,NA,
507,vector0,NA,NA,NA,NA,NA,NA,NA,NA,NA,NA,NA,NA,1.518182,2505,0.212168,0.212168,0.215483,0.213825,2,0.003628,2,0.006026,16.250000,16.125000,NA,NA,NA,NA,NA,NA,NA,NA,16.000000,0.096414,16.000000,0.113580,
507,vector1,NA,NA,NA,NA,NA,NA,NA,NA,NA,NA,NA,NA,1.711515,2824,0.212168,0.212168,0.215483,0.213825,2,0.005762,2,0.006470,16.250000,16.125000,NA,NA,NA,NA,NA,NA,NA,NA,16.000000,0.096414,16.000000,0.113580,
508,cube0,0.312727,516,0.000000,0.000000,0.001658,0.001658,3,0.000043,2,0.000034,1,0.000017,NA,NA,NA,NA,NA,NA,NA,NA,NA,NA,0.125000,0.125000,0.000000,0.000000,0.500000,0.003325,0.000000,0.000000,0.000000,0.000000,NA,NA,NA,NA,
508,vector0,NA,NA,NA,NA,NA,NA,NA,NA,NA,NA,NA,NA,1.553333,2563,0.212168,0.212168,0.215483,0.213825,2,0.006479,2,0.003466,16.250000,16.125000,NA,NA,NA,NA,NA,NA,NA,NA,16.000000,0.096414,16.000000,0.113580,
508,vector1,NA,NA,NA,NA,NA,NA,NA,NA,NA,NA,NA,NA,1.594545,2631,0.212168,0.212168,0.215483,0.213825,2,0.006974,2,0.006044,16.250000,16.125000,NA,NA,NA,NA,NA,NA,NA,NA,16.000000,0.096414,16.000000,0.113580,
509,cube0,0.352121,581,0.000000,0.000000,0.001658,0.001658,3,0.000043,2,0.000034,1,0.000017,NA,NA,NA,NA,NA,NA,NA,NA,NA,NA,0.125000,0.125000,0.000000,0.000000,0.500000,0.003325,0.000000,0.000000,0.000000,0.000000,NA,NA,NA,NA,
509,vector0,NA,NA,NA,NA,NA,NA,NA,NA,NA,NA,NA,NA,1.701818,2808,0.212168,0.212168,0.215483,0.213825,2,0.004891,2,0.006863,16.250000,16.125000,NA,NA,NA,NA,NA,NA,NA,NA,16.000000,0.096414,16.000000,0.113580,
509,vector1,NA,NA,NA,NA,NA,NA,NA,NA,NA,NA,NA,NA,1.666667,2750,0.212168,0.212168,0.215483,0.213825,2,0.005301,2,0.008101,16.250000,16.125000,NA,NA,NA,NA,NA,NA,NA,NA,16.000000,0.096414,16.000000,0.113580,
510,cube0,0.333333,550,0.000000,0.000000,0.001658,0.001658,3,0.000043,2,0.000034,1,0.000017,NA,NA,NA,NA,NA,NA,NA,NA,NA,NA,0.125000,0.125000,0.000000,0.000000,0.500000,0.003325,0.000000,0.000000,0.000000,0.000000,NA,NA,NA,NA,
510,vector0,NA,NA,NA,NA,NA,NA,NA,NA,NA,NA,NA,NA,1.513333,2497,0.212168,0.212168,0.215483,0.213825,2,0.005668,2,0.003508,16.250000,16.125000,NA,NA,NA,NA,NA,NA,NA,NA,16.000000,0.096414,16.000000,0.113580,
510,vector1,NA,NA,NA,NA,NA,NA,NA,NA,NA,NA,NA,NA,1.850909,3054,0.212168,0.212168,0.215483,0.213825,2,0.006129,2,0.003397,16.250000,16.125000,NA,NA,NA,NA,NA,NA,NA,NA,16.000000,0.096414,16.000000,0.113580,
511,cube0,0.371515,613,0.000000,0.000000,0.001658,0.001658,3,0.000043,2,0.000034,1,0.000017,NA,NA,NA,NA,NA,NA,NA,NA,NA,NA,0.125000,0.125000,0.000000,0.000000,0.500000,0.003325,0.000000,0.000000,0.000000,0.000000,NA,NA,NA,NA,
511,vector0,NA,NA,NA,NA,NA,NA,NA,NA,NA,NA,NA,NA,1.658182,2736,0.212168,0.212168,0.215483,0.213825,2,0.005642,2,0.005446,16.250000,16.125000,NA,NA,NA,NA,NA,NA,NA,NA,16.000000,0.096414,16.000000,0.113580,
511,vector1,NA,NA,NA,NA,NA,NA,NA,NA,NA,NA,NA,NA,1.743636,2877,0.212168,0.212168,0.215483,0.213825,2,0.005950,2,0.006479,16.250000,16.125000,NA,NA,NA,NA,NA,NA,NA,NA,16.000000,0.096414,16.000000,0.113580,
