block_id,sub_block_id,aic_time(us),aic_total_cycles,aic_cube_time(us),aic_cube_ratio,aic_mte1_time(us),aic_mte1_ratio,aic_mte2_time(us),aic_mte2_ratio,aic_mte3_time(us),aic_mte3_ratio,aic_mte3_active_bw(GB/s),aic_fixpipe_time(us),aic_fixpipe_ratio,aic_fixpipe_active_bw(GB/s),aic_icache_miss_rate,aic_scalar_time(us),aic_scalar_ratio,aic_scalar_single_time(us),aic_scalar_dual_time(us),aic_scalar_mte1_stall_time(us),aic_scalar_mte2_stall_time(us),aic_scalar_mte3_stall_time(us),aic_scalar_cube_stall_time(us),aic_scalar_wait_ib_time(us),aic_scalar_wait_time(us),aiv_time(us),aiv_total_cycles,aiv_vec_time(us),aiv_vec_ratio,aiv_mte2_time(us),aiv_mte2_ratio,aiv_mte2_active_bw(GB/s),aiv_mte3_time(us),aiv_mte3_ratio,aiv_mte3_active_bw(GB/s),aiv_icache_miss_rate,aiv_scalar_time(us),aiv_scalar_ratio,aiv_scalar_single_time(us),aiv_scalar_dual_time(us),aiv_scalar_mte2_stall_time(us),aiv_scalar_mte3_stall_time(us),aiv_scalar_stall_by_ub_time(us),aiv_scalar_vector_stall_time(us),aiv_scalar_wait_ib_time(us),aiv_scalar_wait_time(us),
0,cube0,0.451515,745,0.000000,0.000000,0.003030,0.000043,0.002424,0.000034,0.001212,0.000017,393.390656,0.000606,0.000009,0.000000,0.000000,0.409091,0.005762,0.031515,0.040000,0.000000,0.000000,0.000000,0.000000,0.110303,0.000000,NA,NA,NA,NA,NA,NA,NA,NA,NA,NA,NA,NA,NA,NA,NA,NA,NA,NA,NA,NA,NA,
0,vector0,NA,NA,NA,NA,NA,NA,NA,NA,NA,NA,NA,NA,NA,NA,NA,NA,NA,NA,NA,NA,NA,NA,NA,NA,NA,1.615758,2666,0.671515,0.009458,0.395758,0.005574,38.555901,0.234545,0.003303,65.056854,0.000000,0.404848,0.005702,0.032727,0.057576,0.000000,0.000000,0.000000,0.000000,0.113333,0.000000,
0,vector1,NA,NA,NA,NA,NA,NA,NA,NA,NA,NA,NA,NA,NA,NA,NA,NA,NA,NA,NA,NA,NA,NA,NA,NA,NA,1.867879,3082,0.671515,0.009458,0.315758,0.004447,48.324383,0.242424,0.003414,62.942505,0.000000,0.475152,0.006692,0.032727,0.057576,0.000000,0.000000,0.000000,0.000000,0.118182,0.000000,
1,cube0,0.386667,638,0.000000,0.000000,0.003030,0.000043,0.002424,0.000034,0.001212,0.000017,393.390656,0.000606,0.000009,0.000000,0.000000,0.340606,0.004797,0.031515,0.040000,0.000000,0.000000,0.000000,0.000000,0.139394,0.000000,NA,NA,NA,NA,NA,NA,NA,NA,NA,NA,NA,NA,NA,NA,NA,NA,NA,NA,NA,NA,NA,
1,vector0,NA,NA,NA,NA,NA,NA,NA,NA,NA,NA,NA,NA,NA,NA,NA,NA,NA,NA,NA,NA,NA,NA,NA,NA,NA,2.412121,3980,0.671515,0.009458,0.184848,0.002603,82.547546,0.518182,0.007298,29.446787,0.000000,1.367879,0.019266,0.032727,0.057576,0.000000,0.000000,0.000000,0.000000,0.105455,0.000000,
1,vector1,NA,NA,NA,NA,NA,NA,NA,NA,NA,NA,NA,NA,NA,NA,NA,NA,NA,NA,NA,NA,NA,NA,NA,NA,NA,1.503030,2480,0.671515,0.009458,0.303636,0.004277,50.253494,0.367273,0.005173,41.546207,0.000000,0.377576,0.005318,0.032727,0.057576,0.000000,0.000000,0.000000,0.000000,0.126667,0.000000,
2,cube0,0.446667,737,0.000000,0.000000,0.003030,0.000043,0.002424,0.000034,0.001212,0.000017,393.390656,0.000606,0.000009,0.000000,0.000000,0.396364,0.005583,0.031515,0.040000,0.000000,0.000000,0.000000,0.000000,0.113939,0.000000,NA,NA,NA,NA,NA,NA,NA,NA,NA,NA,NA,NA,NA,NA,NA,NA,NA,NA,NA,NA,NA,
2,vector0,NA,NA,NA,NA,NA,NA,NA,NA,NA,NA,NA,NA,NA,NA,NA,NA,NA,NA,NA,NA,NA,NA,NA,NA,NA,2.012121,3320,0.671515,0.009458,0.422424,0.005950,36.121952,0.272727,0.003841,55.948891,0.000000,0.792727,0.011165,0.032727,0.057576,0.000000,0.000000,0.000000,0.000000,0.111515,0.000000,
2,vector1,NA,NA,NA,NA,NA,NA,NA,NA,NA,NA,NA,NA,NA,NA,NA,NA,NA,NA,NA,NA,NA,NA,NA,NA,NA,2.740606,4522,0.671515,0.009458,0.177576,0.002501,85.928337,0.229091,0.003227,66.605827,0.000000,1.682424,0.023696,0.032727,0.057576,0.000000,0.000000,0.000000,0.000000,0.118788,0.000000,
3,cube0,0.393333,649,0.000000,0.000000,0.003030,0.000043,0.002424,0.000034,0.001212,0.000017,393.390656,0.000606,0.000009,0.000000,0.000000,0.341818,0.004814,0.031515,0.040000,0.000000,0.000000,0.000000,0.000000,0.144242,0.000000,NA,NA,NA,NA,NA,NA,NA,NA,NA,NA,NA,NA,NA,NA,NA,NA,NA,NA,NA,NA,NA,
3,vector0,NA,NA,NA,NA,NA,NA,NA,NA,NA,NA,NA,NA,NA,NA,NA,NA,NA,NA,NA,NA,NA,NA,NA,NA,NA,2.831515,4672,0.671515,0.009458,0.236364,0.003329,64.556412,0.348485,0.004908,43.786091,0.000000,1.716364,0.024174,0.032727,0.057576,0.000000,0.000000,0.000000,0.000000,0.120000,0.000000,
3,vector1,NA,NA,NA,NA,NA,NA,NA,NA,NA,NA,NA,NA,NA,NA,NA,NA,NA,NA,NA,NA,NA,NA,NA,NA,NA,1.633333,2695,0.671515,0.009458,0.443030,0.006240,34.441864,0.478182,0.006735,31.910013,0.000000,0.366061,0.005156,0.032727,0.057576,0.000000,0.000000,0.000000,0.000000,0.134545,0.000000,
4,cube0,0.464242,766,0.000000,0.000000,0.003030,0.000043,0.002424,0.000034,0.001212,0.000017,393.390656,0.000606,0.000009,0.000000,0.000000,0.409091,0.005762,0.031515,0.040000,0.000000,0.000000,0.000000,0.000000,0.115758,0.000000,NA,NA,NA,NA,NA,NA,NA,NA,NA,NA,NA,NA,NA,NA,NA,NA,NA,NA,NA,NA,NA,
4,vector0,NA,NA,NA,NA,NA,NA,NA,NA,NA,NA,NA,NA,NA,NA,NA,NA,NA,NA,NA,NA,NA,NA,NA,NA,NA,2.764848,4562,0.671515,0.009458,1.281212,0.018045,11.909652,0.248485,0.003500,61.407322,0.000000,0.394545,0.005557,0.032727,0.057576,0.000000,0.000000,0.000000,0.000000,0.110909,0.000000,
4,vector1,NA,NA,NA,NA,NA,NA,NA,NA,NA,NA,NA,NA,NA,NA,NA,NA,NA,NA,NA,NA,NA,NA,NA,NA,NA,1.745455,2880,0.671515,0.009458,0.558182,0.007862,27.336594,0.515758,0.007264,29.585197,0.000000,0.352121,0.004959,0.032727,0.057576,0.000000,0.000000,0.000000,0.000000,0.127879,0.000000,
5,cube0,0.420606,694,0.000000,0.000000,0.003030,0.000043,0.002424,0.000034,0.001212,0.000017,393.390656,0.000606,0.000009,0.000000,0.000000,0.362424,0.005105,0.031515,0.040000,0.000000,0.000000,0.000000,0.000000,0.120606,0.000000,NA,NA,NA,NA,NA,NA,NA,NA,NA,NA,NA,NA,NA,NA,NA,NA,NA,NA,NA,NA,NA,
5,vector0,NA,NA,NA,NA,NA,NA,NA,NA,NA,NA,NA,NA,NA,NA,NA,NA,NA,NA,NA,NA,NA,NA,NA,NA,NA,2.423636,3999,0.671515,0.009458,1.207879,0.017012,12.632714,0.346061,0.004874,44.092823,0.000000,0.416970,0.005873,0.032727,0.057576,0.000000,0.000000,0.000000,0.000000,0.098788,0.000000,
5,vector1,NA,NA,NA,NA,NA,NA,NA,NA,NA,NA,NA,NA,NA,NA,NA,NA,NA,NA,NA,NA,NA,NA,NA,NA,NA,2.003636,3306,0.671515,0.009458,0.612121,0.008621,24.927725,0.231515,0.003261,65.908379,0.000000,0.395152,0.005566,0.032727,0.057576,0.000000,0.000000,0.000000,0.000000,0.113939,0.000000,
6,cube0,0.401818,663,0.000000,0.000000,0.003030,0.000043,0.002424,0.000034,0.001212,0.000017,393.390656,0.000606,0.000009,0.000000,0.000000,0.362424,0.005105,0.031515,0.040000,0.000000,0.000000,0.000000,0.000000,0.115758,0.000000,NA,NA,NA,NA,NA,NA,NA,NA,NA,NA,NA,NA,NA,NA,NA,NA,NA,NA,NA,NA,NA,
6,vector0,NA,NA,NA,NA,NA,NA,NA,NA,NA,NA,NA,NA,NA,NA,NA,NA,NA,NA,NA,NA,NA,NA,NA,NA,NA,2.073333,3421,0.671515,0.009458,0.600606,0.008459,25.405653,0.233939,0.003295,65.225395,0.000000,0.461212,0.006496,0.032727,0.057576,0.000000,0.000000,0.000000,0.000000,0.093333,0.000000,
6,vector1,NA,NA,NA,NA,NA,NA,NA,NA,NA,NA,NA,NA,NA,NA,NA,NA,NA,NA,NA,NA,NA,NA,NA,NA,NA,2.004242,3307,0.671515,0.009458,0.361212,0.005087,42.243290,0.227273,0.003201,67.138672,0.000000,0.496970,0.007000,0.032727,0.057576,0.000000,0.000000,0.000000,0.000000,0.112727,0.000000,
7,cube0,0.445455,735,0.000000,0.000000,0.003030,0.000043,0.002424,0.000034,0.001212,0.000017,393.390656,0.000606,0.000009,0.000000,0.000000,0.403030,0.005676,0.031515,0.040000,0.000000,0.000000,0.000000,0.000000,0.132121,0.000000,NA,NA,NA,NA,NA,NA,NA,NA,NA,NA,NA,NA,NA,NA,NA,NA,NA,NA,NA,NA,NA,
7,vector0,NA,NA,NA,NA,NA,NA,NA,NA,NA,NA,NA,NA,NA,NA,NA,NA,NA,NA,NA,NA,NA,NA,NA,NA,NA,2.083030,3437,0.671515,0.009458,0.454545,0.006402,33.569336,0.441818,0.006223,34.536354,0.000000,0.595152,0.008382,0.032727,0.057576,0.000000,0.000000,0.000000,0.000000,0.096970,0.000000,
7,vector1,NA,NA,NA,NA,NA,NA,NA,NA,NA,NA,NA,NA,NA,NA,NA,NA,NA,NA,NA,NA,NA,NA,NA,NA,NA,1.806061,2980,0.671515,0.009458,0.445455,0.006274,34.254429,0.471515,0.006641,32.361187,0.000000,0.412121,0.005805,0.032727,0.057576,0.000000,0.000000,0.000000,0.000000,0.129697,0.000000,
8,cube0,0.412121,680,0.000000,0.000000,0.003030,0.000043,0.002424,0.000034,0.001212,0.000017,393.390656,0.000606,0.000009,0.000000,0.000000,0.366061,0.005156,0.031515,0.040000,0.000000,0.000000,0.000000,0.000000,0.133333,0.000000,NA,NA,NA,NA,NA,NA,NA,NA,NA,NA,NA,NA,NA,NA,NA,NA,NA,NA,NA,NA,NA,
8,vector0,NA,NA,NA,NA,NA,NA,NA,NA,NA,NA,NA,NA,NA,NA,NA,NA,NA,NA,NA,NA,NA,NA,NA,NA,NA,2.409091,3975,0.671515,0.009458,0.937576,0.013205,16.274729,0.707879,0.009970,21.555655,0.000000,0.400000,0.005634,0.032727,0.057576,0.000000,0.000000,0.000000,0.000000,0.112727,0.000000,
8,vector1,NA,NA,NA,NA,NA,NA,NA,NA,NA,NA,NA,NA,NA,NA,NA,NA,NA,NA,NA,NA,NA,NA,NA,NA,NA,2.404243,3967,0.671515,0.009458,0.941818,0.013265,16.201416,0.253333,0.003568,60.232063,0.000000,0.493333,0.006948,0.032727,0.057576,0.000000,0.000000,0.000000,0.000000,0.130303,0.000000,
9,cube0,0.455152,751,0.000000,0.000000,0.003030,0.000043,0.002424,0.000034,0.001212,0.000017,393.390656,0.000606,0.000009,0.000000,0.000000,0.407879,0.005745,0.031515,0.040000,0.000000,0.000000,0.000000,0.000000,0.116970,0.000000,NA,NA,NA,NA,NA,NA,NA,NA,NA,NA,NA,NA,NA,NA,NA,NA,NA,NA,NA,NA,NA,
9,vector0,NA,NA,NA,NA,NA,NA,NA,NA,NA,NA,NA,NA,NA,NA,NA,NA,NA,NA,NA,NA,NA,NA,NA,NA,NA,2.097576,3461,0.671515,0.009458,0.735152,0.010354,20.755978,0.324242,0.004567,47.059814,0.000000,0.550303,0.007751,0.032727,0.057576,0.000000,0.000000,0.000000,0.000000,0.117576,0.000000,
9,vector1,NA,NA,NA,NA,NA,NA,NA,NA,NA,NA,NA,NA,NA,NA,NA,NA,NA,NA,NA,NA,NA,NA,NA,NA,NA,2.483636,4098,0.671515,0.009458,0.841212,0.011848,18.139051,0.479394,0.006752,31.829330,0.000000,0.621212,0.008749,0.032727,0.057576,0.000000,0.000000,0.000000,0.000000,0.140000,0.000000,
10,cube0,0.517576,854,0.000000,0.000000,0.003030,0.000043,0.002424,0.000034,0.001212,0.000017,393.390656,0.000606,0.000009,0.000000,0.000000,0.466667,0.006573,0.031515,0.040000,0.000000,0.000000,0.000000,0.000000,0.136970,0.000000,NA,NA,NA,NA,NA,NA,NA,NA,NA,NA,NA,NA,NA,NA,NA,NA,NA,NA,NA,NA,NA,
10,vector0,NA,NA,NA,NA,NA,NA,NA,NA,NA,NA,NA,NA,NA,NA,NA,NA,NA,NA,NA,NA,NA,NA,NA,NA,NA,1.930909,3186,0.671515,0.009458,0.421818,0.005941,36.173855,0.235152,0.003312,64.889175,0.000000,0.704242,0.009919,0.032727,0.057576,0.000000,0.000000,0.000000,0.000000,0.127879,0.000000,
10,vector1,NA,NA,NA,NA,NA,NA,NA,NA,NA,NA,NA,NA,NA,NA,NA,NA,NA,NA,NA,NA,NA,NA,NA,NA,NA,1.864242,3076,0.671515,0.009458,0.453939,0.006394,33.614151,0.498788,0.007025,30.591738,0.000000,0.626061,0.008818,0.032727,0.057576,0.000000,0.000000,0.000000,0.000000,0.094545,0.000000,
11,cube0,0.478788,790,0.000000,0.000000,0.003030,0.000043,0.002424,0.000034,0.001212,0.000017,393.390656,0.000606,0.000009,0.000000,0.000000,0.424242,0.005975,0.031515,0.040000,0.000000,0.000000,0.000000,0.000000,0.133939,0.000000,NA,NA,NA,NA,NA,NA,NA,NA,NA,NA,NA,NA,NA,NA,NA,NA,NA,NA,NA,NA,NA,
11,vector0,NA,NA,NA,NA,NA,NA,NA,NA,NA,NA,NA,NA,NA,NA,NA,NA,NA,NA,NA,NA,NA,NA,NA,NA,NA,2.234545,3687,0.671515,0.009458,0.384848,0.005420,39.648819,0.466061,0.006564,32.739925,0.000000,0.760000,0.010704,0.032727,0.057576,0.000000,0.000000,0.000000,0.000000,0.115758,0.000000,
11,vector1,NA,NA,NA,NA,NA,NA,NA,NA,NA,NA,NA,NA,NA,NA,NA,NA,NA,NA,NA,NA,NA,NA,NA,NA,NA,2.003636,3306,0.671515,0.009458,0.399394,0.005625,38.204857,0.461818,0.006504,33.040684,0.000000,0.695758,0.009799,0.032727,0.057576,0.000000,0.000000,0.000000,0.000000,0.101818,0.000000,
12,cube0,0.420606,694,0.000000,0.000000,0.003030,0.000043,0.002424,0.000034,0.001212,0.000017,393.390656,0.000606,0.000009,0.000000,0.000000,0.384848,0.005420,0.031515,0.040000,0.000000,0.000000,0.000000,0.000000,0.134545,0.000000,NA,NA,NA,NA,NA,NA,NA,NA,NA,NA,NA,NA,NA,NA,NA,NA,NA,NA,NA,NA,NA,
12,vector0,NA,NA,NA,NA,NA,NA,NA,NA,NA,NA,NA,NA,NA,NA,NA,NA,NA,NA,NA,NA,NA,NA,NA,NA,NA,2.223636,3669,0.671515,0.009458,0.589697,0.008306,25.875647,0.558182,0.007862,27.336594,0.000000,0.819394,0.011541,0.032727,0.057576,0.000000,0.000000,0.000000,0.000000,0.127879,0.000000,
12,vector1,NA,NA,NA,NA,NA,NA,NA,NA,NA,NA,NA,NA,NA,NA,NA,NA,NA,NA,NA,NA,NA,NA,NA,NA,NA,2.386667,3938,0.671515,0.009458,0.541212,0.007623,28.193731,0.382424,0.005386,39.900162,0.000000,0.813939,0.011464,0.032727,0.057576,0.000000,0.000000,0.000000,0.000000,0.096970,0.000000,
13,cube0,0.414545,684,0.000000,0.000000,0.003030,0.000043,0.002424,0.000034,0.001212,0.000017,393.390656,0.000606,0.000009,0.000000,0.000000,0.375152,0.005284,0.031515,0.040000,0.000000,0.000000,0.000000,0.000000,0.105455,0.000000,NA,NA,NA,NA,NA,NA,NA,NA,NA,NA,NA,NA,NA,NA,NA,NA,NA,NA,NA,NA,NA,
13,vector0,NA,NA,NA,NA,NA,NA,NA,NA,NA,NA,NA,NA,NA,NA,NA,NA,NA,NA,NA,NA,NA,NA,NA,NA,NA,2.488485,4106,0.671515,0.009458,0.551515,0.007768,27.667034,0.365455,0.005147,41.752903,0.000000,0.853939,0.012027,0.032727,0.057576,0.000000,0.000000,0.000000,0.000000,0.133333,0.000000,
13,vector1,NA,NA,NA,NA,NA,NA,NA,NA,NA,NA,NA,NA,NA,NA,NA,NA,NA,NA,NA,NA,NA,NA,NA,NA,NA,2.122424,3502,0.671515,0.009458,0.701212,0.009876,21.760590,0.628485,0.008852,24.278688,0.000000,0.625455,0.008809,0.032727,0.057576,0.000000,0.000000,0.000000,0.000000,0.110909,0.000000,
14,cube0,0.420606,694,0.000000,0.000000,0.003030,0.000043,0.002424,0.000034,0.001212,0.000017,393.390656,0.000606,0.000009,0.000000,0.000000,0.371515,0.005233,0.031515,0.040000,0.000000,0.000000,0.000000,0.000000,0.124242,0.000000,NA,NA,NA,NA,NA,NA,NA,NA,NA,NA,NA,NA,NA,NA,NA,NA,NA,NA,NA,NA,NA,
14,vector0,NA,NA,NA,NA,NA,NA,NA,NA,NA,NA,NA,NA,NA,NA,NA,NA,NA,NA,NA,NA,NA,NA,NA,NA,NA,2.414546,3984,0.671515,0.009458,0.441212,0.006214,34.583797,0.220000,0.003099,69.358131,0.000000,0.914545,0.012881,0.032727,0.057576,0.000000,0.000000,0.000000,0.000000,0.143030,0.000000,
14,vector1,NA,NA,NA,NA,NA,NA,NA,NA,NA,NA,NA,NA,NA,NA,NA,NA,NA,NA,NA,NA,NA,NA,NA,NA,NA,1.947273,3213,0.671515,0.009458,0.460000,0.006479,33.171280,0.229091,0.003227,66.605827,0.000000,0.695152,0.009791,0.032727,0.057576,0.000000,0.000000,0.000000,0.000000,0.113333,0.000000,
15,cube0,0.455758,752,0.000000,0.000000,0.003030,0.000043,0.002424,0.000034,0.001212,0.000017,393.390656,0.000606,0.000009,0.000000,0.000000,0.404242,0.005694,0.031515,0.040000,0.000000,0.000000,0.000000,0.000000,0.100606,0.000000,NA,NA,NA,NA,NA,NA,NA,NA,NA,NA,NA,NA,NA,NA,NA,NA,NA,NA,NA,NA,NA,
15,vector0,NA,NA,NA,NA,NA,NA,NA,NA,NA,NA,NA,NA,NA,NA,NA,NA,NA,NA,NA,NA,NA,NA,NA,NA,NA,2.086061,3442,0.671515,0.009458,0.479394,0.006752,31.829330,0.380606,0.005361,40.090767,0.000000,0.796364,0.011216,0.032727,0.057576,0.000000,0.000000,0.000000,0.000000,0.146061,0.000000,
15,vector1,NA,NA,NA,NA,NA,NA,NA,NA,NA,NA,NA,NA,NA,NA,NA,NA,NA,NA,NA,NA,NA,NA,NA,NA,NA,2.261818,3732,0.671515,0.009458,0.175758,0.002475,86.817253,0.448485,0.006317,34.022980,0.000000,1.008485,0.014204,0.032727,0.057576,0.000000,0.000000,0.000000,0.000000,0.111515,0.000000,
16,cube0,0.438182,723,0.000000,0.000000,0.003030,0.000043,0.002424,0.000034,0.001212,0.000017,393.390656,0.000606,0.000009,0.000000,0.000000,0.397576,0.005600,0.031515,0.040000,0.000000,0.000000,0.000000,0.000000,0.131515,0.000000,NA,NA,NA,NA,NA,NA,NA,NA,NA,NA,NA,NA,NA,NA,NA,NA,NA,NA,NA,NA,NA,
16,vector0,NA,NA,NA,NA,NA,NA,NA,NA,NA,NA,NA,NA,NA,NA,NA,NA,NA,NA,NA,NA,NA,NA,NA,NA,NA,2.323030,3833,0.671515,0.009458,0.458788,0.006462,33.258919,0.235758,0.003321,64.722374,0.000000,1.039394,0.014639,0.032727,0.057576,0.000000,0.000000,0.000000,0.000000,0.121212,0.000000,
16,vector1,NA,NA,NA,NA,NA,NA,NA,NA,NA,NA,NA,NA,NA,NA,NA,NA,NA,NA,NA,NA,NA,NA,NA,NA,NA,2.490303,4109,0.671515,0.009458,0.433939,0.006112,35.163410,0.247273,0.003483,61.708336,0.000000,1.017576,0.014332,0.032727,0.057576,0.000000,0.000000,0.000000,0.000000,0.109697,0.000000,
17,cube0,0.410909,678,0.000000,0.000000,0.003030,0.000043,0.002424,0.000034,0.001212,0.000017,393.390656,0.000606,0.000009,0.000000,0.000000,0.367879,0.005181,0.031515,0.040000,0.000000,0.000000,0.000000,0.000000,0.110909,0.000000,NA,NA,NA,NA,NA,NA,NA,NA,NA,NA,NA,NA,NA,NA,NA,NA,NA,NA,NA,NA,NA,
17,vector0,NA,NA,NA,NA,NA,NA,NA,NA,NA,NA,NA,NA,NA,NA,NA,NA,NA,NA,NA,NA,NA,NA,NA,NA,NA,2.608485,4304,0.671515,0.009458,0.392121,0.005523,38.913448,0.544242,0.007665,28.036749,0.000000,1.126667,0.015869,0.032727,0.057576,0.000000,0.000000,0.000000,0.000000,0.114545,0.000000,
17,vector1,NA,NA,NA,NA,NA,NA,NA,NA,NA,NA,NA,NA,NA,NA,NA,NA,NA,NA,NA,NA,NA,NA,NA,NA,NA,2.218182,3660,0.671515,0.009458,0.481818,0.006786,31.669184,0.543030,0.007648,28.099333,0.000000,0.929091,0.013086,0.032727,0.057576,0.000000,0.000000,0.000000,0.000000,0.107879,0.000000,
18,cube0,0.460606,760,0.000000,0.000000,0.003030,0.000043,0.002424,0.000034,0.001212,0.000017,393.390656,0.000606,0.000009,0.000000,0.000000,0.408485,0.005753,0.031515,0.040000,0.000000,0.000000,0.000000,0.000000,0.116970,0.000000,NA,NA,NA,NA,NA,NA,NA,NA,NA,NA,NA,NA,NA,NA,NA,NA,NA,NA,NA,NA,NA,
18,vector0,NA,NA,NA,NA,NA,NA,NA,NA,NA,NA,NA,NA,NA,NA,NA,NA,NA,NA,NA,NA,NA,NA,NA,NA,NA,2.438182,4023,0.671515,0.009458,0.441818,0.006223,34.536354,0.235758,0.003321,64.722374,0.000000,1.086667,0.015305,0.032727,0.057576,0.000000,0.000000,0.000000,0.000000,0.124848,0.000000,
18,vector1,NA,NA,NA,NA,NA,NA,NA,NA,NA,NA,NA,NA,NA,NA,NA,NA,NA,NA,NA,NA,NA,NA,NA,NA,NA,2.154546,3555,0.671515,0.009458,0.286667,0.004038,53.228333,0.230909,0.003252,66.081367,0.000000,1.041818,0.014673,0.032727,0.057576,0.000000,0.000000,0.000000,0.000000,0.111515,0.000000,
19,cube0,0.461212,761,0.000000,0.000000,0.003030,0.000043,0.002424,0.000034,0.001212,0.000017,393.390656,0.000606,0.000009,0.000000,0.000000,0.406061,0.005719,0.031515,0.040000,0.000000,0.000000,0.000000,0.000000,0.138182,0.000000,NA,NA,NA,NA,NA,NA,NA,NA,NA,NA,NA,NA,NA,NA,NA,NA,NA,NA,NA,NA,NA,
19,vector0,NA,NA,NA,NA,NA,NA,NA,NA,NA,NA,NA,NA,NA,NA,NA,NA,NA,NA,NA,NA,NA,NA,NA,NA,NA,2.635758,4349,0.671515,0.009458,0.398788,0.005617,38.262920,0.466061,0.006564,32.739925,0.000000,1.135152,0.015988,0.032727,0.057576,0.000000,0.000000,0.000000,0.000000,0.126667,0.000000,
19,vector1,NA,NA,NA,NA,NA,NA,NA,NA,NA,NA,NA,NA,NA,NA,NA,NA,NA,NA,NA,NA,NA,NA,NA,NA,NA,2.269697,3745,0.671515,0.009458,0.175758,0.002475,86.817253,0.386667,0.005446,39.462387,0.000000,1.166061,0.016423,0.032727,0.057576,0.000000,0.000000,0.000000,0.000000,0.121212,0.000000,
20,cube0,0.352121,581,0.000000,0.000000,0.003030,0.000043,0.002424,0.000034,0.001212,0.000017,393.390656,0.000606,0.000009,0.000000,0.000000,0.309091,0.004353,0.031515,0.040000,0.000000,0.000000,0.000000,0.000000,0.110303,0.000000,NA,NA,NA,NA,NA,NA,NA,NA,NA,NA,NA,NA,NA,NA,NA,NA,NA,NA,NA,NA,NA,
20,vector0,NA,NA,NA,NA,NA,NA,NA,NA,NA,NA,NA,NA,NA,NA,NA,NA,NA,NA,NA,NA,NA,NA,NA,NA,NA,1.527273,2520,0.671515,0.009458,0.418788,0.005898,36.435604,0.239394,0.003372,63.739246,0.000000,0.300000,0.004225,0.032727,0.057576,0.000000,0.000000,0.000000,0.000000,0.113333,0.000000,
20,vector1,NA,NA,NA,NA,NA,NA,NA,NA,NA,NA,NA,NA,NA,NA,NA,NA,NA,NA,NA,NA,NA,NA,NA,NA,NA,1.509697,2491,0.671515,0.009458,0.433333,0.006103,35.212593,0.242424,0.003414,62.942505,0.000000,0.269697,0.003799,0.032727,0.057576,0.000000,0.000000,0.000000,0.000000,0.120000,0.000000,
21,cube0,0.289697,478,0.000000,0.000000,0.003030,0.000043,0.002424,0.000034,0.001212,0.000017,393.390656,0.000606,0.000009,0.000000,0.000000,0.244242,0.003440,0.031515,0.040000,0.000000,0.000000,0.000000,0.000000,0.142424,0.000000,NA,NA,NA,NA,NA,NA,NA,NA,NA,NA,NA,NA,NA,NA,NA,NA,NA,NA,NA,NA,NA,
21,vector0,NA,NA,NA,NA,NA,NA,NA,NA,NA,NA,NA,NA,NA,NA,NA,NA,NA,NA,NA,NA,NA,NA,NA,NA,NA,1.467879,2422,0.671515,0.009458,0.216970,0.003056,70.326820,0.441818,0.006223,34.536354,0.000000,0.264242,0.003722,0.032727,0.057576,0.000000,0.000000,0.000000,0.000000,0.115758,0.000000,
21,vector1,NA,NA,NA,NA,NA,NA,NA,NA,NA,NA,NA,NA,NA,NA,NA,NA,NA,NA,NA,NA,NA,NA,NA,NA,NA,1.459394,2408,0.671515,0.009458,0.176970,0.002493,86.222618,0.368485,0.005190,41.409542,0.000000,0.252727,0.003560,0.032727,0.057576,0.000000,0.000000,0.000000,0.000000,0.109091,0.000000,
22,cube0,0.347879,574,0.000000,0.000000,0.003030,0.000043,0.002424,0.000034,0.001212,0.000017,393.390656,0.000606,0.000009,0.000000,0.000000,0.296970,0.004183,0.031515,0.040000,0.000000,0.000000,0.000000,0.000000,0.118182,0.000000,NA,NA,NA,NA,NA,NA,NA,NA,NA,NA,NA,NA,NA,NA,NA,NA,NA,NA,NA,NA,NA,
22,vector0,NA,NA,NA,NA,NA,NA,NA,NA,NA,NA,NA,NA,NA,NA,NA,NA,NA,NA,NA,NA,NA,NA,NA,NA,NA,1.563636,2580,0.671515,0.009458,0.438182,0.006172,34.822964,0.258182,0.003636,59.100945,0.000000,0.309091,0.004353,0.032727,0.057576,0.000000,0.000000,0.000000,0.000000,0.124242,0.000000,
22,vector1,NA,NA,NA,NA,NA,NA,NA,NA,NA,NA,NA,NA,NA,NA,NA,NA,NA,NA,NA,NA,NA,NA,NA,NA,NA,1.544242,2548,0.671515,0.009458,0.420000,0.005915,36.330452,0.234545,0.003303,65.056854,0.000000,0.300606,0.004234,0.032727,0.057576,0.000000,0.000000,0.000000,0.000000,0.106061,0.000000,
23,cube0,0.290909,480,0.000000,0.000000,0.003030,0.000043,0.002424,0.000034,0.001212,0.000017,393.390656,0.000606,0.000009,0.000000,0.000000,0.238788,0.003363,0.031515,0.040000,0.000000,0.000000,0.000000,0.000000,0.144242,0.000000,NA,NA,NA,NA,NA,NA,NA,NA,NA,NA,NA,NA,NA,NA,NA,NA,NA,NA,NA,NA,NA,
23,vector0,NA,NA,NA,NA,NA,NA,NA,NA,NA,NA,NA,NA,NA,NA,NA,NA,NA,NA,NA,NA,NA,NA,NA,NA,NA,1.646061,2716,0.671515,0.009458,0.259394,0.003653,58.824772,0.510303,0.007187,29.901428,0.000000,0.314545,0.004430,0.032727,0.057576,0.000000,0.000000,0.000000,0.000000,0.136364,0.000000,
23,vector1,NA,NA,NA,NA,NA,NA,NA,NA,NA,NA,NA,NA,NA,NA,NA,NA,NA,NA,NA,NA,NA,NA,NA,NA,NA,1.638182,2703,0.671515,0.009458,0.255758,0.003602,59.661144,0.421212,0.005933,36.225899,0.000000,0.296364,0.004174,0.032727,0.057576,0.000000,0.000000,0.000000,0.000000,0.091515,0.000000,
24,cube0,0.366667,605,0.000000,0.000000,0.003030,0.000043,0.002424,0.000034,0.001212,0.000017,393.390656,0.000606,0.000009,0.000000,0.000000,0.312121,0.004396,0.031515,0.040000,0.000000,0.000000,0.000000,0.000000,0.117576,0.000000,NA,NA,NA,NA,NA,NA,NA,NA,NA,NA,NA,NA,NA,NA,NA,NA,NA,NA,NA,NA,NA,
24,vector0,NA,NA,NA,NA,NA,NA,NA,NA,NA,NA,NA,NA,NA,NA,NA,NA,NA,NA,NA,NA,NA,NA,NA,NA,NA,1.493333,2464,0.671515,0.009458,0.370909,0.005224,41.138889,0.495152,0.006974,30.816406,0.000000,0.291515,0.004106,0.032727,0.057576,0.000000,0.000000,0.000000,0.000000,0.113939,0.000000,
24,vector1,NA,NA,NA,NA,NA,NA,NA,NA,NA,NA,NA,NA,NA,NA,NA,NA,NA,NA,NA,NA,NA,NA,NA,NA,NA,1.513939,2498,0.671515,0.009458,0.432727,0.006095,35.261906,0.233939,0.003295,65.225395,0.000000,0.272121,0.003833,0.032727,0.057576,0.000000,0.000000,0.000000,0.000000,0.122424,0.000000,
25,cube0,0.321818,531,0.000000,0.000000,0.003030,0.000043,0.002424,0.000034,0.001212,0.000017,393.390656,0.000606,0.000009,0.000000,0.000000,0.263636,0.003713,0.031515,0.040000,0.000000,0.000000,0.000000,0.000000,0.120606,0.000000,NA,NA,NA,NA,NA,NA,NA,NA,NA,NA,NA,NA,NA,NA,NA,NA,NA,NA,NA,NA,NA,
25,vector0,NA,NA,NA,NA,NA,NA,NA,NA,NA,NA,NA,NA,NA,NA,NA,NA,NA,NA,NA,NA,NA,NA,NA,NA,NA,1.575758,2600,0.671515,0.009458,0.341212,0.004806,44.719364,0.572727,0.008067,26.642330,0.000000,0.315152,0.004439,0.032727,0.057576,0.000000,0.000000,0.000000,0.000000,0.098788,0.000000,
25,vector1,NA,NA,NA,NA,NA,NA,NA,NA,NA,NA,NA,NA,NA,NA,NA,NA,NA,NA,NA,NA,NA,NA,NA,NA,NA,1.609697,2656,0.671515,0.009458,0.374545,0.005275,40.739483,0.446667,0.006291,34.161469,0.000000,0.296364,0.004174,0.032727,0.057576,0.000000,0.000000,0.000000,0.000000,0.093333,0.000000,
26,cube0,0.313939,518,0.000000,0.000000,0.003030,0.000043,0.002424,0.000034,0.001212,0.000017,393.390656,0.000606,0.000009,0.000000,0.000000,0.275152,0.003875,0.031515,0.040000,0.000000,0.000000,0.000000,0.000000,0.117576,0.000000,NA,NA,NA,NA,NA,NA,NA,NA,NA,NA,NA,NA,NA,NA,NA,NA,NA,NA,NA,NA,NA,
26,vector0,NA,NA,NA,NA,NA,NA,NA,NA,NA,NA,NA,NA,NA,NA,NA,NA,NA,NA,NA,NA,NA,NA,NA,NA,NA,1.553333,2563,0.671515,0.009458,0.306667,0.004319,49.756920,0.304242,0.004285,50.153389,0.000000,0.339394,0.004780,0.032727,0.057576,0.000000,0.000000,0.000000,0.000000,0.115152,0.000000,
26,vector1,NA,NA,NA,NA,NA,NA,NA,NA,NA,NA,NA,NA,NA,NA,NA,NA,NA,NA,NA,NA,NA,NA,NA,NA,NA,1.499394,2474,0.671515,0.009458,0.399394,0.005625,38.204857,0.241212,0.003397,63.258797,0.000000,0.333939,0.004703,0.032727,0.057576,0.000000,0.000000,0.000000,0.000000,0.127879,0.000000,
27,cube0,0.340000,561,0.000000,0.000000,0.003030,0.000043,0.002424,0.000034,0.001212,0.000017,393.390656,0.000606,0.000009,0.000000,0.000000,0.298182,0.004200,0.031515,0.040000,0.000000,0.000000,0.000000,0.000000,0.141212,0.000000,NA,NA,NA,NA,NA,NA,NA,NA,NA,NA,NA,NA,NA,NA,NA,NA,NA,NA,NA,NA,NA,
27,vector0,NA,NA,NA,NA,NA,NA,NA,NA,NA,NA,NA,NA,NA,NA,NA,NA,NA,NA,NA,NA,NA,NA,NA,NA,NA,1.557576,2570,0.671515,0.009458,0.236970,0.003338,64.391304,0.391515,0.005514,38.973686,0.000000,0.357576,0.005036,0.032727,0.057576,0.000000,0.000000,0.000000,0.000000,0.115152,0.000000,
27,vector1,NA,NA,NA,NA,NA,NA,NA,NA,NA,NA,NA,NA,NA,NA,NA,NA,NA,NA,NA,NA,NA,NA,NA,NA,NA,1.666667,2750,0.671515,0.009458,0.296364,0.004174,51.486713,0.424242,0.005975,35.967140,0.000000,0.378182,0.005327,0.032727,0.057576,0.000000,0.000000,0.000000,0.000000,0.130303,0.000000,
28,cube0,0.315758,521,0.000000,0.000000,0.003030,0.000043,0.002424,0.000034,0.001212,0.000017,393.390656,0.000606,0.000009,0.000000,0.000000,0.269697,0.003799,0.031515,0.040000,0.000000,0.000000,0.000000,0.000000,0.131515,0.000000,NA,NA,NA,NA,NA,NA,NA,NA,NA,NA,NA,NA,NA,NA,NA,NA,NA,NA,NA,NA,NA,
28,vector0,NA,NA,NA,NA,NA,NA,NA,NA,NA,NA,NA,NA,NA,NA,NA,NA,NA,NA,NA,NA,NA,NA,NA,NA,NA,1.503030,2480,0.671515,0.009458,0.436970,0.006155,34.919556,0.226061,0.003184,67.498672,0.000000,0.261818,0.003688,0.032727,0.057576,0.000000,0.000000,0.000000,0.000000,0.098788,0.000000,
28,vector1,NA,NA,NA,NA,NA,NA,NA,NA,NA,NA,NA,NA,NA,NA,NA,NA,NA,NA,NA,NA,NA,NA,NA,NA,NA,1.480000,2442,0.671515,0.009458,0.403636,0.005685,37.803307,0.221212,0.003116,68.978088,0.000000,0.295758,0.004166,0.032727,0.057576,0.000000,0.000000,0.000000,0.000000,0.121212,0.000000,
29,cube0,0.352727,582,0.000000,0.000000,0.003030,0.000043,0.002424,0.000034,0.001212,0.000017,393.390656,0.000606,0.000009,0.000000,0.000000,0.304848,0.004294,0.031515,0.040000,0.000000,0.000000,0.000000,0.000000,0.116970,0.000000,NA,NA,NA,NA,NA,NA,NA,NA,NA,NA,NA,NA,NA,NA,NA,NA,NA,NA,NA,NA,NA,
29,vector0,NA,NA,NA,NA,NA,NA,NA,NA,NA,NA,NA,NA,NA,NA,NA,NA,NA,NA,NA,NA,NA,NA,NA,NA,NA,1.564849,2582,0.671515,0.009458,0.224848,0.003167,67.862541,0.506061,0.007128,30.152098,0.000000,0.280000,0.003944,0.032727,0.057576,0.000000,0.000000,0.000000,0.000000,0.116970,0.000000,
29,vector1,NA,NA,NA,NA,NA,NA,NA,NA,NA,NA,NA,NA,NA,NA,NA,NA,NA,NA,NA,NA,NA,NA,NA,NA,NA,1.398182,2307,0.671515,0.009458,0.196364,0.002766,77.706795,0.410909,0.005787,37.134224,0.000000,0.267273,0.003764,0.032727,0.057576,0.000000,0.000000,0.000000,0.000000,0.096364,0.000000,
30,cube0,0.330909,546,0.000000,0.000000,0.003030,0.000043,0.002424,0.000034,0.001212,0.000017,393.390656,0.000606,0.000009,0.000000,0.000000,0.280000,0.003944,0.031515,0.040000,0.000000,0.000000,0.000000,0.000000,0.138182,0.000000,NA,NA,NA,NA,NA,NA,NA,NA,NA,NA,NA,NA,NA,NA,NA,NA,NA,NA,NA,NA,NA,
30,vector0,NA,NA,NA,NA,NA,NA,NA,NA,NA,NA,NA,NA,NA,NA,NA,NA,NA,NA,NA,NA,NA,NA,NA,NA,NA,1.481818,2445,0.671515,0.009458,0.376364,0.005301,40.542679,0.245455,0.003457,62.165432,0.000000,0.315758,0.004447,0.032727,0.057576,0.000000,0.000000,0.000000,0.000000,0.110303,0.000000,
30,vector1,NA,NA,NA,NA,NA,NA,NA,NA,NA,NA,NA,NA,NA,NA,NA,NA,NA,NA,NA,NA,NA,NA,NA,NA,NA,1.461212,2411,0.671515,0.009458,0.378788,0.005335,40.283203,0.373333,0.005258,40.871758,0.000000,0.263030,0.003705,0.032727,0.057576,0.000000,0.000000,0.000000,0.000000,0.133939,0.000000,
31,cube0,0.373939,617,0.000000,0.000000,0.003030,0.000043,0.002424,0.000034,0.001212,0.000017,393.390656,0.000606,0.000009,0.000000,0.000000,0.320000,0.004507,0.031515,0.040000,0.000000,0.000000,0.000000,0.000000,0.133333,0.000000,NA,NA,NA,NA,NA,NA,NA,NA,NA,NA,NA,NA,NA,NA,NA,NA,NA,NA,NA,NA,NA,
31,vector0,NA,NA,NA,NA,NA,NA,NA,NA,NA,NA,NA,NA,NA,NA,NA,NA,NA,NA,NA,NA,NA,NA,NA,NA,NA,1.653939,2729,0.671515,0.009458,0.310303,0.004370,49.173832,0.473939,0.006675,32.195652,0.000000,0.295758,0.004166,0.032727,0.057576,0.000000,0.000000,0.000000,0.000000,0.115152,0.000000,
31,vector1,NA,NA,NA,NA,NA,NA,NA,NA,NA,NA,NA,NA,NA,NA,NA,NA,NA,NA,NA,NA,NA,NA,NA,NA,NA,1.585455,2616,0.671515,0.009458,0.235758,0.003321,64.722374,0.385455,0.005429,39.586479,0.000000,0.324848,0.004575,0.032727,0.057576,0.000000,0.000000,0.000000,0.000000,0.098788,0.000000,
32,cube0,0.304848,503,0.000000,0.000000,0.003030,0.000043,0.002424,0.000034,0.001212,0.000017,393.390656,0.000606,0.000009,0.000000,0.000000,0.269091,0.003790,0.031515,0.040000,0.000000,0.000000,0.000000,0.000000,0.140000,0.000000,NA,NA,NA,NA,NA,NA,NA,NA,NA,NA,NA,NA,NA,NA,NA,NA,NA,NA,NA,NA,NA,
32,vector0,NA,NA,NA,NA,NA,NA,NA,NA,NA,NA,NA,NA,NA,NA,NA,NA,NA,NA,NA,NA,NA,NA,NA,NA,NA,1.490909,2460,0.671515,0.009458,0.389697,0.005489,39.155525,0.278182,0.003918,54.851856,0.000000,0.296970,0.004183,0.032727,0.057576,0.000000,0.000000,0.000000,0.000000,0.129091,0.000000,
32,vector1,NA,NA,NA,NA,NA,NA,NA,NA,NA,NA,NA,NA,NA,NA,NA,NA,NA,NA,NA,NA,NA,NA,NA,NA,NA,1.497576,2471,0.671515,0.009458,0.407273,0.005736,37.465778,0.463636,0.006530,32.911114,0.000000,0.288485,0.004063,0.032727,0.057576,0.000000,0.000000,0.000000,0.000000,0.143636,0.000000,
33,cube0,0.314545,519,0.000000,0.000000,0.003030,0.000043,0.002424,0.000034,0.001212,0.000017,393.390656,0.000606,0.000009,0.000000,0.000000,0.275152,0.003875,0.031515,0.040000,0.000000,0.000000,0.000000,0.000000,0.104242,0.000000,NA,NA,NA,NA,NA,NA,NA,NA,NA,NA,NA,NA,NA,NA,NA,NA,NA,NA,NA,NA,NA,
33,vector0,NA,NA,NA,NA,NA,NA,NA,NA,NA,NA,NA,NA,NA,NA,NA,NA,NA,NA,NA,NA,NA,NA,NA,NA,NA,1.572727,2595,0.671515,0.009458,0.252121,0.003551,60.521641,0.486061,0.006846,31.392773,0.000000,0.344242,0.004848,0.032727,0.057576,0.000000,0.000000,0.000000,0.000000,0.112121,0.000000,
33,vector1,NA,NA,NA,NA,NA,NA,NA,NA,NA,NA,NA,NA,NA,NA,NA,NA,NA,NA,NA,NA,NA,NA,NA,NA,NA,1.581212,2609,0.671515,0.009458,0.266061,0.003747,57.350796,0.332727,0.004686,45.859745,0.000000,0.299394,0.004217,0.032727,0.057576,0.000000,0.000000,0.000000,0.000000,0.149091,0.000000,
34,cube0,0.317576,524,0.000000,0.000000,0.003030,0.000043,0.002424,0.000034,0.001212,0.000017,393.390656,0.000606,0.000009,0.000000,0.000000,0.268485,0.003781,0.031515,0.040000,0.000000,0.000000,0.000000,0.000000,0.127273,0.000000,NA,NA,NA,NA,NA,NA,NA,NA,NA,NA,NA,NA,NA,NA,NA,NA,NA,NA,NA,NA,NA,
34,vector0,NA,NA,NA,NA,NA,NA,NA,NA,NA,NA,NA,NA,NA,NA,NA,NA,NA,NA,NA,NA,NA,NA,NA,NA,NA,1.435758,2369,0.671515,0.009458,0.356970,0.005028,42.745335,0.226061,0.003184,67.498672,0.000000,0.278788,0.003927,0.032727,0.057576,0.000000,0.000000,0.000000,0.000000,0.116364,0.000000,
34,vector1,NA,NA,NA,NA,NA,NA,NA,NA,NA,NA,NA,NA,NA,NA,NA,NA,NA,NA,NA,NA,NA,NA,NA,NA,NA,1.385455,2286,0.671515,0.009458,0.281818,0.003969,54.144089,0.235152,0.003312,64.889175,0.000000,0.300606,0.004234,0.032727,0.057576,0.000000,0.000000,0.000000,0.000000,0.109697,0.000000,
35,cube0,0.348485,575,0.000000,0.000000,0.003030,0.000043,0.002424,0.000034,0.001212,0.000017,393.390656,0.000606,0.000009,0.000000,0.000000,0.296970,0.004183,0.031515,0.040000,0.000000,0.000000,0.000000,0.000000,0.102424,0.000000,NA,NA,NA,NA,NA,NA,NA,NA,NA,NA,NA,NA,NA,NA,NA,NA,NA,NA,NA,NA,NA,
35,vector0,NA,NA,NA,NA,NA,NA,NA,NA,NA,NA,NA,NA,NA,NA,NA,NA,NA,NA,NA,NA,NA,NA,NA,NA,NA,1.528485,2522,0.671515,0.009458,0.278182,0.003918,54.851856,0.418788,0.005898,36.435604,0.000000,0.282424,0.003978,0.032727,0.057576,0.000000,0.000000,0.000000,0.000000,0.120606,0.000000,
35,vector1,NA,NA,NA,NA,NA,NA,NA,NA,NA,NA,NA,NA,NA,NA,NA,NA,NA,NA,NA,NA,NA,NA,NA,NA,NA,1.549091,2556,0.671515,0.009458,0.182424,0.002569,83.644524,0.389091,0.005480,39.216518,0.000000,0.318788,0.004490,0.032727,0.057576,0.000000,0.000000,0.000000,0.000000,0.111515,0.000000,
36,cube0,0.341212,563,0.000000,0.000000,0.003030,0.000043,0.002424,0.000034,0.001212,0.000017,393.390656,0.000606,0.000009,0.000000,0.000000,0.300000,0.004225,0.031515,0.040000,0.000000,0.000000,0.000000,0.000000,0.131515,0.000000,NA,NA,NA,NA,NA,NA,NA,NA,NA,NA,NA,NA,NA,NA,NA,NA,NA,NA,NA,NA,NA,
36,vector0,NA,NA,NA,NA,NA,NA,NA,NA,NA,NA,NA,NA,NA,NA,NA,NA,NA,NA,NA,NA,NA,NA,NA,NA,NA,1.630909,2691,0.671515,0.009458,0.528485,0.007443,28.872709,0.635758,0.008954,24.000956,0.000000,0.299394,0.004217,0.032727,0.057576,0.000000,0.000000,0.000000,0.000000,0.127879,0.000000,
36,vector1,NA,NA,NA,NA,NA,NA,NA,NA,NA,NA,NA,NA,NA,NA,NA,NA,NA,NA,NA,NA,NA,NA,NA,NA,NA,1.501818,2478,0.671515,0.009458,0.408485,0.005753,37.354603,0.255152,0.003594,59.802856,0.000000,0.287273,0.004046,0.032727,0.057576,0.000000,0.000000,0.000000,0.000000,0.127273,0.000000,
37,cube0,0.309697,511,0.000000,0.000000,0.003030,0.000043,0.002424,0.000034,0.001212,0.000017,393.390656,0.000606,0.000009,0.000000,0.000000,0.266061,0.003747,0.031515,0.040000,0.000000,0.000000,0.000000,0.000000,0.110909,0.000000,NA,NA,NA,NA,NA,NA,NA,NA,NA,NA,NA,NA,NA,NA,NA,NA,NA,NA,NA,NA,NA,
37,vector0,NA,NA,NA,NA,NA,NA,NA,NA,NA,NA,NA,NA,NA,NA,NA,NA,NA,NA,NA,NA,NA,NA,NA,NA,NA,1.660000,2739,0.671515,0.009458,0.401212,0.005651,38.031723,0.403030,0.005676,37.860153,0.000000,0.298788,0.004208,0.032727,0.057576,0.000000,0.000000,0.000000,0.000000,0.129697,0.000000,
37,vector1,NA,NA,NA,NA,NA,NA,NA,NA,NA,NA,NA,NA,NA,NA,NA,NA,NA,NA,NA,NA,NA,NA,NA,NA,NA,1.544848,2549,0.671515,0.009458,0.254545,0.003585,59.945244,0.449091,0.006325,33.977062,0.000000,0.301212,0.004242,0.032727,0.057576,0.000000,0.000000,0.000000,0.000000,0.114545,0.000000,
38,cube0,0.363030,599,0.000000,0.000000,0.003030,0.000043,0.002424,0.000034,0.001212,0.000017,393.390656,0.000606,0.000009,0.000000,0.000000,0.310909,0.004379,0.031515,0.040000,0.000000,0.000000,0.000000,0.000000,0.119394,0.000000,NA,NA,NA,NA,NA,NA,NA,NA,NA,NA,NA,NA,NA,NA,NA,NA,NA,NA,NA,NA,NA,
38,vector0,NA,NA,NA,NA,NA,NA,NA,NA,NA,NA,NA,NA,NA,NA,NA,NA,NA,NA,NA,NA,NA,NA,NA,NA,NA,1.492727,2463,0.671515,0.009458,0.396364,0.005583,38.496941,0.243636,0.003431,62.629356,0.000000,0.282424,0.003978,0.032727,0.057576,0.000000,0.000000,0.000000,0.000000,0.176364,0.000000,
38,vector1,NA,NA,NA,NA,NA,NA,NA,NA,NA,NA,NA,NA,NA,NA,NA,NA,NA,NA,NA,NA,NA,NA,NA,NA,NA,1.877576,3098,0.671515,0.009458,0.549697,0.007742,27.758547,0.233333,0.003286,65.394814,0.000000,0.297576,0.004191,0.032727,0.057576,0.000000,0.000000,0.000000,0.000000,0.130303,0.000000,
39,cube0,0.347879,574,0.000000,0.000000,0.003030,0.000043,0.002424,0.000034,0.001212,0.000017,393.390656,0.000606,0.000009,0.000000,0.000000,0.293333,0.004131,0.031515,0.040000,0.000000,0.000000,0.000000,0.000000,0.138182,0.000000,NA,NA,NA,NA,NA,NA,NA,NA,NA,NA,NA,NA,NA,NA,NA,NA,NA,NA,NA,NA,NA,
39,vector0,NA,NA,NA,NA,NA,NA,NA,NA,NA,NA,NA,NA,NA,NA,NA,NA,NA,NA,NA,NA,NA,NA,NA,NA,NA,1.580000,2607,0.671515,0.009458,0.292727,0.004123,52.126301,0.428485,0.006035,35.611038,0.000000,0.272727,0.003841,0.032727,0.057576,0.000000,0.000000,0.000000,0.000000,0.112727,0.000000,
39,vector1,NA,NA,NA,NA,NA,NA,NA,NA,NA,NA,NA,NA,NA,NA,NA,NA,NA,NA,NA,NA,NA,NA,NA,NA,NA,1.486061,2452,0.671515,0.009458,0.406061,0.005719,37.577614,0.390909,0.005506,39.034111,0.000000,0.269697,0.003799,0.032727,0.057576,0.000000,0.000000,0.000000,0.000000,0.113333,0.000000,
40,cube0,0.349697,577,0.000000,0.000000,0.003030,0.000043,0.002424,0.000034,0.001212,0.000017,393.390656,0.000606,0.000009,0.000000,0.000000,0.307273,0.004328,0.031515,0.040000,0.000000,0.000000,0.000000,0.000000,0.113333,0.000000,NA,NA,NA,NA,NA,NA,NA,NA,NA,NA,NA,NA,NA,NA,NA,NA,NA,NA,NA,NA,NA,
40,vector0,NA,NA,NA,NA,NA,NA,NA,NA,NA,NA,NA,NA,NA,NA,NA,NA,NA,NA,NA,NA,NA,NA,NA,NA,NA,1.599394,2639,0.671515,0.009458,0.511515,0.007204,29.830572,0.235758,0.003321,64.722374,0.000000,0.290303,0.004089,0.032727,0.057576,0.000000,0.000000,0.000000,0.000000,0.121212,0.000000,
40,vector1,NA,NA,NA,NA,NA,NA,NA,NA,NA,NA,NA,NA,NA,NA,NA,NA,NA,NA,NA,NA,NA,NA,NA,NA,NA,1.420606,2344,0.671515,0.009458,0.334545,0.004712,45.610508,0.232121,0.003269,65.736298,0.000000,0.262424,0.003696,0.032727,0.057576,0.000000,0.000000,0.000000,0.000000,0.115758,0.000000,
41,cube0,0.290303,479,0.000000,0.000000,0.003030,0.000043,0.002424,0.000034,0.001212,0.000017,393.390656,0.000606,0.000009,0.000000,0.000000,0.244848,0.003449,0.031515,0.040000,0.000000,0.000000,0.000000,0.000000,0.139394,0.000000,NA,NA,NA,NA,NA,NA,NA,NA,NA,NA,NA,NA,NA,NA,NA,NA,NA,NA,NA,NA,NA,
41,vector0,NA,NA,NA,NA,NA,NA,NA,NA,NA,NA,NA,NA,NA,NA,NA,NA,NA,NA,NA,NA,NA,NA,NA,NA,NA,1.784848,2945,0.671515,0.009458,0.385455,0.005429,39.586479,0.523636,0.007375,29.140049,0.000000,0.305455,0.004302,0.032727,0.057576,0.000000,0.000000,0.000000,0.000000,0.118788,0.000000,
41,vector1,NA,NA,NA,NA,NA,NA,NA,NA,NA,NA,NA,NA,NA,NA,NA,NA,NA,NA,NA,NA,NA,NA,NA,NA,NA,1.514545,2499,0.671515,0.009458,0.235152,0.003312,64.889175,0.411515,0.005796,37.079533,0.000000,0.255152,0.003594,0.032727,0.057576,0.000000,0.000000,0.000000,0.000000,0.113333,0.000000,
42,cube0,0.346061,571,0.000000,0.000000,0.003030,0.000043,0.002424,0.000034,0.001212,0.000017,393.390656,0.000606,0.000009,0.000000,0.000000,0.295758,0.004166,0.031515,0.040000,0.000000,0.000000,0.000000,0.000000,0.116364,0.000000,NA,NA,NA,NA,NA,NA,NA,NA,NA,NA,NA,NA,NA,NA,NA,NA,NA,NA,NA,NA,NA,
42,vector0,NA,NA,NA,NA,NA,NA,NA,NA,NA,NA,NA,NA,NA,NA,NA,NA,NA,NA,NA,NA,NA,NA,NA,NA,NA,1.561818,2577,0.671515,0.009458,0.440606,0.006206,34.631363,0.244242,0.003440,62.473949,0.000000,0.292727,0.004123,0.032727,0.057576,0.000000,0.000000,0.000000,0.000000,0.135758,0.000000,
42,vector1,NA,NA,NA,NA,NA,NA,NA,NA,NA,NA,NA,NA,NA,NA,NA,NA,NA,NA,NA,NA,NA,NA,NA,NA,NA,1.535758,2534,0.671515,0.009458,0.436364,0.006146,34.968060,0.235758,0.003321,64.722374,0.000000,0.312121,0.004396,0.032727,0.057576,0.000000,0.000000,0.000000,0.000000,0.107273,0.000000,
43,cube0,0.294545,486,0.000000,0.000000,0.003030,0.000043,0.002424,0.000034,0.001212,0.000017,393.390656,0.000606,0.000009,0.000000,0.000000,0.242424,0.003414,0.031515,0.040000,0.000000,0.000000,0.000000,0.000000,0.145455,0.000000,NA,NA,NA,NA,NA,NA,NA,NA,NA,NA,NA,NA,NA,NA,NA,NA,NA,NA,NA,NA,NA,
43,vector0,NA,NA,NA,NA,NA,NA,NA,NA,NA,NA,NA,NA,NA,NA,NA,NA,NA,NA,NA,NA,NA,NA,NA,NA,NA,1.641818,2709,0.671515,0.009458,0.360000,0.005070,42.385521,0.447879,0.006308,34.069016,0.000000,0.274545,0.003867,0.032727,0.057576,0.000000,0.000000,0.000000,0.000000,0.091515,0.000000,
43,vector1,NA,NA,NA,NA,NA,NA,NA,NA,NA,NA,NA,NA,NA,NA,NA,NA,NA,NA,NA,NA,NA,NA,NA,NA,NA,1.623636,2679,0.671515,0.009458,0.318788,0.004490,47.865025,0.475152,0.006692,32.113522,0.000000,0.312121,0.004396,0.032727,0.057576,0.000000,0.000000,0.000000,0.000000,0.092727,0.000000,
44,cube0,0.367273,606,0.000000,0.000000,0.003030,0.000043,0.002424,0.000034,0.001212,0.000017,393.390656,0.000606,0.000009,0.000000,0.000000,0.312727,0.004405,0.031515,0.040000,0.000000,0.000000,0.000000,0.000000,0.116970,0.000000,NA,NA,NA,NA,NA,NA,NA,NA,NA,NA,NA,NA,NA,NA,NA,NA,NA,NA,NA,NA,NA,
44,vector0,NA,NA,NA,NA,NA,NA,NA,NA,NA,NA,NA,NA,NA,NA,NA,NA,NA,NA,NA,NA,NA,NA,NA,NA,NA,1.406061,2320,0.671515,0.009458,0.307273,0.004328,49.658783,0.242424,0.003414,62.942505,0.000000,0.336364,0.004738,0.032727,0.057576,0.000000,0.000000,0.000000,0.000000,0.126061,0.000000,
44,vector1,NA,NA,NA,NA,NA,NA,NA,NA,NA,NA,NA,NA,NA,NA,NA,NA,NA,NA,NA,NA,NA,NA,NA,NA,NA,1.380606,2278,0.671515,0.009458,0.294545,0.004149,51.804535,0.221212,0.003116,68.978088,0.000000,0.298788,0.004208,0.032727,0.057576,0.000000,0.000000,0.000000,0.000000,0.121818,0.000000,
45,cube0,0.322424,532,0.000000,0.000000,0.003030,0.000043,0.002424,0.000034,0.001212,0.000017,393.390656,0.000606,0.000009,0.000000,0.000000,0.264242,0.003722,0.031515,0.040000,0.000000,0.000000,0.000000,0.000000,0.133939,0.000000,NA,NA,NA,NA,NA,NA,NA,NA,NA,NA,NA,NA,NA,NA,NA,NA,NA,NA,NA,NA,NA,
45,vector0,NA,NA,NA,NA,NA,NA,NA,NA,NA,NA,NA,NA,NA,NA,NA,NA,NA,NA,NA,NA,NA,NA,NA,NA,NA,1.681212,2774,0.671515,0.009458,0.304242,0.004285,50.153389,0.402424,0.005668,37.917171,0.000000,0.294545,0.004149,0.032727,0.057576,0.000000,0.000000,0.000000,0.000000,0.098182,0.000000,
45,vector1,NA,NA,NA,NA,NA,NA,NA,NA,NA,NA,NA,NA,NA,NA,NA,NA,NA,NA,NA,NA,NA,NA,NA,NA,NA,1.443030,2381,0.671515,0.009458,0.323030,0.004550,47.236404,0.375152,0.005284,40.673668,0.000000,0.366061,0.005156,0.032727,0.057576,0.000000,0.000000,0.000000,0.000000,0.126061,0.000000,
46,cube0,0.312121,515,0.000000,0.000000,0.003030,0.000043,0.002424,0.000034,0.001212,0.000017,393.390656,0.000606,0.000009,0.000000,0.000000,0.273333,0.003850,0.031515,0.040000,0.000000,0.000000,0.000000,0.000000,0.115152,0.000000,NA,NA,NA,NA,NA,NA,NA,NA,NA,NA,NA,NA,NA,NA,NA,NA,NA,NA,NA,NA,NA,
46,vector0,NA,NA,NA,NA,NA,NA,NA,NA,NA,NA,NA,NA,NA,NA,NA,NA,NA,NA,NA,NA,NA,NA,NA,NA,NA,1.530303,2525,0.671515,0.009458,0.416970,0.005873,36.594479,0.234545,0.003303,65.056854,0.000000,0.300000,0.004225,0.032727,0.057576,0.000000,0.000000,0.000000,0.000000,0.120000,0.000000,
46,vector1,NA,NA,NA,NA,NA,NA,NA,NA,NA,NA,NA,NA,NA,NA,NA,NA,NA,NA,NA,NA,NA,NA,NA,NA,NA,2.005455,3309,0.671515,0.009458,0.610909,0.008604,24.977182,0.216364,0.003047,70.523811,0.000000,0.335152,0.004720,0.032727,0.057576,0.000000,0.000000,0.000000,0.000000,0.127273,0.000000,
47,cube0,0.343636,567,0.000000,0.000000,0.003030,0.000043,0.002424,0.000034,0.001212,0.000017,393.390656,0.000606,0.000009,0.000000,0.000000,0.301212,0.004242,0.031515,0.040000,0.000000,0.000000,0.000000,0.000000,0.131515,0.000000,NA,NA,NA,NA,NA,NA,NA,NA,NA,NA,NA,NA,NA,NA,NA,NA,NA,NA,NA,NA,NA,
47,vector0,NA,NA,NA,NA,NA,NA,NA,NA,NA,NA,NA,NA,NA,NA,NA,NA,NA,NA,NA,NA,NA,NA,NA,NA,NA,1.639394,2705,0.671515,0.009458,0.297576,0.004191,51.276989,0.449091,0.006325,33.977062,0.000000,0.380000,0.005352,0.032727,0.057576,0.000000,0.000000,0.000000,0.000000,0.112121,0.000000,
47,vector1,NA,NA,NA,NA,NA,NA,NA,NA,NA,NA,NA,NA,NA,NA,NA,NA,NA,NA,NA,NA,NA,NA,NA,NA,NA,1.544848,2549,0.671515,0.009458,0.438182,0.006172,34.822964,0.502424,0.007076,30.370327,0.000000,0.316364,0.004456,0.032727,0.057576,0.000000,0.000000,0.000000,0.000000,0.100000,0.000000,
48,cube0,0.316364,522,0.000000,0.000000,0.003030,0.000043,0.002424,0.000034,0.001212,0.000017,393.390656,0.000606,0.000009,0.000000,0.000000,0.270303,0.003807,0.031515,0.040000,0.000000,0.000000,0.000000,0.000000,0.132727,0.000000,NA,NA,NA,NA,NA,NA,NA,NA,NA,NA,NA,NA,NA,NA,NA,NA,NA,NA,NA,NA,NA,
48,vector0,NA,NA,NA,NA,NA,NA,NA,NA,NA,NA,NA,NA,NA,NA,NA,NA,NA,NA,NA,NA,NA,NA,NA,NA,NA,1.530909,2526,0.671515,0.009458,0.418788,0.005898,36.435604,0.357576,0.005036,42.672886,0.000000,0.293333,0.004131,0.032727,0.057576,0.000000,0.000000,0.000000,0.000000,0.118788,0.000000,
48,vector1,NA,NA,NA,NA,NA,NA,NA,NA,NA,NA,NA,NA,NA,NA,NA,NA,NA,NA,NA,NA,NA,NA,NA,NA,NA,1.868485,3083,0.671515,0.009458,0.485455,0.006837,31.431961,0.235152,0.003312,64.889175,0.000000,0.336364,0.004738,0.032727,0.057576,0.000000,0.000000,0.000000,0.000000,0.118182,0.000000,
49,cube0,0.352727,582,0.000000,0.000000,0.003030,0.000043,0.002424,0.000034,0.001212,0.000017,393.390656,0.000606,0.000009,0.000000,0.000000,0.304848,0.004294,0.031515,0.040000,0.000000,0.000000,0.000000,0.000000,0.130303,0.000000,NA,NA,NA,NA,NA,NA,NA,NA,NA,NA,NA,NA,NA,NA,NA,NA,NA,NA,NA,NA,NA,
49,vector0,NA,NA,NA,NA,NA,NA,NA,NA,NA,NA,NA,NA,NA,NA,NA,NA,NA,NA,NA,NA,NA,NA,NA,NA,NA,1.596364,2634,0.671515,0.009458,0.319394,0.004499,47.774200,0.526061,0.007409,29.005764,0.000000,0.340606,0.004797,0.032727,0.057576,0.000000,0.000000,0.000000,0.000000,0.133333,0.000000,
49,vector1,NA,NA,NA,NA,NA,NA,NA,NA,NA,NA,NA,NA,NA,NA,NA,NA,NA,NA,NA,NA,NA,NA,NA,NA,NA,1.547879,2554,0.671515,0.009458,0.448485,0.006317,34.022980,0.518182,0.007298,29.446787,0.000000,0.260606,0.003671,0.032727,0.057576,0.000000,0.000000,0.000000,0.000000,0.136970,0.000000,
50,cube0,0.329091,543,0.000000,0.000000,0.003030,0.000043,0.002424,0.000034,0.001212,0.000017,393.390656,0.000606,0.000009,0.000000,0.000000,0.278182,0.003918,0.031515,0.040000,0.000000,0.000000,0.000000,0.000000,0.138182,0.000000,NA,NA,NA,NA,NA,NA,NA,NA,NA,NA,NA,NA,NA,NA,NA,NA,NA,NA,NA,NA,NA,
50,vector0,NA,NA,NA,NA,NA,NA,NA,NA,NA,NA,NA,NA,NA,NA,NA,NA,NA,NA,NA,NA,NA,NA,NA,NA,NA,1.653939,2729,0.671515,0.009458,0.570303,0.008032,26.755583,0.253333,0.003568,60.232063,0.000000,0.293333,0.004131,0.032727,0.057576,0.000000,0.000000,0.000000,0.000000,0.118182,0.000000,
50,vector1,NA,NA,NA,NA,NA,NA,NA,NA,NA,NA,NA,NA,NA,NA,NA,NA,NA,NA,NA,NA,NA,NA,NA,NA,NA,1.982424,3271,0.671515,0.009458,0.732727,0.010320,20.824648,0.241212,0.003397,63.258797,0.000000,0.263636,0.003713,0.032727,0.057576,0.000000,0.000000,0.000000,0.000000,0.100606,0.000000,
51,cube0,0.371515,613,0.000000,0.000000,0.003030,0.000043,0.002424,0.000034,0.001212,0.000017,393.390656,0.000606,0.000009,0.000000,0.000000,0.317576,0.004473,0.031515,0.040000,0.000000,0.000000,0.000000,0.000000,0.133333,0.000000,NA,NA,NA,NA,NA,NA,NA,NA,NA,NA,NA,NA,NA,NA,NA,NA,NA,NA,NA,NA,NA,
51,vector0,NA,NA,NA,NA,NA,NA,NA,NA,NA,NA,NA,NA,NA,NA,NA,NA,NA,NA,NA,NA,NA,NA,NA,NA,NA,1.690909,2790,0.671515,0.009458,0.394545,0.005557,38.674347,0.458788,0.006462,33.258919,0.000000,0.327879,0.004618,0.032727,0.057576,0.000000,0.000000,0.000000,0.000000,0.099394,0.000000,
51,vector1,NA,NA,NA,NA,NA,NA,NA,NA,NA,NA,NA,NA,NA,NA,NA,NA,NA,NA,NA,NA,NA,NA,NA,NA,NA,1.587879,2620,0.671515,0.009458,0.491515,0.006923,31.044390,0.544849,0.007674,28.005562,0.000000,0.290909,0.004097,0.032727,0.057576,0.000000,0.000000,0.000000,0.000000,0.127879,0.000000,
52,cube0,0.305455,504,0.000000,0.000000,0.003030,0.000043,0.002424,0.000034,0.001212,0.000017,393.390656,0.000606,0.000009,0.000000,0.000000,0.269697,0.003799,0.031515,0.040000,0.000000,0.000000,0.000000,0.000000,0.136364,0.000000,NA,NA,NA,NA,NA,NA,NA,NA,NA,NA,NA,NA,NA,NA,NA,NA,NA,NA,NA,NA,NA,
52,vector0,NA,NA,NA,NA,NA,NA,NA,NA,NA,NA,NA,NA,NA,NA,NA,NA,NA,NA,NA,NA,NA,NA,NA,NA,NA,1.558788,2572,0.671515,0.009458,0.410909,0.005787,37.134224,0.503636,0.007093,30.297235,0.000000,0.346061,0.004874,0.032727,0.057576,0.000000,0.000000,0.000000,0.000000,0.147879,0.000000,
52,vector1,NA,NA,NA,NA,NA,NA,NA,NA,NA,NA,NA,NA,NA,NA,NA,NA,NA,NA,NA,NA,NA,NA,NA,NA,NA,1.395151,2302,0.671515,0.009458,0.290303,0.004089,52.561592,0.538182,0.007580,28.352478,0.000000,0.298788,0.004208,0.032727,0.057576,0.000000,0.000000,0.000000,0.000000,0.120606,0.000000,
53,cube0,0.310303,512,0.000000,0.000000,0.003030,0.000043,0.002424,0.000034,0.001212,0.000017,393.390656,0.000606,0.000009,0.000000,0.000000,0.270909,0.003816,0.031515,0.040000,0.000000,0.000000,0.000000,0.000000,0.106061,0.000000,NA,NA,NA,NA,NA,NA,NA,NA,NA,NA,NA,NA,NA,NA,NA,NA,NA,NA,NA,NA,NA,
53,vector0,NA,NA,NA,NA,NA,NA,NA,NA,NA,NA,NA,NA,NA,NA,NA,NA,NA,NA,NA,NA,NA,NA,NA,NA,NA,1.695758,2798,0.671515,0.009458,0.332121,0.004678,45.943436,0.234545,0.003303,65.056854,0.000000,0.292121,0.004114,0.032727,0.057576,0.000000,0.000000,0.000000,0.000000,0.144848,0.000000,
53,vector1,NA,NA,NA,NA,NA,NA,NA,NA,NA,NA,NA,NA,NA,NA,NA,NA,NA,NA,NA,NA,NA,NA,NA,NA,NA,1.572727,2595,0.671515,0.009458,0.258182,0.003636,59.100945,0.249091,0.003508,61.257912,0.000000,0.276364,0.003892,0.032727,0.057576,0.000000,0.000000,0.000000,0.000000,0.164848,0.000000,
54,cube0,0.321212,530,0.000000,0.000000,0.003030,0.000043,0.002424,0.000034,0.001212,0.000017,393.390656,0.000606,0.000009,0.000000,0.000000,0.272121,0.003833,0.031515,0.040000,0.000000,0.000000,0.000000,0.000000,0.122424,0.000000,NA,NA,NA,NA,NA,NA,NA,NA,NA,NA,NA,NA,NA,NA,NA,NA,NA,NA,NA,NA,NA,
54,vector0,NA,NA,NA,NA,NA,NA,NA,NA,NA,NA,NA,NA,NA,NA,NA,NA,NA,NA,NA,NA,NA,NA,NA,NA,NA,1.475758,2435,0.671515,0.009458,0.394545,0.005557,38.674347,0.230909,0.003252,66.081367,0.000000,0.278182,0.003918,0.032727,0.057576,0.000000,0.000000,0.000000,0.000000,0.115152,0.000000,
54,vector1,NA,NA,NA,NA,NA,NA,NA,NA,NA,NA,NA,NA,NA,NA,NA,NA,NA,NA,NA,NA,NA,NA,NA,NA,NA,1.804848,2978,0.671515,0.009458,0.448485,0.006317,34.022980,0.228485,0.003218,66.782494,0.000000,0.298182,0.004200,0.032727,0.057576,0.000000,0.000000,0.000000,0.000000,0.110303,0.000000,
55,cube0,0.352727,582,0.000000,0.000000,0.003030,0.000043,0.002424,0.000034,0.001212,0.000017,393.390656,0.000606,0.000009,0.000000,0.000000,0.300606,0.004234,0.031515,0.040000,0.000000,0.000000,0.000000,0.000000,0.103636,0.000000,NA,NA,NA,NA,NA,NA,NA,NA,NA,NA,NA,NA,NA,NA,NA,NA,NA,NA,NA,NA,NA,
55,vector0,NA,NA,NA,NA,NA,NA,NA,NA,NA,NA,NA,NA,NA,NA,NA,NA,NA,NA,NA,NA,NA,NA,NA,NA,NA,1.590303,2624,0.671515,0.009458,0.379394,0.005344,40.218853,0.413939,0.005830,36.862377,0.000000,0.293333,0.004131,0.032727,0.057576,0.000000,0.000000,0.000000,0.000000,0.118788,0.000000,
55,vector1,NA,NA,NA,NA,NA,NA,NA,NA,NA,NA,NA,NA,NA,NA,NA,NA,NA,NA,NA,NA,NA,NA,NA,NA,NA,1.580000,2607,0.671515,0.009458,0.445455,0.006274,34.254429,0.475152,0.006692,32.113522,0.000000,0.318182,0.004481,0.032727,0.057576,0.000000,0.000000,0.000000,0.000000,0.112727,0.000000,
56,cube0,0.340000,561,0.000000,0.000000,0.003030,0.000043,0.002424,0.000034,0.001212,0.000017,393.390656,0.000606,0.000009,0.000000,0.000000,0.299394,0.004217,0.031515,0.040000,0.000000,0.000000,0.000000,0.000000,0.135758,0.000000,NA,NA,NA,NA,NA,NA,NA,NA,NA,NA,NA,NA,NA,NA,NA,NA,NA,NA,NA,NA,NA,
56,vector0,NA,NA,NA,NA,NA,NA,NA,NA,NA,NA,NA,NA,NA,NA,NA,NA,NA,NA,NA,NA,NA,NA,NA,NA,NA,1.623636,2679,0.671515,0.009458,0.521818,0.007350,29.241583,0.230303,0.003244,66.255272,0.000000,0.300000,0.004225,0.032727,0.057576,0.000000,0.000000,0.000000,0.000000,0.126061,0.000000,
56,vector1,NA,NA,NA,NA,NA,NA,NA,NA,NA,NA,NA,NA,NA,NA,NA,NA,NA,NA,NA,NA,NA,NA,NA,NA,NA,1.537576,2537,0.671515,0.009458,0.432727,0.006095,35.261906,0.399394,0.005625,38.204857,0.000000,0.287879,0.004055,0.032727,0.057576,0.000000,0.000000,0.000000,0.000000,0.116970,0.000000,
57,cube0,0.306667,506,0.000000,0.000000,0.003030,0.000043,0.002424,0.000034,0.001212,0.000017,393.390656,0.000606,0.000009,0.000000,0.000000,0.263030,0.003705,0.031515,0.040000,0.000000,0.000000,0.000000,0.000000,0.111515,0.000000,NA,NA,NA,NA,NA,NA,NA,NA,NA,NA,NA,NA,NA,NA,NA,NA,NA,NA,NA,NA,NA,
57,vector0,NA,NA,NA,NA,NA,NA,NA,NA,NA,NA,NA,NA,NA,NA,NA,NA,NA,NA,NA,NA,NA,NA,NA,NA,NA,1.818788,3001,0.671515,0.009458,0.406061,0.005719,37.577614,0.389697,0.005489,39.155525,0.000000,0.302424,0.004259,0.032727,0.057576,0.000000,0.000000,0.000000,0.000000,0.141818,0.000000,
57,vector1,NA,NA,NA,NA,NA,NA,NA,NA,NA,NA,NA,NA,NA,NA,NA,NA,NA,NA,NA,NA,NA,NA,NA,NA,NA,1.663636,2745,0.671515,0.009458,0.305455,0.004302,49.954365,0.226061,0.003184,67.498672,0.000000,0.301212,0.004242,0.032727,0.057576,0.000000,0.000000,0.000000,0.000000,0.126667,0.000000,
58,cube0,0.364242,601,0.000000,0.000000,0.003030,0.000043,0.002424,0.000034,0.001212,0.000017,393.390656,0.000606,0.000009,0.000000,0.000000,0.312121,0.004396,0.031515,0.040000,0.000000,0.000000,0.000000,0.000000,0.118788,0.000000,NA,NA,NA,NA,NA,NA,NA,NA,NA,NA,NA,NA,NA,NA,NA,NA,NA,NA,NA,NA,NA,
58,vector0,NA,NA,NA,NA,NA,NA,NA,NA,NA,NA,NA,NA,NA,NA,NA,NA,NA,NA,NA,NA,NA,NA,NA,NA,NA,1.497576,2471,0.671515,0.009458,0.390303,0.005497,39.094723,0.243030,0.003423,62.785545,0.000000,0.281818,0.003969,0.032727,0.057576,0.000000,0.000000,0.000000,0.000000,0.118182,0.000000,
58,vector1,NA,NA,NA,NA,NA,NA,NA,NA,NA,NA,NA,NA,NA,NA,NA,NA,NA,NA,NA,NA,NA,NA,NA,NA,NA,1.689091,2787,0.671515,0.009458,0.373939,0.005267,40.805511,0.232121,0.003269,65.736298,0.000000,0.298182,0.004200,0.032727,0.057576,0.000000,0.000000,0.000000,0.000000,0.127879,0.000000,
59,cube0,0.350909,579,0.000000,0.000000,0.003030,0.000043,0.002424,0.000034,0.001212,0.000017,393.390656,0.000606,0.000009,0.000000,0.000000,0.295758,0.004166,0.031515,0.040000,0.000000,0.000000,0.000000,0.000000,0.138788,0.000000,NA,NA,NA,NA,NA,NA,NA,NA,NA,NA,NA,NA,NA,NA,NA,NA,NA,NA,NA,NA,NA,
59,vector0,NA,NA,NA,NA,NA,NA,NA,NA,NA,NA,NA,NA,NA,NA,NA,NA,NA,NA,NA,NA,NA,NA,NA,NA,NA,1.587879,2620,0.671515,0.009458,0.367273,0.005173,41.546207,0.587879,0.008280,25.955673,0.000000,0.269697,0.003799,0.032727,0.057576,0.000000,0.000000,0.000000,0.000000,0.112121,0.000000,
59,vector1,NA,NA,NA,NA,NA,NA,NA,NA,NA,NA,NA,NA,NA,NA,NA,NA,NA,NA,NA,NA,NA,NA,NA,NA,NA,1.383030,2282,0.671515,0.009458,0.300606,0.004234,50.760082,0.440000,0.006197,34.679066,0.000000,0.266667,0.003756,0.032727,0.057576,0.000000,0.000000,0.000000,0.000000,0.106061,0.000000,
60,cube0,0.347273,573,0.000000,0.000000,0.003030,0.000043,0.002424,0.000034,0.001212,0.000017,393.390656,0.000606,0.000009,0.000000,0.000000,0.304848,0.004294,0.031515,0.040000,0.000000,0.000000,0.000000,0.000000,0.109697,0.000000,NA,NA,NA,NA,NA,NA,NA,NA,NA,NA,NA,NA,NA,NA,NA,NA,NA,NA,NA,NA,NA,
60,vector0,NA,NA,NA,NA,NA,NA,NA,NA,NA,NA,NA,NA,NA,NA,NA,NA,NA,NA,NA,NA,NA,NA,NA,NA,NA,1.565455,2583,0.671515,0.009458,0.460606,0.006487,33.127636,0.224848,0.003167,67.862541,0.000000,0.292727,0.004123,0.032727,0.057576,0.000000,0.000000,0.000000,0.000000,0.115758,0.000000,
60,vector1,NA,NA,NA,NA,NA,NA,NA,NA,NA,NA,NA,NA,NA,NA,NA,NA,NA,NA,NA,NA,NA,NA,NA,NA,NA,1.529091,2523,0.671515,0.009458,0.434545,0.006120,35.114368,0.517576,0.007290,29.481268,0.000000,0.265455,0.003739,0.032727,0.057576,0.000000,0.000000,0.000000,0.000000,0.110909,0.000000,
61,cube0,0.293333,484,0.000000,0.000000,0.003030,0.000043,0.002424,0.000034,0.001212,0.000017,393.390656,0.000606,0.000009,0.000000,0.000000,0.247273,0.003483,0.031515,0.040000,0.000000,0.000000,0.000000,0.000000,0.141212,0.000000,NA,NA,NA,NA,NA,NA,NA,NA,NA,NA,NA,NA,NA,NA,NA,NA,NA,NA,NA,NA,NA,
61,vector0,NA,NA,NA,NA,NA,NA,NA,NA,NA,NA,NA,NA,NA,NA,NA,NA,NA,NA,NA,NA,NA,NA,NA,NA,NA,1.632121,2693,0.671515,0.009458,0.356364,0.005019,42.818031,0.444242,0.006257,34.347889,0.000000,0.303636,0.004277,0.032727,0.057576,0.000000,0.000000,0.000000,0.000000,0.129697,0.000000,
61,vector1,NA,NA,NA,NA,NA,NA,NA,NA,NA,NA,NA,NA,NA,NA,NA,NA,NA,NA,NA,NA,NA,NA,NA,NA,NA,1.732121,2858,0.671515,0.009458,0.370909,0.005224,41.138889,0.244242,0.003440,62.473949,0.000000,0.256364,0.003611,0.032727,0.057576,0.000000,0.000000,0.000000,0.000000,0.115152,0.000000,
62,cube0,0.344848,569,0.000000,0.000000,0.003030,0.000043,0.002424,0.000034,0.001212,0.000017,393.390656,0.000606,0.000009,0.000000,0.000000,0.294545,0.004149,0.031515,0.040000,0.000000,0.000000,0.000000,0.000000,0.113939,0.000000,NA,NA,NA,NA,NA,NA,NA,NA,NA,NA,NA,NA,NA,NA,NA,NA,NA,NA,NA,NA,NA,
62,vector0,NA,NA,NA,NA,NA,NA,NA,NA,NA,NA,NA,NA,NA,NA,NA,NA,NA,NA,NA,NA,NA,NA,NA,NA,NA,1.416970,2338,0.671515,0.009458,0.298788,0.004208,51.068970,0.228485,0.003218,66.782494,0.000000,0.289697,0.004080,0.032727,0.057576,0.000000,0.000000,0.000000,0.000000,0.128485,0.000000,
62,vector1,NA,NA,NA,NA,NA,NA,NA,NA,NA,NA,NA,NA,NA,NA,NA,NA,NA,NA,NA,NA,NA,NA,NA,NA,NA,1.447879,2389,0.671515,0.009458,0.361818,0.005096,42.172531,0.213939,0.003013,71.322952,0.000000,0.308485,0.004345,0.032727,0.057576,0.000000,0.000000,0.000000,0.000000,0.120000,0.000000,
63,cube0,0.294545,486,0.000000,0.000000,0.003030,0.000043,0.002424,0.000034,0.001212,0.000017,393.390656,0.000606,0.000009,0.000000,0.000000,0.241818,0.003406,0.031515,0.040000,0.000000,0.000000,0.000000,0.000000,0.144848,0.000000,NA,NA,NA,NA,NA,NA,NA,NA,NA,NA,NA,NA,NA,NA,NA,NA,NA,NA,NA,NA,NA,
63,vector0,NA,NA,NA,NA,NA,NA,NA,NA,NA,NA,NA,NA,NA,NA,NA,NA,NA,NA,NA,NA,NA,NA,NA,NA,NA,1.426667,2354,0.671515,0.009458,0.202424,0.002851,75.380241,0.497576,0.007008,30.666262,0.000000,0.270303,0.003807,0.032727,0.057576,0.000000,0.000000,0.000000,0.000000,0.126061,0.000000,
63,vector1,NA,NA,NA,NA,NA,NA,NA,NA,NA,NA,NA,NA,NA,NA,NA,NA,NA,NA,NA,NA,NA,NA,NA,NA,NA,1.502424,2479,0.671515,0.009458,0.193939,0.002732,78.678131,0.350303,0.004934,43.558826,0.000000,0.312121,0.004396,0.032727,0.057576,0.000000,0.000000,0.000000,0.000000,0.119394,0.000000,
64,cube0,0.363636,600,0.000000,0.000000,0.003030,0.000043,0.002424,0.000034,0.001212,0.000017,393.390656,0.000606,0.000009,0.000000,0.000000,0.309091,0.004353,0.031515,0.040000,0.000000,0.000000,0.000000,0.000000,0.117576,0.000000,NA,NA,NA,NA,NA,NA,NA,NA,NA,NA,NA,NA,NA,NA,NA,NA,NA,NA,NA,NA,NA,
64,vector0,NA,NA,NA,NA,NA,NA,NA,NA,NA,NA,NA,NA,NA,NA,NA,NA,NA,NA,NA,NA,NA,NA,NA,NA,NA,1.561818,2577,0.671515,0.009458,0.446061,0.006283,34.207882,0.239394,0.003372,63.739246,0.000000,0.333939,0.004703,0.032727,0.057576,0.000000,0.000000,0.000000,0.000000,0.136970,0.000000,
64,vector1,NA,NA,NA,NA,NA,NA,NA,NA,NA,NA,NA,NA,NA,NA,NA,NA,NA,NA,NA,NA,NA,NA,NA,NA,NA,1.518182,2505,0.671515,0.009458,0.429697,0.006052,35.510582,0.221818,0.003124,68.789627,0.000000,0.303030,0.004268,0.032727,0.057576,0.000000,0.000000,0.000000,0.000000,0.096970,0.000000,
65,cube0,0.323636,534,0.000000,0.000000,0.003030,0.000043,0.002424,0.000034,0.001212,0.000017,393.390656,0.000606,0.000009,0.000000,0.000000,0.264848,0.003730,0.031515,0.040000,0.000000,0.000000,0.000000,0.000000,0.121212,0.000000,NA,NA,NA,NA,NA,NA,NA,NA,NA,NA,NA,NA,NA,NA,NA,NA,NA,NA,NA,NA,NA,
65,vector0,NA,NA,NA,NA,NA,NA,NA,NA,NA,NA,NA,NA,NA,NA,NA,NA,NA,NA,NA,NA,NA,NA,NA,NA,NA,1.741818,2874,0.671515,0.009458,0.414545,0.005839,36.808483,0.547273,0.007708,27.881508,0.000000,0.293939,0.004140,0.032727,0.057576,0.000000,0.000000,0.000000,0.000000,0.094545,0.000000,
65,vector1,NA,NA,NA,NA,NA,NA,NA,NA,NA,NA,NA,NA,NA,NA,NA,NA,NA,NA,NA,NA,NA,NA,NA,NA,NA,1.587273,2619,0.671515,0.009458,0.335758,0.004729,45.445847,0.483030,0.006803,31.589716,0.000000,0.270909,0.003816,0.032727,0.057576,0.000000,0.000000,0.000000,0.000000,0.123030,0.000000,
66,cube0,0.312727,516,0.000000,0.000000,0.003030,0.000043,0.002424,0.000034,0.001212,0.000017,393.390656,0.000606,0.000009,0.000000,0.000000,0.274545,0.003867,0.031515,0.040000,0.000000,0.000000,0.000000,0.000000,0.115758,0.000000,NA,NA,NA,NA,NA,NA,NA,NA,NA,NA,NA,NA,NA,NA,NA,NA,NA,NA,NA,NA,NA,
66,vector0,NA,NA,NA,NA,NA,NA,NA,NA,NA,NA,NA,NA,NA,NA,NA,NA,NA,NA,NA,NA,NA,NA,NA,NA,NA,1.512727,2496,0.671515,0.009458,0.404848,0.005702,37.690121,0.226667,0.003192,67.318184,0.000000,0.299394,0.004217,0.032727,0.057576,0.000000,0.000000,0.000000,0.000000,0.102424,0.000000,
66,vector1,NA,NA,NA,NA,NA,NA,NA,NA,NA,NA,NA,NA,NA,NA,NA,NA,NA,NA,NA,NA,NA,NA,NA,NA,NA,2.020000,3333,0.671515,0.009458,0.602424,0.008485,25.328976,0.248485,0.003500,61.407322,0.000000,0.331515,0.004669,0.032727,0.057576,0.000000,0.000000,0.000000,0.000000,0.127879,0.000000,
67,cube0,0.343030,566,0.000000,0.000000,0.003030,0.000043,0.002424,0.000034,0.001212,0.000017,393.390656,0.000606,0.000009,0.000000,0.000000,0.300606,0.004234,0.031515,0.040000,0.000000,0.000000,0.000000,0.000000,0.132121,0.000000,NA,NA,NA,NA,NA,NA,NA,NA,NA,NA,NA,NA,NA,NA,NA,NA,NA,NA,NA,NA,NA,
67,vector0,NA,NA,NA,NA,NA,NA,NA,NA,NA,NA,NA,NA,NA,NA,NA,NA,NA,NA,NA,NA,NA,NA,NA,NA,NA,1.695758,2798,0.671515,0.009458,0.320606,0.004516,47.593578,0.498182,0.007017,30.628956,0.000000,0.386667,0.005446,0.032727,0.057576,0.000000,0.000000,0.000000,0.000000,0.110303,0.000000,
67,vector1,NA,NA,NA,NA,NA,NA,NA,NA,NA,NA,NA,NA,NA,NA,NA,NA,NA,NA,NA,NA,NA,NA,NA,NA,NA,1.573333,2596,0.671515,0.009458,0.463030,0.006522,32.954189,0.392727,0.005531,38.853397,0.000000,0.316364,0.004456,0.032727,0.057576,0.000000,0.000000,0.000000,0.000000,0.098182,0.000000,
68,cube0,0.315152,520,0.000000,0.000000,0.003030,0.000043,0.002424,0.000034,0.001212,0.000017,393.390656,0.000606,0.000009,0.000000,0.000000,0.269697,0.003799,0.031515,0.040000,0.000000,0.000000,0.000000,0.000000,0.134545,0.000000,NA,NA,NA,NA,NA,NA,NA,NA,NA,NA,NA,NA,NA,NA,NA,NA,NA,NA,NA,NA,NA,
68,vector0,NA,NA,NA,NA,NA,NA,NA,NA,NA,NA,NA,NA,NA,NA,NA,NA,NA,NA,NA,NA,NA,NA,NA,NA,NA,1.518182,2505,0.671515,0.009458,0.415152,0.005847,36.754745,0.509697,0.007179,29.936983,0.000000,0.300606,0.004234,0.032727,0.057576,0.000000,0.000000,0.000000,0.000000,0.115152,0.000000,
68,vector1,NA,NA,NA,NA,NA,NA,NA,NA,NA,NA,NA,NA,NA,NA,NA,NA,NA,NA,NA,NA,NA,NA,NA,NA,NA,1.885455,3111,0.671515,0.009458,0.493333,0.006948,30.929976,0.223030,0.003141,68.415764,0.000000,0.334545,0.004712,0.032727,0.057576,0.000000,0.000000,0.000000,0.000000,0.118182,0.000000,
69,cube0,0.351515,580,0.000000,0.000000,0.003030,0.000043,0.002424,0.000034,0.001212,0.000017,393.390656,0.000606,0.000009,0.000000,0.000000,0.303636,0.004277,0.031515,0.040000,0.000000,0.000000,0.000000,0.000000,0.116970,0.000000,NA,NA,NA,NA,NA,NA,NA,NA,NA,NA,NA,NA,NA,NA,NA,NA,NA,NA,NA,NA,NA,
69,vector0,NA,NA,NA,NA,NA,NA,NA,NA,NA,NA,NA,NA,NA,NA,NA,NA,NA,NA,NA,NA,NA,NA,NA,NA,NA,1.736970,2866,0.671515,0.009458,0.312727,0.004405,48.792641,0.460000,0.006479,33.171280,0.000000,0.349697,0.004925,0.032727,0.057576,0.000000,0.000000,0.000000,0.000000,0.130909,0.000000,
69,vector1,NA,NA,NA,NA,NA,NA,NA,NA,NA,NA,NA,NA,NA,NA,NA,NA,NA,NA,NA,NA,NA,NA,NA,NA,NA,1.689697,2788,0.671515,0.009458,0.469091,0.006607,32.528427,0.476970,0.006718,31.991110,0.000000,0.259394,0.003653,0.032727,0.057576,0.000000,0.000000,0.000000,0.000000,0.133333,0.000000,
70,cube0,0.329697,544,0.000000,0.000000,0.003030,0.000043,0.002424,0.000034,0.001212,0.000017,393.390656,0.000606,0.000009,0.000000,0.000000,0.278788,0.003927,0.031515,0.040000,0.000000,0.000000,0.000000,0.000000,0.138788,0.000000,NA,NA,NA,NA,NA,NA,NA,NA,NA,NA,NA,NA,NA,NA,NA,NA,NA,NA,NA,NA,NA,
70,vector0,NA,NA,NA,NA,NA,NA,NA,NA,NA,NA,NA,NA,NA,NA,NA,NA,NA,NA,NA,NA,NA,NA,NA,NA,NA,1.373333,2266,0.671515,0.009458,0.281212,0.003961,54.260784,0.223636,0.003150,68.230362,0.000000,0.290909,0.004097,0.032727,0.057576,0.000000,0.000000,0.000000,0.000000,0.115758,0.000000,
70,vector1,NA,NA,NA,NA,NA,NA,NA,NA,NA,NA,NA,NA,NA,NA,NA,NA,NA,NA,NA,NA,NA,NA,NA,NA,NA,1.536364,2535,0.671515,0.009458,0.434545,0.006120,35.114368,0.236970,0.003338,64.391304,0.000000,0.355152,0.005002,0.032727,0.057576,0.000000,0.000000,0.000000,0.000000,0.099394,0.000000,
71,cube0,0.376970,622,0.000000,0.000000,0.003030,0.000043,0.002424,0.000034,0.001212,0.000017,393.390656,0.000606,0.000009,0.000000,0.000000,0.323030,0.004550,0.031515,0.040000,0.000000,0.000000,0.000000,0.000000,0.133939,0.000000,NA,NA,NA,NA,NA,NA,NA,NA,NA,NA,NA,NA,NA,NA,NA,NA,NA,NA,NA,NA,NA,
71,vector0,NA,NA,NA,NA,NA,NA,NA,NA,NA,NA,NA,NA,NA,NA,NA,NA,NA,NA,NA,NA,NA,NA,NA,NA,NA,1.632121,2693,0.671515,0.009458,0.268485,0.003781,56.832958,0.467879,0.006590,32.612698,0.000000,0.372121,0.005241,0.032727,0.057576,0.000000,0.000000,0.000000,0.000000,0.098788,0.000000,
71,vector1,NA,NA,NA,NA,NA,NA,NA,NA,NA,NA,NA,NA,NA,NA,NA,NA,NA,NA,NA,NA,NA,NA,NA,NA,NA,1.651515,2725,0.671515,0.009458,0.424848,0.005984,35.915836,0.554545,0.007810,27.515848,0.000000,0.287273,0.004046,0.032727,0.057576,0.000000,0.000000,0.000000,0.000000,0.132121,0.000000,
72,cube0,0.306061,505,0.000000,0.000000,0.003030,0.000043,0.002424,0.000034,0.001212,0.000017,393.390656,0.000606,0.000009,0.000000,0.000000,0.269697,0.003799,0.031515,0.040000,0.000000,0.000000,0.000000,0.000000,0.136364,0.000000,NA,NA,NA,NA,NA,NA,NA,NA,NA,NA,NA,NA,NA,NA,NA,NA,NA,NA,NA,NA,NA,
72,vector0,NA,NA,NA,NA,NA,NA,NA,NA,NA,NA,NA,NA,NA,NA,NA,NA,NA,NA,NA,NA,NA,NA,NA,NA,NA,1.460000,2409,0.671515,0.009458,0.315758,0.004447,48.324383,0.246667,0.003474,61.859951,0.000000,0.351515,0.004951,0.032727,0.057576,0.000000,0.000000,0.000000,0.000000,0.149697,0.000000,
72,vector1,NA,NA,NA,NA,NA,NA,NA,NA,NA,NA,NA,NA,NA,NA,NA,NA,NA,NA,NA,NA,NA,NA,NA,NA,NA,1.366061,2254,0.671515,0.009458,0.281818,0.003969,54.144089,0.241818,0.003406,63.100258,0.000000,0.278788,0.003927,0.032727,0.057576,0.000000,0.000000,0.000000,0.000000,0.112727,0.000000,
73,cube0,0.308485,509,0.000000,0.000000,0.003030,0.000043,0.002424,0.000034,0.001212,0.000017,393.390656,0.000606,0.000009,0.000000,0.000000,0.269091,0.003790,0.031515,0.040000,0.000000,0.000000,0.000000,0.000000,0.103636,0.000000,NA,NA,NA,NA,NA,NA,NA,NA,NA,NA,NA,NA,NA,NA,NA,NA,NA,NA,NA,NA,NA,
73,vector0,NA,NA,NA,NA,NA,NA,NA,NA,NA,NA,NA,NA,NA,NA,NA,NA,NA,NA,NA,NA,NA,NA,NA,NA,NA,1.564849,2582,0.671515,0.009458,0.280000,0.003944,54.495674,0.496970,0.007000,30.703661,0.000000,0.329697,0.004644,0.032727,0.057576,0.000000,0.000000,0.000000,0.000000,0.118182,0.000000,
73,vector1,NA,NA,NA,NA,NA,NA,NA,NA,NA,NA,NA,NA,NA,NA,NA,NA,NA,NA,NA,NA,NA,NA,NA,NA,NA,1.421818,2346,0.671515,0.009458,0.178788,0.002518,85.345772,0.389697,0.005489,39.155525,0.000000,0.279394,0.003935,0.032727,0.057576,0.000000,0.000000,0.000000,0.000000,0.115152,0.000000,
74,cube0,0.320000,528,0.000000,0.000000,0.003030,0.000043,0.002424,0.000034,0.001212,0.000017,393.390656,0.000606,0.000009,0.000000,0.000000,0.270303,0.003807,0.031515,0.040000,0.000000,0.000000,0.000000,0.000000,0.124242,0.000000,NA,NA,NA,NA,NA,NA,NA,NA,NA,NA,NA,NA,NA,NA,NA,NA,NA,NA,NA,NA,NA,
74,vector0,NA,NA,NA,NA,NA,NA,NA,NA,NA,NA,NA,NA,NA,NA,NA,NA,NA,NA,NA,NA,NA,NA,NA,NA,NA,1.552121,2561,0.671515,0.009458,0.430909,0.006069,35.410690,0.514545,0.007247,29.654892,0.000000,0.321818,0.004533,0.032727,0.057576,0.000000,0.000000,0.000000,0.000000,0.120000,0.000000,
74,vector1,NA,NA,NA,NA,NA,NA,NA,NA,NA,NA,NA,NA,NA,NA,NA,NA,NA,NA,NA,NA,NA,NA,NA,NA,NA,1.998182,3297,0.671515,0.009458,0.618788,0.008715,24.659159,0.549091,0.007734,27.789185,0.000000,0.307879,0.004336,0.032727,0.057576,0.000000,0.000000,0.000000,0.000000,0.112727,0.000000,
75,cube0,0.360606,595,0.000000,0.000000,0.003030,0.000043,0.002424,0.000034,0.001212,0.000017,393.390656,0.000606,0.000009,0.000000,0.000000,0.308485,0.004345,0.031515,0.040000,0.000000,0.000000,0.000000,0.000000,0.102424,0.000000,NA,NA,NA,NA,NA,NA,NA,NA,NA,NA,NA,NA,NA,NA,NA,NA,NA,NA,NA,NA,NA,
75,vector0,NA,NA,NA,NA,NA,NA,NA,NA,NA,NA,NA,NA,NA,NA,NA,NA,NA,NA,NA,NA,NA,NA,NA,NA,NA,1.732727,2859,0.671515,0.009458,0.358182,0.005045,42.600681,0.452727,0.006376,33.704155,0.000000,0.289091,0.004072,0.032727,0.057576,0.000000,0.000000,0.000000,0.000000,0.123636,0.000000,
75,vector1,NA,NA,NA,NA,NA,NA,NA,NA,NA,NA,NA,NA,NA,NA,NA,NA,NA,NA,NA,NA,NA,NA,NA,NA,NA,1.597576,2636,0.671515,0.009458,0.464242,0.006539,32.868149,0.232121,0.003269,65.736298,0.000000,0.309091,0.004353,0.032727,0.057576,0.000000,0.000000,0.000000,0.000000,0.139394,0.000000,
76,cube0,0.343636,567,0.000000,0.000000,0.003030,0.000043,0.002424,0.000034,0.001212,0.000017,393.390656,0.000606,0.000009,0.000000,0.000000,0.303030,0.004268,0.031515,0.040000,0.000000,0.000000,0.000000,0.000000,0.131515,0.000000,NA,NA,NA,NA,NA,NA,NA,NA,NA,NA,NA,NA,NA,NA,NA,NA,NA,NA,NA,NA,NA,
76,vector0,NA,NA,NA,NA,NA,NA,NA,NA,NA,NA,NA,NA,NA,NA,NA,NA,NA,NA,NA,NA,NA,NA,NA,NA,NA,1.555151,2566,0.671515,0.009458,0.455152,0.006411,33.524635,0.229697,0.003235,66.430084,0.000000,0.284848,0.004012,0.032727,0.057576,0.000000,0.000000,0.000000,0.000000,0.126061,0.000000,
76,vector1,NA,NA,NA,NA,NA,NA,NA,NA,NA,NA,NA,NA,NA,NA,NA,NA,NA,NA,NA,NA,NA,NA,NA,NA,NA,1.795758,2963,0.671515,0.009458,0.521818,0.007350,29.241583,0.476970,0.006718,31.991110,0.000000,0.310909,0.004379,0.032727,0.057576,0.000000,0.000000,0.000000,0.000000,0.144242,0.000000,
77,cube0,0.304242,502,0.000000,0.000000,0.003030,0.000043,0.002424,0.000034,0.001212,0.000017,393.390656,0.000606,0.000009,0.000000,0.000000,0.261212,0.003679,0.031515,0.040000,0.000000,0.000000,0.000000,0.000000,0.112727,0.000000,NA,NA,NA,NA,NA,NA,NA,NA,NA,NA,NA,NA,NA,NA,NA,NA,NA,NA,NA,NA,NA,
77,vector0,NA,NA,NA,NA,NA,NA,NA,NA,NA,NA,NA,NA,NA,NA,NA,NA,NA,NA,NA,NA,NA,NA,NA,NA,NA,1.715758,2831,0.671515,0.009458,0.472121,0.006650,32.319641,0.458788,0.006462,33.258919,0.000000,0.270303,0.003807,0.032727,0.057576,0.000000,0.000000,0.000000,0.000000,0.113939,0.000000,
77,vector1,NA,NA,NA,NA,NA,NA,NA,NA,NA,NA,NA,NA,NA,NA,NA,NA,NA,NA,NA,NA,NA,NA,NA,NA,NA,1.569091,2589,0.671515,0.009458,0.447879,0.006308,34.069016,0.328485,0.004627,46.452030,0.000000,0.307879,0.004336,0.032727,0.057576,0.000000,0.000000,0.000000,0.000000,0.114545,0.000000,
78,cube0,0.363636,600,0.000000,0.000000,0.003030,0.000043,0.002424,0.000034,0.001212,0.000017,393.390656,0.000606,0.000009,0.000000,0.000000,0.311515,0.004388,0.031515,0.040000,0.000000,0.000000,0.000000,0.000000,0.118182,0.000000,NA,NA,NA,NA,NA,NA,NA,NA,NA,NA,NA,NA,NA,NA,NA,NA,NA,NA,NA,NA,NA,
78,vector0,NA,NA,NA,NA,NA,NA,NA,NA,NA,NA,NA,NA,NA,NA,NA,NA,NA,NA,NA,NA,NA,NA,NA,NA,NA,1.648485,2720,0.671515,0.009458,0.536970,0.007563,28.416479,0.230909,0.003252,66.081367,0.000000,0.296364,0.004174,0.032727,0.057576,0.000000,0.000000,0.000000,0.000000,0.128485,0.000000,
78,vector1,NA,NA,NA,NA,NA,NA,NA,NA,NA,NA,NA,NA,NA,NA,NA,NA,NA,NA,NA,NA,NA,NA,NA,NA,NA,1.417576,2339,0.671515,0.009458,0.330303,0.004652,46.196331,0.249697,0.003517,61.109226,0.000000,0.263030,0.003705,0.032727,0.057576,0.000000,0.000000,0.000000,0.000000,0.112121,0.000000,
79,cube0,0.348485,575,0.000000,0.000000,0.003030,0.000043,0.002424,0.000034,0.001212,0.000017,393.390656,0.000606,0.000009,0.000000,0.000000,0.293939,0.004140,0.031515,0.040000,0.000000,0.000000,0.000000,0.000000,0.138788,0.000000,NA,NA,NA,NA,NA,NA,NA,NA,NA,NA,NA,NA,NA,NA,NA,NA,NA,NA,NA,NA,NA,
79,vector0,NA,NA,NA,NA,NA,NA,NA,NA,NA,NA,NA,NA,NA,NA,NA,NA,NA,NA,NA,NA,NA,NA,NA,NA,NA,1.826667,3014,0.671515,0.009458,0.496364,0.006991,30.741150,0.438182,0.006172,34.822964,0.000000,0.303636,0.004277,0.032727,0.057576,0.000000,0.000000,0.000000,0.000000,0.107879,0.000000,
79,vector1,NA,NA,NA,NA,NA,NA,NA,NA,NA,NA,NA,NA,NA,NA,NA,NA,NA,NA,NA,NA,NA,NA,NA,NA,NA,1.672121,2759,0.671515,0.009458,0.288485,0.004063,52.892860,0.439394,0.006189,34.726898,0.000000,0.261818,0.003688,0.032727,0.057576,0.000000,0.000000,0.000000,0.000000,0.114545,0.000000,
80,cube0,0.349091,576,0.000000,0.000000,0.003030,0.000043,0.002424,0.000034,0.001212,0.000017,393.390656,0.000606,0.000009,0.000000,0.000000,0.306061,0.004311,0.031515,0.040000,0.000000,0.000000,0.000000,0.000000,0.112727,0.000000,NA,NA,NA,NA,NA,NA,NA,NA,NA,NA,NA,NA,NA,NA,NA,NA,NA,NA,NA,NA,NA,
80,vector0,NA,NA,NA,NA,NA,NA,NA,NA,NA,NA,NA,NA,NA,NA,NA,NA,NA,NA,NA,NA,NA,NA,NA,NA,NA,1.519394,2507,0.671515,0.009458,0.399394,0.005625,38.204857,0.224848,0.003167,67.862541,0.000000,0.292121,0.004114,0.032727,0.057576,0.000000,0.000000,0.000000,0.000000,0.108485,0.000000,
80,vector1,NA,NA,NA,NA,NA,NA,NA,NA,NA,NA,NA,NA,NA,NA,NA,NA,NA,NA,NA,NA,NA,NA,NA,NA,NA,1.513939,2498,0.671515,0.009458,0.409697,0.005770,37.244083,0.504242,0.007102,30.260820,0.000000,0.307879,0.004336,0.032727,0.057576,0.000000,0.000000,0.000000,0.000000,0.126667,0.000000,
81,cube0,0.289697,478,0.000000,0.000000,0.003030,0.000043,0.002424,0.000034,0.001212,0.000017,393.390656,0.000606,0.000009,0.000000,0.000000,0.243636,0.003431,0.031515,0.040000,0.000000,0.000000,0.000000,0.000000,0.140606,0.000000,NA,NA,NA,NA,NA,NA,NA,NA,NA,NA,NA,NA,NA,NA,NA,NA,NA,NA,NA,NA,NA,
81,vector0,NA,NA,NA,NA,NA,NA,NA,NA,NA,NA,NA,NA,NA,NA,NA,NA,NA,NA,NA,NA,NA,NA,NA,NA,NA,1.627273,2685,0.671515,0.009458,0.359394,0.005062,42.457001,0.407879,0.005745,37.410107,0.000000,0.260000,0.003662,0.032727,0.057576,0.000000,0.000000,0.000000,0.000000,0.092121,0.000000,
81,vector1,NA,NA,NA,NA,NA,NA,NA,NA,NA,NA,NA,NA,NA,NA,NA,NA,NA,NA,NA,NA,NA,NA,NA,NA,NA,1.614545,2664,0.671515,0.009458,0.296364,0.004174,51.486713,0.224848,0.003167,67.862541,0.000000,0.270909,0.003816,0.032727,0.057576,0.000000,0.000000,0.000000,0.000000,0.115152,0.000000,
82,cube0,0.344848,569,0.000000,0.000000,0.003030,0.000043,0.002424,0.000034,0.001212,0.000017,393.390656,0.000606,0.000009,0.000000,0.000000,0.294545,0.004149,0.031515,0.040000,0.000000,0.000000,0.000000,0.000000,0.115152,0.000000,NA,NA,NA,NA,NA,NA,NA,NA,NA,NA,NA,NA,NA,NA,NA,NA,NA,NA,NA,NA,NA,
82,vector0,NA,NA,NA,NA,NA,NA,NA,NA,NA,NA,NA,NA,NA,NA,NA,NA,NA,NA,NA,NA,NA,NA,NA,NA,NA,1.468485,2423,0.671515,0.009458,0.373333,0.005258,40.871758,0.228485,0.003218,66.782494,0.000000,0.312121,0.004396,0.032727,0.057576,0.000000,0.000000,0.000000,0.000000,0.115152,0.000000,
82,vector1,NA,NA,NA,NA,NA,NA,NA,NA,NA,NA,NA,NA,NA,NA,NA,NA,NA,NA,NA,NA,NA,NA,NA,NA,NA,1.732121,2858,0.671515,0.009458,0.461818,0.006504,33.040684,0.225455,0.003175,67.680115,0.000000,0.337576,0.004755,0.032727,0.057576,0.000000,0.000000,0.000000,0.000000,0.112727,0.000000,
83,cube0,0.292727,483,0.000000,0.000000,0.003030,0.000043,0.002424,0.000034,0.001212,0.000017,393.390656,0.000606,0.000009,0.000000,0.000000,0.240000,0.003380,0.031515,0.040000,0.000000,0.000000,0.000000,0.000000,0.145455,0.000000,NA,NA,NA,NA,NA,NA,NA,NA,NA,NA,NA,NA,NA,NA,NA,NA,NA,NA,NA,NA,NA,
83,vector0,NA,NA,NA,NA,NA,NA,NA,NA,NA,NA,NA,NA,NA,NA,NA,NA,NA,NA,NA,NA,NA,NA,NA,NA,NA,1.617576,2669,0.671515,0.009458,0.354545,0.004994,43.037613,0.421818,0.005941,36.173855,0.000000,0.296970,0.004183,0.032727,0.057576,0.000000,0.000000,0.000000,0.000000,0.121818,0.000000,
83,vector1,NA,NA,NA,NA,NA,NA,NA,NA,NA,NA,NA,NA,NA,NA,NA,NA,NA,NA,NA,NA,NA,NA,NA,NA,NA,1.520606,2509,0.671515,0.009458,0.422424,0.005950,36.121952,0.396364,0.005583,38.496941,0.000000,0.298788,0.004208,0.032727,0.057576,0.000000,0.000000,0.000000,0.000000,0.130303,0.000000,
84,cube0,0.364848,602,0.000000,0.000000,0.003030,0.000043,0.002424,0.000034,0.001212,0.000017,393.390656,0.000606,0.000009,0.000000,0.000000,0.310303,0.004370,0.031515,0.040000,0.000000,0.000000,0.000000,0.000000,0.115152,0.000000,NA,NA,NA,NA,NA,NA,NA,NA,NA,NA,NA,NA,NA,NA,NA,NA,NA,NA,NA,NA,NA,
84,vector0,NA,NA,NA,NA,NA,NA,NA,NA,NA,NA,NA,NA,NA,NA,NA,NA,NA,NA,NA,NA,NA,NA,NA,NA,NA,1.480000,2442,0.671515,0.009458,0.391515,0.005514,38.973686,0.223030,0.003141,68.415764,0.000000,0.298182,0.004200,0.032727,0.057576,0.000000,0.000000,0.000000,0.000000,0.122424,0.000000,
84,vector1,NA,NA,NA,NA,NA,NA,NA,NA,NA,NA,NA,NA,NA,NA,NA,NA,NA,NA,NA,NA,NA,NA,NA,NA,NA,1.541212,2543,0.671515,0.009458,0.432727,0.006095,35.261906,0.241818,0.003406,63.100258,0.000000,0.300000,0.004225,0.032727,0.057576,0.000000,0.000000,0.000000,0.000000,0.137576,0.000000,
85,cube0,0.323636,534,0.000000,0.000000,0.003030,0.000043,0.002424,0.000034,0.001212,0.000017,393.390656,0.000606,0.000009,0.000000,0.000000,0.264848,0.003730,0.031515,0.040000,0.000000,0.000000,0.000000,0.000000,0.120606,0.000000,NA,NA,NA,NA,NA,NA,NA,NA,NA,NA,NA,NA,NA,NA,NA,NA,NA,NA,NA,NA,NA,
85,vector0,NA,NA,NA,NA,NA,NA,NA,NA,NA,NA,NA,NA,NA,NA,NA,NA,NA,NA,NA,NA,NA,NA,NA,NA,NA,1.648485,2720,0.671515,0.009458,0.352727,0.004968,43.259453,0.427273,0.006018,35.712059,0.000000,0.366061,0.005156,0.032727,0.057576,0.000000,0.000000,0.000000,0.000000,0.093939,0.000000,
85,vector1,NA,NA,NA,NA,NA,NA,NA,NA,NA,NA,NA,NA,NA,NA,NA,NA,NA,NA,NA,NA,NA,NA,NA,NA,NA,1.807273,2982,0.671515,0.009458,0.447879,0.006308,34.069016,0.546667,0.007700,27.912418,0.000000,0.273939,0.003858,0.032727,0.057576,0.000000,0.000000,0.000000,0.000000,0.123030,0.000000,
86,cube0,0.311515,514,0.000000,0.000000,0.003030,0.000043,0.002424,0.000034,0.001212,0.000017,393.390656,0.000606,0.000009,0.000000,0.000000,0.273333,0.003850,0.031515,0.040000,0.000000,0.000000,0.000000,0.000000,0.115758,0.000000,NA,NA,NA,NA,NA,NA,NA,NA,NA,NA,NA,NA,NA,NA,NA,NA,NA,NA,NA,NA,NA,
86,vector0,NA,NA,NA,NA,NA,NA,NA,NA,NA,NA,NA,NA,NA,NA,NA,NA,NA,NA,NA,NA,NA,NA,NA,NA,NA,1.481818,2445,0.671515,0.009458,0.374545,0.005275,40.739483,0.233333,0.003286,65.394814,0.000000,0.297576,0.004191,0.032727,0.057576,0.000000,0.000000,0.000000,0.000000,0.103030,0.000000,
86,vector1,NA,NA,NA,NA,NA,NA,NA,NA,NA,NA,NA,NA,NA,NA,NA,NA,NA,NA,NA,NA,NA,NA,NA,NA,NA,1.666667,2750,0.671515,0.009458,0.559394,0.007879,27.277357,0.231515,0.003261,65.908379,0.000000,0.320606,0.004516,0.032727,0.057576,0.000000,0.000000,0.000000,0.000000,0.129697,0.000000,
87,cube0,0.341212,563,0.000000,0.000000,0.003030,0.000043,0.002424,0.000034,0.001212,0.000017,393.390656,0.000606,0.000009,0.000000,0.000000,0.298788,0.004208,0.031515,0.040000,0.000000,0.000000,0.000000,0.000000,0.129697,0.000000,NA,NA,NA,NA,NA,NA,NA,NA,NA,NA,NA,NA,NA,NA,NA,NA,NA,NA,NA,NA,NA,
87,vector0,NA,NA,NA,NA,NA,NA,NA,NA,NA,NA,NA,NA,NA,NA,NA,NA,NA,NA,NA,NA,NA,NA,NA,NA,NA,1.447879,2389,0.671515,0.009458,0.224848,0.003167,67.862541,0.509091,0.007170,29.972622,0.000000,0.346667,0.004883,0.032727,0.057576,0.000000,0.000000,0.000000,0.000000,0.098788,0.000000,
87,vector1,NA,NA,NA,NA,NA,NA,NA,NA,NA,NA,NA,NA,NA,NA,NA,NA,NA,NA,NA,NA,NA,NA,NA,NA,NA,1.619394,2672,0.671515,0.009458,0.370303,0.005216,41.206223,0.504242,0.007102,30.260820,0.000000,0.257576,0.003628,0.032727,0.057576,0.000000,0.000000,0.000000,0.000000,0.113939,0.000000,
88,cube0,0.315758,521,0.000000,0.000000,0.003030,0.000043,0.002424,0.000034,0.001212,0.000017,393.390656,0.000606,0.000009,0.000000,0.000000,0.270303,0.003807,0.031515,0.040000,0.000000,0.000000,0.000000,0.000000,0.133333,0.000000,NA,NA,NA,NA,NA,NA,NA,NA,NA,NA,NA,NA,NA,NA,NA,NA,NA,NA,NA,NA,NA,
88,vector0,NA,NA,NA,NA,NA,NA,NA,NA,NA,NA,NA,NA,NA,NA,NA,NA,NA,NA,NA,NA,NA,NA,NA,NA,NA,1.489091,2457,0.671515,0.009458,0.403636,0.005685,37.803307,0.232121,0.003269,65.736298,0.000000,0.293333,0.004131,0.032727,0.057576,0.000000,0.000000,0.000000,0.000000,0.126061,0.000000,
88,vector1,NA,NA,NA,NA,NA,NA,NA,NA,NA,NA,NA,NA,NA,NA,NA,NA,NA,NA,NA,NA,NA,NA,NA,NA,NA,1.598182,2637,0.671515,0.009458,0.482424,0.006795,31.629398,0.236364,0.003329,64.556412,0.000000,0.297576,0.004191,0.032727,0.057576,0.000000,0.000000,0.000000,0.000000,0.112727,0.000000,
89,cube0,0.352121,581,0.000000,0.000000,0.003030,0.000043,0.002424,0.000034,0.001212,0.000017,393.390656,0.000606,0.000009,0.000000,0.000000,0.304848,0.004294,0.031515,0.040000,0.000000,0.000000,0.000000,0.000000,0.116970,0.000000,NA,NA,NA,NA,NA,NA,NA,NA,NA,NA,NA,NA,NA,NA,NA,NA,NA,NA,NA,NA,NA,
89,vector0,NA,NA,NA,NA,NA,NA,NA,NA,NA,NA,NA,NA,NA,NA,NA,NA,NA,NA,NA,NA,NA,NA,NA,NA,NA,1.601212,2642,0.671515,0.009458,0.291515,0.004106,52.343044,0.407273,0.005736,37.465778,0.000000,0.378788,0.005335,0.032727,0.057576,0.000000,0.000000,0.000000,0.000000,0.132121,0.000000,
89,vector1,NA,NA,NA,NA,NA,NA,NA,NA,NA,NA,NA,NA,NA,NA,NA,NA,NA,NA,NA,NA,NA,NA,NA,NA,NA,1.771515,2923,0.671515,0.009458,0.386061,0.005437,39.524334,0.388485,0.005472,39.277695,0.000000,0.295152,0.004157,0.032727,0.057576,0.000000,0.000000,0.000000,0.000000,0.135152,0.000000,
90,cube0,0.327879,541,0.000000,0.000000,0.003030,0.000043,0.002424,0.000034,0.001212,0.000017,393.390656,0.000606,0.000009,0.000000,0.000000,0.276364,0.003892,0.031515,0.040000,0.000000,0.000000,0.000000,0.000000,0.149091,0.000000,NA,NA,NA,NA,NA,NA,NA,NA,NA,NA,NA,NA,NA,NA,NA,NA,NA,NA,NA,NA,NA,
90,vector0,NA,NA,NA,NA,NA,NA,NA,NA,NA,NA,NA,NA,NA,NA,NA,NA,NA,NA,NA,NA,NA,NA,NA,NA,NA,1.760606,2905,0.671515,0.009458,0.443636,0.006248,34.394814,0.240000,0.003380,63.578293,0.000000,0.289697,0.004080,0.032727,0.057576,0.000000,0.000000,0.000000,0.000000,0.116970,0.000000,
90,vector1,NA,NA,NA,NA,NA,NA,NA,NA,NA,NA,NA,NA,NA,NA,NA,NA,NA,NA,NA,NA,NA,NA,NA,NA,NA,1.902424,3139,0.671515,0.009458,0.477576,0.006726,31.950508,0.250909,0.003534,60.814014,0.000000,0.353333,0.004977,0.032727,0.057576,0.000000,0.000000,0.000000,0.000000,0.097576,0.000000,
91,cube0,0.383030,632,0.000000,0.000000,0.003030,0.000043,0.002424,0.000034,0.001212,0.000017,393.390656,0.000606,0.000009,0.000000,0.000000,0.329697,0.004644,0.031515,0.040000,0.000000,0.000000,0.000000,0.000000,0.132121,0.000000,NA,NA,NA,NA,NA,NA,NA,NA,NA,NA,NA,NA,NA,NA,NA,NA,NA,NA,NA,NA,NA,
91,vector0,NA,NA,NA,NA,NA,NA,NA,NA,NA,NA,NA,NA,NA,NA,NA,NA,NA,NA,NA,NA,NA,NA,NA,NA,NA,1.529091,2523,0.671515,0.009458,0.440000,0.006197,34.679066,0.477576,0.006726,31.950508,0.000000,0.278788,0.003927,0.032727,0.057576,0.000000,0.000000,0.000000,0.000000,0.098182,0.000000,
91,vector1,NA,NA,NA,NA,NA,NA,NA,NA,NA,NA,NA,NA,NA,NA,NA,NA,NA,NA,NA,NA,NA,NA,NA,NA,NA,1.550303,2558,0.671515,0.009458,0.431515,0.006078,35.360958,0.364242,0.005130,41.891850,0.000000,0.318182,0.004481,0.032727,0.057576,0.000000,0.000000,0.000000,0.000000,0.128485,0.000000,
92,cube0,0.306667,506,0.000000,0.000000,0.003030,0.000043,0.002424,0.000034,0.001212,0.000017,393.390656,0.000606,0.000009,0.000000,0.000000,0.270909,0.003816,0.031515,0.040000,0.000000,0.000000,0.000000,0.000000,0.133939,0.000000,NA,NA,NA,NA,NA,NA,NA,NA,NA,NA,NA,NA,NA,NA,NA,NA,NA,NA,NA,NA,NA,
92,vector0,NA,NA,NA,NA,NA,NA,NA,NA,NA,NA,NA,NA,NA,NA,NA,NA,NA,NA,NA,NA,NA,NA,NA,NA,NA,1.579394,2606,0.671515,0.009458,0.480000,0.006761,31.789146,0.244242,0.003440,62.473949,0.000000,0.282424,0.003978,0.032727,0.057576,0.000000,0.000000,0.000000,0.000000,0.146061,0.000000,
92,vector1,NA,NA,NA,NA,NA,NA,NA,NA,NA,NA,NA,NA,NA,NA,NA,NA,NA,NA,NA,NA,NA,NA,NA,NA,NA,1.558182,2571,0.671515,0.009458,0.422424,0.005950,36.121952,0.231515,0.003261,65.908379,0.000000,0.321212,0.004524,0.032727,0.057576,0.000000,0.000000,0.000000,0.000000,0.112727,0.000000,
93,cube0,0.309091,510,0.000000,0.000000,0.003030,0.000043,0.002424,0.000034,0.001212,0.000017,393.390656,0.000606,0.000009,0.000000,0.000000,0.269697,0.003799,0.031515,0.040000,0.000000,0.000000,0.000000,0.000000,0.103030,0.000000,NA,NA,NA,NA,NA,NA,NA,NA,NA,NA,NA,NA,NA,NA,NA,NA,NA,NA,NA,NA,NA,
93,vector0,NA,NA,NA,NA,NA,NA,NA,NA,NA,NA,NA,NA,NA,NA,NA,NA,NA,NA,NA,NA,NA,NA,NA,NA,NA,1.511515,2494,0.671515,0.009458,0.226061,0.003184,67.498672,0.441212,0.006214,34.583797,0.000000,0.358182,0.005045,0.032727,0.057576,0.000000,0.000000,0.000000,0.000000,0.114545,0.000000,
93,vector1,NA,NA,NA,NA,NA,NA,NA,NA,NA,NA,NA,NA,NA,NA,NA,NA,NA,NA,NA,NA,NA,NA,NA,NA,NA,1.505455,2484,0.671515,0.009458,0.195758,0.002757,77.947372,0.388485,0.005472,39.277695,0.000000,0.338788,0.004772,0.032727,0.057576,0.000000,0.000000,0.000000,0.000000,0.112727,0.000000,
94,cube0,0.317576,524,0.000000,0.000000,0.003030,0.000043,0.002424,0.000034,0.001212,0.000017,393.390656,0.000606,0.000009,0.000000,0.000000,0.268485,0.003781,0.031515,0.040000,0.000000,0.000000,0.000000,0.000000,0.123030,0.000000,NA,NA,NA,NA,NA,NA,NA,NA,NA,NA,NA,NA,NA,NA,NA,NA,NA,NA,NA,NA,NA,
94,vector0,NA,NA,NA,NA,NA,NA,NA,NA,NA,NA,NA,NA,NA,NA,NA,NA,NA,NA,NA,NA,NA,NA,NA,NA,NA,1.427273,2355,0.671515,0.009458,0.293939,0.004140,51.911346,0.222424,0.003133,68.602188,0.000000,0.340606,0.004797,0.032727,0.057576,0.000000,0.000000,0.000000,0.000000,0.121818,0.000000,
94,vector1,NA,NA,NA,NA,NA,NA,NA,NA,NA,NA,NA,NA,NA,NA,NA,NA,NA,NA,NA,NA,NA,NA,NA,NA,NA,1.825455,3012,0.671515,0.009458,0.434545,0.006120,35.114368,0.231515,0.003261,65.908379,0.000000,0.296970,0.004183,0.032727,0.057576,0.000000,0.000000,0.000000,0.000000,0.112727,0.000000,
95,cube0,0.348485,575,0.000000,0.000000,0.003030,0.000043,0.002424,0.000034,0.001212,0.000017,393.390656,0.000606,0.000009,0.000000,0.000000,0.296970,0.004183,0.031515,0.040000,0.000000,0.000000,0.000000,0.000000,0.101212,0.000000,NA,NA,NA,NA,NA,NA,NA,NA,NA,NA,NA,NA,NA,NA,NA,NA,NA,NA,NA,NA,NA,
95,vector0,NA,NA,NA,NA,NA,NA,NA,NA,NA,NA,NA,NA,NA,NA,NA,NA,NA,NA,NA,NA,NA,NA,NA,NA,NA,1.590909,2625,0.671515,0.009458,0.230303,0.003244,66.255272,0.350909,0.004942,43.483597,0.000000,0.301212,0.004242,0.032727,0.057576,0.000000,0.000000,0.000000,0.000000,0.127273,0.000000,
95,vector1,NA,NA,NA,NA,NA,NA,NA,NA,NA,NA,NA,NA,NA,NA,NA,NA,NA,NA,NA,NA,NA,NA,NA,NA,NA,1.553939,2564,0.671515,0.009458,0.255758,0.003602,59.661144,0.455758,0.006419,33.480053,0.000000,0.281212,0.003961,0.032727,0.057576,0.000000,0.000000,0.000000,0.000000,0.126667,0.000000,
96,cube0,0.340000,561,0.000000,0.000000,0.003030,0.000043,0.002424,0.000034,0.001212,0.000017,393.390656,0.000606,0.000009,0.000000,0.000000,0.298788,0.004208,0.031515,0.040000,0.000000,0.000000,0.000000,0.000000,0.131515,0.000000,NA,NA,NA,NA,NA,NA,NA,NA,NA,NA,NA,NA,NA,NA,NA,NA,NA,NA,NA,NA,NA,
96,vector0,NA,NA,NA,NA,NA,NA,NA,NA,NA,NA,NA,NA,NA,NA,NA,NA,NA,NA,NA,NA,NA,NA,NA,NA,NA,1.461818,2412,0.671515,0.009458,0.357576,0.005036,42.672886,0.251515,0.003542,60.667477,0.000000,0.275758,0.003884,0.032727,0.057576,0.000000,0.000000,0.000000,0.000000,0.118182,0.000000,
96,vector1,NA,NA,NA,NA,NA,NA,NA,NA,NA,NA,NA,NA,NA,NA,NA,NA,NA,NA,NA,NA,NA,NA,NA,NA,NA,1.432121,2363,0.671515,0.009458,0.323636,0.004558,47.147949,0.252121,0.003551,60.521641,0.000000,0.273939,0.003858,0.032727,0.057576,0.000000,0.000000,0.000000,0.000000,0.107879,0.000000,
97,cube0,0.312727,516,0.000000,0.000000,0.003030,0.000043,0.002424,0.000034,0.001212,0.000017,393.390656,0.000606,0.000009,0.000000,0.000000,0.268485,0.003781,0.031515,0.040000,0.000000,0.000000,0.000000,0.000000,0.112121,0.000000,NA,NA,NA,NA,NA,NA,NA,NA,NA,NA,NA,NA,NA,NA,NA,NA,NA,NA,NA,NA,NA,
97,vector0,NA,NA,NA,NA,NA,NA,NA,NA,NA,NA,NA,NA,NA,NA,NA,NA,NA,NA,NA,NA,NA,NA,NA,NA,NA,1.524242,2515,0.671515,0.009458,0.287879,0.004055,53.004215,0.516970,0.007281,29.515829,0.000000,0.297576,0.004191,0.032727,0.057576,0.000000,0.000000,0.000000,0.000000,0.140000,0.000000,
97,vector1,NA,NA,NA,NA,NA,NA,NA,NA,NA,NA,NA,NA,NA,NA,NA,NA,NA,NA,NA,NA,NA,NA,NA,NA,NA,1.586667,2618,0.671515,0.009458,0.213939,0.003013,71.322952,0.384242,0.005412,39.711365,0.000000,0.265455,0.003739,0.032727,0.057576,0.000000,0.000000,0.000000,0.000000,0.127273,0.000000,
98,cube0,0.358182,591,0.000000,0.000000,0.003030,0.000043,0.002424,0.000034,0.001212,0.000017,393.390656,0.000606,0.000009,0.000000,0.000000,0.305455,0.004302,0.031515,0.040000,0.000000,0.000000,0.000000,0.000000,0.118788,0.000000,NA,NA,NA,NA,NA,NA,NA,NA,NA,NA,NA,NA,NA,NA,NA,NA,NA,NA,NA,NA,NA,
98,vector0,NA,NA,NA,NA,NA,NA,NA,NA,NA,NA,NA,NA,NA,NA,NA,NA,NA,NA,NA,NA,NA,NA,NA,NA,NA,1.375152,2269,0.671515,0.009458,0.296364,0.004174,51.486713,0.490303,0.006906,31.121140,0.000000,0.252727,0.003560,0.032727,0.057576,0.000000,0.000000,0.000000,0.000000,0.143636,0.000000,
98,vector1,NA,NA,NA,NA,NA,NA,NA,NA,NA,NA,NA,NA,NA,NA,NA,NA,NA,NA,NA,NA,NA,NA,NA,NA,NA,1.502424,2479,0.671515,0.009458,0.388485,0.005472,39.277695,0.429091,0.006044,35.560738,0.000000,0.293939,0.004140,0.032727,0.057576,0.000000,0.000000,0.000000,0.000000,0.120606,0.000000,
99,cube0,0.349091,576,0.000000,0.000000,0.003030,0.000043,0.002424,0.000034,0.001212,0.000017,393.390656,0.000606,0.000009,0.000000,0.000000,0.294545,0.004149,0.031515,0.040000,0.000000,0.000000,0.000000,0.000000,0.140000,0.000000,NA,NA,NA,NA,NA,NA,NA,NA,NA,NA,NA,NA,NA,NA,NA,NA,NA,NA,NA,NA,NA,
99,vector0,NA,NA,NA,NA,NA,NA,NA,NA,NA,NA,NA,NA,NA,NA,NA,NA,NA,NA,NA,NA,NA,NA,NA,NA,NA,1.581212,2609,0.671515,0.009458,0.216364,0.003047,70.523811,0.246667,0.003474,61.859951,0.000000,0.309697,0.004362,0.032727,0.057576,0.000000,0.000000,0.000000,0.000000,0.114545,0.000000,
99,vector1,NA,NA,NA,NA,NA,NA,NA,NA,NA,NA,NA,NA,NA,NA,NA,NA,NA,NA,NA,NA,NA,NA,NA,NA,NA,1.663030,2744,0.671515,0.009458,0.384242,0.005412,39.711365,0.223636,0.003150,68.230362,0.000000,0.260000,0.003662,0.032727,0.057576,0.000000,0.000000,0.000000,0.000000,0.105455,0.000000,
100,cube0,0.347273,573,0.000000,0.000000,0.003030,0.000043,0.002424,0.000034,0.001212,0.000017,393.390656,0.000606,0.000009,0.000000,0.000000,0.304848,0.004294,0.031515,0.040000,0.000000,0.000000,0.000000,0.000000,0.114545,0.000000,NA,NA,NA,NA,NA,NA,NA,NA,NA,NA,NA,NA,NA,NA,NA,NA,NA,NA,NA,NA,NA,
100,vector0,NA,NA,NA,NA,NA,NA,NA,NA,NA,NA,NA,NA,NA,NA,NA,NA,NA,NA,NA,NA,NA,NA,NA,NA,NA,1.447879,2389,0.671515,0.009458,0.360606,0.005079,42.314289,0.227879,0.003210,66.960106,0.000000,0.275758,0.003884,0.032727,0.057576,0.000000,0.000000,0.000000,0.000000,0.116364,0.000000,
100,vector1,NA,NA,NA,NA,NA,NA,NA,NA,NA,NA,NA,NA,NA,NA,NA,NA,NA,NA,NA,NA,NA,NA,NA,NA,NA,1.482424,2446,0.671515,0.009458,0.384848,0.005420,39.648819,0.241818,0.003406,63.100258,0.000000,0.311515,0.004388,0.032727,0.057576,0.000000,0.000000,0.000000,0.000000,0.132121,0.000000,
101,cube0,0.289091,477,0.000000,0.000000,0.003030,0.000043,0.002424,0.000034,0.001212,0.000017,393.390656,0.000606,0.000009,0.000000,0.000000,0.242424,0.003414,0.031515,0.040000,0.000000,0.000000,0.000000,0.000000,0.138788,0.000000,NA,NA,NA,NA,NA,NA,NA,NA,NA,NA,NA,NA,NA,NA,NA,NA,NA,NA,NA,NA,NA,
101,vector0,NA,NA,NA,NA,NA,NA,NA,NA,NA,NA,NA,NA,NA,NA,NA,NA,NA,NA,NA,NA,NA,NA,NA,NA,NA,1.541212,2543,0.671515,0.009458,0.228485,0.003218,66.782494,0.426061,0.006001,35.813656,0.000000,0.324242,0.004567,0.032727,0.057576,0.000000,0.000000,0.000000,0.000000,0.091515,0.000000,
101,vector1,NA,NA,NA,NA,NA,NA,NA,NA,NA,NA,NA,NA,NA,NA,NA,NA,NA,NA,NA,NA,NA,NA,NA,NA,NA,1.575152,2599,0.671515,0.009458,0.335152,0.004720,45.528030,0.497576,0.007008,30.666262,0.000000,0.299394,0.004217,0.032727,0.057576,0.000000,0.000000,0.000000,0.000000,0.114545,0.000000,
102,cube0,0.344848,569,0.000000,0.000000,0.003030,0.000043,0.002424,0.000034,0.001212,0.000017,393.390656,0.000606,0.000009,0.000000,0.000000,0.293939,0.004140,0.031515,0.040000,0.000000,0.000000,0.000000,0.000000,0.114545,0.000000,NA,NA,NA,NA,NA,NA,NA,NA,NA,NA,NA,NA,NA,NA,NA,NA,NA,NA,NA,NA,NA,
102,vector0,NA,NA,NA,NA,NA,NA,NA,NA,NA,NA,NA,NA,NA,NA,NA,NA,NA,NA,NA,NA,NA,NA,NA,NA,NA,1.378182,2274,0.671515,0.009458,0.278182,0.003918,54.851856,0.227273,0.003201,67.138672,0.000000,0.300000,0.004225,0.032727,0.057576,0.000000,0.000000,0.000000,0.000000,0.115758,0.000000,
102,vector1,NA,NA,NA,NA,NA,NA,NA,NA,NA,NA,NA,NA,NA,NA,NA,NA,NA,NA,NA,NA,NA,NA,NA,NA,NA,1.474545,2433,0.671515,0.009458,0.370303,0.005216,41.206223,0.224848,0.003167,67.862541,0.000000,0.300606,0.004234,0.032727,0.057576,0.000000,0.000000,0.000000,0.000000,0.124848,0.000000,
103,cube0,0.292121,482,0.000000,0.000000,0.003030,0.000043,0.002424,0.000034,0.001212,0.000017,393.390656,0.000606,0.000009,0.000000,0.000000,0.240000,0.003380,0.031515,0.040000,0.000000,0.000000,0.000000,0.000000,0.146061,0.000000,NA,NA,NA,NA,NA,NA,NA,NA,NA,NA,NA,NA,NA,NA,NA,NA,NA,NA,NA,NA,NA,
103,vector0,NA,NA,NA,NA,NA,NA,NA,NA,NA,NA,NA,NA,NA,NA,NA,NA,NA,NA,NA,NA,NA,NA,NA,NA,NA,1.649091,2721,0.671515,0.009458,0.240000,0.003380,63.578293,0.498182,0.007017,30.628956,0.000000,0.316364,0.004456,0.032727,0.057576,0.000000,0.000000,0.000000,0.000000,0.121212,0.000000,
103,vector1,NA,NA,NA,NA,NA,NA,NA,NA,NA,NA,NA,NA,NA,NA,NA,NA,NA,NA,NA,NA,NA,NA,NA,NA,NA,1.719394,2837,0.671515,0.009458,0.409697,0.005770,37.244083,0.370303,0.005216,41.206223,0.000000,0.301818,0.004251,0.032727,0.057576,0.000000,0.000000,0.000000,0.000000,0.126667,0.000000,
104,cube0,0.369091,609,0.000000,0.000000,0.003030,0.000043,0.002424,0.000034,0.001212,0.000017,393.390656,0.000606,0.000009,0.000000,0.000000,0.313939,0.004422,0.031515,0.040000,0.000000,0.000000,0.000000,0.000000,0.116364,0.000000,NA,NA,NA,NA,NA,NA,NA,NA,NA,NA,NA,NA,NA,NA,NA,NA,NA,NA,NA,NA,NA,
104,vector0,NA,NA,NA,NA,NA,NA,NA,NA,NA,NA,NA,NA,NA,NA,NA,NA,NA,NA,NA,NA,NA,NA,NA,NA,NA,1.537576,2537,0.671515,0.009458,0.425455,0.005992,35.864677,0.237576,0.003346,64.227043,0.000000,0.304848,0.004294,0.032727,0.057576,0.000000,0.000000,0.000000,0.000000,0.123636,0.000000,
104,vector1,NA,NA,NA,NA,NA,NA,NA,NA,NA,NA,NA,NA,NA,NA,NA,NA,NA,NA,NA,NA,NA,NA,NA,NA,NA,1.548485,2555,0.671515,0.009458,0.433333,0.006103,35.212593,0.245455,0.003457,62.165432,0.000000,0.301212,0.004242,0.032727,0.057576,0.000000,0.000000,0.000000,0.000000,0.113939,0.000000,
105,cube0,0.324242,535,0.000000,0.000000,0.003030,0.000043,0.002424,0.000034,0.001212,0.000017,393.390656,0.000606,0.000009,0.000000,0.000000,0.265455,0.003739,0.031515,0.040000,0.000000,0.000000,0.000000,0.000000,0.123636,0.000000,NA,NA,NA,NA,NA,NA,NA,NA,NA,NA,NA,NA,NA,NA,NA,NA,NA,NA,NA,NA,NA,
105,vector0,NA,NA,NA,NA,NA,NA,NA,NA,NA,NA,NA,NA,NA,NA,NA,NA,NA,NA,NA,NA,NA,NA,NA,NA,NA,1.904848,3143,0.671515,0.009458,0.377576,0.005318,40.412521,0.525455,0.007401,29.039219,0.000000,0.317576,0.004473,0.032727,0.057576,0.000000,0.000000,0.000000,0.000000,0.138182,0.000000,
105,vector1,NA,NA,NA,NA,NA,NA,NA,NA,NA,NA,NA,NA,NA,NA,NA,NA,NA,NA,NA,NA,NA,NA,NA,NA,NA,1.751515,2890,0.671515,0.009458,0.371515,0.005233,41.071781,0.416364,0.005864,36.647747,0.000000,0.402424,0.005668,0.032727,0.057576,0.000000,0.000000,0.000000,0.000000,0.093333,0.000000,
106,cube0,0.313939,518,0.000000,0.000000,0.003030,0.000043,0.002424,0.000034,0.001212,0.000017,393.390656,0.000606,0.000009,0.000000,0.000000,0.275152,0.003875,0.031515,0.040000,0.000000,0.000000,0.000000,0.000000,0.115152,0.000000,NA,NA,NA,NA,NA,NA,NA,NA,NA,NA,NA,NA,NA,NA,NA,NA,NA,NA,NA,NA,NA,
106,vector0,NA,NA,NA,NA,NA,NA,NA,NA,NA,NA,NA,NA,NA,NA,NA,NA,NA,NA,NA,NA,NA,NA,NA,NA,NA,1.599394,2639,0.671515,0.009458,0.470909,0.006633,32.402832,0.234545,0.003303,65.056854,0.000000,0.296364,0.004174,0.032727,0.057576,0.000000,0.000000,0.000000,0.000000,0.123030,0.000000,
106,vector1,NA,NA,NA,NA,NA,NA,NA,NA,NA,NA,NA,NA,NA,NA,NA,NA,NA,NA,NA,NA,NA,NA,NA,NA,NA,1.643030,2711,0.671515,0.009458,0.556364,0.007836,27.425928,0.239394,0.003372,63.739246,0.000000,0.263636,0.003713,0.032727,0.057576,0.000000,0.000000,0.000000,0.000000,0.107273,0.000000,
107,cube0,0.338788,559,0.000000,0.000000,0.003030,0.000043,0.002424,0.000034,0.001212,0.000017,393.390656,0.000606,0.000009,0.000000,0.000000,0.297576,0.004191,0.031515,0.040000,0.000000,0.000000,0.000000,0.000000,0.130909,0.000000,NA,NA,NA,NA,NA,NA,NA,NA,NA,NA,NA,NA,NA,NA,NA,NA,NA,NA,NA,NA,NA,
107,vector0,NA,NA,NA,NA,NA,NA,NA,NA,NA,NA,NA,NA,NA,NA,NA,NA,NA,NA,NA,NA,NA,NA,NA,NA,NA,1.756364,2898,0.671515,0.009458,0.367879,0.005181,41.477760,0.473333,0.006667,32.236877,0.000000,0.293939,0.004140,0.032727,0.057576,0.000000,0.000000,0.000000,0.000000,0.098788,0.000000,
107,vector1,NA,NA,NA,NA,NA,NA,NA,NA,NA,NA,NA,NA,NA,NA,NA,NA,NA,NA,NA,NA,NA,NA,NA,NA,NA,1.725455,2847,0.671515,0.009458,0.395152,0.005566,38.615032,0.404242,0.005694,37.746628,0.000000,0.315152,0.004439,0.032727,0.057576,0.000000,0.000000,0.000000,0.000000,0.115152,0.000000,
108,cube0,0.315758,521,0.000000,0.000000,0.003030,0.000043,0.002424,0.000034,0.001212,0.000017,393.390656,0.000606,0.000009,0.000000,0.000000,0.269697,0.003799,0.031515,0.040000,0.000000,0.000000,0.000000,0.000000,0.130909,0.000000,NA,NA,NA,NA,NA,NA,NA,NA,NA,NA,NA,NA,NA,NA,NA,NA,NA,NA,NA,NA,NA,
108,vector0,NA,NA,NA,NA,NA,NA,NA,NA,NA,NA,NA,NA,NA,NA,NA,NA,NA,NA,NA,NA,NA,NA,NA,NA,NA,1.518788,2506,0.671515,0.009458,0.394545,0.005557,38.674347,0.238788,0.003363,63.901016,0.000000,0.325455,0.004584,0.032727,0.057576,0.000000,0.000000,0.000000,0.000000,0.117576,0.000000,
108,vector1,NA,NA,NA,NA,NA,NA,NA,NA,NA,NA,NA,NA,NA,NA,NA,NA,NA,NA,NA,NA,NA,NA,NA,NA,NA,1.405455,2319,0.671515,0.009458,0.299394,0.004217,50.965588,0.234545,0.003303,65.056854,0.000000,0.295758,0.004166,0.032727,0.057576,0.000000,0.000000,0.000000,0.000000,0.115758,0.000000,
109,cube0,0.353333,583,0.000000,0.000000,0.003030,0.000043,0.002424,0.000034,0.001212,0.000017,393.390656,0.000606,0.000009,0.000000,0.000000,0.305455,0.004302,0.031515,0.040000,0.000000,0.000000,0.000000,0.000000,0.115758,0.000000,NA,NA,NA,NA,NA,NA,NA,NA,NA,NA,NA,NA,NA,NA,NA,NA,NA,NA,NA,NA,NA,
109,vector0,NA,NA,NA,NA,NA,NA,NA,NA,NA,NA,NA,NA,NA,NA,NA,NA,NA,NA,NA,NA,NA,NA,NA,NA,NA,1.746667,2882,0.671515,0.009458,0.381818,0.005378,39.963493,0.529091,0.007452,28.839636,0.000000,0.334545,0.004712,0.032727,0.057576,0.000000,0.000000,0.000000,0.000000,0.129697,0.000000,
109,vector1,NA,NA,NA,NA,NA,NA,NA,NA,NA,NA,NA,NA,NA,NA,NA,NA,NA,NA,NA,NA,NA,NA,NA,NA,NA,1.702424,2809,0.671515,0.009458,0.361818,0.005096,42.172531,0.390303,0.005497,39.094723,0.000000,0.294545,0.004149,0.032727,0.057576,0.000000,0.000000,0.000000,0.000000,0.186667,0.000000,
110,cube0,0.326667,539,0.000000,0.000000,0.003030,0.000043,0.002424,0.000034,0.001212,0.000017,393.390656,0.000606,0.000009,0.000000,0.000000,0.276364,0.003892,0.031515,0.040000,0.000000,0.000000,0.000000,0.000000,0.136364,0.000000,NA,NA,NA,NA,NA,NA,NA,NA,NA,NA,NA,NA,NA,NA,NA,NA,NA,NA,NA,NA,NA,
110,vector0,NA,NA,NA,NA,NA,NA,NA,NA,NA,NA,NA,NA,NA,NA,NA,NA,NA,NA,NA,NA,NA,NA,NA,NA,NA,1.515152,2500,0.671515,0.009458,0.430303,0.006061,35.460564,0.247879,0.003491,61.557461,0.000000,0.281212,0.003961,0.032727,0.057576,0.000000,0.000000,0.000000,0.000000,0.115758,0.000000,
110,vector1,NA,NA,NA,NA,NA,NA,NA,NA,NA,NA,NA,NA,NA,NA,NA,NA,NA,NA,NA,NA,NA,NA,NA,NA,NA,1.552727,2562,0.671515,0.009458,0.475758,0.006701,32.072617,0.232727,0.003278,65.565109,0.000000,0.281818,0.003969,0.032727,0.057576,0.000000,0.000000,0.000000,0.000000,0.096970,0.000000,
111,cube0,0.375758,620,0.000000,0.000000,0.003030,0.000043,0.002424,0.000034,0.001212,0.000017,393.390656,0.000606,0.000009,0.000000,0.000000,0.321818,0.004533,0.031515,0.040000,0.000000,0.000000,0.000000,0.000000,0.132121,0.000000,NA,NA,NA,NA,NA,NA,NA,NA,NA,NA,NA,NA,NA,NA,NA,NA,NA,NA,NA,NA,NA,
111,vector0,NA,NA,NA,NA,NA,NA,NA,NA,NA,NA,NA,NA,NA,NA,NA,NA,NA,NA,NA,NA,NA,NA,NA,NA,NA,1.653333,2728,0.671515,0.009458,0.247879,0.003491,61.557461,0.466667,0.006573,32.697407,0.000000,0.282424,0.003978,0.032727,0.057576,0.000000,0.000000,0.000000,0.000000,0.099394,0.000000,
111,vector1,NA,NA,NA,NA,NA,NA,NA,NA,NA,NA,NA,NA,NA,NA,NA,NA,NA,NA,NA,NA,NA,NA,NA,NA,NA,1.623030,2678,0.671515,0.009458,0.298182,0.004200,51.172768,0.359394,0.005062,42.457001,0.000000,0.318788,0.004490,0.032727,0.057576,0.000000,0.000000,0.000000,0.000000,0.128485,0.000000,
112,cube0,0.306667,506,0.000000,0.000000,0.003030,0.000043,0.002424,0.000034,0.001212,0.000017,393.390656,0.000606,0.000009,0.000000,0.000000,0.270303,0.003807,0.031515,0.040000,0.000000,0.000000,0.000000,0.000000,0.134545,0.000000,NA,NA,NA,NA,NA,NA,NA,NA,NA,NA,NA,NA,NA,NA,NA,NA,NA,NA,NA,NA,NA,
112,vector0,NA,NA,NA,NA,NA,NA,NA,NA,NA,NA,NA,NA,NA,NA,NA,NA,NA,NA,NA,NA,NA,NA,NA,NA,NA,1.566061,2584,0.671515,0.009458,0.496970,0.007000,30.703661,0.234545,0.003303,65.056854,0.000000,0.269697,0.003799,0.032727,0.057576,0.000000,0.000000,0.000000,0.000000,0.145455,0.000000,
112,vector1,NA,NA,NA,NA,NA,NA,NA,NA,NA,NA,NA,NA,NA,NA,NA,NA,NA,NA,NA,NA,NA,NA,NA,NA,NA,1.524848,2516,0.671515,0.009458,0.408485,0.005753,37.354603,0.246667,0.003474,61.859951,0.000000,0.336364,0.004738,0.032727,0.057576,0.000000,0.000000,0.000000,0.000000,0.114545,0.000000,
113,cube0,0.311515,514,0.000000,0.000000,0.003030,0.000043,0.002424,0.000034,0.001212,0.000017,393.390656,0.000606,0.000009,0.000000,0.000000,0.271515,0.003824,0.031515,0.040000,0.000000,0.000000,0.000000,0.000000,0.103636,0.000000,NA,NA,NA,NA,NA,NA,NA,NA,NA,NA,NA,NA,NA,NA,NA,NA,NA,NA,NA,NA,NA,
113,vector0,NA,NA,NA,NA,NA,NA,NA,NA,NA,NA,NA,NA,NA,NA,NA,NA,NA,NA,NA,NA,NA,NA,NA,NA,NA,1.818788,3001,0.671515,0.009458,0.456970,0.006436,33.391247,0.466061,0.006564,32.739925,0.000000,0.342424,0.004823,0.032727,0.057576,0.000000,0.000000,0.000000,0.000000,0.115758,0.000000,
113,vector1,NA,NA,NA,NA,NA,NA,NA,NA,NA,NA,NA,NA,NA,NA,NA,NA,NA,NA,NA,NA,NA,NA,NA,NA,NA,1.691515,2791,0.671515,0.009458,0.424848,0.005984,35.915836,0.461212,0.006496,33.084103,0.000000,0.280000,0.003944,0.032727,0.057576,0.000000,0.000000,0.000000,0.000000,0.112727,0.000000,
114,cube0,0.321818,531,0.000000,0.000000,0.003030,0.000043,0.002424,0.000034,0.001212,0.000017,393.390656,0.000606,0.000009,0.000000,0.000000,0.272121,0.003833,0.031515,0.040000,0.000000,0.000000,0.000000,0.000000,0.122424,0.000000,NA,NA,NA,NA,NA,NA,NA,NA,NA,NA,NA,NA,NA,NA,NA,NA,NA,NA,NA,NA,NA,
114,vector0,NA,NA,NA,NA,NA,NA,NA,NA,NA,NA,NA,NA,NA,NA,NA,NA,NA,NA,NA,NA,NA,NA,NA,NA,NA,1.870303,3086,0.671515,0.009458,0.560606,0.007896,27.218382,0.515152,0.007256,29.620003,0.000000,0.289697,0.004080,0.032727,0.057576,0.000000,0.000000,0.000000,0.000000,0.120606,0.000000,
114,vector1,NA,NA,NA,NA,NA,NA,NA,NA,NA,NA,NA,NA,NA,NA,NA,NA,NA,NA,NA,NA,NA,NA,NA,NA,NA,1.379394,2276,0.671515,0.009458,0.294545,0.004149,51.804535,0.484848,0.006829,31.471252,0.000000,0.263636,0.003713,0.032727,0.057576,0.000000,0.000000,0.000000,0.000000,0.110303,0.000000,
115,cube0,0.349091,576,0.000000,0.000000,0.003030,0.000043,0.002424,0.000034,0.001212,0.000017,393.390656,0.000606,0.000009,0.000000,0.000000,0.296970,0.004183,0.031515,0.040000,0.000000,0.000000,0.000000,0.000000,0.102424,0.000000,NA,NA,NA,NA,NA,NA,NA,NA,NA,NA,NA,NA,NA,NA,NA,NA,NA,NA,NA,NA,NA,
115,vector0,NA,NA,NA,NA,NA,NA,NA,NA,NA,NA,NA,NA,NA,NA,NA,NA,NA,NA,NA,NA,NA,NA,NA,NA,NA,1.495152,2467,0.671515,0.009458,0.416364,0.005864,36.647747,0.452727,0.006376,33.704155,0.000000,0.252121,0.003551,0.032727,0.057576,0.000000,0.000000,0.000000,0.000000,0.126667,0.000000,
115,vector1,NA,NA,NA,NA,NA,NA,NA,NA,NA,NA,NA,NA,NA,NA,NA,NA,NA,NA,NA,NA,NA,NA,NA,NA,NA,1.568485,2588,0.671515,0.009458,0.189091,0.002663,80.695526,0.233333,0.003286,65.394814,0.000000,0.340000,0.004789,0.032727,0.057576,0.000000,0.000000,0.000000,0.000000,0.113333,0.000000,
116,cube0,0.336970,556,0.000000,0.000000,0.003030,0.000043,0.002424,0.000034,0.001212,0.000017,393.390656,0.000606,0.000009,0.000000,0.000000,0.296364,0.004174,0.031515,0.040000,0.000000,0.000000,0.000000,0.000000,0.132727,0.000000,NA,NA,NA,NA,NA,NA,NA,NA,NA,NA,NA,NA,NA,NA,NA,NA,NA,NA,NA,NA,NA,
116,vector0,NA,NA,NA,NA,NA,NA,NA,NA,NA,NA,NA,NA,NA,NA,NA,NA,NA,NA,NA,NA,NA,NA,NA,NA,NA,1.381212,2279,0.671515,0.009458,0.284848,0.004012,53.568089,0.233939,0.003295,65.225395,0.000000,0.291515,0.004106,0.032727,0.057576,0.000000,0.000000,0.000000,0.000000,0.106061,0.000000,
116,vector1,NA,NA,NA,NA,NA,NA,NA,NA,NA,NA,NA,NA,NA,NA,NA,NA,NA,NA,NA,NA,NA,NA,NA,NA,NA,1.847273,3048,0.671515,0.009458,0.472727,0.006658,32.278206,0.233333,0.003286,65.394814,0.000000,0.341212,0.004806,0.032727,0.057576,0.000000,0.000000,0.000000,0.000000,0.110909,0.000000,
117,cube0,0.302424,499,0.000000,0.000000,0.003030,0.000043,0.002424,0.000034,0.001212,0.000017,393.390656,0.000606,0.000009,0.000000,0.000000,0.259394,0.003653,0.031515,0.040000,0.000000,0.000000,0.000000,0.000000,0.110909,0.000000,NA,NA,NA,NA,NA,NA,NA,NA,NA,NA,NA,NA,NA,NA,NA,NA,NA,NA,NA,NA,NA,
117,vector0,NA,NA,NA,NA,NA,NA,NA,NA,NA,NA,NA,NA,NA,NA,NA,NA,NA,NA,NA,NA,NA,NA,NA,NA,NA,1.493939,2465,0.671515,0.009458,0.241818,0.003406,63.100258,0.498182,0.007017,30.628956,0.000000,0.310909,0.004379,0.032727,0.057576,0.000000,0.000000,0.000000,0.000000,0.142424,0.000000,
117,vector1,NA,NA,NA,NA,NA,NA,NA,NA,NA,NA,NA,NA,NA,NA,NA,NA,NA,NA,NA,NA,NA,NA,NA,NA,NA,1.658182,2736,0.671515,0.009458,0.438788,0.006180,34.774864,0.518788,0.007307,29.412386,0.000000,0.270303,0.003807,0.032727,0.057576,0.000000,0.000000,0.000000,0.000000,0.126667,0.000000,
118,cube0,0.360000,594,0.000000,0.000000,0.003030,0.000043,0.002424,0.000034,0.001212,0.000017,393.390656,0.000606,0.000009,0.000000,0.000000,0.307879,0.004336,0.031515,0.040000,0.000000,0.000000,0.000000,0.000000,0.118788,0.000000,NA,NA,NA,NA,NA,NA,NA,NA,NA,NA,NA,NA,NA,NA,NA,NA,NA,NA,NA,NA,NA,
118,vector0,NA,NA,NA,NA,NA,NA,NA,NA,NA,NA,NA,NA,NA,NA,NA,NA,NA,NA,NA,NA,NA,NA,NA,NA,NA,1.532121,2528,0.671515,0.009458,0.451515,0.006359,33.794636,0.233333,0.003286,65.394814,0.000000,0.275152,0.003875,0.032727,0.057576,0.000000,0.000000,0.000000,0.000000,0.116970,0.000000,
118,vector1,NA,NA,NA,NA,NA,NA,NA,NA,NA,NA,NA,NA,NA,NA,NA,NA,NA,NA,NA,NA,NA,NA,NA,NA,NA,1.535151,2533,0.671515,0.009458,0.429091,0.006044,35.560738,0.252727,0.003560,60.376503,0.000000,0.313333,0.004413,0.032727,0.057576,0.000000,0.000000,0.000000,0.000000,0.116364,0.000000,
119,cube0,0.349091,576,0.000000,0.000000,0.003030,0.000043,0.002424,0.000034,0.001212,0.000017,393.390656,0.000606,0.000009,0.000000,0.000000,0.294545,0.004149,0.031515,0.040000,0.000000,0.000000,0.000000,0.000000,0.138182,0.000000,NA,NA,NA,NA,NA,NA,NA,NA,NA,NA,NA,NA,NA,NA,NA,NA,NA,NA,NA,NA,NA,
119,vector0,NA,NA,NA,NA,NA,NA,NA,NA,NA,NA,NA,NA,NA,NA,NA,NA,NA,NA,NA,NA,NA,NA,NA,NA,NA,1.561212,2576,0.671515,0.009458,0.259394,0.003653,58.824772,0.390909,0.005506,39.034111,0.000000,0.346061,0.004874,0.032727,0.057576,0.000000,0.000000,0.000000,0.000000,0.122424,0.000000,
119,vector1,NA,NA,NA,NA,NA,NA,NA,NA,NA,NA,NA,NA,NA,NA,NA,NA,NA,NA,NA,NA,NA,NA,NA,NA,NA,1.672121,2759,0.671515,0.009458,0.290303,0.004089,52.561592,0.455758,0.006419,33.480053,0.000000,0.302424,0.004259,0.032727,0.057576,0.000000,0.000000,0.000000,0.000000,0.115152,0.000000,
120,cube0,0.347273,573,0.000000,0.000000,0.003030,0.000043,0.002424,0.000034,0.001212,0.000017,393.390656,0.000606,0.000009,0.000000,0.000000,0.304242,0.004285,0.031515,0.040000,0.000000,0.000000,0.000000,0.000000,0.111515,0.000000,NA,NA,NA,NA,NA,NA,NA,NA,NA,NA,NA,NA,NA,NA,NA,NA,NA,NA,NA,NA,NA,
120,vector0,NA,NA,NA,NA,NA,NA,NA,NA,NA,NA,NA,NA,NA,NA,NA,NA,NA,NA,NA,NA,NA,NA,NA,NA,NA,1.547273,2553,0.671515,0.009458,0.448485,0.006317,34.022980,0.244242,0.003440,62.473949,0.000000,0.300000,0.004225,0.032727,0.057576,0.000000,0.000000,0.000000,0.000000,0.132121,0.000000,
120,vector1,NA,NA,NA,NA,NA,NA,NA,NA,NA,NA,NA,NA,NA,NA,NA,NA,NA,NA,NA,NA,NA,NA,NA,NA,NA,1.538788,2539,0.671515,0.009458,0.424242,0.005975,35.967140,0.232121,0.003269,65.736298,0.000000,0.304848,0.004294,0.032727,0.057576,0.000000,0.000000,0.000000,0.000000,0.094545,0.000000,
121,cube0,0.287879,475,0.000000,0.000000,0.003030,0.000043,0.002424,0.000034,0.001212,0.000017,393.390656,0.000606,0.000009,0.000000,0.000000,0.241818,0.003406,0.031515,0.040000,0.000000,0.000000,0.000000,0.000000,0.140000,0.000000,NA,NA,NA,NA,NA,NA,NA,NA,NA,NA,NA,NA,NA,NA,NA,NA,NA,NA,NA,NA,NA,
121,vector0,NA,NA,NA,NA,NA,NA,NA,NA,NA,NA,NA,NA,NA,NA,NA,NA,NA,NA,NA,NA,NA,NA,NA,NA,NA,1.693333,2794,0.671515,0.009458,0.264848,0.003730,57.613281,0.409697,0.005770,37.244083,0.000000,0.297576,0.004191,0.032727,0.057576,0.000000,0.000000,0.000000,0.000000,0.113333,0.000000,
121,vector1,NA,NA,NA,NA,NA,NA,NA,NA,NA,NA,NA,NA,NA,NA,NA,NA,NA,NA,NA,NA,NA,NA,NA,NA,NA,1.573939,2597,0.671515,0.009458,0.255758,0.003602,59.661144,0.459394,0.006470,33.215042,0.000000,0.303030,0.004268,0.032727,0.057576,0.000000,0.000000,0.000000,0.000000,0.111515,0.000000,
122,cube0,0.346061,571,0.000000,0.000000,0.003030,0.000043,0.002424,0.000034,0.001212,0.000017,393.390656,0.000606,0.000009,0.000000,0.000000,0.295152,0.004157,0.031515,0.040000,0.000000,0.000000,0.000000,0.000000,0.115152,0.000000,NA,NA,NA,NA,NA,NA,NA,NA,NA,NA,NA,NA,NA,NA,NA,NA,NA,NA,NA,NA,NA,
122,vector0,NA,NA,NA,NA,NA,NA,NA,NA,NA,NA,NA,NA,NA,NA,NA,NA,NA,NA,NA,NA,NA,NA,NA,NA,NA,1.546061,2551,0.671515,0.009458,0.454545,0.006402,33.569336,0.245455,0.003457,62.165432,0.000000,0.286061,0.004029,0.032727,0.057576,0.000000,0.000000,0.000000,0.000000,0.143636,0.000000,
122,vector1,NA,NA,NA,NA,NA,NA,NA,NA,NA,NA,NA,NA,NA,NA,NA,NA,NA,NA,NA,NA,NA,NA,NA,NA,NA,1.856364,3063,0.671515,0.009458,0.564242,0.007947,27.042967,0.236970,0.003338,64.391304,0.000000,0.298788,0.004208,0.032727,0.057576,0.000000,0.000000,0.000000,0.000000,0.116970,0.000000,
123,cube0,0.303636,501,0.000000,0.000000,0.003030,0.000043,0.002424,0.000034,0.001212,0.000017,393.390656,0.000606,0.000009,0.000000,0.000000,0.250909,0.003534,0.031515,0.040000,0.000000,0.000000,0.000000,0.000000,0.145455,0.000000,NA,NA,NA,NA,NA,NA,NA,NA,NA,NA,NA,NA,NA,NA,NA,NA,NA,NA,NA,NA,NA,
123,vector0,NA,NA,NA,NA,NA,NA,NA,NA,NA,NA,NA,NA,NA,NA,NA,NA,NA,NA,NA,NA,NA,NA,NA,NA,NA,1.624242,2680,0.671515,0.009458,0.374545,0.005275,40.739483,0.522424,0.007358,29.207661,0.000000,0.301212,0.004242,0.032727,0.057576,0.000000,0.000000,0.000000,0.000000,0.123636,0.000000,
123,vector1,NA,NA,NA,NA,NA,NA,NA,NA,NA,NA,NA,NA,NA,NA,NA,NA,NA,NA,NA,NA,NA,NA,NA,NA,NA,1.537576,2537,0.671515,0.009458,0.429697,0.006052,35.510582,0.500000,0.007042,30.517578,0.000000,0.284848,0.004012,0.032727,0.057576,0.000000,0.000000,0.000000,0.000000,0.120000,0.000000,
124,cube0,0.370303,611,0.000000,0.000000,0.003030,0.000043,0.002424,0.000034,0.001212,0.000017,393.390656,0.000606,0.000009,0.000000,0.000000,0.315758,0.004447,0.031515,0.040000,0.000000,0.000000,0.000000,0.000000,0.116970,0.000000,NA,NA,NA,NA,NA,NA,NA,NA,NA,NA,NA,NA,NA,NA,NA,NA,NA,NA,NA,NA,NA,
124,vector0,NA,NA,NA,NA,NA,NA,NA,NA,NA,NA,NA,NA,NA,NA,NA,NA,NA,NA,NA,NA,NA,NA,NA,NA,NA,1.824849,3011,0.671515,0.009458,0.347273,0.004891,43.938923,0.239394,0.003372,63.739246,0.000000,0.299394,0.004217,0.032727,0.057576,0.000000,0.000000,0.000000,0.000000,0.126667,0.000000,
124,vector1,NA,NA,NA,NA,NA,NA,NA,NA,NA,NA,NA,NA,NA,NA,NA,NA,NA,NA,NA,NA,NA,NA,NA,NA,NA,1.792727,2958,0.671515,0.009458,0.427879,0.006026,35.661476,0.236364,0.003329,64.556412,0.000000,0.338182,0.004763,0.032727,0.057576,0.000000,0.000000,0.000000,0.000000,0.120606,0.000000,
125,cube0,0.330909,546,0.000000,0.000000,0.003030,0.000043,0.002424,0.000034,0.001212,0.000017,393.390656,0.000606,0.000009,0.000000,0.000000,0.272727,0.003841,0.031515,0.040000,0.000000,0.000000,0.000000,0.000000,0.120000,0.000000,NA,NA,NA,NA,NA,NA,NA,NA,NA,NA,NA,NA,NA,NA,NA,NA,NA,NA,NA,NA,NA,
125,vector0,NA,NA,NA,NA,NA,NA,NA,NA,NA,NA,NA,NA,NA,NA,NA,NA,NA,NA,NA,NA,NA,NA,NA,NA,NA,1.440606,2377,0.671515,0.009458,0.317576,0.004473,48.047714,0.370909,0.005224,41.138889,0.000000,0.315758,0.004447,0.032727,0.057576,0.000000,0.000000,0.000000,0.000000,0.136364,0.000000,
125,vector1,NA,NA,NA,NA,NA,NA,NA,NA,NA,NA,NA,NA,NA,NA,NA,NA,NA,NA,NA,NA,NA,NA,NA,NA,NA,1.526667,2519,0.671515,0.009458,0.415152,0.005847,36.754745,0.493939,0.006957,30.892027,0.000000,0.307273,0.004328,0.032727,0.057576,0.000000,0.000000,0.000000,0.000000,0.098182,0.000000,
126,cube0,0.315152,520,0.000000,0.000000,0.003030,0.000043,0.002424,0.000034,0.001212,0.000017,393.390656,0.000606,0.000009,0.000000,0.000000,0.276364,0.003892,0.031515,0.040000,0.000000,0.000000,0.000000,0.000000,0.116364,0.000000,NA,NA,NA,NA,NA,NA,NA,NA,NA,NA,NA,NA,NA,NA,NA,NA,NA,NA,NA,NA,NA,
126,vector0,NA,NA,NA,NA,NA,NA,NA,NA,NA,NA,NA,NA,NA,NA,NA,NA,NA,NA,NA,NA,NA,NA,NA,NA,NA,1.563636,2580,0.671515,0.009458,0.360000,0.005070,42.385521,0.506061,0.007128,30.152098,0.000000,0.305455,0.004302,0.032727,0.057576,0.000000,0.000000,0.000000,0.000000,0.113333,0.000000,
126,vector1,NA,NA,NA,NA,NA,NA,NA,NA,NA,NA,NA,NA,NA,NA,NA,NA,NA,NA,NA,NA,NA,NA,NA,NA,NA,1.506667,2486,0.671515,0.009458,0.349091,0.004917,43.710075,0.234545,0.003303,65.056854,0.000000,0.260000,0.003662,0.032727,0.057576,0.000000,0.000000,0.000000,0.000000,0.116364,0.000000,
127,cube0,0.344848,569,0.000000,0.000000,0.003030,0.000043,0.002424,0.000034,0.001212,0.000017,393.390656,0.000606,0.000009,0.000000,0.000000,0.302424,0.004259,0.031515,0.040000,0.000000,0.000000,0.000000,0.000000,0.130303,0.000000,NA,NA,NA,NA,NA,NA,NA,NA,NA,NA,NA,NA,NA,NA,NA,NA,NA,NA,NA,NA,NA,
127,vector0,NA,NA,NA,NA,NA,NA,NA,NA,NA,NA,NA,NA,NA,NA,NA,NA,NA,NA,NA,NA,NA,NA,NA,NA,NA,1.732121,2858,0.671515,0.009458,0.383636,0.005403,39.774094,0.227879,0.003210,66.960106,0.000000,0.295152,0.004157,0.032727,0.057576,0.000000,0.000000,0.000000,0.000000,0.093333,0.000000,
127,vector1,NA,NA,NA,NA,NA,NA,NA,NA,NA,NA,NA,NA,NA,NA,NA,NA,NA,NA,NA,NA,NA,NA,NA,NA,NA,1.680606,2773,0.671515,0.009458,0.274545,0.003867,55.578369,0.488485,0.006880,31.236975,0.000000,0.326061,0.004592,0.032727,0.057576,0.000000,0.000000,0.000000,0.000000,0.132727,0.000000,
128,cube0,0.316364,522,0.000000,0.000000,0.003030,0.000043,0.002424,0.000034,0.001212,0.000017,393.390656,0.000606,0.000009,0.000000,0.000000,0.270303,0.003807,0.031515,0.040000,0.000000,0.000000,0.000000,0.000000,0.132121,0.000000,NA,NA,NA,NA,NA,NA,NA,NA,NA,NA,NA,NA,NA,NA,NA,NA,NA,NA,NA,NA,NA,
128,vector0,NA,NA,NA,NA,NA,NA,NA,NA,NA,NA,NA,NA,NA,NA,NA,NA,NA,NA,NA,NA,NA,NA,NA,NA,NA,1.406667,2321,0.671515,0.009458,0.300000,0.004225,50.862629,0.272121,0.003833,56.073498,0.000000,0.324242,0.004567,0.032727,0.057576,0.000000,0.000000,0.000000,0.000000,0.141818,0.000000,
128,vector1,NA,NA,NA,NA,NA,NA,NA,NA,NA,NA,NA,NA,NA,NA,NA,NA,NA,NA,NA,NA,NA,NA,NA,NA,NA,1.510303,2492,0.671515,0.009458,0.412727,0.005813,36.970634,0.247273,0.003483,61.708336,0.000000,0.296364,0.004174,0.032727,0.057576,0.000000,0.000000,0.000000,0.000000,0.120606,0.000000,
129,cube0,0.348485,575,0.000000,0.000000,0.003030,0.000043,0.002424,0.000034,0.001212,0.000017,393.390656,0.000606,0.000009,0.000000,0.000000,0.300606,0.004234,0.031515,0.040000,0.000000,0.000000,0.000000,0.000000,0.116364,0.000000,NA,NA,NA,NA,NA,NA,NA,NA,NA,NA,NA,NA,NA,NA,NA,NA,NA,NA,NA,NA,NA,
129,vector0,NA,NA,NA,NA,NA,NA,NA,NA,NA,NA,NA,NA,NA,NA,NA,NA,NA,NA,NA,NA,NA,NA,NA,NA,NA,1.490909,2460,0.671515,0.009458,0.259394,0.003653,58.824772,0.453939,0.006394,33.614151,0.000000,0.334545,0.004712,0.032727,0.057576,0.000000,0.000000,0.000000,0.000000,0.122424,0.000000,
129,vector1,NA,NA,NA,NA,NA,NA,NA,NA,NA,NA,NA,NA,NA,NA,NA,NA,NA,NA,NA,NA,NA,NA,NA,NA,NA,1.618788,2671,0.671515,0.009458,0.284242,0.004003,53.682304,0.423636,0.005967,36.018600,0.000000,0.290909,0.004097,0.032727,0.057576,0.000000,0.000000,0.000000,0.000000,0.095152,0.000000,
130,cube0,0.335758,554,0.000000,0.000000,0.003030,0.000043,0.002424,0.000034,0.001212,0.000017,393.390656,0.000606,0.000009,0.000000,0.000000,0.284848,0.004012,0.031515,0.040000,0.000000,0.000000,0.000000,0.000000,0.136970,0.000000,NA,NA,NA,NA,NA,NA,NA,NA,NA,NA,NA,NA,NA,NA,NA,NA,NA,NA,NA,NA,NA,
130,vector0,NA,NA,NA,NA,NA,NA,NA,NA,NA,NA,NA,NA,NA,NA,NA,NA,NA,NA,NA,NA,NA,NA,NA,NA,NA,1.391515,2296,0.671515,0.009458,0.299394,0.004217,50.965588,0.237576,0.003346,64.227043,0.000000,0.283636,0.003995,0.032727,0.057576,0.000000,0.000000,0.000000,0.000000,0.102424,0.000000,
130,vector1,NA,NA,NA,NA,NA,NA,NA,NA,NA,NA,NA,NA,NA,NA,NA,NA,NA,NA,NA,NA,NA,NA,NA,NA,NA,1.441818,2379,0.671515,0.009458,0.366667,0.005164,41.614880,0.225455,0.003175,67.680115,0.000000,0.285455,0.004020,0.032727,0.057576,0.000000,0.000000,0.000000,0.000000,0.106061,0.000000,
131,cube0,0.374545,618,0.000000,0.000000,0.003030,0.000043,0.002424,0.000034,0.001212,0.000017,393.390656,0.000606,0.000009,0.000000,0.000000,0.320606,0.004516,0.031515,0.040000,0.000000,0.000000,0.000000,0.000000,0.133333,0.000000,NA,NA,NA,NA,NA,NA,NA,NA,NA,NA,NA,NA,NA,NA,NA,NA,NA,NA,NA,NA,NA,
131,vector0,NA,NA,NA,NA,NA,NA,NA,NA,NA,NA,NA,NA,NA,NA,NA,NA,NA,NA,NA,NA,NA,NA,NA,NA,NA,1.608485,2654,0.671515,0.009458,0.229697,0.003235,66.430084,0.465455,0.006556,32.782555,0.000000,0.284848,0.004012,0.032727,0.057576,0.000000,0.000000,0.000000,0.000000,0.128485,0.000000,
131,vector1,NA,NA,NA,NA,NA,NA,NA,NA,NA,NA,NA,NA,NA,NA,NA,NA,NA,NA,NA,NA,NA,NA,NA,NA,NA,1.667273,2751,0.671515,0.009458,0.267273,0.003764,57.090702,0.419394,0.005907,36.382954,0.000000,0.317576,0.004473,0.032727,0.057576,0.000000,0.000000,0.000000,0.000000,0.150303,0.000000,
132,cube0,0.306061,505,0.000000,0.000000,0.003030,0.000043,0.002424,0.000034,0.001212,0.000017,393.390656,0.000606,0.000009,0.000000,0.000000,0.269697,0.003799,0.031515,0.040000,0.000000,0.000000,0.000000,0.000000,0.134545,0.000000,NA,NA,NA,NA,NA,NA,NA,NA,NA,NA,NA,NA,NA,NA,NA,NA,NA,NA,NA,NA,NA,
132,vector0,NA,NA,NA,NA,NA,NA,NA,NA,NA,NA,NA,NA,NA,NA,NA,NA,NA,NA,NA,NA,NA,NA,NA,NA,NA,1.550303,2558,0.671515,0.009458,0.486061,0.006846,31.392773,0.233939,0.003295,65.225395,0.000000,0.310909,0.004379,0.032727,0.057576,0.000000,0.000000,0.000000,0.000000,0.114545,0.000000,
132,vector1,NA,NA,NA,NA,NA,NA,NA,NA,NA,NA,NA,NA,NA,NA,NA,NA,NA,NA,NA,NA,NA,NA,NA,NA,NA,1.481818,2445,0.671515,0.009458,0.350909,0.004942,43.483597,0.224848,0.003167,67.862541,0.000000,0.336970,0.004746,0.032727,0.057576,0.000000,0.000000,0.000000,0.000000,0.118788,0.000000,
133,cube0,0.309091,510,0.000000,0.000000,0.003030,0.000043,0.002424,0.000034,0.001212,0.000017,393.390656,0.000606,0.000009,0.000000,0.000000,0.269697,0.003799,0.031515,0.040000,0.000000,0.000000,0.000000,0.000000,0.103030,0.000000,NA,NA,NA,NA,NA,NA,NA,NA,NA,NA,NA,NA,NA,NA,NA,NA,NA,NA,NA,NA,NA,
133,vector0,NA,NA,NA,NA,NA,NA,NA,NA,NA,NA,NA,NA,NA,NA,NA,NA,NA,NA,NA,NA,NA,NA,NA,NA,NA,1.476364,2436,0.671515,0.009458,0.258788,0.003645,58.962536,0.504848,0.007111,30.224491,0.000000,0.270909,0.003816,0.032727,0.057576,0.000000,0.000000,0.000000,0.000000,0.106061,0.000000,
133,vector1,NA,NA,NA,NA,NA,NA,NA,NA,NA,NA,NA,NA,NA,NA,NA,NA,NA,NA,NA,NA,NA,NA,NA,NA,NA,1.558182,2571,0.671515,0.009458,0.183030,0.002578,83.367546,0.501818,0.007068,30.407007,0.000000,0.269697,0.003799,0.032727,0.057576,0.000000,0.000000,0.000000,0.000000,0.119394,0.000000,
134,cube0,0.320000,528,0.000000,0.000000,0.003030,0.000043,0.002424,0.000034,0.001212,0.000017,393.390656,0.000606,0.000009,0.000000,0.000000,0.270909,0.003816,0.031515,0.040000,0.000000,0.000000,0.000000,0.000000,0.124242,0.000000,NA,NA,NA,NA,NA,NA,NA,NA,NA,NA,NA,NA,NA,NA,NA,NA,NA,NA,NA,NA,NA,
134,vector0,NA,NA,NA,NA,NA,NA,NA,NA,NA,NA,NA,NA,NA,NA,NA,NA,NA,NA,NA,NA,NA,NA,NA,NA,NA,1.577576,2603,0.671515,0.009458,0.484242,0.006820,31.510639,0.416364,0.005864,36.647747,0.000000,0.291515,0.004106,0.032727,0.057576,0.000000,0.000000,0.000000,0.000000,0.110303,0.000000,
134,vector1,NA,NA,NA,NA,NA,NA,NA,NA,NA,NA,NA,NA,NA,NA,NA,NA,NA,NA,NA,NA,NA,NA,NA,NA,NA,1.495152,2467,0.671515,0.009458,0.373939,0.005267,40.805511,0.228485,0.003218,66.782494,0.000000,0.288485,0.004063,0.032727,0.057576,0.000000,0.000000,0.000000,0.000000,0.129697,0.000000,
135,cube0,0.352727,582,0.000000,0.000000,0.003030,0.000043,0.002424,0.000034,0.001212,0.000017,393.390656,0.000606,0.000009,0.000000,0.000000,0.300606,0.004234,0.031515,0.040000,0.000000,0.000000,0.000000,0.000000,0.105455,0.000000,NA,NA,NA,NA,NA,NA,NA,NA,NA,NA,NA,NA,NA,NA,NA,NA,NA,NA,NA,NA,NA,
135,vector0,NA,NA,NA,NA,NA,NA,NA,NA,NA,NA,NA,NA,NA,NA,NA,NA,NA,NA,NA,NA,NA,NA,NA,NA,NA,1.758182,2901,0.671515,0.009458,0.394545,0.005557,38.674347,0.390303,0.005497,39.094723,0.000000,0.266061,0.003747,0.032727,0.057576,0.000000,0.000000,0.000000,0.000000,0.115152,0.000000,
135,vector1,NA,NA,NA,NA,NA,NA,NA,NA,NA,NA,NA,NA,NA,NA,NA,NA,NA,NA,NA,NA,NA,NA,NA,NA,NA,1.536364,2535,0.671515,0.009458,0.256970,0.003619,59.379723,0.439394,0.006189,34.726898,0.000000,0.338788,0.004772,0.032727,0.057576,0.000000,0.000000,0.000000,0.000000,0.116970,0.000000,
136,cube0,0.340000,561,0.000000,0.000000,0.003030,0.000043,0.002424,0.000034,0.001212,0.000017,393.390656,0.000606,0.000009,0.000000,0.000000,0.299394,0.004217,0.031515,0.040000,0.000000,0.000000,0.000000,0.000000,0.131515,0.000000,NA,NA,NA,NA,NA,NA,NA,NA,NA,NA,NA,NA,NA,NA,NA,NA,NA,NA,NA,NA,NA,
136,vector0,NA,NA,NA,NA,NA,NA,NA,NA,NA,NA,NA,NA,NA,NA,NA,NA,NA,NA,NA,NA,NA,NA,NA,NA,NA,1.895758,3128,0.671515,0.009458,0.453939,0.006394,33.614151,0.245455,0.003457,62.165432,0.000000,0.309091,0.004353,0.032727,0.057576,0.000000,0.000000,0.000000,0.000000,0.112121,0.000000,
136,vector1,NA,NA,NA,NA,NA,NA,NA,NA,NA,NA,NA,NA,NA,NA,NA,NA,NA,NA,NA,NA,NA,NA,NA,NA,NA,1.756364,2898,0.671515,0.009458,0.395758,0.005574,38.555901,0.252727,0.003560,60.376503,0.000000,0.337576,0.004755,0.032727,0.057576,0.000000,0.000000,0.000000,0.000000,0.107273,0.000000,
137,cube0,0.306667,506,0.000000,0.000000,0.003030,0.000043,0.002424,0.000034,0.001212,0.000017,393.390656,0.000606,0.000009,0.000000,0.000000,0.262424,0.003696,0.031515,0.040000,0.000000,0.000000,0.000000,0.000000,0.113333,0.000000,NA,NA,NA,NA,NA,NA,NA,NA,NA,NA,NA,NA,NA,NA,NA,NA,NA,NA,NA,NA,NA,
137,vector0,NA,NA,NA,NA,NA,NA,NA,NA,NA,NA,NA,NA,NA,NA,NA,NA,NA,NA,NA,NA,NA,NA,NA,NA,NA,1.613939,2663,0.671515,0.009458,0.434545,0.006120,35.114368,0.447879,0.006308,34.069016,0.000000,0.313939,0.004422,0.032727,0.057576,0.000000,0.000000,0.000000,0.000000,0.126061,0.000000,
137,vector1,NA,NA,NA,NA,NA,NA,NA,NA,NA,NA,NA,NA,NA,NA,NA,NA,NA,NA,NA,NA,NA,NA,NA,NA,NA,1.447879,2389,0.671515,0.009458,0.374545,0.005275,40.739483,0.408485,0.005753,37.354603,0.000000,0.263030,0.003705,0.032727,0.057576,0.000000,0.000000,0.000000,0.000000,0.141818,0.000000,
138,cube0,0.362424,598,0.000000,0.000000,0.003030,0.000043,0.002424,0.000034,0.001212,0.000017,393.390656,0.000606,0.000009,0.000000,0.000000,0.310303,0.004370,0.031515,0.040000,0.000000,0.000000,0.000000,0.000000,0.126667,0.000000,NA,NA,NA,NA,NA,NA,NA,NA,NA,NA,NA,NA,NA,NA,NA,NA,NA,NA,NA,NA,NA,
138,vector0,NA,NA,NA,NA,NA,NA,NA,NA,NA,NA,NA,NA,NA,NA,NA,NA,NA,NA,NA,NA,NA,NA,NA,NA,NA,1.554545,2565,0.671515,0.009458,0.450303,0.006342,33.885601,0.238182,0.003355,64.063622,0.000000,0.273939,0.003858,0.032727,0.057576,0.000000,0.000000,0.000000,0.000000,0.130303,0.000000,
138,vector1,NA,NA,NA,NA,NA,NA,NA,NA,NA,NA,NA,NA,NA,NA,NA,NA,NA,NA,NA,NA,NA,NA,NA,NA,NA,1.536970,2536,0.671515,0.009458,0.421818,0.005941,36.173855,0.242424,0.003414,62.942505,0.000000,0.312727,0.004405,0.032727,0.057576,0.000000,0.000000,0.000000,0.000000,0.120000,0.000000,
139,cube0,0.350303,578,0.000000,0.000000,0.003030,0.000043,0.002424,0.000034,0.001212,0.000017,393.390656,0.000606,0.000009,0.000000,0.000000,0.295758,0.004166,0.031515,0.040000,0.000000,0.000000,0.000000,0.000000,0.138788,0.000000,NA,NA,NA,NA,NA,NA,NA,NA,NA,NA,NA,NA,NA,NA,NA,NA,NA,NA,NA,NA,NA,
139,vector0,NA,NA,NA,NA,NA,NA,NA,NA,NA,NA,NA,NA,NA,NA,NA,NA,NA,NA,NA,NA,NA,NA,NA,NA,NA,1.686667,2783,0.671515,0.009458,0.290303,0.004089,52.561592,0.441212,0.006214,34.583797,0.000000,0.346061,0.004874,0.032727,0.057576,0.000000,0.000000,0.000000,0.000000,0.119394,0.000000,
139,vector1,NA,NA,NA,NA,NA,NA,NA,NA,NA,NA,NA,NA,NA,NA,NA,NA,NA,NA,NA,NA,NA,NA,NA,NA,NA,1.692121,2792,0.671515,0.009458,0.270303,0.003807,56.450672,0.540000,0.007606,28.257015,0.000000,0.306061,0.004311,0.032727,0.057576,0.000000,0.000000,0.000000,0.000000,0.123030,0.000000,
140,cube0,0.349697,577,0.000000,0.000000,0.003030,0.000043,0.002424,0.000034,0.001212,0.000017,393.390656,0.000606,0.000009,0.000000,0.000000,0.306667,0.004319,0.031515,0.040000,0.000000,0.000000,0.000000,0.000000,0.110909,0.000000,NA,NA,NA,NA,NA,NA,NA,NA,NA,NA,NA,NA,NA,NA,NA,NA,NA,NA,NA,NA,NA,
140,vector0,NA,NA,NA,NA,NA,NA,NA,NA,NA,NA,NA,NA,NA,NA,NA,NA,NA,NA,NA,NA,NA,NA,NA,NA,NA,1.515152,2500,0.671515,0.009458,0.433333,0.006103,35.212593,0.257576,0.003628,59.240005,0.000000,0.299394,0.004217,0.032727,0.057576,0.000000,0.000000,0.000000,0.000000,0.117576,0.000000,
140,vector1,NA,NA,NA,NA,NA,NA,NA,NA,NA,NA,NA,NA,NA,NA,NA,NA,NA,NA,NA,NA,NA,NA,NA,NA,NA,1.512727,2496,0.671515,0.009458,0.415152,0.005847,36.754745,0.228485,0.003218,66.782494,0.000000,0.296970,0.004183,0.032727,0.057576,0.000000,0.000000,0.000000,0.000000,0.095152,0.000000,
141,cube0,0.286667,473,0.000000,0.000000,0.003030,0.000043,0.002424,0.000034,0.001212,0.000017,393.390656,0.000606,0.000009,0.000000,0.000000,0.241212,0.003397,0.031515,0.040000,0.000000,0.000000,0.000000,0.000000,0.140606,0.000000,NA,NA,NA,NA,NA,NA,NA,NA,NA,NA,NA,NA,NA,NA,NA,NA,NA,NA,NA,NA,NA,
141,vector0,NA,NA,NA,NA,NA,NA,NA,NA,NA,NA,NA,NA,NA,NA,NA,NA,NA,NA,NA,NA,NA,NA,NA,NA,NA,1.611515,2659,0.671515,0.009458,0.265455,0.003739,57.481743,0.411515,0.005796,37.079533,0.000000,0.300000,0.004225,0.032727,0.057576,0.000000,0.000000,0.000000,0.000000,0.112121,0.000000,
141,vector1,NA,NA,NA,NA,NA,NA,NA,NA,NA,NA,NA,NA,NA,NA,NA,NA,NA,NA,NA,NA,NA,NA,NA,NA,NA,1.597576,2636,0.671515,0.009458,0.280000,0.003944,54.495674,0.416970,0.005873,36.594479,0.000000,0.301818,0.004251,0.032727,0.057576,0.000000,0.000000,0.000000,0.000000,0.114545,0.000000,
142,cube0,0.344848,569,0.000000,0.000000,0.003030,0.000043,0.002424,0.000034,0.001212,0.000017,393.390656,0.000606,0.000009,0.000000,0.000000,0.294545,0.004149,0.031515,0.040000,0.000000,0.000000,0.000000,0.000000,0.115758,0.000000,NA,NA,NA,NA,NA,NA,NA,NA,NA,NA,NA,NA,NA,NA,NA,NA,NA,NA,NA,NA,NA,
142,vector0,NA,NA,NA,NA,NA,NA,NA,NA,NA,NA,NA,NA,NA,NA,NA,NA,NA,NA,NA,NA,NA,NA,NA,NA,NA,1.494545,2466,0.671515,0.009458,0.386061,0.005437,39.524334,0.230909,0.003252,66.081367,0.000000,0.291515,0.004106,0.032727,0.057576,0.000000,0.000000,0.000000,0.000000,0.115152,0.000000,
142,vector1,NA,NA,NA,NA,NA,NA,NA,NA,NA,NA,NA,NA,NA,NA,NA,NA,NA,NA,NA,NA,NA,NA,NA,NA,NA,1.923030,3173,0.671515,0.009458,0.529697,0.007461,28.806641,0.226667,0.003192,67.318184,0.000000,0.298182,0.004200,0.032727,0.057576,0.000000,0.000000,0.000000,0.000000,0.144242,0.000000,
143,cube0,0.290909,480,0.000000,0.000000,0.003030,0.000043,0.002424,0.000034,0.001212,0.000017,393.390656,0.000606,0.000009,0.000000,0.000000,0.239394,0.003372,0.031515,0.040000,0.000000,0.000000,0.000000,0.000000,0.144242,0.000000,NA,NA,NA,NA,NA,NA,NA,NA,NA,NA,NA,NA,NA,NA,NA,NA,NA,NA,NA,NA,NA,
143,vector0,NA,NA,NA,NA,NA,NA,NA,NA,NA,NA,NA,NA,NA,NA,NA,NA,NA,NA,NA,NA,NA,NA,NA,NA,NA,1.578182,2604,0.671515,0.009458,0.264848,0.003730,57.613281,0.477576,0.006726,31.950508,0.000000,0.303030,0.004268,0.032727,0.057576,0.000000,0.000000,0.000000,0.000000,0.124848,0.000000,
143,vector1,NA,NA,NA,NA,NA,NA,NA,NA,NA,NA,NA,NA,NA,NA,NA,NA,NA,NA,NA,NA,NA,NA,NA,NA,NA,1.441818,2379,0.671515,0.009458,0.340606,0.004797,44.798935,0.387273,0.005455,39.400631,0.000000,0.286061,0.004029,0.032727,0.057576,0.000000,0.000000,0.000000,0.000000,0.124848,0.000000,
144,cube0,0.369697,610,0.000000,0.000000,0.003030,0.000043,0.002424,0.000034,0.001212,0.000017,393.390656,0.000606,0.000009,0.000000,0.000000,0.314545,0.004430,0.031515,0.040000,0.000000,0.000000,0.000000,0.000000,0.116364,0.000000,NA,NA,NA,NA,NA,NA,NA,NA,NA,NA,NA,NA,NA,NA,NA,NA,NA,NA,NA,NA,NA,
144,vector0,NA,NA,NA,NA,NA,NA,NA,NA,NA,NA,NA,NA,NA,NA,NA,NA,NA,NA,NA,NA,NA,NA,NA,NA,NA,1.561818,2577,0.671515,0.009458,0.448485,0.006317,34.022980,0.229091,0.003227,66.605827,0.000000,0.316364,0.004456,0.032727,0.057576,0.000000,0.000000,0.000000,0.000000,0.167879,0.000000,
144,vector1,NA,NA,NA,NA,NA,NA,NA,NA,NA,NA,NA,NA,NA,NA,NA,NA,NA,NA,NA,NA,NA,NA,NA,NA,NA,1.837576,3032,0.671515,0.009458,0.475758,0.006701,32.072617,0.233333,0.003286,65.394814,0.000000,0.355152,0.005002,0.032727,0.057576,0.000000,0.000000,0.000000,0.000000,0.121818,0.000000,
145,cube0,0.323636,534,0.000000,0.000000,0.003030,0.000043,0.002424,0.000034,0.001212,0.000017,393.390656,0.000606,0.000009,0.000000,0.000000,0.265455,0.003739,0.031515,0.040000,0.000000,0.000000,0.000000,0.000000,0.120000,0.000000,NA,NA,NA,NA,NA,NA,NA,NA,NA,NA,NA,NA,NA,NA,NA,NA,NA,NA,NA,NA,NA,
145,vector0,NA,NA,NA,NA,NA,NA,NA,NA,NA,NA,NA,NA,NA,NA,NA,NA,NA,NA,NA,NA,NA,NA,NA,NA,NA,1.603636,2646,0.671515,0.009458,0.324242,0.004567,47.059814,0.477576,0.006726,31.950508,0.000000,0.301818,0.004251,0.032727,0.057576,0.000000,0.000000,0.000000,0.000000,0.138182,0.000000,
145,vector1,NA,NA,NA,NA,NA,NA,NA,NA,NA,NA,NA,NA,NA,NA,NA,NA,NA,NA,NA,NA,NA,NA,NA,NA,NA,1.650909,2724,0.671515,0.009458,0.417576,0.005881,36.541370,0.460000,0.006479,33.171280,0.000000,0.258788,0.003645,0.032727,0.057576,0.000000,0.000000,0.000000,0.000000,0.098788,0.000000,
146,cube0,0.347273,573,0.000000,0.000000,0.003030,0.000043,0.002424,0.000034,0.001212,0.000017,393.390656,0.000606,0.000009,0.000000,0.000000,0.308485,0.004345,0.031515,0.040000,0.000000,0.000000,0.000000,0.000000,0.115152,0.000000,NA,NA,NA,NA,NA,NA,NA,NA,NA,NA,NA,NA,NA,NA,NA,NA,NA,NA,NA,NA,NA,
146,vector0,NA,NA,NA,NA,NA,NA,NA,NA,NA,NA,NA,NA,NA,NA,NA,NA,NA,NA,NA,NA,NA,NA,NA,NA,NA,1.529091,2523,0.671515,0.009458,0.430909,0.006069,35.410690,0.410909,0.005787,37.134224,0.000000,0.295758,0.004166,0.032727,0.057576,0.000000,0.000000,0.000000,0.000000,0.113939,0.000000,
146,vector1,NA,NA,NA,NA,NA,NA,NA,NA,NA,NA,NA,NA,NA,NA,NA,NA,NA,NA,NA,NA,NA,NA,NA,NA,NA,1.392121,2297,0.671515,0.009458,0.289697,0.004080,52.671551,0.216970,0.003056,70.326820,0.000000,0.307879,0.004336,0.032727,0.057576,0.000000,0.000000,0.000000,0.000000,0.118182,0.000000,
147,cube0,0.340606,562,0.000000,0.000000,0.003030,0.000043,0.002424,0.000034,0.001212,0.000017,393.390656,0.000606,0.000009,0.000000,0.000000,0.298788,0.004208,0.031515,0.040000,0.000000,0.000000,0.000000,0.000000,0.134545,0.000000,NA,NA,NA,NA,NA,NA,NA,NA,NA,NA,NA,NA,NA,NA,NA,NA,NA,NA,NA,NA,NA,
147,vector0,NA,NA,NA,NA,NA,NA,NA,NA,NA,NA,NA,NA,NA,NA,NA,NA,NA,NA,NA,NA,NA,NA,NA,NA,NA,1.646061,2716,0.671515,0.009458,0.263636,0.003713,57.878170,0.241818,0.003406,63.100258,0.000000,0.327273,0.004609,0.032727,0.057576,0.000000,0.000000,0.000000,0.000000,0.099394,0.000000,
147,vector1,NA,NA,NA,NA,NA,NA,NA,NA,NA,NA,NA,NA,NA,NA,NA,NA,NA,NA,NA,NA,NA,NA,NA,NA,NA,1.513939,2498,0.671515,0.009458,0.203636,0.002868,74.931557,0.483636,0.006812,31.550129,0.000000,0.297576,0.004191,0.032727,0.057576,0.000000,0.000000,0.000000,0.000000,0.128485,0.000000,
148,cube0,0.330909,546,0.000000,0.000000,0.003030,0.000043,0.002424,0.000034,0.001212,0.000017,393.390656,0.000606,0.000009,0.000000,0.000000,0.285455,0.004020,0.031515,0.040000,0.000000,0.000000,0.000000,0.000000,0.132727,0.000000,NA,NA,NA,NA,NA,NA,NA,NA,NA,NA,NA,NA,NA,NA,NA,NA,NA,NA,NA,NA,NA,
148,vector0,NA,NA,NA,NA,NA,NA,NA,NA,NA,NA,NA,NA,NA,NA,NA,NA,NA,NA,NA,NA,NA,NA,NA,NA,NA,1.850909,3054,0.671515,0.009458,0.443030,0.006240,34.441864,0.492121,0.006931,31.006159,0.000000,0.335758,0.004729,0.032727,0.057576,0.000000,0.000000,0.000000,0.000000,0.136364,0.000000,
148,vector1,NA,NA,NA,NA,NA,NA,NA,NA,NA,NA,NA,NA,NA,NA,NA,NA,NA,NA,NA,NA,NA,NA,NA,NA,NA,1.851515,3055,0.671515,0.009458,0.432121,0.006086,35.311359,0.237576,0.003346,64.227043,0.000000,0.292727,0.004123,0.032727,0.057576,0.000000,0.000000,0.000000,0.000000,0.115758,0.000000,
149,cube0,0.350909,579,0.000000,0.000000,0.003030,0.000043,0.002424,0.000034,0.001212,0.000017,393.390656,0.000606,0.000009,0.000000,0.000000,0.303636,0.004277,0.031515,0.040000,0.000000,0.000000,0.000000,0.000000,0.118182,0.000000,NA,NA,NA,NA,NA,NA,NA,NA,NA,NA,NA,NA,NA,NA,NA,NA,NA,NA,NA,NA,NA,
149,vector0,NA,NA,NA,NA,NA,NA,NA,NA,NA,NA,NA,NA,NA,NA,NA,NA,NA,NA,NA,NA,NA,NA,NA,NA,NA,1.424242,2350,0.671515,0.009458,0.352121,0.004959,43.333912,0.370909,0.005224,41.138889,0.000000,0.277576,0.003910,0.032727,0.057576,0.000000,0.000000,0.000000,0.000000,0.122424,0.000000,
149,vector1,NA,NA,NA,NA,NA,NA,NA,NA,NA,NA,NA,NA,NA,NA,NA,NA,NA,NA,NA,NA,NA,NA,NA,NA,NA,1.482424,2446,0.671515,0.009458,0.364242,0.005130,41.891850,0.515758,0.007264,29.585197,0.000000,0.276364,0.003892,0.032727,0.057576,0.000000,0.000000,0.000000,0.000000,0.093333,0.000000,
150,cube0,0.329091,543,0.000000,0.000000,0.003030,0.000043,0.002424,0.000034,0.001212,0.000017,393.390656,0.000606,0.000009,0.000000,0.000000,0.278182,0.003918,0.031515,0.040000,0.000000,0.000000,0.000000,0.000000,0.136970,0.000000,NA,NA,NA,NA,NA,NA,NA,NA,NA,NA,NA,NA,NA,NA,NA,NA,NA,NA,NA,NA,NA,
150,vector0,NA,NA,NA,NA,NA,NA,NA,NA,NA,NA,NA,NA,NA,NA,NA,NA,NA,NA,NA,NA,NA,NA,NA,NA,NA,1.429091,2358,0.671515,0.009458,0.342424,0.004823,44.561066,0.227879,0.003210,66.960106,0.000000,0.283030,0.003986,0.032727,0.057576,0.000000,0.000000,0.000000,0.000000,0.121212,0.000000,
150,vector1,NA,NA,NA,NA,NA,NA,NA,NA,NA,NA,NA,NA,NA,NA,NA,NA,NA,NA,NA,NA,NA,NA,NA,NA,NA,1.507273,2487,0.671515,0.009458,0.398788,0.005617,38.262920,0.227273,0.003201,67.138672,0.000000,0.319394,0.004499,0.032727,0.057576,0.000000,0.000000,0.000000,0.000000,0.101818,0.000000,
151,cube0,0.372727,615,0.000000,0.000000,0.003030,0.000043,0.002424,0.000034,0.001212,0.000017,393.390656,0.000606,0.000009,0.000000,0.000000,0.318788,0.004490,0.031515,0.040000,0.000000,0.000000,0.000000,0.000000,0.133939,0.000000,NA,NA,NA,NA,NA,NA,NA,NA,NA,NA,NA,NA,NA,NA,NA,NA,NA,NA,NA,NA,NA,
151,vector0,NA,NA,NA,NA,NA,NA,NA,NA,NA,NA,NA,NA,NA,NA,NA,NA,NA,NA,NA,NA,NA,NA,NA,NA,NA,1.497576,2471,0.671515,0.009458,0.292727,0.004123,52.126301,0.374545,0.005275,40.739483,0.000000,0.305455,0.004302,0.032727,0.057576,0.000000,0.000000,0.000000,0.000000,0.127879,0.000000,
151,vector1,NA,NA,NA,NA,NA,NA,NA,NA,NA,NA,NA,NA,NA,NA,NA,NA,NA,NA,NA,NA,NA,NA,NA,NA,NA,1.683030,2777,0.671515,0.009458,0.322424,0.004541,47.325195,0.512727,0.007222,29.760052,0.000000,0.299394,0.004217,0.032727,0.057576,0.000000,0.000000,0.000000,0.000000,0.145455,0.000000,
152,cube0,0.304848,503,0.000000,0.000000,0.003030,0.000043,0.002424,0.000034,0.001212,0.000017,393.390656,0.000606,0.000009,0.000000,0.000000,0.268485,0.003781,0.031515,0.040000,0.000000,0.000000,0.000000,0.000000,0.135152,0.000000,NA,NA,NA,NA,NA,NA,NA,NA,NA,NA,NA,NA,NA,NA,NA,NA,NA,NA,NA,NA,NA,
152,vector0,NA,NA,NA,NA,NA,NA,NA,NA,NA,NA,NA,NA,NA,NA,NA,NA,NA,NA,NA,NA,NA,NA,NA,NA,NA,1.418182,2340,0.671515,0.009458,0.293333,0.004131,52.018600,0.242424,0.003414,62.942505,0.000000,0.296970,0.004183,0.032727,0.057576,0.000000,0.000000,0.000000,0.000000,0.144848,0.000000,
152,vector1,NA,NA,NA,NA,NA,NA,NA,NA,NA,NA,NA,NA,NA,NA,NA,NA,NA,NA,NA,NA,NA,NA,NA,NA,NA,1.715152,2830,0.671515,0.009458,0.361818,0.005096,42.172531,0.461212,0.006496,33.084103,0.000000,0.333333,0.004695,0.032727,0.057576,0.000000,0.000000,0.000000,0.000000,0.115758,0.000000,
153,cube0,0.309091,510,0.000000,0.000000,0.003030,0.000043,0.002424,0.000034,0.001212,0.000017,393.390656,0.000606,0.000009,0.000000,0.000000,0.269697,0.003799,0.031515,0.040000,0.000000,0.000000,0.000000,0.000000,0.104848,0.000000,NA,NA,NA,NA,NA,NA,NA,NA,NA,NA,NA,NA,NA,NA,NA,NA,NA,NA,NA,NA,NA,
153,vector0,NA,NA,NA,NA,NA,NA,NA,NA,NA,NA,NA,NA,NA,NA,NA,NA,NA,NA,NA,NA,NA,NA,NA,NA,NA,1.691515,2791,0.671515,0.009458,0.282424,0.003978,54.027901,0.477576,0.006726,31.950508,0.000000,0.273939,0.003858,0.032727,0.057576,0.000000,0.000000,0.000000,0.000000,0.105455,0.000000,
153,vector1,NA,NA,NA,NA,NA,NA,NA,NA,NA,NA,NA,NA,NA,NA,NA,NA,NA,NA,NA,NA,NA,NA,NA,NA,NA,1.378182,2274,0.671515,0.009458,0.292727,0.004123,52.126301,0.263636,0.003713,57.878170,0.000000,0.266061,0.003747,0.032727,0.057576,0.000000,0.000000,0.000000,0.000000,0.118788,0.000000,
154,cube0,0.320000,528,0.000000,0.000000,0.003030,0.000043,0.002424,0.000034,0.001212,0.000017,393.390656,0.000606,0.000009,0.000000,0.000000,0.270909,0.003816,0.031515,0.040000,0.000000,0.000000,0.000000,0.000000,0.123636,0.000000,NA,NA,NA,NA,NA,NA,NA,NA,NA,NA,NA,NA,NA,NA,NA,NA,NA,NA,NA,NA,NA,
154,vector0,NA,NA,NA,NA,NA,NA,NA,NA,NA,NA,NA,NA,NA,NA,NA,NA,NA,NA,NA,NA,NA,NA,NA,NA,NA,1.604242,2647,0.671515,0.009458,0.495152,0.006974,30.816406,0.226061,0.003184,67.498672,0.000000,0.292727,0.004123,0.032727,0.057576,0.000000,0.000000,0.000000,0.000000,0.108485,0.000000,
154,vector1,NA,NA,NA,NA,NA,NA,NA,NA,NA,NA,NA,NA,NA,NA,NA,NA,NA,NA,NA,NA,NA,NA,NA,NA,NA,1.512121,2495,0.671515,0.009458,0.425455,0.005992,35.864677,0.236970,0.003338,64.391304,0.000000,0.263636,0.003713,0.032727,0.057576,0.000000,0.000000,0.000000,0.000000,0.129697,0.000000,
155,cube0,0.349697,577,0.000000,0.000000,0.003030,0.000043,0.002424,0.000034,0.001212,0.000017,393.390656,0.000606,0.000009,0.000000,0.000000,0.297576,0.004191,0.031515,0.040000,0.000000,0.000000,0.000000,0.000000,0.110909,0.000000,NA,NA,NA,NA,NA,NA,NA,NA,NA,NA,NA,NA,NA,NA,NA,NA,NA,NA,NA,NA,NA,
155,vector0,NA,NA,NA,NA,NA,NA,NA,NA,NA,NA,NA,NA,NA,NA,NA,NA,NA,NA,NA,NA,NA,NA,NA,NA,NA,1.716970,2833,0.671515,0.009458,0.346667,0.004883,44.015739,0.540000,0.007606,28.257015,0.000000,0.273333,0.003850,0.032727,0.057576,0.000000,0.000000,0.000000,0.000000,0.116364,0.000000,
155,vector1,NA,NA,NA,NA,NA,NA,NA,NA,NA,NA,NA,NA,NA,NA,NA,NA,NA,NA,NA,NA,NA,NA,NA,NA,NA,1.506061,2485,0.671515,0.009458,0.230303,0.003244,66.255272,0.493939,0.006957,30.892027,0.000000,0.339394,0.004780,0.032727,0.057576,0.000000,0.000000,0.000000,0.000000,0.116364,0.000000,
156,cube0,0.340606,562,0.000000,0.000000,0.003030,0.000043,0.002424,0.000034,0.001212,0.000017,393.390656,0.000606,0.000009,0.000000,0.000000,0.300000,0.004225,0.031515,0.040000,0.000000,0.000000,0.000000,0.000000,0.136364,0.000000,NA,NA,NA,NA,NA,NA,NA,NA,NA,NA,NA,NA,NA,NA,NA,NA,NA,NA,NA,NA,NA,
156,vector0,NA,NA,NA,NA,NA,NA,NA,NA,NA,NA,NA,NA,NA,NA,NA,NA,NA,NA,NA,NA,NA,NA,NA,NA,NA,1.793333,2959,0.671515,0.009458,0.476364,0.006709,32.031811,0.256970,0.003619,59.379723,0.000000,0.350303,0.004934,0.032727,0.057576,0.000000,0.000000,0.000000,0.000000,0.113939,0.000000,
156,vector1,NA,NA,NA,NA,NA,NA,NA,NA,NA,NA,NA,NA,NA,NA,NA,NA,NA,NA,NA,NA,NA,NA,NA,NA,NA,1.482424,2446,0.671515,0.009458,0.372121,0.005241,41.004890,0.260606,0.003671,58.551170,0.000000,0.309091,0.004353,0.032727,0.057576,0.000000,0.000000,0.000000,0.000000,0.107879,0.000000,
157,cube0,0.304242,502,0.000000,0.000000,0.003030,0.000043,0.002424,0.000034,0.001212,0.000017,393.390656,0.000606,0.000009,0.000000,0.000000,0.260606,0.003671,0.031515,0.040000,0.000000,0.000000,0.000000,0.000000,0.113333,0.000000,NA,NA,NA,NA,NA,NA,NA,NA,NA,NA,NA,NA,NA,NA,NA,NA,NA,NA,NA,NA,NA,
157,vector0,NA,NA,NA,NA,NA,NA,NA,NA,NA,NA,NA,NA,NA,NA,NA,NA,NA,NA,NA,NA,NA,NA,NA,NA,NA,1.787273,2949,0.671515,0.009458,0.417576,0.005881,36.541370,0.443636,0.006248,34.394814,0.000000,0.261818,0.003688,0.032727,0.057576,0.000000,0.000000,0.000000,0.000000,0.127273,0.000000,
157,vector1,NA,NA,NA,NA,NA,NA,NA,NA,NA,NA,NA,NA,NA,NA,NA,NA,NA,NA,NA,NA,NA,NA,NA,NA,NA,1.579394,2606,0.671515,0.009458,0.253939,0.003577,60.088310,0.373333,0.005258,40.871758,0.000000,0.270909,0.003816,0.032727,0.057576,0.000000,0.000000,0.000000,0.000000,0.092121,0.000000,
158,cube0,0.361212,596,0.000000,0.000000,0.003030,0.000043,0.002424,0.000034,0.001212,0.000017,393.390656,0.000606,0.000009,0.000000,0.000000,0.309091,0.004353,0.031515,0.040000,0.000000,0.000000,0.000000,0.000000,0.117576,0.000000,NA,NA,NA,NA,NA,NA,NA,NA,NA,NA,NA,NA,NA,NA,NA,NA,NA,NA,NA,NA,NA,
158,vector0,NA,NA,NA,NA,NA,NA,NA,NA,NA,NA,NA,NA,NA,NA,NA,NA,NA,NA,NA,NA,NA,NA,NA,NA,NA,1.567879,2587,0.671515,0.009458,0.463030,0.006522,32.954189,0.240606,0.003389,63.418144,0.000000,0.312121,0.004396,0.032727,0.057576,0.000000,0.000000,0.000000,0.000000,0.143030,0.000000,
158,vector1,NA,NA,NA,NA,NA,NA,NA,NA,NA,NA,NA,NA,NA,NA,NA,NA,NA,NA,NA,NA,NA,NA,NA,NA,NA,1.446667,2387,0.671515,0.009458,0.315152,0.004439,48.417313,0.233939,0.003295,65.225395,0.000000,0.349697,0.004925,0.032727,0.057576,0.000000,0.000000,0.000000,0.000000,0.132121,0.000000,
159,cube0,0.351515,580,0.000000,0.000000,0.003030,0.000043,0.002424,0.000034,0.001212,0.000017,393.390656,0.000606,0.000009,0.000000,0.000000,0.296364,0.004174,0.031515,0.040000,0.000000,0.000000,0.000000,0.000000,0.138182,0.000000,NA,NA,NA,NA,NA,NA,NA,NA,NA,NA,NA,NA,NA,NA,NA,NA,NA,NA,NA,NA,NA,
159,vector0,NA,NA,NA,NA,NA,NA,NA,NA,NA,NA,NA,NA,NA,NA,NA,NA,NA,NA,NA,NA,NA,NA,NA,NA,NA,1.766667,2915,0.671515,0.009458,0.373939,0.005267,40.805511,0.495758,0.006983,30.778730,0.000000,0.293939,0.004140,0.032727,0.057576,0.000000,0.000000,0.000000,0.000000,0.116970,0.000000,
159,vector1,NA,NA,NA,NA,NA,NA,NA,NA,NA,NA,NA,NA,NA,NA,NA,NA,NA,NA,NA,NA,NA,NA,NA,NA,NA,1.692121,2792,0.671515,0.009458,0.318788,0.004490,47.865025,0.493939,0.006957,30.892027,0.000000,0.298788,0.004208,0.032727,0.057576,0.000000,0.000000,0.000000,0.000000,0.171515,0.000000,
160,cube0,0.347879,574,0.000000,0.000000,0.003030,0.000043,0.002424,0.000034,0.001212,0.000017,393.390656,0.000606,0.000009,0.000000,0.000000,0.305455,0.004302,0.031515,0.040000,0.000000,0.000000,0.000000,0.000000,0.110303,0.000000,NA,NA,NA,NA,NA,NA,NA,NA,NA,NA,NA,NA,NA,NA,NA,NA,NA,NA,NA,NA,NA,
160,vector0,NA,NA,NA,NA,NA,NA,NA,NA,NA,NA,NA,NA,NA,NA,NA,NA,NA,NA,NA,NA,NA,NA,NA,NA,NA,1.392727,2298,0.671515,0.009458,0.288485,0.004063,52.892860,0.223636,0.003150,68.230362,0.000000,0.295152,0.004157,0.032727,0.057576,0.000000,0.000000,0.000000,0.000000,0.123636,0.000000,
160,vector1,NA,NA,NA,NA,NA,NA,NA,NA,NA,NA,NA,NA,NA,NA,NA,NA,NA,NA,NA,NA,NA,NA,NA,NA,NA,1.825455,3012,0.671515,0.009458,0.447273,0.006300,34.115181,0.229697,0.003235,66.430084,0.000000,0.299394,0.004217,0.032727,0.057576,0.000000,0.000000,0.000000,0.000000,0.115758,0.000000,
161,cube0,0.290303,479,0.000000,0.000000,0.003030,0.000043,0.002424,0.000034,0.001212,0.000017,393.390656,0.000606,0.000009,0.000000,0.000000,0.244242,0.003440,0.031515,0.040000,0.000000,0.000000,0.000000,0.000000,0.140000,0.000000,NA,NA,NA,NA,NA,NA,NA,NA,NA,NA,NA,NA,NA,NA,NA,NA,NA,NA,NA,NA,NA,
161,vector0,NA,NA,NA,NA,NA,NA,NA,NA,NA,NA,NA,NA,NA,NA,NA,NA,NA,NA,NA,NA,NA,NA,NA,NA,NA,1.571515,2593,0.671515,0.009458,0.236970,0.003338,64.391304,0.465455,0.006556,32.782555,0.000000,0.300606,0.004234,0.032727,0.057576,0.000000,0.000000,0.000000,0.000000,0.111515,0.000000,
161,vector1,NA,NA,NA,NA,NA,NA,NA,NA,NA,NA,NA,NA,NA,NA,NA,NA,NA,NA,NA,NA,NA,NA,NA,NA,NA,1.840000,3036,0.671515,0.009458,0.454545,0.006402,33.569336,0.521818,0.007350,29.241583,0.000000,0.285455,0.004020,0.032727,0.057576,0.000000,0.000000,0.000000,0.000000,0.110909,0.000000,
162,cube0,0.345455,570,0.000000,0.000000,0.003030,0.000043,0.002424,0.000034,0.001212,0.000017,393.390656,0.000606,0.000009,0.000000,0.000000,0.295152,0.004157,0.031515,0.040000,0.000000,0.000000,0.000000,0.000000,0.114545,0.000000,NA,NA,NA,NA,NA,NA,NA,NA,NA,NA,NA,NA,NA,NA,NA,NA,NA,NA,NA,NA,NA,
162,vector0,NA,NA,NA,NA,NA,NA,NA,NA,NA,NA,NA,NA,NA,NA,NA,NA,NA,NA,NA,NA,NA,NA,NA,NA,NA,1.854545,3060,0.671515,0.009458,0.494545,0.006965,30.854168,0.229697,0.003235,66.430084,0.000000,0.301818,0.004251,0.032727,0.057576,0.000000,0.000000,0.000000,0.000000,0.122424,0.000000,
162,vector1,NA,NA,NA,NA,NA,NA,NA,NA,NA,NA,NA,NA,NA,NA,NA,NA,NA,NA,NA,NA,NA,NA,NA,NA,NA,1.681212,2774,0.671515,0.009458,0.437576,0.006163,34.871193,0.214545,0.003022,71.121475,0.000000,0.301818,0.004251,0.032727,0.057576,0.000000,0.000000,0.000000,0.000000,0.116364,0.000000,
163,cube0,0.293333,484,0.000000,0.000000,0.003030,0.000043,0.002424,0.000034,0.001212,0.000017,393.390656,0.000606,0.000009,0.000000,0.000000,0.240606,0.003389,0.031515,0.040000,0.000000,0.000000,0.000000,0.000000,0.145455,0.000000,NA,NA,NA,NA,NA,NA,NA,NA,NA,NA,NA,NA,NA,NA,NA,NA,NA,NA,NA,NA,NA,
163,vector0,NA,NA,NA,NA,NA,NA,NA,NA,NA,NA,NA,NA,NA,NA,NA,NA,NA,NA,NA,NA,NA,NA,NA,NA,NA,1.593939,2630,0.671515,0.009458,0.266061,0.003747,57.350796,0.512121,0.007213,29.795269,0.000000,0.283030,0.003986,0.032727,0.057576,0.000000,0.000000,0.000000,0.000000,0.143636,0.000000,
163,vector1,NA,NA,NA,NA,NA,NA,NA,NA,NA,NA,NA,NA,NA,NA,NA,NA,NA,NA,NA,NA,NA,NA,NA,NA,NA,1.570909,2592,0.671515,0.009458,0.228485,0.003218,66.782494,0.412121,0.005805,37.025002,0.000000,0.313939,0.004422,0.032727,0.057576,0.000000,0.000000,0.000000,0.000000,0.208485,0.000000,
164,cube0,0.369091,609,0.000000,0.000000,0.003030,0.000043,0.002424,0.000034,0.001212,0.000017,393.390656,0.000606,0.000009,0.000000,0.000000,0.314545,0.004430,0.031515,0.040000,0.000000,0.000000,0.000000,0.000000,0.116364,0.000000,NA,NA,NA,NA,NA,NA,NA,NA,NA,NA,NA,NA,NA,NA,NA,NA,NA,NA,NA,NA,NA,
164,vector0,NA,NA,NA,NA,NA,NA,NA,NA,NA,NA,NA,NA,NA,NA,NA,NA,NA,NA,NA,NA,NA,NA,NA,NA,NA,1.531515,2527,0.671515,0.009458,0.430909,0.006069,35.410690,0.224242,0.003158,68.045959,0.000000,0.306061,0.004311,0.032727,0.057576,0.000000,0.000000,0.000000,0.000000,0.132121,0.000000,
164,vector1,NA,NA,NA,NA,NA,NA,NA,NA,NA,NA,NA,NA,NA,NA,NA,NA,NA,NA,NA,NA,NA,NA,NA,NA,NA,1.518182,2505,0.671515,0.009458,0.412727,0.005813,36.970634,0.220606,0.003107,69.167595,0.000000,0.337576,0.004755,0.032727,0.057576,0.000000,0.000000,0.000000,0.000000,0.129697,0.000000,
165,cube0,0.323636,534,0.000000,0.000000,0.003030,0.000043,0.002424,0.000034,0.001212,0.000017,393.390656,0.000606,0.000009,0.000000,0.000000,0.265455,0.003739,0.031515,0.040000,0.000000,0.000000,0.000000,0.000000,0.120606,0.000000,NA,NA,NA,NA,NA,NA,NA,NA,NA,NA,NA,NA,NA,NA,NA,NA,NA,NA,NA,NA,NA,
165,vector0,NA,NA,NA,NA,NA,NA,NA,NA,NA,NA,NA,NA,NA,NA,NA,NA,NA,NA,NA,NA,NA,NA,NA,NA,NA,1.688485,2786,0.671515,0.009458,0.330909,0.004661,46.111721,0.387879,0.005463,39.339066,0.000000,0.294545,0.004149,0.032727,0.057576,0.000000,0.000000,0.000000,0.000000,0.136970,0.000000,
165,vector1,NA,NA,NA,NA,NA,NA,NA,NA,NA,NA,NA,NA,NA,NA,NA,NA,NA,NA,NA,NA,NA,NA,NA,NA,NA,1.545455,2550,0.671515,0.009458,0.303636,0.004277,50.253494,0.366667,0.005164,41.614880,0.000000,0.291515,0.004106,0.032727,0.057576,0.000000,0.000000,0.000000,0.000000,0.100000,0.000000,
166,cube0,0.313939,518,0.000000,0.000000,0.003030,0.000043,0.002424,0.000034,0.001212,0.000017,393.390656,0.000606,0.000009,0.000000,0.000000,0.275152,0.003875,0.031515,0.040000,0.000000,0.000000,0.000000,0.000000,0.115758,0.000000,NA,NA,NA,NA,NA,NA,NA,NA,NA,NA,NA,NA,NA,NA,NA,NA,NA,NA,NA,NA,NA,
166,vector0,NA,NA,NA,NA,NA,NA,NA,NA,NA,NA,NA,NA,NA,NA,NA,NA,NA,NA,NA,NA,NA,NA,NA,NA,NA,1.379394,2276,0.671515,0.009458,0.308485,0.004345,49.463661,0.467273,0.006581,32.654999,0.000000,0.261818,0.003688,0.032727,0.057576,0.000000,0.000000,0.000000,0.000000,0.117576,0.000000,
166,vector1,NA,NA,NA,NA,NA,NA,NA,NA,NA,NA,NA,NA,NA,NA,NA,NA,NA,NA,NA,NA,NA,NA,NA,NA,NA,1.504848,2483,0.671515,0.009458,0.418182,0.005890,36.488411,0.216970,0.003056,70.326820,0.000000,0.318182,0.004481,0.032727,0.057576,0.000000,0.000000,0.000000,0.000000,0.116970,0.000000,
167,cube0,0.340606,562,0.000000,0.000000,0.003030,0.000043,0.002424,0.000034,0.001212,0.000017,393.390656,0.000606,0.000009,0.000000,0.000000,0.298788,0.004208,0.031515,0.040000,0.000000,0.000000,0.000000,0.000000,0.132121,0.000000,NA,NA,NA,NA,NA,NA,NA,NA,NA,NA,NA,NA,NA,NA,NA,NA,NA,NA,NA,NA,NA,
167,vector0,NA,NA,NA,NA,NA,NA,NA,NA,NA,NA,NA,NA,NA,NA,NA,NA,NA,NA,NA,NA,NA,NA,NA,NA,NA,1.626061,2683,0.671515,0.009458,0.211515,0.002979,72.140404,0.500606,0.007051,30.480633,0.000000,0.323030,0.004550,0.032727,0.057576,0.000000,0.000000,0.000000,0.000000,0.096970,0.000000,
167,vector1,NA,NA,NA,NA,NA,NA,NA,NA,NA,NA,NA,NA,NA,NA,NA,NA,NA,NA,NA,NA,NA,NA,NA,NA,NA,1.660000,2739,0.671515,0.009458,0.350303,0.004934,43.558826,0.464242,0.006539,32.868149,0.000000,0.300000,0.004225,0.032727,0.057576,0.000000,0.000000,0.000000,0.000000,0.129697,0.000000,
168,cube0,0.319394,527,0.000000,0.000000,0.003030,0.000043,0.002424,0.000034,0.001212,0.000017,393.390656,0.000606,0.000009,0.000000,0.000000,0.273333,0.003850,0.031515,0.040000,0.000000,0.000000,0.000000,0.000000,0.133333,0.000000,NA,NA,NA,NA,NA,NA,NA,NA,NA,NA,NA,NA,NA,NA,NA,NA,NA,NA,NA,NA,NA,
168,vector0,NA,NA,NA,NA,NA,NA,NA,NA,NA,NA,NA,NA,NA,NA,NA,NA,NA,NA,NA,NA,NA,NA,NA,NA,NA,1.849091,3051,0.671515,0.009458,0.478788,0.006743,31.869623,0.524848,0.007392,29.072750,0.000000,0.280000,0.003944,0.032727,0.057576,0.000000,0.000000,0.000000,0.000000,0.163636,0.000000,
168,vector1,NA,NA,NA,NA,NA,NA,NA,NA,NA,NA,NA,NA,NA,NA,NA,NA,NA,NA,NA,NA,NA,NA,NA,NA,NA,1.541818,2544,0.671515,0.009458,0.453939,0.006394,33.614151,0.243636,0.003431,62.629356,0.000000,0.290909,0.004097,0.032727,0.057576,0.000000,0.000000,0.000000,0.000000,0.118182,0.000000,
169,cube0,0.349091,576,0.000000,0.000000,0.003030,0.000043,0.002424,0.000034,0.001212,0.000017,393.390656,0.000606,0.000009,0.000000,0.000000,0.301212,0.004242,0.031515,0.040000,0.000000,0.000000,0.000000,0.000000,0.120000,0.000000,NA,NA,NA,NA,NA,NA,NA,NA,NA,NA,NA,NA,NA,NA,NA,NA,NA,NA,NA,NA,NA,
169,vector0,NA,NA,NA,NA,NA,NA,NA,NA,NA,NA,NA,NA,NA,NA,NA,NA,NA,NA,NA,NA,NA,NA,NA,NA,NA,1.623030,2678,0.671515,0.009458,0.391515,0.005514,38.973686,0.481212,0.006778,31.709072,0.000000,0.291515,0.004106,0.032727,0.057576,0.000000,0.000000,0.000000,0.000000,0.122424,0.000000,
169,vector1,NA,NA,NA,NA,NA,NA,NA,NA,NA,NA,NA,NA,NA,NA,NA,NA,NA,NA,NA,NA,NA,NA,NA,NA,NA,1.635758,2699,0.671515,0.009458,0.315152,0.004439,48.417313,0.441818,0.006223,34.536354,0.000000,0.320606,0.004516,0.032727,0.057576,0.000000,0.000000,0.000000,0.000000,0.093333,0.000000,
170,cube0,0.335758,554,0.000000,0.000000,0.003030,0.000043,0.002424,0.000034,0.001212,0.000017,393.390656,0.000606,0.000009,0.000000,0.000000,0.284848,0.004012,0.031515,0.040000,0.000000,0.000000,0.000000,0.000000,0.136970,0.000000,NA,NA,NA,NA,NA,NA,NA,NA,NA,NA,NA,NA,NA,NA,NA,NA,NA,NA,NA,NA,NA,
170,vector0,NA,NA,NA,NA,NA,NA,NA,NA,NA,NA,NA,NA,NA,NA,NA,NA,NA,NA,NA,NA,NA,NA,NA,NA,NA,1.456970,2404,0.671515,0.009458,0.376970,0.005309,40.477497,0.235152,0.003312,64.889175,0.000000,0.276364,0.003892,0.032727,0.057576,0.000000,0.000000,0.000000,0.000000,0.101212,0.000000,
170,vector1,NA,NA,NA,NA,NA,NA,NA,NA,NA,NA,NA,NA,NA,NA,NA,NA,NA,NA,NA,NA,NA,NA,NA,NA,NA,1.563030,2579,0.671515,0.009458,0.447879,0.006308,34.069016,0.225455,0.003175,67.680115,0.000000,0.303030,0.004268,0.032727,0.057576,0.000000,0.000000,0.000000,0.000000,0.099394,0.000000,
171,cube0,0.374545,618,0.000000,0.000000,0.003030,0.000043,0.002424,0.000034,0.001212,0.000017,393.390656,0.000606,0.000009,0.000000,0.000000,0.320000,0.004507,0.031515,0.040000,0.000000,0.000000,0.000000,0.000000,0.133939,0.000000,NA,NA,NA,NA,NA,NA,NA,NA,NA,NA,NA,NA,NA,NA,NA,NA,NA,NA,NA,NA,NA,
171,vector0,NA,NA,NA,NA,NA,NA,NA,NA,NA,NA,NA,NA,NA,NA,NA,NA,NA,NA,NA,NA,NA,NA,NA,NA,NA,1.580606,2608,0.671515,0.009458,0.304848,0.004294,50.053680,0.366061,0.005156,41.683773,0.000000,0.297576,0.004191,0.032727,0.057576,0.000000,0.000000,0.000000,0.000000,0.127273,0.000000,
171,vector1,NA,NA,NA,NA,NA,NA,NA,NA,NA,NA,NA,NA,NA,NA,NA,NA,NA,NA,NA,NA,NA,NA,NA,NA,NA,1.767879,2917,0.671515,0.009458,0.371515,0.005233,41.071781,0.492121,0.006931,31.006159,0.000000,0.330909,0.004661,0.032727,0.057576,0.000000,0.000000,0.000000,0.000000,0.110303,0.000000,
172,cube0,0.307273,507,0.000000,0.000000,0.003030,0.000043,0.002424,0.000034,0.001212,0.000017,393.390656,0.000606,0.000009,0.000000,0.000000,0.270909,0.003816,0.031515,0.040000,0.000000,0.000000,0.000000,0.000000,0.134545,0.000000,NA,NA,NA,NA,NA,NA,NA,NA,NA,NA,NA,NA,NA,NA,NA,NA,NA,NA,NA,NA,NA,
172,vector0,NA,NA,NA,NA,NA,NA,NA,NA,NA,NA,NA,NA,NA,NA,NA,NA,NA,NA,NA,NA,NA,NA,NA,NA,NA,1.612727,2661,0.671515,0.009458,0.518788,0.007307,29.412386,0.232121,0.003269,65.736298,0.000000,0.285455,0.004020,0.032727,0.057576,0.000000,0.000000,0.000000,0.000000,0.117576,0.000000,
172,vector1,NA,NA,NA,NA,NA,NA,NA,NA,NA,NA,NA,NA,NA,NA,NA,NA,NA,NA,NA,NA,NA,NA,NA,NA,NA,1.565455,2583,0.671515,0.009458,0.443030,0.006240,34.441864,0.233333,0.003286,65.394814,0.000000,0.279394,0.003935,0.032727,0.057576,0.000000,0.000000,0.000000,0.000000,0.146667,0.000000,
173,cube0,0.309091,510,0.000000,0.000000,0.003030,0.000043,0.002424,0.000034,0.001212,0.000017,393.390656,0.000606,0.000009,0.000000,0.000000,0.269697,0.003799,0.031515,0.040000,0.000000,0.000000,0.000000,0.000000,0.104848,0.000000,NA,NA,NA,NA,NA,NA,NA,NA,NA,NA,NA,NA,NA,NA,NA,NA,NA,NA,NA,NA,NA,
173,vector0,NA,NA,NA,NA,NA,NA,NA,NA,NA,NA,NA,NA,NA,NA,NA,NA,NA,NA,NA,NA,NA,NA,NA,NA,NA,1.610909,2658,0.671515,0.009458,0.298788,0.004208,51.068970,0.437576,0.006163,34.871193,0.000000,0.291515,0.004106,0.032727,0.057576,0.000000,0.000000,0.000000,0.000000,0.105455,0.000000,
173,vector1,NA,NA,NA,NA,NA,NA,NA,NA,NA,NA,NA,NA,NA,NA,NA,NA,NA,NA,NA,NA,NA,NA,NA,NA,NA,1.620606,2674,0.671515,0.009458,0.258788,0.003645,58.962536,0.503030,0.007085,30.333738,0.000000,0.264242,0.003722,0.032727,0.057576,0.000000,0.000000,0.000000,0.000000,0.120606,0.000000,
174,cube0,0.318182,525,0.000000,0.000000,0.003030,0.000043,0.002424,0.000034,0.001212,0.000017,393.390656,0.000606,0.000009,0.000000,0.000000,0.269091,0.003790,0.031515,0.040000,0.000000,0.000000,0.000000,0.000000,0.123030,0.000000,NA,NA,NA,NA,NA,NA,NA,NA,NA,NA,NA,NA,NA,NA,NA,NA,NA,NA,NA,NA,NA,
174,vector0,NA,NA,NA,NA,NA,NA,NA,NA,NA,NA,NA,NA,NA,NA,NA,NA,NA,NA,NA,NA,NA,NA,NA,NA,NA,1.582424,2611,0.671515,0.009458,0.438788,0.006180,34.774864,0.352727,0.004968,43.259453,0.000000,0.340000,0.004789,0.032727,0.057576,0.000000,0.000000,0.000000,0.000000,0.109697,0.000000,
174,vector1,NA,NA,NA,NA,NA,NA,NA,NA,NA,NA,NA,NA,NA,NA,NA,NA,NA,NA,NA,NA,NA,NA,NA,NA,NA,1.518788,2506,0.671515,0.009458,0.414545,0.005839,36.808483,0.238788,0.003363,63.901016,0.000000,0.309697,0.004362,0.032727,0.057576,0.000000,0.000000,0.000000,0.000000,0.127273,0.000000,
175,cube0,0.349697,577,0.000000,0.000000,0.003030,0.000043,0.002424,0.000034,0.001212,0.000017,393.390656,0.000606,0.000009,0.000000,0.000000,0.297576,0.004191,0.031515,0.040000,0.000000,0.000000,0.000000,0.000000,0.101212,0.000000,NA,NA,NA,NA,NA,NA,NA,NA,NA,NA,NA,NA,NA,NA,NA,NA,NA,NA,NA,NA,NA,
175,vector0,NA,NA,NA,NA,NA,NA,NA,NA,NA,NA,NA,NA,NA,NA,NA,NA,NA,NA,NA,NA,NA,NA,NA,NA,NA,1.745455,2880,0.671515,0.009458,0.444848,0.006265,34.301094,0.423030,0.005958,36.070202,0.000000,0.319394,0.004499,0.032727,0.057576,0.000000,0.000000,0.000000,0.000000,0.113333,0.000000,
175,vector1,NA,NA,NA,NA,NA,NA,NA,NA,NA,NA,NA,NA,NA,NA,NA,NA,NA,NA,NA,NA,NA,NA,NA,NA,NA,1.578788,2605,0.671515,0.009458,0.341212,0.004806,44.719364,0.532121,0.007495,28.675398,0.000000,0.318182,0.004481,0.032727,0.057576,0.000000,0.000000,0.000000,0.000000,0.106667,0.000000,
176,cube0,0.340000,561,0.000000,0.000000,0.003030,0.000043,0.002424,0.000034,0.001212,0.000017,393.390656,0.000606,0.000009,0.000000,0.000000,0.299394,0.004217,0.031515,0.040000,0.000000,0.000000,0.000000,0.000000,0.133333,0.000000,NA,NA,NA,NA,NA,NA,NA,NA,NA,NA,NA,NA,NA,NA,NA,NA,NA,NA,NA,NA,NA,
176,vector0,NA,NA,NA,NA,NA,NA,NA,NA,NA,NA,NA,NA,NA,NA,NA,NA,NA,NA,NA,NA,NA,NA,NA,NA,NA,1.995758,3293,0.671515,0.009458,0.575152,0.008101,26.530035,0.215152,0.003030,70.921127,0.000000,0.335152,0.004720,0.032727,0.057576,0.000000,0.000000,0.000000,0.000000,0.112727,0.000000,
176,vector1,NA,NA,NA,NA,NA,NA,NA,NA,NA,NA,NA,NA,NA,NA,NA,NA,NA,NA,NA,NA,NA,NA,NA,NA,NA,1.903030,3140,0.671515,0.009458,0.535758,0.007546,28.480770,0.229091,0.003227,66.605827,0.000000,0.292727,0.004123,0.032727,0.057576,0.000000,0.000000,0.000000,0.000000,0.117576,0.000000,
177,cube0,0.306061,505,0.000000,0.000000,0.003030,0.000043,0.002424,0.000034,0.001212,0.000017,393.390656,0.000606,0.000009,0.000000,0.000000,0.262424,0.003696,0.031515,0.040000,0.000000,0.000000,0.000000,0.000000,0.112121,0.000000,NA,NA,NA,NA,NA,NA,NA,NA,NA,NA,NA,NA,NA,NA,NA,NA,NA,NA,NA,NA,NA,
177,vector0,NA,NA,NA,NA,NA,NA,NA,NA,NA,NA,NA,NA,NA,NA,NA,NA,NA,NA,NA,NA,NA,NA,NA,NA,NA,1.547879,2554,0.671515,0.009458,0.426061,0.006001,35.813656,0.418788,0.005898,36.435604,0.000000,0.347273,0.004891,0.032727,0.057576,0.000000,0.000000,0.000000,0.000000,0.108485,0.000000,
177,vector1,NA,NA,NA,NA,NA,NA,NA,NA,NA,NA,NA,NA,NA,NA,NA,NA,NA,NA,NA,NA,NA,NA,NA,NA,NA,1.568485,2588,0.671515,0.009458,0.480000,0.006761,31.789146,0.457576,0.006445,33.347023,0.000000,0.313333,0.004413,0.032727,0.057576,0.000000,0.000000,0.000000,0.000000,0.126667,0.000000,
178,cube0,0.360606,595,0.000000,0.000000,0.003030,0.000043,0.002424,0.000034,0.001212,0.000017,393.390656,0.000606,0.000009,0.000000,0.000000,0.308485,0.004345,0.031515,0.040000,0.000000,0.000000,0.000000,0.000000,0.118788,0.000000,NA,NA,NA,NA,NA,NA,NA,NA,NA,NA,NA,NA,NA,NA,NA,NA,NA,NA,NA,NA,NA,
178,vector0,NA,NA,NA,NA,NA,NA,NA,NA,NA,NA,NA,NA,NA,NA,NA,NA,NA,NA,NA,NA,NA,NA,NA,NA,NA,1.518788,2506,0.671515,0.009458,0.428485,0.006035,35.611038,0.221212,0.003116,68.978088,0.000000,0.301212,0.004242,0.032727,0.057576,0.000000,0.000000,0.000000,0.000000,0.095152,0.000000,
178,vector1,NA,NA,NA,NA,NA,NA,NA,NA,NA,NA,NA,NA,NA,NA,NA,NA,NA,NA,NA,NA,NA,NA,NA,NA,NA,1.453333,2398,0.671515,0.009458,0.376364,0.005301,40.542679,0.233333,0.003286,65.394814,0.000000,0.253333,0.003568,0.032727,0.057576,0.000000,0.000000,0.000000,0.000000,0.113939,0.000000,
179,cube0,0.349091,576,0.000000,0.000000,0.003030,0.000043,0.002424,0.000034,0.001212,0.000017,393.390656,0.000606,0.000009,0.000000,0.000000,0.294545,0.004149,0.031515,0.040000,0.000000,0.000000,0.000000,0.000000,0.139394,0.000000,NA,NA,NA,NA,NA,NA,NA,NA,NA,NA,NA,NA,NA,NA,NA,NA,NA,NA,NA,NA,NA,
179,vector0,NA,NA,NA,NA,NA,NA,NA,NA,NA,NA,NA,NA,NA,NA,NA,NA,NA,NA,NA,NA,NA,NA,NA,NA,NA,1.709091,2820,0.671515,0.009458,0.350303,0.004934,43.558826,0.401212,0.005651,38.031723,0.000000,0.259394,0.003653,0.032727,0.057576,0.000000,0.000000,0.000000,0.000000,0.140000,0.000000,
179,vector1,NA,NA,NA,NA,NA,NA,NA,NA,NA,NA,NA,NA,NA,NA,NA,NA,NA,NA,NA,NA,NA,NA,NA,NA,NA,1.570909,2592,0.671515,0.009458,0.286061,0.004029,53.341110,0.435152,0.006129,35.065460,0.000000,0.300000,0.004225,0.032727,0.057576,0.000000,0.000000,0.000000,0.000000,0.127879,0.000000,
180,cube0,0.345455,570,0.000000,0.000000,0.003030,0.000043,0.002424,0.000034,0.001212,0.000017,393.390656,0.000606,0.000009,0.000000,0.000000,0.303636,0.004277,0.031515,0.040000,0.000000,0.000000,0.000000,0.000000,0.110303,0.000000,NA,NA,NA,NA,NA,NA,NA,NA,NA,NA,NA,NA,NA,NA,NA,NA,NA,NA,NA,NA,NA,
180,vector0,NA,NA,NA,NA,NA,NA,NA,NA,NA,NA,NA,NA,NA,NA,NA,NA,NA,NA,NA,NA,NA,NA,NA,NA,NA,1.539394,2540,0.671515,0.009458,0.406667,0.005728,37.521610,0.220000,0.003099,69.358131,0.000000,0.343030,0.004831,0.032727,0.057576,0.000000,0.000000,0.000000,0.000000,0.113939,0.000000,
180,vector1,NA,NA,NA,NA,NA,NA,NA,NA,NA,NA,NA,NA,NA,NA,NA,NA,NA,NA,NA,NA,NA,NA,NA,NA,NA,1.521212,2510,0.671515,0.009458,0.420000,0.005915,36.330452,0.216364,0.003047,70.523811,0.000000,0.298182,0.004200,0.032727,0.057576,0.000000,0.000000,0.000000,0.000000,0.117576,0.000000,
181,cube0,0.293939,485,0.000000,0.000000,0.003030,0.000043,0.002424,0.000034,0.001212,0.000017,393.390656,0.000606,0.000009,0.000000,0.000000,0.247879,0.003491,0.031515,0.040000,0.000000,0.000000,0.000000,0.000000,0.140000,0.000000,NA,NA,NA,NA,NA,NA,NA,NA,NA,NA,NA,NA,NA,NA,NA,NA,NA,NA,NA,NA,NA,
181,vector0,NA,NA,NA,NA,NA,NA,NA,NA,NA,NA,NA,NA,NA,NA,NA,NA,NA,NA,NA,NA,NA,NA,NA,NA,NA,1.673333,2761,0.671515,0.009458,0.364848,0.005139,41.822262,0.458182,0.006453,33.302914,0.000000,0.319394,0.004499,0.032727,0.057576,0.000000,0.000000,0.000000,0.000000,0.116970,0.000000,
181,vector1,NA,NA,NA,NA,NA,NA,NA,NA,NA,NA,NA,NA,NA,NA,NA,NA,NA,NA,NA,NA,NA,NA,NA,NA,NA,1.735152,2863,0.671515,0.009458,0.421212,0.005933,36.225899,0.396970,0.005591,38.438171,0.000000,0.286061,0.004029,0.032727,0.057576,0.000000,0.000000,0.000000,0.000000,0.126667,0.000000,
182,cube0,0.346667,572,0.000000,0.000000,0.003030,0.000043,0.002424,0.000034,0.001212,0.000017,393.390656,0.000606,0.000009,0.000000,0.000000,0.296364,0.004174,0.031515,0.040000,0.000000,0.000000,0.000000,0.000000,0.114545,0.000000,NA,NA,NA,NA,NA,NA,NA,NA,NA,NA,NA,NA,NA,NA,NA,NA,NA,NA,NA,NA,NA,
182,vector0,NA,NA,NA,NA,NA,NA,NA,NA,NA,NA,NA,NA,NA,NA,NA,NA,NA,NA,NA,NA,NA,NA,NA,NA,NA,2.026061,3343,0.671515,0.009458,0.516970,0.007281,29.515829,0.248485,0.003500,61.407322,0.000000,0.301212,0.004242,0.032727,0.057576,0.000000,0.000000,0.000000,0.000000,0.123030,0.000000,
182,vector1,NA,NA,NA,NA,NA,NA,NA,NA,NA,NA,NA,NA,NA,NA,NA,NA,NA,NA,NA,NA,NA,NA,NA,NA,NA,1.364242,2251,0.671515,0.009458,0.281212,0.003961,54.260784,0.228485,0.003218,66.782494,0.000000,0.301818,0.004251,0.032727,0.057576,0.000000,0.000000,0.000000,0.000000,0.120000,0.000000,
183,cube0,0.292121,482,0.000000,0.000000,0.003030,0.000043,0.002424,0.000034,0.001212,0.000017,393.390656,0.000606,0.000009,0.000000,0.000000,0.240000,0.003380,0.031515,0.040000,0.000000,0.000000,0.000000,0.000000,0.143636,0.000000,NA,NA,NA,NA,NA,NA,NA,NA,NA,NA,NA,NA,NA,NA,NA,NA,NA,NA,NA,NA,NA,
183,vector0,NA,NA,NA,NA,NA,NA,NA,NA,NA,NA,NA,NA,NA,NA,NA,NA,NA,NA,NA,NA,NA,NA,NA,NA,NA,1.373939,2267,0.671515,0.009458,0.265455,0.003739,57.481743,0.409091,0.005762,37.299259,0.000000,0.280606,0.003952,0.032727,0.057576,0.000000,0.000000,0.000000,0.000000,0.132121,0.000000,
183,vector1,NA,NA,NA,NA,NA,NA,NA,NA,NA,NA,NA,NA,NA,NA,NA,NA,NA,NA,NA,NA,NA,NA,NA,NA,NA,1.381212,2279,0.671515,0.009458,0.179394,0.002527,85.057442,0.504848,0.007111,30.224491,0.000000,0.313333,0.004413,0.032727,0.057576,0.000000,0.000000,0.000000,0.000000,0.119394,0.000000,
184,cube0,0.369091,609,0.000000,0.000000,0.003030,0.000043,0.002424,0.000034,0.001212,0.000017,393.390656,0.000606,0.000009,0.000000,0.000000,0.313333,0.004413,0.031515,0.040000,0.000000,0.000000,0.000000,0.000000,0.116364,0.000000,NA,NA,NA,NA,NA,NA,NA,NA,NA,NA,NA,NA,NA,NA,NA,NA,NA,NA,NA,NA,NA,
184,vector0,NA,NA,NA,NA,NA,NA,NA,NA,NA,NA,NA,NA,NA,NA,NA,NA,NA,NA,NA,NA,NA,NA,NA,NA,NA,1.504848,2483,0.671515,0.009458,0.388485,0.005472,39.277695,0.232727,0.003278,65.565109,0.000000,0.313333,0.004413,0.032727,0.057576,0.000000,0.000000,0.000000,0.000000,0.136364,0.000000,
184,vector1,NA,NA,NA,NA,NA,NA,NA,NA,NA,NA,NA,NA,NA,NA,NA,NA,NA,NA,NA,NA,NA,NA,NA,NA,NA,1.568485,2588,0.671515,0.009458,0.461212,0.006496,33.084103,0.229091,0.003227,66.605827,0.000000,0.316970,0.004464,0.032727,0.057576,0.000000,0.000000,0.000000,0.000000,0.101212,0.000000,
185,cube0,0.323636,534,0.000000,0.000000,0.003030,0.000043,0.002424,0.000034,0.001212,0.000017,393.390656,0.000606,0.000009,0.000000,0.000000,0.264848,0.003730,0.031515,0.040000,0.000000,0.000000,0.000000,0.000000,0.120606,0.000000,NA,NA,NA,NA,NA,NA,NA,NA,NA,NA,NA,NA,NA,NA,NA,NA,NA,NA,NA,NA,NA,
185,vector0,NA,NA,NA,NA,NA,NA,NA,NA,NA,NA,NA,NA,NA,NA,NA,NA,NA,NA,NA,NA,NA,NA,NA,NA,NA,1.806667,2981,0.671515,0.009458,0.337576,0.004755,45.201077,0.429697,0.006052,35.510582,0.000000,0.293333,0.004131,0.032727,0.057576,0.000000,0.000000,0.000000,0.000000,0.115758,0.000000,
185,vector1,NA,NA,NA,NA,NA,NA,NA,NA,NA,NA,NA,NA,NA,NA,NA,NA,NA,NA,NA,NA,NA,NA,NA,NA,NA,1.643636,2712,0.671515,0.009458,0.360000,0.005070,42.385521,0.464242,0.006539,32.868149,0.000000,0.314545,0.004430,0.032727,0.057576,0.000000,0.000000,0.000000,0.000000,0.115152,0.000000,
186,cube0,0.313333,517,0.000000,0.000000,0.003030,0.000043,0.002424,0.000034,0.001212,0.000017,393.390656,0.000606,0.000009,0.000000,0.000000,0.275152,0.003875,0.031515,0.040000,0.000000,0.000000,0.000000,0.000000,0.116970,0.000000,NA,NA,NA,NA,NA,NA,NA,NA,NA,NA,NA,NA,NA,NA,NA,NA,NA,NA,NA,NA,NA,
186,vector0,NA,NA,NA,NA,NA,NA,NA,NA,NA,NA,NA,NA,NA,NA,NA,NA,NA,NA,NA,NA,NA,NA,NA,NA,NA,1.445455,2385,0.671515,0.009458,0.355152,0.005002,42.964169,0.232727,0.003278,65.565109,0.000000,0.263636,0.003713,0.032727,0.057576,0.000000,0.000000,0.000000,0.000000,0.146061,0.000000,
186,vector1,NA,NA,NA,NA,NA,NA,NA,NA,NA,NA,NA,NA,NA,NA,NA,NA,NA,NA,NA,NA,NA,NA,NA,NA,NA,1.518182,2505,0.671515,0.009458,0.421818,0.005941,36.173855,0.226061,0.003184,67.498672,0.000000,0.305455,0.004302,0.032727,0.057576,0.000000,0.000000,0.000000,0.000000,0.116970,0.000000,
187,cube0,0.338788,559,0.000000,0.000000,0.003030,0.000043,0.002424,0.000034,0.001212,0.000017,393.390656,0.000606,0.000009,0.000000,0.000000,0.297576,0.004191,0.031515,0.040000,0.000000,0.000000,0.000000,0.000000,0.131515,0.000000,NA,NA,NA,NA,NA,NA,NA,NA,NA,NA,NA,NA,NA,NA,NA,NA,NA,NA,NA,NA,NA,
187,vector0,NA,NA,NA,NA,NA,NA,NA,NA,NA,NA,NA,NA,NA,NA,NA,NA,NA,NA,NA,NA,NA,NA,NA,NA,NA,1.603030,2645,0.671515,0.009458,0.226061,0.003184,67.498672,0.449697,0.006334,33.931271,0.000000,0.323636,0.004558,0.032727,0.057576,0.000000,0.000000,0.000000,0.000000,0.093939,0.000000,
187,vector1,NA,NA,NA,NA,NA,NA,NA,NA,NA,NA,NA,NA,NA,NA,NA,NA,NA,NA,NA,NA,NA,NA,NA,NA,NA,1.624242,2680,0.671515,0.009458,0.312121,0.004396,48.887379,0.491515,0.006923,31.044390,0.000000,0.293939,0.004140,0.032727,0.057576,0.000000,0.000000,0.000000,0.000000,0.127879,0.000000,
188,cube0,0.316970,523,0.000000,0.000000,0.003030,0.000043,0.002424,0.000034,0.001212,0.000017,393.390656,0.000606,0.000009,0.000000,0.000000,0.270909,0.003816,0.031515,0.040000,0.000000,0.000000,0.000000,0.000000,0.133333,0.000000,NA,NA,NA,NA,NA,NA,NA,NA,NA,NA,NA,NA,NA,NA,NA,NA,NA,NA,NA,NA,NA,
188,vector0,NA,NA,NA,NA,NA,NA,NA,NA,NA,NA,NA,NA,NA,NA,NA,NA,NA,NA,NA,NA,NA,NA,NA,NA,NA,1.486061,2452,0.671515,0.009458,0.400000,0.005634,38.146973,0.233333,0.003286,65.394814,0.000000,0.281212,0.003961,0.032727,0.057576,0.000000,0.000000,0.000000,0.000000,0.135152,0.000000,
188,vector1,NA,NA,NA,NA,NA,NA,NA,NA,NA,NA,NA,NA,NA,NA,NA,NA,NA,NA,NA,NA,NA,NA,NA,NA,NA,1.393939,2300,0.671515,0.009458,0.306667,0.004319,49.756920,0.249697,0.003517,61.109226,0.000000,0.286667,0.004038,0.032727,0.057576,0.000000,0.000000,0.000000,0.000000,0.126061,0.000000,
189,cube0,0.354545,585,0.000000,0.000000,0.003030,0.000043,0.002424,0.000034,0.001212,0.000017,393.390656,0.000606,0.000009,0.000000,0.000000,0.306667,0.004319,0.031515,0.040000,0.000000,0.000000,0.000000,0.000000,0.118788,0.000000,NA,NA,NA,NA,NA,NA,NA,NA,NA,NA,NA,NA,NA,NA,NA,NA,NA,NA,NA,NA,NA,
189,vector0,NA,NA,NA,NA,NA,NA,NA,NA,NA,NA,NA,NA,NA,NA,NA,NA,NA,NA,NA,NA,NA,NA,NA,NA,NA,1.612727,2661,0.671515,0.009458,0.238182,0.003355,64.063622,0.440606,0.006206,34.631363,0.000000,0.347273,0.004891,0.032727,0.057576,0.000000,0.000000,0.000000,0.000000,0.093333,0.000000,
189,vector1,NA,NA,NA,NA,NA,NA,NA,NA,NA,NA,NA,NA,NA,NA,NA,NA,NA,NA,NA,NA,NA,NA,NA,NA,NA,1.438182,2373,0.671515,0.009458,0.175152,0.002467,87.117653,0.400606,0.005642,38.089260,0.000000,0.320606,0.004516,0.032727,0.057576,0.000000,0.000000,0.000000,0.000000,0.114545,0.000000,
190,cube0,0.330909,546,0.000000,0.000000,0.003030,0.000043,0.002424,0.000034,0.001212,0.000017,393.390656,0.000606,0.000009,0.000000,0.000000,0.279394,0.003935,0.031515,0.040000,0.000000,0.000000,0.000000,0.000000,0.136970,0.000000,NA,NA,NA,NA,NA,NA,NA,NA,NA,NA,NA,NA,NA,NA,NA,NA,NA,NA,NA,NA,NA,
190,vector0,NA,NA,NA,NA,NA,NA,NA,NA,NA,NA,NA,NA,NA,NA,NA,NA,NA,NA,NA,NA,NA,NA,NA,NA,NA,1.523030,2513,0.671515,0.009458,0.449091,0.006325,33.977062,0.224242,0.003158,68.045959,0.000000,0.269091,0.003790,0.032727,0.057576,0.000000,0.000000,0.000000,0.000000,0.104848,0.000000,
190,vector1,NA,NA,NA,NA,NA,NA,NA,NA,NA,NA,NA,NA,NA,NA,NA,NA,NA,NA,NA,NA,NA,NA,NA,NA,NA,1.487273,2454,0.671515,0.009458,0.377576,0.005318,40.412521,0.227879,0.003210,66.960106,0.000000,0.303030,0.004268,0.032727,0.057576,0.000000,0.000000,0.000000,0.000000,0.102424,0.000000,
191,cube0,0.370303,611,0.000000,0.000000,0.003030,0.000043,0.002424,0.000034,0.001212,0.000017,393.390656,0.000606,0.000009,0.000000,0.000000,0.316970,0.004464,0.031515,0.040000,0.000000,0.000000,0.000000,0.000000,0.133939,0.000000,NA,NA,NA,NA,NA,NA,NA,NA,NA,NA,NA,NA,NA,NA,NA,NA,NA,NA,NA,NA,NA,
191,vector0,NA,NA,NA,NA,NA,NA,NA,NA,NA,NA,NA,NA,NA,NA,NA,NA,NA,NA,NA,NA,NA,NA,NA,NA,NA,1.655151,2731,0.671515,0.009458,0.253939,0.003577,60.088310,0.391515,0.005514,38.973686,0.000000,0.295758,0.004166,0.032727,0.057576,0.000000,0.000000,0.000000,0.000000,0.129091,0.000000,
191,vector1,NA,NA,NA,NA,NA,NA,NA,NA,NA,NA,NA,NA,NA,NA,NA,NA,NA,NA,NA,NA,NA,NA,NA,NA,NA,1.681212,2774,0.671515,0.009458,0.266061,0.003747,57.350796,0.601212,0.008468,25.380041,0.000000,0.330909,0.004661,0.032727,0.057576,0.000000,0.000000,0.000000,0.000000,0.144242,0.000000,
192,cube0,0.303636,501,0.000000,0.000000,0.003030,0.000043,0.002424,0.000034,0.001212,0.000017,393.390656,0.000606,0.000009,0.000000,0.000000,0.267273,0.003764,0.031515,0.040000,0.000000,0.000000,0.000000,0.000000,0.134545,0.000000,NA,NA,NA,NA,NA,NA,NA,NA,NA,NA,NA,NA,NA,NA,NA,NA,NA,NA,NA,NA,NA,
192,vector0,NA,NA,NA,NA,NA,NA,NA,NA,NA,NA,NA,NA,NA,NA,NA,NA,NA,NA,NA,NA,NA,NA,NA,NA,NA,1.627273,2685,0.671515,0.009458,0.492121,0.006931,31.006159,0.251515,0.003542,60.667477,0.000000,0.274545,0.003867,0.032727,0.057576,0.000000,0.000000,0.000000,0.000000,0.114545,0.000000,
192,vector1,NA,NA,NA,NA,NA,NA,NA,NA,NA,NA,NA,NA,NA,NA,NA,NA,NA,NA,NA,NA,NA,NA,NA,NA,NA,1.467273,2421,0.671515,0.009458,0.384242,0.005412,39.711365,0.239394,0.003372,63.739246,0.000000,0.275758,0.003884,0.032727,0.057576,0.000000,0.000000,0.000000,0.000000,0.116970,0.000000,
193,cube0,0.308485,509,0.000000,0.000000,0.003030,0.000043,0.002424,0.000034,0.001212,0.000017,393.390656,0.000606,0.000009,0.000000,0.000000,0.269091,0.003790,0.031515,0.040000,0.000000,0.000000,0.000000,0.000000,0.103636,0.000000,NA,NA,NA,NA,NA,NA,NA,NA,NA,NA,NA,NA,NA,NA,NA,NA,NA,NA,NA,NA,NA,
193,vector0,NA,NA,NA,NA,NA,NA,NA,NA,NA,NA,NA,NA,NA,NA,NA,NA,NA,NA,NA,NA,NA,NA,NA,NA,NA,1.736364,2865,0.671515,0.009458,0.307879,0.004336,49.561028,0.527273,0.007426,28.939085,0.000000,0.288485,0.004063,0.032727,0.057576,0.000000,0.000000,0.000000,0.000000,0.105455,0.000000,
193,vector1,NA,NA,NA,NA,NA,NA,NA,NA,NA,NA,NA,NA,NA,NA,NA,NA,NA,NA,NA,NA,NA,NA,NA,NA,NA,1.553333,2563,0.671515,0.009458,0.209697,0.002953,72.765907,0.489697,0.006897,31.159657,0.000000,0.263636,0.003713,0.032727,0.057576,0.000000,0.000000,0.000000,0.000000,0.123636,0.000000,
194,cube0,0.320606,529,0.000000,0.000000,0.003030,0.000043,0.002424,0.000034,0.001212,0.000017,393.390656,0.000606,0.000009,0.000000,0.000000,0.270909,0.003816,0.031515,0.040000,0.000000,0.000000,0.000000,0.000000,0.125455,0.000000,NA,NA,NA,NA,NA,NA,NA,NA,NA,NA,NA,NA,NA,NA,NA,NA,NA,NA,NA,NA,NA,
194,vector0,NA,NA,NA,NA,NA,NA,NA,NA,NA,NA,NA,NA,NA,NA,NA,NA,NA,NA,NA,NA,NA,NA,NA,NA,NA,1.425454,2352,0.671515,0.009458,0.300606,0.004234,50.760082,0.378182,0.005327,40.347763,0.000000,0.340000,0.004789,0.032727,0.057576,0.000000,0.000000,0.000000,0.000000,0.117576,0.000000,
194,vector1,NA,NA,NA,NA,NA,NA,NA,NA,NA,NA,NA,NA,NA,NA,NA,NA,NA,NA,NA,NA,NA,NA,NA,NA,NA,1.529697,2524,0.671515,0.009458,0.416970,0.005873,36.594479,0.240606,0.003389,63.418144,0.000000,0.310303,0.004370,0.032727,0.057576,0.000000,0.000000,0.000000,0.000000,0.127879,0.000000,
195,cube0,0.350303,578,0.000000,0.000000,0.003030,0.000043,0.002424,0.000034,0.001212,0.000017,393.390656,0.000606,0.000009,0.000000,0.000000,0.298788,0.004208,0.031515,0.040000,0.000000,0.000000,0.000000,0.000000,0.102424,0.000000,NA,NA,NA,NA,NA,NA,NA,NA,NA,NA,NA,NA,NA,NA,NA,NA,NA,NA,NA,NA,NA,
195,vector0,NA,NA,NA,NA,NA,NA,NA,NA,NA,NA,NA,NA,NA,NA,NA,NA,NA,NA,NA,NA,NA,NA,NA,NA,NA,1.667879,2752,0.671515,0.009458,0.281212,0.003961,54.260784,0.244242,0.003440,62.473949,0.000000,0.274545,0.003867,0.032727,0.057576,0.000000,0.000000,0.000000,0.000000,0.115152,0.000000,
195,vector1,NA,NA,NA,NA,NA,NA,NA,NA,NA,NA,NA,NA,NA,NA,NA,NA,NA,NA,NA,NA,NA,NA,NA,NA,NA,1.601212,2642,0.671515,0.009458,0.339394,0.004780,44.958931,0.490303,0.006906,31.121140,0.000000,0.362424,0.005105,0.032727,0.057576,0.000000,0.000000,0.000000,0.000000,0.117576,0.000000,
196,cube0,0.340000,561,0.000000,0.000000,0.003030,0.000043,0.002424,0.000034,0.001212,0.000017,393.390656,0.000606,0.000009,0.000000,0.000000,0.299394,0.004217,0.031515,0.040000,0.000000,0.000000,0.000000,0.000000,0.132121,0.000000,NA,NA,NA,NA,NA,NA,NA,NA,NA,NA,NA,NA,NA,NA,NA,NA,NA,NA,NA,NA,NA,
196,vector0,NA,NA,NA,NA,NA,NA,NA,NA,NA,NA,NA,NA,NA,NA,NA,NA,NA,NA,NA,NA,NA,NA,NA,NA,NA,1.641818,2709,0.671515,0.009458,0.514545,0.007247,29.654892,0.242424,0.003414,62.942505,0.000000,0.333333,0.004695,0.032727,0.057576,0.000000,0.000000,0.000000,0.000000,0.118788,0.000000,
196,vector1,NA,NA,NA,NA,NA,NA,NA,NA,NA,NA,NA,NA,NA,NA,NA,NA,NA,NA,NA,NA,NA,NA,NA,NA,NA,1.746061,2881,0.671515,0.009458,0.640606,0.009023,23.819304,0.258182,0.003636,59.100945,0.000000,0.293333,0.004131,0.032727,0.057576,0.000000,0.000000,0.000000,0.000000,0.107879,0.000000,
197,cube0,0.304848,503,0.000000,0.000000,0.003030,0.000043,0.002424,0.000034,0.001212,0.000017,393.390656,0.000606,0.000009,0.000000,0.000000,0.261212,0.003679,0.031515,0.040000,0.000000,0.000000,0.000000,0.000000,0.111515,0.000000,NA,NA,NA,NA,NA,NA,NA,NA,NA,NA,NA,NA,NA,NA,NA,NA,NA,NA,NA,NA,NA,
197,vector0,NA,NA,NA,NA,NA,NA,NA,NA,NA,NA,NA,NA,NA,NA,NA,NA,NA,NA,NA,NA,NA,NA,NA,NA,NA,1.824242,3010,0.671515,0.009458,0.411515,0.005796,37.079533,0.376970,0.005309,40.477497,0.000000,0.344242,0.004848,0.032727,0.057576,0.000000,0.000000,0.000000,0.000000,0.127273,0.000000,
197,vector1,NA,NA,NA,NA,NA,NA,NA,NA,NA,NA,NA,NA,NA,NA,NA,NA,NA,NA,NA,NA,NA,NA,NA,NA,NA,1.852121,3056,0.671515,0.009458,0.535758,0.007546,28.480770,0.418788,0.005898,36.435604,0.000000,0.300000,0.004225,0.032727,0.057576,0.000000,0.000000,0.000000,0.000000,0.115758,0.000000,
198,cube0,0.361818,597,0.000000,0.000000,0.003030,0.000043,0.002424,0.000034,0.001212,0.000017,393.390656,0.000606,0.000009,0.000000,0.000000,0.309091,0.004353,0.031515,0.040000,0.000000,0.000000,0.000000,0.000000,0.118788,0.000000,NA,NA,NA,NA,NA,NA,NA,NA,NA,NA,NA,NA,NA,NA,NA,NA,NA,NA,NA,NA,NA,
198,vector0,NA,NA,NA,NA,NA,NA,NA,NA,NA,NA,NA,NA,NA,NA,NA,NA,NA,NA,NA,NA,NA,NA,NA,NA,NA,1.463636,2415,0.671515,0.009458,0.367273,0.005173,41.546207,0.372727,0.005250,40.938217,0.000000,0.300606,0.004234,0.032727,0.057576,0.000000,0.000000,0.000000,0.000000,0.095152,0.000000,
198,vector1,NA,NA,NA,NA,NA,NA,NA,NA,NA,NA,NA,NA,NA,NA,NA,NA,NA,NA,NA,NA,NA,NA,NA,NA,NA,1.478182,2439,0.671515,0.009458,0.367879,0.005181,41.477760,0.223636,0.003150,68.230362,0.000000,0.306061,0.004311,0.032727,0.057576,0.000000,0.000000,0.000000,0.000000,0.119394,0.000000,
199,cube0,0.349091,576,0.000000,0.000000,0.003030,0.000043,0.002424,0.000034,0.001212,0.000017,393.390656,0.000606,0.000009,0.000000,0.000000,0.293939,0.004140,0.031515,0.040000,0.000000,0.000000,0.000000,0.000000,0.137576,0.000000,NA,NA,NA,NA,NA,NA,NA,NA,NA,NA,NA,NA,NA,NA,NA,NA,NA,NA,NA,NA,NA,
199,vector0,NA,NA,NA,NA,NA,NA,NA,NA,NA,NA,NA,NA,NA,NA,NA,NA,NA,NA,NA,NA,NA,NA,NA,NA,NA,1.649091,2721,0.671515,0.009458,0.256970,0.003619,59.379723,0.515152,0.007256,29.620003,0.000000,0.301212,0.004242,0.032727,0.057576,0.000000,0.000000,0.000000,0.000000,0.140000,0.000000,
199,vector1,NA,NA,NA,NA,NA,NA,NA,NA,NA,NA,NA,NA,NA,NA,NA,NA,NA,NA,NA,NA,NA,NA,NA,NA,NA,1.655758,2732,0.671515,0.009458,0.266667,0.003756,57.220455,0.450303,0.006342,33.885601,0.000000,0.301818,0.004251,0.032727,0.057576,0.000000,0.000000,0.000000,0.000000,0.129091,0.000000,
200,cube0,0.350303,578,0.000000,0.000000,0.003030,0.000043,0.002424,0.000034,0.001212,0.000017,393.390656,0.000606,0.000009,0.000000,0.000000,0.307273,0.004328,0.031515,0.040000,0.000000,0.000000,0.000000,0.000000,0.113333,0.000000,NA,NA,NA,NA,NA,NA,NA,NA,NA,NA,NA,NA,NA,NA,NA,NA,NA,NA,NA,NA,NA,
200,vector0,NA,NA,NA,NA,NA,NA,NA,NA,NA,NA,NA,NA,NA,NA,NA,NA,NA,NA,NA,NA,NA,NA,NA,NA,NA,1.493939,2465,0.671515,0.009458,0.402424,0.005668,37.917171,0.218788,0.003082,69.742386,0.000000,0.286061,0.004029,0.032727,0.057576,0.000000,0.000000,0.000000,0.000000,0.112727,0.000000,
200,vector1,NA,NA,NA,NA,NA,NA,NA,NA,NA,NA,NA,NA,NA,NA,NA,NA,NA,NA,NA,NA,NA,NA,NA,NA,NA,1.538788,2539,0.671515,0.009458,0.461818,0.006504,33.040684,0.237576,0.003346,64.227043,0.000000,0.307273,0.004328,0.032727,0.057576,0.000000,0.000000,0.000000,0.000000,0.115758,0.000000,
201,cube0,0.290909,480,0.000000,0.000000,0.003030,0.000043,0.002424,0.000034,0.001212,0.000017,393.390656,0.000606,0.000009,0.000000,0.000000,0.245455,0.003457,0.031515,0.040000,0.000000,0.000000,0.000000,0.000000,0.140000,0.000000,NA,NA,NA,NA,NA,NA,NA,NA,NA,NA,NA,NA,NA,NA,NA,NA,NA,NA,NA,NA,NA,
201,vector0,NA,NA,NA,NA,NA,NA,NA,NA,NA,NA,NA,NA,NA,NA,NA,NA,NA,NA,NA,NA,NA,NA,NA,NA,NA,1.641212,2708,0.671515,0.009458,0.337576,0.004755,45.201077,0.400606,0.005642,38.089260,0.000000,0.289091,0.004072,0.032727,0.057576,0.000000,0.000000,0.000000,0.000000,0.112727,0.000000,
201,vector1,NA,NA,NA,NA,NA,NA,NA,NA,NA,NA,NA,NA,NA,NA,NA,NA,NA,NA,NA,NA,NA,NA,NA,NA,NA,1.717576,2834,0.671515,0.009458,0.430909,0.006069,35.410690,0.381818,0.005378,39.963493,0.000000,0.317576,0.004473,0.032727,0.057576,0.000000,0.000000,0.000000,0.000000,0.123636,0.000000,
202,cube0,0.353333,583,0.000000,0.000000,0.003030,0.000043,0.002424,0.000034,0.001212,0.000017,393.390656,0.000606,0.000009,0.000000,0.000000,0.303636,0.004277,0.031515,0.040000,0.000000,0.000000,0.000000,0.000000,0.113939,0.000000,NA,NA,NA,NA,NA,NA,NA,NA,NA,NA,NA,NA,NA,NA,NA,NA,NA,NA,NA,NA,NA,
202,vector0,NA,NA,NA,NA,NA,NA,NA,NA,NA,NA,NA,NA,NA,NA,NA,NA,NA,NA,NA,NA,NA,NA,NA,NA,NA,1.541212,2543,0.671515,0.009458,0.426061,0.006001,35.813656,0.220606,0.003107,69.167595,0.000000,0.312121,0.004396,0.032727,0.057576,0.000000,0.000000,0.000000,0.000000,0.124242,0.000000,
202,vector1,NA,NA,NA,NA,NA,NA,NA,NA,NA,NA,NA,NA,NA,NA,NA,NA,NA,NA,NA,NA,NA,NA,NA,NA,NA,1.537576,2537,0.671515,0.009458,0.430909,0.006069,35.410690,0.234545,0.003303,65.056854,0.000000,0.280000,0.003944,0.032727,0.057576,0.000000,0.000000,0.000000,0.000000,0.123030,0.000000,
203,cube0,0.293939,485,0.000000,0.000000,0.003030,0.000043,0.002424,0.000034,0.001212,0.000017,393.390656,0.000606,0.000009,0.000000,0.000000,0.242424,0.003414,0.031515,0.040000,0.000000,0.000000,0.000000,0.000000,0.144242,0.000000,NA,NA,NA,NA,NA,NA,NA,NA,NA,NA,NA,NA,NA,NA,NA,NA,NA,NA,NA,NA,NA,
203,vector0,NA,NA,NA,NA,NA,NA,NA,NA,NA,NA,NA,NA,NA,NA,NA,NA,NA,NA,NA,NA,NA,NA,NA,NA,NA,1.523030,2513,0.671515,0.009458,0.210909,0.002971,72.347710,0.516364,0.007273,29.550472,0.000000,0.316970,0.004464,0.032727,0.057576,0.000000,0.000000,0.000000,0.000000,0.136970,0.000000,
203,vector1,NA,NA,NA,NA,NA,NA,NA,NA,NA,NA,NA,NA,NA,NA,NA,NA,NA,NA,NA,NA,NA,NA,NA,NA,NA,1.488485,2456,0.671515,0.009458,0.177576,0.002501,85.928337,0.450909,0.006351,33.840057,0.000000,0.296364,0.004174,0.032727,0.057576,0.000000,0.000000,0.000000,0.000000,0.120000,0.000000,
204,cube0,0.367879,607,0.000000,0.000000,0.003030,0.000043,0.002424,0.000034,0.001212,0.000017,393.390656,0.000606,0.000009,0.000000,0.000000,0.313333,0.004413,0.031515,0.040000,0.000000,0.000000,0.000000,0.000000,0.116364,0.000000,NA,NA,NA,NA,NA,NA,NA,NA,NA,NA,NA,NA,NA,NA,NA,NA,NA,NA,NA,NA,NA,
204,vector0,NA,NA,NA,NA,NA,NA,NA,NA,NA,NA,NA,NA,NA,NA,NA,NA,NA,NA,NA,NA,NA,NA,NA,NA,NA,1.602424,2644,0.671515,0.009458,0.455758,0.006419,33.480053,0.245455,0.003457,62.165432,0.000000,0.341818,0.004814,0.032727,0.057576,0.000000,0.000000,0.000000,0.000000,0.182424,0.000000,
204,vector1,NA,NA,NA,NA,NA,NA,NA,NA,NA,NA,NA,NA,NA,NA,NA,NA,NA,NA,NA,NA,NA,NA,NA,NA,NA,1.513333,2497,0.671515,0.009458,0.432727,0.006095,35.261906,0.515152,0.007256,29.620003,0.000000,0.261212,0.003679,0.032727,0.057576,0.000000,0.000000,0.000000,0.000000,0.100606,0.000000,
205,cube0,0.325455,537,0.000000,0.000000,0.003030,0.000043,0.002424,0.000034,0.001212,0.000017,393.390656,0.000606,0.000009,0.000000,0.000000,0.267879,0.003773,0.031515,0.040000,0.000000,0.000000,0.000000,0.000000,0.121212,0.000000,NA,NA,NA,NA,NA,NA,NA,NA,NA,NA,NA,NA,NA,NA,NA,NA,NA,NA,NA,NA,NA,
205,vector0,NA,NA,NA,NA,NA,NA,NA,NA,NA,NA,NA,NA,NA,NA,NA,NA,NA,NA,NA,NA,NA,NA,NA,NA,NA,1.678788,2770,0.671515,0.009458,0.398182,0.005608,38.321159,0.486667,0.006854,31.353674,0.000000,0.289697,0.004080,0.032727,0.057576,0.000000,0.000000,0.000000,0.000000,0.113939,0.000000,
205,vector1,NA,NA,NA,NA,NA,NA,NA,NA,NA,NA,NA,NA,NA,NA,NA,NA,NA,NA,NA,NA,NA,NA,NA,NA,NA,1.607273,2652,0.671515,0.009458,0.312727,0.004405,48.792641,0.286061,0.004029,53.341110,0.000000,0.264848,0.003730,0.032727,0.057576,0.000000,0.000000,0.000000,0.000000,0.117576,0.000000,
206,cube0,0.310303,512,0.000000,0.000000,0.003030,0.000043,0.002424,0.000034,0.001212,0.000017,393.390656,0.000606,0.000009,0.000000,0.000000,0.271515,0.003824,0.031515,0.040000,0.000000,0.000000,0.000000,0.000000,0.118182,0.000000,NA,NA,NA,NA,NA,NA,NA,NA,NA,NA,NA,NA,NA,NA,NA,NA,NA,NA,NA,NA,NA,
206,vector0,NA,NA,NA,NA,NA,NA,NA,NA,NA,NA,NA,NA,NA,NA,NA,NA,NA,NA,NA,NA,NA,NA,NA,NA,NA,1.522424,2512,0.671515,0.009458,0.424848,0.005984,35.915836,0.219394,0.003090,69.549728,0.000000,0.326061,0.004592,0.032727,0.057576,0.000000,0.000000,0.000000,0.000000,0.097576,0.000000,
206,vector1,NA,NA,NA,NA,NA,NA,NA,NA,NA,NA,NA,NA,NA,NA,NA,NA,NA,NA,NA,NA,NA,NA,NA,NA,NA,1.523636,2514,0.671515,0.009458,0.429697,0.006052,35.510582,0.434545,0.006120,35.114368,0.000000,0.295152,0.004157,0.032727,0.057576,0.000000,0.000000,0.000000,0.000000,0.132121,0.000000,
207,cube0,0.339394,560,0.000000,0.000000,0.003030,0.000043,0.002424,0.000034,0.001212,0.000017,393.390656,0.000606,0.000009,0.000000,0.000000,0.297576,0.004191,0.031515,0.040000,0.000000,0.000000,0.000000,0.000000,0.130909,0.000000,NA,NA,NA,NA,NA,NA,NA,NA,NA,NA,NA,NA,NA,NA,NA,NA,NA,NA,NA,NA,NA,
207,vector0,NA,NA,NA,NA,NA,NA,NA,NA,NA,NA,NA,NA,NA,NA,NA,NA,NA,NA,NA,NA,NA,NA,NA,NA,NA,1.621818,2676,0.671515,0.009458,0.309091,0.004353,49.366673,0.368485,0.005190,41.409542,0.000000,0.275758,0.003884,0.032727,0.057576,0.000000,0.000000,0.000000,0.000000,0.136364,0.000000,
207,vector1,NA,NA,NA,NA,NA,NA,NA,NA,NA,NA,NA,NA,NA,NA,NA,NA,NA,NA,NA,NA,NA,NA,NA,NA,NA,1.575758,2600,0.671515,0.009458,0.309091,0.004353,49.366673,0.224848,0.003167,67.862541,0.000000,0.286667,0.004038,0.032727,0.057576,0.000000,0.000000,0.000000,0.000000,0.138182,0.000000,
208,cube0,0.313333,517,0.000000,0.000000,0.003030,0.000043,0.002424,0.000034,0.001212,0.000017,393.390656,0.000606,0.000009,0.000000,0.000000,0.267273,0.003764,0.031515,0.040000,0.000000,0.000000,0.000000,0.000000,0.133333,0.000000,NA,NA,NA,NA,NA,NA,NA,NA,NA,NA,NA,NA,NA,NA,NA,NA,NA,NA,NA,NA,NA,
208,vector0,NA,NA,NA,NA,NA,NA,NA,NA,NA,NA,NA,NA,NA,NA,NA,NA,NA,NA,NA,NA,NA,NA,NA,NA,NA,1.524848,2516,0.671515,0.009458,0.436364,0.006146,34.968060,0.243030,0.003423,62.785545,0.000000,0.283636,0.003995,0.032727,0.057576,0.000000,0.000000,0.000000,0.000000,0.123030,0.000000,
208,vector1,NA,NA,NA,NA,NA,NA,NA,NA,NA,NA,NA,NA,NA,NA,NA,NA,NA,NA,NA,NA,NA,NA,NA,NA,NA,1.687879,2785,0.671515,0.009458,0.415152,0.005847,36.754745,0.233333,0.003286,65.394814,0.000000,0.319394,0.004499,0.032727,0.057576,0.000000,0.000000,0.000000,0.000000,0.098788,0.000000,
209,cube0,0.350909,579,0.000000,0.000000,0.003030,0.000043,0.002424,0.000034,0.001212,0.000017,393.390656,0.000606,0.000009,0.000000,0.000000,0.303030,0.004268,0.031515,0.040000,0.000000,0.000000,0.000000,0.000000,0.117576,0.000000,NA,NA,NA,NA,NA,NA,NA,NA,NA,NA,NA,NA,NA,NA,NA,NA,NA,NA,NA,NA,NA,
209,vector0,NA,NA,NA,NA,NA,NA,NA,NA,NA,NA,NA,NA,NA,NA,NA,NA,NA,NA,NA,NA,NA,NA,NA,NA,NA,1.805454,2979,0.671515,0.009458,0.412727,0.005813,36.970634,0.405455,0.005711,37.633785,0.000000,0.301212,0.004242,0.032727,0.057576,0.000000,0.000000,0.000000,0.000000,0.118182,0.000000,
209,vector1,NA,NA,NA,NA,NA,NA,NA,NA,NA,NA,NA,NA,NA,NA,NA,NA,NA,NA,NA,NA,NA,NA,NA,NA,NA,1.781212,2939,0.671515,0.009458,0.400000,0.005634,38.146973,0.461212,0.006496,33.084103,0.000000,0.270909,0.003816,0.032727,0.057576,0.000000,0.000000,0.000000,0.000000,0.110909,0.000000,
210,cube0,0.329091,543,0.000000,0.000000,0.003030,0.000043,0.002424,0.000034,0.001212,0.000017,393.390656,0.000606,0.000009,0.000000,0.000000,0.278182,0.003918,0.031515,0.040000,0.000000,0.000000,0.000000,0.000000,0.139394,0.000000,NA,NA,NA,NA,NA,NA,NA,NA,NA,NA,NA,NA,NA,NA,NA,NA,NA,NA,NA,NA,NA,
210,vector0,NA,NA,NA,NA,NA,NA,NA,NA,NA,NA,NA,NA,NA,NA,NA,NA,NA,NA,NA,NA,NA,NA,NA,NA,NA,1.516970,2503,0.671515,0.009458,0.417576,0.005881,36.541370,0.235758,0.003321,64.722374,0.000000,0.301818,0.004251,0.032727,0.057576,0.000000,0.000000,0.000000,0.000000,0.099394,0.000000,
210,vector1,NA,NA,NA,NA,NA,NA,NA,NA,NA,NA,NA,NA,NA,NA,NA,NA,NA,NA,NA,NA,NA,NA,NA,NA,NA,1.520606,2509,0.671515,0.009458,0.393939,0.005548,38.733849,0.229697,0.003235,66.430084,0.000000,0.300000,0.004225,0.032727,0.057576,0.000000,0.000000,0.000000,0.000000,0.129091,0.000000,
211,cube0,0.372121,614,0.000000,0.000000,0.003030,0.000043,0.002424,0.000034,0.001212,0.000017,393.390656,0.000606,0.000009,0.000000,0.000000,0.317576,0.004473,0.031515,0.040000,0.000000,0.000000,0.000000,0.000000,0.133939,0.000000,NA,NA,NA,NA,NA,NA,NA,NA,NA,NA,NA,NA,NA,NA,NA,NA,NA,NA,NA,NA,NA,
211,vector0,NA,NA,NA,NA,NA,NA,NA,NA,NA,NA,NA,NA,NA,NA,NA,NA,NA,NA,NA,NA,NA,NA,NA,NA,NA,1.641212,2708,0.671515,0.009458,0.369091,0.005198,41.341545,0.436970,0.006155,34.919556,0.000000,0.332121,0.004678,0.032727,0.057576,0.000000,0.000000,0.000000,0.000000,0.143636,0.000000,
211,vector1,NA,NA,NA,NA,NA,NA,NA,NA,NA,NA,NA,NA,NA,NA,NA,NA,NA,NA,NA,NA,NA,NA,NA,NA,NA,1.780606,2938,0.671515,0.009458,0.429697,0.006052,35.510582,0.381212,0.005369,40.027031,0.000000,0.284242,0.004003,0.032727,0.057576,0.000000,0.000000,0.000000,0.000000,0.145455,0.000000,
212,cube0,0.306667,506,0.000000,0.000000,0.003030,0.000043,0.002424,0.000034,0.001212,0.000017,393.390656,0.000606,0.000009,0.000000,0.000000,0.270909,0.003816,0.031515,0.040000,0.000000,0.000000,0.000000,0.000000,0.135758,0.000000,NA,NA,NA,NA,NA,NA,NA,NA,NA,NA,NA,NA,NA,NA,NA,NA,NA,NA,NA,NA,NA,
212,vector0,NA,NA,NA,NA,NA,NA,NA,NA,NA,NA,NA,NA,NA,NA,NA,NA,NA,NA,NA,NA,NA,NA,NA,NA,NA,1.499394,2474,0.671515,0.009458,0.416364,0.005864,36.647747,0.230303,0.003244,66.255272,0.000000,0.270909,0.003816,0.032727,0.057576,0.000000,0.000000,0.000000,0.000000,0.112727,0.000000,
212,vector1,NA,NA,NA,NA,NA,NA,NA,NA,NA,NA,NA,NA,NA,NA,NA,NA,NA,NA,NA,NA,NA,NA,NA,NA,NA,1.700606,2806,0.671515,0.009458,0.601212,0.008468,25.380041,0.508485,0.007162,30.008347,0.000000,0.290303,0.004089,0.032727,0.057576,0.000000,0.000000,0.000000,0.000000,0.115758,0.000000,
213,cube0,0.310909,513,0.000000,0.000000,0.003030,0.000043,0.002424,0.000034,0.001212,0.000017,393.390656,0.000606,0.000009,0.000000,0.000000,0.271515,0.003824,0.031515,0.040000,0.000000,0.000000,0.000000,0.000000,0.110303,0.000000,NA,NA,NA,NA,NA,NA,NA,NA,NA,NA,NA,NA,NA,NA,NA,NA,NA,NA,NA,NA,NA,
213,vector0,NA,NA,NA,NA,NA,NA,NA,NA,NA,NA,NA,NA,NA,NA,NA,NA,NA,NA,NA,NA,NA,NA,NA,NA,NA,1.626667,2684,0.671515,0.009458,0.278182,0.003918,54.851856,0.436970,0.006155,34.919556,0.000000,0.260606,0.003671,0.032727,0.057576,0.000000,0.000000,0.000000,0.000000,0.106061,0.000000,
213,vector1,NA,NA,NA,NA,NA,NA,NA,NA,NA,NA,NA,NA,NA,NA,NA,NA,NA,NA,NA,NA,NA,NA,NA,NA,NA,1.737576,2867,0.671515,0.009458,0.453333,0.006385,33.659092,0.231515,0.003261,65.908379,0.000000,0.296970,0.004183,0.032727,0.057576,0.000000,0.000000,0.000000,0.000000,0.119394,0.000000,
214,cube0,0.320000,528,0.000000,0.000000,0.003030,0.000043,0.002424,0.000034,0.001212,0.000017,393.390656,0.000606,0.000009,0.000000,0.000000,0.270303,0.003807,0.031515,0.040000,0.000000,0.000000,0.000000,0.000000,0.131515,0.000000,NA,NA,NA,NA,NA,NA,NA,NA,NA,NA,NA,NA,NA,NA,NA,NA,NA,NA,NA,NA,NA,
214,vector0,NA,NA,NA,NA,NA,NA,NA,NA,NA,NA,NA,NA,NA,NA,NA,NA,NA,NA,NA,NA,NA,NA,NA,NA,NA,1.961818,3237,0.671515,0.009458,0.491515,0.006923,31.044390,0.234545,0.003303,65.056854,0.000000,0.334545,0.004712,0.032727,0.057576,0.000000,0.000000,0.000000,0.000000,0.109697,0.000000,
214,vector1,NA,NA,NA,NA,NA,NA,NA,NA,NA,NA,NA,NA,NA,NA,NA,NA,NA,NA,NA,NA,NA,NA,NA,NA,NA,1.538182,2538,0.671515,0.009458,0.414545,0.005839,36.808483,0.236364,0.003329,64.556412,0.000000,0.308485,0.004345,0.032727,0.057576,0.000000,0.000000,0.000000,0.000000,0.128485,0.000000,
215,cube0,0.348485,575,0.000000,0.000000,0.003030,0.000043,0.002424,0.000034,0.001212,0.000017,393.390656,0.000606,0.000009,0.000000,0.000000,0.296364,0.004174,0.031515,0.040000,0.000000,0.000000,0.000000,0.000000,0.102424,0.000000,NA,NA,NA,NA,NA,NA,NA,NA,NA,NA,NA,NA,NA,NA,NA,NA,NA,NA,NA,NA,NA,
215,vector0,NA,NA,NA,NA,NA,NA,NA,NA,NA,NA,NA,NA,NA,NA,NA,NA,NA,NA,NA,NA,NA,NA,NA,NA,NA,1.476970,2437,0.671515,0.009458,0.389697,0.005489,39.155525,0.415152,0.005847,36.754745,0.000000,0.274545,0.003867,0.032727,0.057576,0.000000,0.000000,0.000000,0.000000,0.111515,0.000000,
215,vector1,NA,NA,NA,NA,NA,NA,NA,NA,NA,NA,NA,NA,NA,NA,NA,NA,NA,NA,NA,NA,NA,NA,NA,NA,NA,1.632727,2694,0.671515,0.009458,0.266061,0.003747,57.350796,0.500606,0.007051,30.480633,0.000000,0.313939,0.004422,0.032727,0.057576,0.000000,0.000000,0.000000,0.000000,0.112121,0.000000,
216,cube0,0.338182,558,0.000000,0.000000,0.003030,0.000043,0.002424,0.000034,0.001212,0.000017,393.390656,0.000606,0.000009,0.000000,0.000000,0.298182,0.004200,0.031515,0.040000,0.000000,0.000000,0.000000,0.000000,0.132727,0.000000,NA,NA,NA,NA,NA,NA,NA,NA,NA,NA,NA,NA,NA,NA,NA,NA,NA,NA,NA,NA,NA,
216,vector0,NA,NA,NA,NA,NA,NA,NA,NA,NA,NA,NA,NA,NA,NA,NA,NA,NA,NA,NA,NA,NA,NA,NA,NA,NA,1.912727,3156,0.671515,0.009458,0.485455,0.006837,31.431961,0.580606,0.008178,26.280796,0.000000,0.333333,0.004695,0.032727,0.057576,0.000000,0.000000,0.000000,0.000000,0.113939,0.000000,
216,vector1,NA,NA,NA,NA,NA,NA,NA,NA,NA,NA,NA,NA,NA,NA,NA,NA,NA,NA,NA,NA,NA,NA,NA,NA,NA,1.909091,3150,0.671515,0.009458,0.570909,0.008041,26.727179,0.250303,0.003525,60.961266,0.000000,0.292121,0.004114,0.032727,0.057576,0.000000,0.000000,0.000000,0.000000,0.115152,0.000000,
217,cube0,0.306061,505,0.000000,0.000000,0.003030,0.000043,0.002424,0.000034,0.001212,0.000017,393.390656,0.000606,0.000009,0.000000,0.000000,0.261818,0.003688,0.031515,0.040000,0.000000,0.000000,0.000000,0.000000,0.111515,0.000000,NA,NA,NA,NA,NA,NA,NA,NA,NA,NA,NA,NA,NA,NA,NA,NA,NA,NA,NA,NA,NA,
217,vector0,NA,NA,NA,NA,NA,NA,NA,NA,NA,NA,NA,NA,NA,NA,NA,NA,NA,NA,NA,NA,NA,NA,NA,NA,NA,1.423030,2348,0.671515,0.009458,0.294545,0.004149,51.804535,0.375758,0.005292,40.608070,0.000000,0.346061,0.004874,0.032727,0.057576,0.000000,0.000000,0.000000,0.000000,0.109697,0.000000,
217,vector1,NA,NA,NA,NA,NA,NA,NA,NA,NA,NA,NA,NA,NA,NA,NA,NA,NA,NA,NA,NA,NA,NA,NA,NA,NA,1.561818,2577,0.671515,0.009458,0.406667,0.005728,37.521610,0.422424,0.005950,36.121952,0.000000,0.327879,0.004618,0.032727,0.057576,0.000000,0.000000,0.000000,0.000000,0.127273,0.000000,
218,cube0,0.359394,593,0.000000,0.000000,0.003030,0.000043,0.002424,0.000034,0.001212,0.000017,393.390656,0.000606,0.000009,0.000000,0.000000,0.307273,0.004328,0.031515,0.040000,0.000000,0.000000,0.000000,0.000000,0.129091,0.000000,NA,NA,NA,NA,NA,NA,NA,NA,NA,NA,NA,NA,NA,NA,NA,NA,NA,NA,NA,NA,NA,
218,vector0,NA,NA,NA,NA,NA,NA,NA,NA,NA,NA,NA,NA,NA,NA,NA,NA,NA,NA,NA,NA,NA,NA,NA,NA,NA,1.596970,2635,0.671515,0.009458,0.495152,0.006974,30.816406,0.240000,0.003380,63.578293,0.000000,0.301818,0.004251,0.032727,0.057576,0.000000,0.000000,0.000000,0.000000,0.092727,0.000000,
218,vector1,NA,NA,NA,NA,NA,NA,NA,NA,NA,NA,NA,NA,NA,NA,NA,NA,NA,NA,NA,NA,NA,NA,NA,NA,NA,1.463636,2415,0.671515,0.009458,0.377576,0.005318,40.412521,0.224242,0.003158,68.045959,0.000000,0.301818,0.004251,0.032727,0.057576,0.000000,0.000000,0.000000,0.000000,0.115758,0.000000,
219,cube0,0.350303,578,0.000000,0.000000,0.003030,0.000043,0.002424,0.000034,0.001212,0.000017,393.390656,0.000606,0.000009,0.000000,0.000000,0.295758,0.004166,0.031515,0.040000,0.000000,0.000000,0.000000,0.000000,0.138182,0.000000,NA,NA,NA,NA,NA,NA,NA,NA,NA,NA,NA,NA,NA,NA,NA,NA,NA,NA,NA,NA,NA,
219,vector0,NA,NA,NA,NA,NA,NA,NA,NA,NA,NA,NA,NA,NA,NA,NA,NA,NA,NA,NA,NA,NA,NA,NA,NA,NA,1.684848,2780,0.671515,0.009458,0.313939,0.004422,48.604248,0.370909,0.005224,41.138889,0.000000,0.301212,0.004242,0.032727,0.057576,0.000000,0.000000,0.000000,0.000000,0.140000,0.000000,
219,vector1,NA,NA,NA,NA,NA,NA,NA,NA,NA,NA,NA,NA,NA,NA,NA,NA,NA,NA,NA,NA,NA,NA,NA,NA,NA,1.596364,2634,0.671515,0.009458,0.220606,0.003107,69.167595,0.494545,0.006965,30.854168,0.000000,0.301212,0.004242,0.032727,0.057576,0.000000,0.000000,0.000000,0.000000,0.127273,0.000000,
220,cube0,0.351515,580,0.000000,0.000000,0.003030,0.000043,0.002424,0.000034,0.001212,0.000017,393.390656,0.000606,0.000009,0.000000,0.000000,0.308485,0.004345,0.031515,0.040000,0.000000,0.000000,0.000000,0.000000,0.111515,0.000000,NA,NA,NA,NA,NA,NA,NA,NA,NA,NA,NA,NA,NA,NA,NA,NA,NA,NA,NA,NA,NA,
220,vector0,NA,NA,NA,NA,NA,NA,NA,NA,NA,NA,NA,NA,NA,NA,NA,NA,NA,NA,NA,NA,NA,NA,NA,NA,NA,1.376970,2272,0.671515,0.009458,0.303030,0.004268,50.354004,0.226061,0.003184,67.498672,0.000000,0.287273,0.004046,0.032727,0.057576,0.000000,0.000000,0.000000,0.000000,0.117576,0.000000,
220,vector1,NA,NA,NA,NA,NA,NA,NA,NA,NA,NA,NA,NA,NA,NA,NA,NA,NA,NA,NA,NA,NA,NA,NA,NA,NA,1.549697,2557,0.671515,0.009458,0.449697,0.006334,33.931271,0.223636,0.003150,68.230362,0.000000,0.299394,0.004217,0.032727,0.057576,0.000000,0.000000,0.000000,0.000000,0.115758,0.000000,
221,cube0,0.289697,478,0.000000,0.000000,0.003030,0.000043,0.002424,0.000034,0.001212,0.000017,393.390656,0.000606,0.000009,0.000000,0.000000,0.243636,0.003431,0.031515,0.040000,0.000000,0.000000,0.000000,0.000000,0.138182,0.000000,NA,NA,NA,NA,NA,NA,NA,NA,NA,NA,NA,NA,NA,NA,NA,NA,NA,NA,NA,NA,NA,
221,vector0,NA,NA,NA,NA,NA,NA,NA,NA,NA,NA,NA,NA,NA,NA,NA,NA,NA,NA,NA,NA,NA,NA,NA,NA,NA,1.594545,2631,0.671515,0.009458,0.218788,0.003082,69.742386,0.436970,0.006155,34.919556,0.000000,0.289697,0.004080,0.032727,0.057576,0.000000,0.000000,0.000000,0.000000,0.114545,0.000000,
221,vector1,NA,NA,NA,NA,NA,NA,NA,NA,NA,NA,NA,NA,NA,NA,NA,NA,NA,NA,NA,NA,NA,NA,NA,NA,NA,1.755152,2896,0.671515,0.009458,0.369091,0.005198,41.341545,0.387879,0.005463,39.339066,0.000000,0.316970,0.004464,0.032727,0.057576,0.000000,0.000000,0.000000,0.000000,0.123030,0.000000,
222,cube0,0.343030,566,0.000000,0.000000,0.003030,0.000043,0.002424,0.000034,0.001212,0.000017,393.390656,0.000606,0.000009,0.000000,0.000000,0.293333,0.004131,0.031515,0.040000,0.000000,0.000000,0.000000,0.000000,0.113333,0.000000,NA,NA,NA,NA,NA,NA,NA,NA,NA,NA,NA,NA,NA,NA,NA,NA,NA,NA,NA,NA,NA,
222,vector0,NA,NA,NA,NA,NA,NA,NA,NA,NA,NA,NA,NA,NA,NA,NA,NA,NA,NA,NA,NA,NA,NA,NA,NA,NA,1.532727,2529,0.671515,0.009458,0.430303,0.006061,35.460564,0.229091,0.003227,66.605827,0.000000,0.307879,0.004336,0.032727,0.057576,0.000000,0.000000,0.000000,0.000000,0.124242,0.000000,
222,vector1,NA,NA,NA,NA,NA,NA,NA,NA,NA,NA,NA,NA,NA,NA,NA,NA,NA,NA,NA,NA,NA,NA,NA,NA,NA,1.401818,2313,0.671515,0.009458,0.318182,0.004481,47.956200,0.247273,0.003483,61.708336,0.000000,0.261212,0.003679,0.032727,0.057576,0.000000,0.000000,0.000000,0.000000,0.127879,0.000000,
223,cube0,0.291515,481,0.000000,0.000000,0.003030,0.000043,0.002424,0.000034,0.001212,0.000017,393.390656,0.000606,0.000009,0.000000,0.000000,0.240000,0.003380,0.031515,0.040000,0.000000,0.000000,0.000000,0.000000,0.145455,0.000000,NA,NA,NA,NA,NA,NA,NA,NA,NA,NA,NA,NA,NA,NA,NA,NA,NA,NA,NA,NA,NA,
223,vector0,NA,NA,NA,NA,NA,NA,NA,NA,NA,NA,NA,NA,NA,NA,NA,NA,NA,NA,NA,NA,NA,NA,NA,NA,NA,1.638182,2703,0.671515,0.009458,0.270303,0.003807,56.450672,0.363030,0.005113,42.031723,0.000000,0.315152,0.004439,0.032727,0.057576,0.000000,0.000000,0.000000,0.000000,0.201212,0.000000,
223,vector1,NA,NA,NA,NA,NA,NA,NA,NA,NA,NA,NA,NA,NA,NA,NA,NA,NA,NA,NA,NA,NA,NA,NA,NA,NA,1.456364,2403,0.671515,0.009458,0.172727,0.002433,88.340355,0.406061,0.005719,37.577614,0.000000,0.318788,0.004490,0.032727,0.057576,0.000000,0.000000,0.000000,0.000000,0.119394,0.000000,
224,cube0,0.367879,607,0.000000,0.000000,0.003030,0.000043,0.002424,0.000034,0.001212,0.000017,393.390656,0.000606,0.000009,0.000000,0.000000,0.313333,0.004413,0.031515,0.040000,0.000000,0.000000,0.000000,0.000000,0.116364,0.000000,NA,NA,NA,NA,NA,NA,NA,NA,NA,NA,NA,NA,NA,NA,NA,NA,NA,NA,NA,NA,NA,
224,vector0,NA,NA,NA,NA,NA,NA,NA,NA,NA,NA,NA,NA,NA,NA,NA,NA,NA,NA,NA,NA,NA,NA,NA,NA,NA,1.464849,2417,0.671515,0.009458,0.328485,0.004627,46.452030,0.232121,0.003269,65.736298,0.000000,0.341818,0.004814,0.032727,0.057576,0.000000,0.000000,0.000000,0.000000,0.140000,0.000000,
224,vector1,NA,NA,NA,NA,NA,NA,NA,NA,NA,NA,NA,NA,NA,NA,NA,NA,NA,NA,NA,NA,NA,NA,NA,NA,NA,1.580606,2608,0.671515,0.009458,0.488485,0.006880,31.236975,0.239394,0.003372,63.739246,0.000000,0.261818,0.003688,0.032727,0.057576,0.000000,0.000000,0.000000,0.000000,0.099394,0.000000,
225,cube0,0.321818,531,0.000000,0.000000,0.003030,0.000043,0.002424,0.000034,0.001212,0.000017,393.390656,0.000606,0.000009,0.000000,0.000000,0.263030,0.003705,0.031515,0.040000,0.000000,0.000000,0.000000,0.000000,0.121212,0.000000,NA,NA,NA,NA,NA,NA,NA,NA,NA,NA,NA,NA,NA,NA,NA,NA,NA,NA,NA,NA,NA,
225,vector0,NA,NA,NA,NA,NA,NA,NA,NA,NA,NA,NA,NA,NA,NA,NA,NA,NA,NA,NA,NA,NA,NA,NA,NA,NA,1.665455,2748,0.671515,0.009458,0.346061,0.004874,44.092823,0.441212,0.006214,34.583797,0.000000,0.290909,0.004097,0.032727,0.057576,0.000000,0.000000,0.000000,0.000000,0.115152,0.000000,
225,vector1,NA,NA,NA,NA,NA,NA,NA,NA,NA,NA,NA,NA,NA,NA,NA,NA,NA,NA,NA,NA,NA,NA,NA,NA,NA,1.664242,2746,0.671515,0.009458,0.356970,0.005028,42.745335,0.386667,0.005446,39.462387,0.000000,0.263030,0.003705,0.032727,0.057576,0.000000,0.000000,0.000000,0.000000,0.121818,0.000000,
226,cube0,0.312727,516,0.000000,0.000000,0.003030,0.000043,0.002424,0.000034,0.001212,0.000017,393.390656,0.000606,0.000009,0.000000,0.000000,0.273333,0.003850,0.031515,0.040000,0.000000,0.000000,0.000000,0.000000,0.115152,0.000000,NA,NA,NA,NA,NA,NA,NA,NA,NA,NA,NA,NA,NA,NA,NA,NA,NA,NA,NA,NA,NA,
226,vector0,NA,NA,NA,NA,NA,NA,NA,NA,NA,NA,NA,NA,NA,NA,NA,NA,NA,NA,NA,NA,NA,NA,NA,NA,NA,1.551515,2560,0.671515,0.009458,0.434545,0.006120,35.114368,0.227273,0.003201,67.138672,0.000000,0.323636,0.004558,0.032727,0.057576,0.000000,0.000000,0.000000,0.000000,0.098182,0.000000,
226,vector1,NA,NA,NA,NA,NA,NA,NA,NA,NA,NA,NA,NA,NA,NA,NA,NA,NA,NA,NA,NA,NA,NA,NA,NA,NA,1.539394,2540,0.671515,0.009458,0.460000,0.006479,33.171280,0.235758,0.003321,64.722374,0.000000,0.283636,0.003995,0.032727,0.057576,0.000000,0.000000,0.000000,0.000000,0.129091,0.000000,
227,cube0,0.340000,561,0.000000,0.000000,0.003030,0.000043,0.002424,0.000034,0.001212,0.000017,393.390656,0.000606,0.000009,0.000000,0.000000,0.298788,0.004208,0.031515,0.040000,0.000000,0.000000,0.000000,0.000000,0.130909,0.000000,NA,NA,NA,NA,NA,NA,NA,NA,NA,NA,NA,NA,NA,NA,NA,NA,NA,NA,NA,NA,NA,
227,vector0,NA,NA,NA,NA,NA,NA,NA,NA,NA,NA,NA,NA,NA,NA,NA,NA,NA,NA,NA,NA,NA,NA,NA,NA,NA,1.635152,2698,0.671515,0.009458,0.356970,0.005028,42.745335,0.379394,0.005344,40.218853,0.000000,0.277576,0.003910,0.032727,0.057576,0.000000,0.000000,0.000000,0.000000,0.135758,0.000000,
227,vector1,NA,NA,NA,NA,NA,NA,NA,NA,NA,NA,NA,NA,NA,NA,NA,NA,NA,NA,NA,NA,NA,NA,NA,NA,NA,1.597576,2636,0.671515,0.009458,0.282424,0.003978,54.027901,0.366061,0.005156,41.683773,0.000000,0.294545,0.004149,0.032727,0.057576,0.000000,0.000000,0.000000,0.000000,0.123636,0.000000,
228,cube0,0.316364,522,0.000000,0.000000,0.003030,0.000043,0.002424,0.000034,0.001212,0.000017,393.390656,0.000606,0.000009,0.000000,0.000000,0.270303,0.003807,0.031515,0.040000,0.000000,0.000000,0.000000,0.000000,0.132727,0.000000,NA,NA,NA,NA,NA,NA,NA,NA,NA,NA,NA,NA,NA,NA,NA,NA,NA,NA,NA,NA,NA,
228,vector0,NA,NA,NA,NA,NA,NA,NA,NA,NA,NA,NA,NA,NA,NA,NA,NA,NA,NA,NA,NA,NA,NA,NA,NA,NA,1.469091,2424,0.671515,0.009458,0.374545,0.005275,40.739483,0.365455,0.005147,41.752903,0.000000,0.281212,0.003961,0.032727,0.057576,0.000000,0.000000,0.000000,0.000000,0.099394,0.000000,
228,vector1,NA,NA,NA,NA,NA,NA,NA,NA,NA,NA,NA,NA,NA,NA,NA,NA,NA,NA,NA,NA,NA,NA,NA,NA,NA,1.404848,2318,0.671515,0.009458,0.286667,0.004038,53.228333,0.244848,0.003449,62.319313,0.000000,0.319394,0.004499,0.032727,0.057576,0.000000,0.000000,0.000000,0.000000,0.115758,0.000000,
229,cube0,0.350909,579,0.000000,0.000000,0.003030,0.000043,0.002424,0.000034,0.001212,0.000017,393.390656,0.000606,0.000009,0.000000,0.000000,0.303030,0.004268,0.031515,0.040000,0.000000,0.000000,0.000000,0.000000,0.117576,0.000000,NA,NA,NA,NA,NA,NA,NA,NA,NA,NA,NA,NA,NA,NA,NA,NA,NA,NA,NA,NA,NA,
229,vector0,NA,NA,NA,NA,NA,NA,NA,NA,NA,NA,NA,NA,NA,NA,NA,NA,NA,NA,NA,NA,NA,NA,NA,NA,NA,1.741212,2873,0.671515,0.009458,0.342424,0.004823,44.561066,0.381818,0.005378,39.963493,0.000000,0.301818,0.004251,0.032727,0.057576,0.000000,0.000000,0.000000,0.000000,0.098788,0.000000,
229,vector1,NA,NA,NA,NA,NA,NA,NA,NA,NA,NA,NA,NA,NA,NA,NA,NA,NA,NA,NA,NA,NA,NA,NA,NA,NA,1.666667,2750,0.671515,0.009458,0.296364,0.004174,51.486713,0.446667,0.006291,34.161469,0.000000,0.278182,0.003918,0.032727,0.057576,0.000000,0.000000,0.000000,0.000000,0.114545,0.000000,
230,cube0,0.329697,544,0.000000,0.000000,0.003030,0.000043,0.002424,0.000034,0.001212,0.000017,393.390656,0.000606,0.000009,0.000000,0.000000,0.278788,0.003927,0.031515,0.040000,0.000000,0.000000,0.000000,0.000000,0.136970,0.000000,NA,NA,NA,NA,NA,NA,NA,NA,NA,NA,NA,NA,NA,NA,NA,NA,NA,NA,NA,NA,NA,
230,vector0,NA,NA,NA,NA,NA,NA,NA,NA,NA,NA,NA,NA,NA,NA,NA,NA,NA,NA,NA,NA,NA,NA,NA,NA,NA,1.560000,2574,0.671515,0.009458,0.430303,0.006061,35.460564,0.236364,0.003329,64.556412,0.000000,0.302424,0.004259,0.032727,0.057576,0.000000,0.000000,0.000000,0.000000,0.103030,0.000000,
230,vector1,NA,NA,NA,NA,NA,NA,NA,NA,NA,NA,NA,NA,NA,NA,NA,NA,NA,NA,NA,NA,NA,NA,NA,NA,NA,1.521212,2510,0.671515,0.009458,0.384848,0.005420,39.648819,0.229091,0.003227,66.605827,0.000000,0.301818,0.004251,0.032727,0.057576,0.000000,0.000000,0.000000,0.000000,0.128485,0.000000,
231,cube0,0.373333,616,0.000000,0.000000,0.003030,0.000043,0.002424,0.000034,0.001212,0.000017,393.390656,0.000606,0.000009,0.000000,0.000000,0.320000,0.004507,0.031515,0.040000,0.000000,0.000000,0.000000,0.000000,0.135152,0.000000,NA,NA,NA,NA,NA,NA,NA,NA,NA,NA,NA,NA,NA,NA,NA,NA,NA,NA,NA,NA,NA,
231,vector0,NA,NA,NA,NA,NA,NA,NA,NA,NA,NA,NA,NA,NA,NA,NA,NA,NA,NA,NA,NA,NA,NA,NA,NA,NA,1.627879,2686,0.671515,0.009458,0.306061,0.004311,49.855450,0.312727,0.004405,48.792641,0.000000,0.330909,0.004661,0.032727,0.057576,0.000000,0.000000,0.000000,0.000000,0.143636,0.000000,
231,vector1,NA,NA,NA,NA,NA,NA,NA,NA,NA,NA,NA,NA,NA,NA,NA,NA,NA,NA,NA,NA,NA,NA,NA,NA,NA,1.598788,2638,0.671515,0.009458,0.358788,0.005053,42.528721,0.300606,0.004234,50.760082,0.000000,0.273333,0.003850,0.032727,0.057576,0.000000,0.000000,0.000000,0.000000,0.147273,0.000000,
232,cube0,0.302424,499,0.000000,0.000000,0.003030,0.000043,0.002424,0.000034,0.001212,0.000017,393.390656,0.000606,0.000009,0.000000,0.000000,0.266667,0.003756,0.031515,0.040000,0.000000,0.000000,0.000000,0.000000,0.134545,0.000000,NA,NA,NA,NA,NA,NA,NA,NA,NA,NA,NA,NA,NA,NA,NA,NA,NA,NA,NA,NA,NA,
232,vector0,NA,NA,NA,NA,NA,NA,NA,NA,NA,NA,NA,NA,NA,NA,NA,NA,NA,NA,NA,NA,NA,NA,NA,NA,NA,1.532727,2529,0.671515,0.009458,0.433333,0.006103,35.212593,0.261818,0.003688,58.280098,0.000000,0.268485,0.003781,0.032727,0.057576,0.000000,0.000000,0.000000,0.000000,0.114545,0.000000,
232,vector1,NA,NA,NA,NA,NA,NA,NA,NA,NA,NA,NA,NA,NA,NA,NA,NA,NA,NA,NA,NA,NA,NA,NA,NA,NA,1.761818,2907,0.671515,0.009458,0.562424,0.007921,27.130392,0.381818,0.005378,39.963493,0.000000,0.289697,0.004080,0.032727,0.057576,0.000000,0.000000,0.000000,0.000000,0.115152,0.000000,
233,cube0,0.309091,510,0.000000,0.000000,0.003030,0.000043,0.002424,0.000034,0.001212,0.000017,393.390656,0.000606,0.000009,0.000000,0.000000,0.269697,0.003799,0.031515,0.040000,0.000000,0.000000,0.000000,0.000000,0.104848,0.000000,NA,NA,NA,NA,NA,NA,NA,NA,NA,NA,NA,NA,NA,NA,NA,NA,NA,NA,NA,NA,NA,
233,vector0,NA,NA,NA,NA,NA,NA,NA,NA,NA,NA,NA,NA,NA,NA,NA,NA,NA,NA,NA,NA,NA,NA,NA,NA,NA,1.606061,2650,0.671515,0.009458,0.283030,0.003986,53.912209,0.452121,0.006368,33.749336,0.000000,0.272727,0.003841,0.032727,0.057576,0.000000,0.000000,0.000000,0.000000,0.107879,0.000000,
233,vector1,NA,NA,NA,NA,NA,NA,NA,NA,NA,NA,NA,NA,NA,NA,NA,NA,NA,NA,NA,NA,NA,NA,NA,NA,NA,1.688485,2786,0.671515,0.009458,0.412727,0.005813,36.970634,0.410303,0.005779,37.189072,0.000000,0.310303,0.004370,0.032727,0.057576,0.000000,0.000000,0.000000,0.000000,0.118182,0.000000,
234,cube0,0.319394,527,0.000000,0.000000,0.003030,0.000043,0.002424,0.000034,0.001212,0.000017,393.390656,0.000606,0.000009,0.000000,0.000000,0.270303,0.003807,0.031515,0.040000,0.000000,0.000000,0.000000,0.000000,0.133939,0.000000,NA,NA,NA,NA,NA,NA,NA,NA,NA,NA,NA,NA,NA,NA,NA,NA,NA,NA,NA,NA,NA,
234,vector0,NA,NA,NA,NA,NA,NA,NA,NA,NA,NA,NA,NA,NA,NA,NA,NA,NA,NA,NA,NA,NA,NA,NA,NA,NA,1.527879,2521,0.671515,0.009458,0.424848,0.005984,35.915836,0.527879,0.007435,28.905859,0.000000,0.312121,0.004396,0.032727,0.057576,0.000000,0.000000,0.000000,0.000000,0.109091,0.000000,
234,vector1,NA,NA,NA,NA,NA,NA,NA,NA,NA,NA,NA,NA,NA,NA,NA,NA,NA,NA,NA,NA,NA,NA,NA,NA,NA,1.547273,2553,0.671515,0.009458,0.425455,0.005992,35.864677,0.247879,0.003491,61.557461,0.000000,0.305455,0.004302,0.032727,0.057576,0.000000,0.000000,0.000000,0.000000,0.129091,0.000000,
235,cube0,0.350303,578,0.000000,0.000000,0.003030,0.000043,0.002424,0.000034,0.001212,0.000017,393.390656,0.000606,0.000009,0.000000,0.000000,0.298788,0.004208,0.031515,0.040000,0.000000,0.000000,0.000000,0.000000,0.102424,0.000000,NA,NA,NA,NA,NA,NA,NA,NA,NA,NA,NA,NA,NA,NA,NA,NA,NA,NA,NA,NA,NA,
235,vector0,NA,NA,NA,NA,NA,NA,NA,NA,NA,NA,NA,NA,NA,NA,NA,NA,NA,NA,NA,NA,NA,NA,NA,NA,NA,1.636364,2700,0.671515,0.009458,0.274545,0.003867,55.578369,0.556970,0.007845,27.396084,0.000000,0.360606,0.005079,0.032727,0.057576,0.000000,0.000000,0.000000,0.000000,0.113939,0.000000,
235,vector1,NA,NA,NA,NA,NA,NA,NA,NA,NA,NA,NA,NA,NA,NA,NA,NA,NA,NA,NA,NA,NA,NA,NA,NA,NA,1.564849,2582,0.671515,0.009458,0.249091,0.003508,61.257912,0.401818,0.005659,37.974361,0.000000,0.346061,0.004874,0.032727,0.057576,0.000000,0.000000,0.000000,0.000000,0.106061,0.000000,
236,cube0,0.340606,562,0.000000,0.000000,0.003030,0.000043,0.002424,0.000034,0.001212,0.000017,393.390656,0.000606,0.000009,0.000000,0.000000,0.299394,0.004217,0.031515,0.040000,0.000000,0.000000,0.000000,0.000000,0.130909,0.000000,NA,NA,NA,NA,NA,NA,NA,NA,NA,NA,NA,NA,NA,NA,NA,NA,NA,NA,NA,NA,NA,
236,vector0,NA,NA,NA,NA,NA,NA,NA,NA,NA,NA,NA,NA,NA,NA,NA,NA,NA,NA,NA,NA,NA,NA,NA,NA,NA,1.667879,2752,0.671515,0.009458,0.329091,0.004635,46.366482,0.226667,0.003192,67.318184,0.000000,0.296970,0.004183,0.032727,0.057576,0.000000,0.000000,0.000000,0.000000,0.113333,0.000000,
236,vector1,NA,NA,NA,NA,NA,NA,NA,NA,NA,NA,NA,NA,NA,NA,NA,NA,NA,NA,NA,NA,NA,NA,NA,NA,NA,1.535151,2533,0.671515,0.009458,0.438182,0.006172,34.822964,0.226667,0.003192,67.318184,0.000000,0.298182,0.004200,0.032727,0.057576,0.000000,0.000000,0.000000,0.000000,0.117576,0.000000,
237,cube0,0.309091,510,0.000000,0.000000,0.003030,0.000043,0.002424,0.000034,0.001212,0.000017,393.390656,0.000606,0.000009,0.000000,0.000000,0.265455,0.003739,0.031515,0.040000,0.000000,0.000000,0.000000,0.000000,0.112727,0.000000,NA,NA,NA,NA,NA,NA,NA,NA,NA,NA,NA,NA,NA,NA,NA,NA,NA,NA,NA,NA,NA,
237,vector0,NA,NA,NA,NA,NA,NA,NA,NA,NA,NA,NA,NA,NA,NA,NA,NA,NA,NA,NA,NA,NA,NA,NA,NA,NA,1.660000,2739,0.671515,0.009458,0.299394,0.004217,50.965588,0.413939,0.005830,36.862377,0.000000,0.298788,0.004208,0.032727,0.057576,0.000000,0.000000,0.000000,0.000000,0.109697,0.000000,
237,vector1,NA,NA,NA,NA,NA,NA,NA,NA,NA,NA,NA,NA,NA,NA,NA,NA,NA,NA,NA,NA,NA,NA,NA,NA,NA,1.607879,2653,0.671515,0.009458,0.271515,0.003824,56.198666,0.516970,0.007281,29.515829,0.000000,0.303030,0.004268,0.032727,0.057576,0.000000,0.000000,0.000000,0.000000,0.126667,0.000000,
238,cube0,0.373333,616,0.000000,0.000000,0.003030,0.000043,0.002424,0.000034,0.001212,0.000017,393.390656,0.000606,0.000009,0.000000,0.000000,0.320606,0.004516,0.031515,0.040000,0.000000,0.000000,0.000000,0.000000,0.122424,0.000000,NA,NA,NA,NA,NA,NA,NA,NA,NA,NA,NA,NA,NA,NA,NA,NA,NA,NA,NA,NA,NA,
238,vector0,NA,NA,NA,NA,NA,NA,NA,NA,NA,NA,NA,NA,NA,NA,NA,NA,NA,NA,NA,NA,NA,NA,NA,NA,NA,1.548485,2555,0.671515,0.009458,0.425455,0.005992,35.864677,0.390303,0.005497,39.094723,0.000000,0.303030,0.004268,0.032727,0.057576,0.000000,0.000000,0.000000,0.000000,0.093939,0.000000,
238,vector1,NA,NA,NA,NA,NA,NA,NA,NA,NA,NA,NA,NA,NA,NA,NA,NA,NA,NA,NA,NA,NA,NA,NA,NA,NA,1.589091,2622,0.671515,0.009458,0.499394,0.007034,30.554613,0.229697,0.003235,66.430084,0.000000,0.320000,0.004507,0.032727,0.057576,0.000000,0.000000,0.000000,0.000000,0.114545,0.000000,
239,cube0,0.353333,583,0.000000,0.000000,0.003030,0.000043,0.002424,0.000034,0.001212,0.000017,393.390656,0.000606,0.000009,0.000000,0.000000,0.299394,0.004217,0.031515,0.040000,0.000000,0.000000,0.000000,0.000000,0.138788,0.000000,NA,NA,NA,NA,NA,NA,NA,NA,NA,NA,NA,NA,NA,NA,NA,NA,NA,NA,NA,NA,NA,
239,vector0,NA,NA,NA,NA,NA,NA,NA,NA,NA,NA,NA,NA,NA,NA,NA,NA,NA,NA,NA,NA,NA,NA,NA,NA,NA,1.721212,2840,0.671515,0.009458,0.350303,0.004934,43.558826,0.485455,0.006837,31.431961,0.000000,0.300000,0.004225,0.032727,0.057576,0.000000,0.000000,0.000000,0.000000,0.140606,0.000000,
239,vector1,NA,NA,NA,NA,NA,NA,NA,NA,NA,NA,NA,NA,NA,NA,NA,NA,NA,NA,NA,NA,NA,NA,NA,NA,NA,1.720000,2838,0.671515,0.009458,0.372727,0.005250,40.938217,0.421212,0.005933,36.225899,0.000000,0.287879,0.004055,0.032727,0.057576,0.000000,0.000000,0.000000,0.000000,0.127879,0.000000,
240,cube0,0.352727,582,0.000000,0.000000,0.003030,0.000043,0.002424,0.000034,0.001212,0.000017,393.390656,0.000606,0.000009,0.000000,0.000000,0.310303,0.004370,0.031515,0.040000,0.000000,0.000000,0.000000,0.000000,0.111515,0.000000,NA,NA,NA,NA,NA,NA,NA,NA,NA,NA,NA,NA,NA,NA,NA,NA,NA,NA,NA,NA,NA,
240,vector0,NA,NA,NA,NA,NA,NA,NA,NA,NA,NA,NA,NA,NA,NA,NA,NA,NA,NA,NA,NA,NA,NA,NA,NA,NA,1.582424,2611,0.671515,0.009458,0.453333,0.006385,33.659092,0.233939,0.003295,65.225395,0.000000,0.317576,0.004473,0.032727,0.057576,0.000000,0.000000,0.000000,0.000000,0.113333,0.000000,
240,vector1,NA,NA,NA,NA,NA,NA,NA,NA,NA,NA,NA,NA,NA,NA,NA,NA,NA,NA,NA,NA,NA,NA,NA,NA,NA,1.415151,2335,0.671515,0.009458,0.306667,0.004319,49.756920,0.235758,0.003321,64.722374,0.000000,0.306667,0.004319,0.032727,0.057576,0.000000,0.000000,0.000000,0.000000,0.118182,0.000000,
241,cube0,0.289697,478,0.000000,0.000000,0.003030,0.000043,0.002424,0.000034,0.001212,0.000017,393.390656,0.000606,0.000009,0.000000,0.000000,0.244242,0.003440,0.031515,0.040000,0.000000,0.000000,0.000000,0.000000,0.138788,0.000000,NA,NA,NA,NA,NA,NA,NA,NA,NA,NA,NA,NA,NA,NA,NA,NA,NA,NA,NA,NA,NA,
241,vector0,NA,NA,NA,NA,NA,NA,NA,NA,NA,NA,NA,NA,NA,NA,NA,NA,NA,NA,NA,NA,NA,NA,NA,NA,NA,1.615152,2665,0.671515,0.009458,0.356970,0.005028,42.745335,0.375758,0.005292,40.608070,0.000000,0.251515,0.003542,0.032727,0.057576,0.000000,0.000000,0.000000,0.000000,0.112727,0.000000,
241,vector1,NA,NA,NA,NA,NA,NA,NA,NA,NA,NA,NA,NA,NA,NA,NA,NA,NA,NA,NA,NA,NA,NA,NA,NA,NA,1.507879,2488,0.671515,0.009458,0.267879,0.003773,56.961540,0.467879,0.006590,32.612698,0.000000,0.313939,0.004422,0.032727,0.057576,0.000000,0.000000,0.000000,0.000000,0.130909,0.000000,
242,cube0,0.356364,588,0.000000,0.000000,0.003030,0.000043,0.002424,0.000034,0.001212,0.000017,393.390656,0.000606,0.000009,0.000000,0.000000,0.306061,0.004311,0.031515,0.040000,0.000000,0.000000,0.000000,0.000000,0.115152,0.000000,NA,NA,NA,NA,NA,NA,NA,NA,NA,NA,NA,NA,NA,NA,NA,NA,NA,NA,NA,NA,NA,
242,vector0,NA,NA,NA,NA,NA,NA,NA,NA,NA,NA,NA,NA,NA,NA,NA,NA,NA,NA,NA,NA,NA,NA,NA,NA,NA,1.648485,2720,0.671515,0.009458,0.512121,0.007213,29.795269,0.395152,0.005566,38.615032,0.000000,0.368485,0.005190,0.032727,0.057576,0.000000,0.000000,0.000000,0.000000,0.124242,0.000000,
242,vector1,NA,NA,NA,NA,NA,NA,NA,NA,NA,NA,NA,NA,NA,NA,NA,NA,NA,NA,NA,NA,NA,NA,NA,NA,NA,1.570909,2592,0.671515,0.009458,0.443030,0.006240,34.441864,0.232121,0.003269,65.736298,0.000000,0.293333,0.004131,0.032727,0.057576,0.000000,0.000000,0.000000,0.000000,0.123030,0.000000,
243,cube0,0.295758,488,0.000000,0.000000,0.003030,0.000043,0.002424,0.000034,0.001212,0.000017,393.390656,0.000606,0.000009,0.000000,0.000000,0.243636,0.003431,0.031515,0.040000,0.000000,0.000000,0.000000,0.000000,0.144242,0.000000,NA,NA,NA,NA,NA,NA,NA,NA,NA,NA,NA,NA,NA,NA,NA,NA,NA,NA,NA,NA,NA,
243,vector0,NA,NA,NA,NA,NA,NA,NA,NA,NA,NA,NA,NA,NA,NA,NA,NA,NA,NA,NA,NA,NA,NA,NA,NA,NA,1.742424,2875,0.671515,0.009458,0.375152,0.005284,40.673668,0.552727,0.007785,27.606363,0.000000,0.343030,0.004831,0.032727,0.057576,0.000000,0.000000,0.000000,0.000000,0.130303,0.000000,
243,vector1,NA,NA,NA,NA,NA,NA,NA,NA,NA,NA,NA,NA,NA,NA,NA,NA,NA,NA,NA,NA,NA,NA,NA,NA,NA,1.679394,2771,0.671515,0.009458,0.383636,0.005403,39.774094,0.445455,0.006274,34.254429,0.000000,0.256970,0.003619,0.032727,0.057576,0.000000,0.000000,0.000000,0.000000,0.118182,0.000000,
244,cube0,0.365455,603,0.000000,0.000000,0.003030,0.000043,0.002424,0.000034,0.001212,0.000017,393.390656,0.000606,0.000009,0.000000,0.000000,0.310909,0.004379,0.031515,0.040000,0.000000,0.000000,0.000000,0.000000,0.115758,0.000000,NA,NA,NA,NA,NA,NA,NA,NA,NA,NA,NA,NA,NA,NA,NA,NA,NA,NA,NA,NA,NA,
244,vector0,NA,NA,NA,NA,NA,NA,NA,NA,NA,NA,NA,NA,NA,NA,NA,NA,NA,NA,NA,NA,NA,NA,NA,NA,NA,1.789091,2952,0.671515,0.009458,0.436364,0.006146,34.968060,0.240606,0.003389,63.418144,0.000000,0.292121,0.004114,0.032727,0.057576,0.000000,0.000000,0.000000,0.000000,0.135758,0.000000,
244,vector1,NA,NA,NA,NA,NA,NA,NA,NA,NA,NA,NA,NA,NA,NA,NA,NA,NA,NA,NA,NA,NA,NA,NA,NA,NA,1.838788,3034,0.671515,0.009458,0.521818,0.007350,29.241583,0.516970,0.007281,29.515829,0.000000,0.263636,0.003713,0.032727,0.057576,0.000000,0.000000,0.000000,0.000000,0.104242,0.000000,
245,cube0,0.323636,534,0.000000,0.000000,0.003030,0.000043,0.002424,0.000034,0.001212,0.000017,393.390656,0.000606,0.000009,0.000000,0.000000,0.265455,0.003739,0.031515,0.040000,0.000000,0.000000,0.000000,0.000000,0.119394,0.000000,NA,NA,NA,NA,NA,NA,NA,NA,NA,NA,NA,NA,NA,NA,NA,NA,NA,NA,NA,NA,NA,
245,vector0,NA,NA,NA,NA,NA,NA,NA,NA,NA,NA,NA,NA,NA,NA,NA,NA,NA,NA,NA,NA,NA,NA,NA,NA,NA,1.404242,2317,0.671515,0.009458,0.289697,0.004080,52.671551,0.475758,0.006701,32.072617,0.000000,0.326667,0.004601,0.032727,0.057576,0.000000,0.000000,0.000000,0.000000,0.113939,0.000000,
245,vector1,NA,NA,NA,NA,NA,NA,NA,NA,NA,NA,NA,NA,NA,NA,NA,NA,NA,NA,NA,NA,NA,NA,NA,NA,NA,1.494545,2466,0.671515,0.009458,0.385455,0.005429,39.586479,0.409697,0.005770,37.244083,0.000000,0.298788,0.004208,0.032727,0.057576,0.000000,0.000000,0.000000,0.000000,0.120606,0.000000,
246,cube0,0.311515,514,0.000000,0.000000,0.003030,0.000043,0.002424,0.000034,0.001212,0.000017,393.390656,0.000606,0.000009,0.000000,0.000000,0.272727,0.003841,0.031515,0.040000,0.000000,0.000000,0.000000,0.000000,0.116364,0.000000,NA,NA,NA,NA,NA,NA,NA,NA,NA,NA,NA,NA,NA,NA,NA,NA,NA,NA,NA,NA,NA,
246,vector0,NA,NA,NA,NA,NA,NA,NA,NA,NA,NA,NA,NA,NA,NA,NA,NA,NA,NA,NA,NA,NA,NA,NA,NA,NA,1.564242,2581,0.671515,0.009458,0.432727,0.006095,35.261906,0.233939,0.003295,65.225395,0.000000,0.332727,0.004686,0.032727,0.057576,0.000000,0.000000,0.000000,0.000000,0.095758,0.000000,
246,vector1,NA,NA,NA,NA,NA,NA,NA,NA,NA,NA,NA,NA,NA,NA,NA,NA,NA,NA,NA,NA,NA,NA,NA,NA,NA,1.749697,2887,0.671515,0.009458,0.514545,0.007247,29.654892,0.412121,0.005805,37.025002,0.000000,0.294545,0.004149,0.032727,0.057576,0.000000,0.000000,0.000000,0.000000,0.129091,0.000000,
247,cube0,0.342424,565,0.000000,0.000000,0.003030,0.000043,0.002424,0.000034,0.001212,0.000017,393.390656,0.000606,0.000009,0.000000,0.000000,0.300606,0.004234,0.031515,0.040000,0.000000,0.000000,0.000000,0.000000,0.129697,0.000000,NA,NA,NA,NA,NA,NA,NA,NA,NA,NA,NA,NA,NA,NA,NA,NA,NA,NA,NA,NA,NA,
247,vector0,NA,NA,NA,NA,NA,NA,NA,NA,NA,NA,NA,NA,NA,NA,NA,NA,NA,NA,NA,NA,NA,NA,NA,NA,NA,1.638788,2704,0.671515,0.009458,0.416970,0.005873,36.594479,0.438788,0.006180,34.774864,0.000000,0.277576,0.003910,0.032727,0.057576,0.000000,0.000000,0.000000,0.000000,0.136970,0.000000,
247,vector1,NA,NA,NA,NA,NA,NA,NA,NA,NA,NA,NA,NA,NA,NA,NA,NA,NA,NA,NA,NA,NA,NA,NA,NA,NA,1.483030,2447,0.671515,0.009458,0.399394,0.005625,38.204857,0.245455,0.003457,62.165432,0.000000,0.276364,0.003892,0.032727,0.057576,0.000000,0.000000,0.000000,0.000000,0.115152,0.000000,
248,cube0,0.315758,521,0.000000,0.000000,0.003030,0.000043,0.002424,0.000034,0.001212,0.000017,393.390656,0.000606,0.000009,0.000000,0.000000,0.269697,0.003799,0.031515,0.040000,0.000000,0.000000,0.000000,0.000000,0.132727,0.000000,NA,NA,NA,NA,NA,NA,NA,NA,NA,NA,NA,NA,NA,NA,NA,NA,NA,NA,NA,NA,NA,
248,vector0,NA,NA,NA,NA,NA,NA,NA,NA,NA,NA,NA,NA,NA,NA,NA,NA,NA,NA,NA,NA,NA,NA,NA,NA,NA,1.519394,2507,0.671515,0.009458,0.432727,0.006095,35.261906,0.310909,0.004379,49.077976,0.000000,0.283636,0.003995,0.032727,0.057576,0.000000,0.000000,0.000000,0.000000,0.124848,0.000000,
248,vector1,NA,NA,NA,NA,NA,NA,NA,NA,NA,NA,NA,NA,NA,NA,NA,NA,NA,NA,NA,NA,NA,NA,NA,NA,NA,1.512727,2496,0.671515,0.009458,0.395758,0.005574,38.555901,0.250909,0.003534,60.814014,0.000000,0.320000,0.004507,0.032727,0.057576,0.000000,0.000000,0.000000,0.000000,0.098788,0.000000,
249,cube0,0.352121,581,0.000000,0.000000,0.003030,0.000043,0.002424,0.000034,0.001212,0.000017,393.390656,0.000606,0.000009,0.000000,0.000000,0.303636,0.004277,0.031515,0.040000,0.000000,0.000000,0.000000,0.000000,0.116364,0.000000,NA,NA,NA,NA,NA,NA,NA,NA,NA,NA,NA,NA,NA,NA,NA,NA,NA,NA,NA,NA,NA,
249,vector0,NA,NA,NA,NA,NA,NA,NA,NA,NA,NA,NA,NA,NA,NA,NA,NA,NA,NA,NA,NA,NA,NA,NA,NA,NA,1.790909,2955,0.671515,0.009458,0.427273,0.006018,35.712059,0.484848,0.006829,31.471252,0.000000,0.304242,0.004285,0.032727,0.057576,0.000000,0.000000,0.000000,0.000000,0.120000,0.000000,
249,vector1,NA,NA,NA,NA,NA,NA,NA,NA,NA,NA,NA,NA,NA,NA,NA,NA,NA,NA,NA,NA,NA,NA,NA,NA,NA,1.653333,2728,0.671515,0.009458,0.408485,0.005753,37.354603,0.493939,0.006957,30.892027,0.000000,0.289091,0.004072,0.032727,0.057576,0.000000,0.000000,0.000000,0.000000,0.105455,0.000000,
250,cube0,0.329091,543,0.000000,0.000000,0.003030,0.000043,0.002424,0.000034,0.001212,0.000017,393.390656,0.000606,0.000009,0.000000,0.000000,0.278182,0.003918,0.031515,0.040000,0.000000,0.000000,0.000000,0.000000,0.136970,0.000000,NA,NA,NA,NA,NA,NA,NA,NA,NA,NA,NA,NA,NA,NA,NA,NA,NA,NA,NA,NA,NA,
250,vector0,NA,NA,NA,NA,NA,NA,NA,NA,NA,NA,NA,NA,NA,NA,NA,NA,NA,NA,NA,NA,NA,NA,NA,NA,NA,1.548485,2555,0.671515,0.009458,0.448485,0.006317,34.022980,0.223030,0.003141,68.415764,0.000000,0.302424,0.004259,0.032727,0.057576,0.000000,0.000000,0.000000,0.000000,0.101212,0.000000,
250,vector1,NA,NA,NA,NA,NA,NA,NA,NA,NA,NA,NA,NA,NA,NA,NA,NA,NA,NA,NA,NA,NA,NA,NA,NA,NA,1.429697,2359,0.671515,0.009458,0.305455,0.004302,49.954365,0.224242,0.003158,68.045959,0.000000,0.295758,0.004166,0.032727,0.057576,0.000000,0.000000,0.000000,0.000000,0.130909,0.000000,
251,cube0,0.373939,617,0.000000,0.000000,0.003030,0.000043,0.002424,0.000034,0.001212,0.000017,393.390656,0.000606,0.000009,0.000000,0.000000,0.319394,0.004499,0.031515,0.040000,0.000000,0.000000,0.000000,0.000000,0.133333,0.000000,NA,NA,NA,NA,NA,NA,NA,NA,NA,NA,NA,NA,NA,NA,NA,NA,NA,NA,NA,NA,NA,
251,vector0,NA,NA,NA,NA,NA,NA,NA,NA,NA,NA,NA,NA,NA,NA,NA,NA,NA,NA,NA,NA,NA,NA,NA,NA,NA,1.689697,2788,0.671515,0.009458,0.379394,0.005344,40.218853,0.470909,0.006633,32.402832,0.000000,0.332121,0.004678,0.032727,0.057576,0.000000,0.000000,0.000000,0.000000,0.143030,0.000000,
251,vector1,NA,NA,NA,NA,NA,NA,NA,NA,NA,NA,NA,NA,NA,NA,NA,NA,NA,NA,NA,NA,NA,NA,NA,NA,NA,1.692727,2793,0.671515,0.009458,0.303030,0.004268,50.354004,0.512121,0.007213,29.795269,0.000000,0.270303,0.003807,0.032727,0.057576,0.000000,0.000000,0.000000,0.000000,0.144848,0.000000,
252,cube0,0.305455,504,0.000000,0.000000,0.003030,0.000043,0.002424,0.000034,0.001212,0.000017,393.390656,0.000606,0.000009,0.000000,0.000000,0.269091,0.003790,0.031515,0.040000,0.000000,0.000000,0.000000,0.000000,0.135758,0.000000,NA,NA,NA,NA,NA,NA,NA,NA,NA,NA,NA,NA,NA,NA,NA,NA,NA,NA,NA,NA,NA,
252,vector0,NA,NA,NA,NA,NA,NA,NA,NA,NA,NA,NA,NA,NA,NA,NA,NA,NA,NA,NA,NA,NA,NA,NA,NA,NA,1.481212,2444,0.671515,0.009458,0.390303,0.005497,39.094723,0.235152,0.003312,64.889175,0.000000,0.267273,0.003764,0.032727,0.057576,0.000000,0.000000,0.000000,0.000000,0.112121,0.000000,
252,vector1,NA,NA,NA,NA,NA,NA,NA,NA,NA,NA,NA,NA,NA,NA,NA,NA,NA,NA,NA,NA,NA,NA,NA,NA,NA,1.754545,2895,0.671515,0.009458,0.485455,0.006837,31.431961,0.441818,0.006223,34.536354,0.000000,0.289091,0.004072,0.032727,0.057576,0.000000,0.000000,0.000000,0.000000,0.116970,0.000000,
253,cube0,0.309091,510,0.000000,0.000000,0.003030,0.000043,0.002424,0.000034,0.001212,0.000017,393.390656,0.000606,0.000009,0.000000,0.000000,0.269697,0.003799,0.031515,0.040000,0.000000,0.000000,0.000000,0.000000,0.105455,0.000000,NA,NA,NA,NA,NA,NA,NA,NA,NA,NA,NA,NA,NA,NA,NA,NA,NA,NA,NA,NA,NA,
253,vector0,NA,NA,NA,NA,NA,NA,NA,NA,NA,NA,NA,NA,NA,NA,NA,NA,NA,NA,NA,NA,NA,NA,NA,NA,NA,1.523030,2513,0.671515,0.009458,0.236970,0.003338,64.391304,0.397576,0.005600,38.379574,0.000000,0.263636,0.003713,0.032727,0.057576,0.000000,0.000000,0.000000,0.000000,0.105455,0.000000,
253,vector1,NA,NA,NA,NA,NA,NA,NA,NA,NA,NA,NA,NA,NA,NA,NA,NA,NA,NA,NA,NA,NA,NA,NA,NA,NA,1.562424,2578,0.671515,0.009458,0.304242,0.004285,50.153389,0.249091,0.003508,61.257912,0.000000,0.295152,0.004157,0.032727,0.057576,0.000000,0.000000,0.000000,0.000000,0.118788,0.000000,
254,cube0,0.321212,530,0.000000,0.000000,0.003030,0.000043,0.002424,0.000034,0.001212,0.000017,393.390656,0.000606,0.000009,0.000000,0.000000,0.271515,0.003824,0.031515,0.040000,0.000000,0.000000,0.000000,0.000000,0.125455,0.000000,NA,NA,NA,NA,NA,NA,NA,NA,NA,NA,NA,NA,NA,NA,NA,NA,NA,NA,NA,NA,NA,
254,vector0,NA,NA,NA,NA,NA,NA,NA,NA,NA,NA,NA,NA,NA,NA,NA,NA,NA,NA,NA,NA,NA,NA,NA,NA,NA,1.540606,2542,0.671515,0.009458,0.449091,0.006325,33.977062,0.463636,0.006530,32.911114,0.000000,0.310303,0.004370,0.032727,0.057576,0.000000,0.000000,0.000000,0.000000,0.116364,0.000000,
254,vector1,NA,NA,NA,NA,NA,NA,NA,NA,NA,NA,NA,NA,NA,NA,NA,NA,NA,NA,NA,NA,NA,NA,NA,NA,NA,1.512121,2495,0.671515,0.009458,0.431515,0.006078,35.360958,0.243030,0.003423,62.785545,0.000000,0.272121,0.003833,0.032727,0.057576,0.000000,0.000000,0.000000,0.000000,0.127273,0.000000,
255,cube0,0.348485,575,0.000000,0.000000,0.003030,0.000043,0.002424,0.000034,0.001212,0.000017,393.390656,0.000606,0.000009,0.000000,0.000000,0.296364,0.004174,0.031515,0.040000,0.000000,0.000000,0.000000,0.000000,0.100606,0.000000,NA,NA,NA,NA,NA,NA,NA,NA,NA,NA,NA,NA,NA,NA,NA,NA,NA,NA,NA,NA,NA,
255,vector0,NA,NA,NA,NA,NA,NA,NA,NA,NA,NA,NA,NA,NA,NA,NA,NA,NA,NA,NA,NA,NA,NA,NA,NA,NA,1.701212,2807,0.671515,0.009458,0.293939,0.004140,51.911346,0.324242,0.004567,47.059814,0.000000,0.312727,0.004405,0.032727,0.057576,0.000000,0.000000,0.000000,0.000000,0.113939,0.000000,
255,vector1,NA,NA,NA,NA,NA,NA,NA,NA,NA,NA,NA,NA,NA,NA,NA,NA,NA,NA,NA,NA,NA,NA,NA,NA,NA,1.578182,2604,0.671515,0.009458,0.246061,0.003466,62.012318,0.504848,0.007111,30.224491,0.000000,0.346667,0.004883,0.032727,0.057576,0.000000,0.000000,0.000000,0.000000,0.104242,0.000000,
256,cube0,0.340000,561,0.000000,0.000000,0.003030,0.000043,0.002424,0.000034,0.001212,0.000017,393.390656,0.000606,0.000009,0.000000,0.000000,0.299394,0.004217,0.031515,0.040000,0.000000,0.000000,0.000000,0.000000,0.131515,0.000000,NA,NA,NA,NA,NA,NA,NA,NA,NA,NA,NA,NA,NA,NA,NA,NA,NA,NA,NA,NA,NA,
256,vector0,NA,NA,NA,NA,NA,NA,NA,NA,NA,NA,NA,NA,NA,NA,NA,NA,NA,NA,NA,NA,NA,NA,NA,NA,NA,1.693939,2795,0.671515,0.009458,0.378182,0.005327,40.347763,0.234545,0.003303,65.056854,0.000000,0.295152,0.004157,0.032727,0.057576,0.000000,0.000000,0.000000,0.000000,0.112727,0.000000,
256,vector1,NA,NA,NA,NA,NA,NA,NA,NA,NA,NA,NA,NA,NA,NA,NA,NA,NA,NA,NA,NA,NA,NA,NA,NA,NA,1.545455,2550,0.671515,0.009458,0.459394,0.006470,33.215042,0.260606,0.003671,58.551170,0.000000,0.336970,0.004746,0.032727,0.057576,0.000000,0.000000,0.000000,0.000000,0.115758,0.000000,
257,cube0,0.305455,504,0.000000,0.000000,0.003030,0.000043,0.002424,0.000034,0.001212,0.000017,393.390656,0.000606,0.000009,0.000000,0.000000,0.262424,0.003696,0.031515,0.040000,0.000000,0.000000,0.000000,0.000000,0.118182,0.000000,NA,NA,NA,NA,NA,NA,NA,NA,NA,NA,NA,NA,NA,NA,NA,NA,NA,NA,NA,NA,NA,
257,vector0,NA,NA,NA,NA,NA,NA,NA,NA,NA,NA,NA,NA,NA,NA,NA,NA,NA,NA,NA,NA,NA,NA,NA,NA,NA,1.626667,2684,0.671515,0.009458,0.332727,0.004686,45.859745,0.410909,0.005787,37.134224,0.000000,0.295758,0.004166,0.032727,0.057576,0.000000,0.000000,0.000000,0.000000,0.106061,0.000000,
257,vector1,NA,NA,NA,NA,NA,NA,NA,NA,NA,NA,NA,NA,NA,NA,NA,NA,NA,NA,NA,NA,NA,NA,NA,NA,NA,1.730909,2856,0.671515,0.009458,0.356364,0.005019,42.818031,0.493939,0.006957,30.892027,0.000000,0.299394,0.004217,0.032727,0.057576,0.000000,0.000000,0.000000,0.000000,0.127273,0.000000,
258,cube0,0.366061,604,0.000000,0.000000,0.003030,0.000043,0.002424,0.000034,0.001212,0.000017,393.390656,0.000606,0.000009,0.000000,0.000000,0.313939,0.004422,0.031515,0.040000,0.000000,0.000000,0.000000,0.000000,0.119394,0.000000,NA,NA,NA,NA,NA,NA,NA,NA,NA,NA,NA,NA,NA,NA,NA,NA,NA,NA,NA,NA,NA,
258,vector0,NA,NA,NA,NA,NA,NA,NA,NA,NA,NA,NA,NA,NA,NA,NA,NA,NA,NA,NA,NA,NA,NA,NA,NA,NA,1.533333,2530,0.671515,0.009458,0.425455,0.005992,35.864677,0.235152,0.003312,64.889175,0.000000,0.305455,0.004302,0.032727,0.057576,0.000000,0.000000,0.000000,0.000000,0.094545,0.000000,
258,vector1,NA,NA,NA,NA,NA,NA,NA,NA,NA,NA,NA,NA,NA,NA,NA,NA,NA,NA,NA,NA,NA,NA,NA,NA,NA,1.555758,2567,0.671515,0.009458,0.453939,0.006394,33.614151,0.241818,0.003406,63.100258,0.000000,0.290909,0.004097,0.032727,0.057576,0.000000,0.000000,0.000000,0.000000,0.115758,0.000000,
259,cube0,0.358182,591,0.000000,0.000000,0.003030,0.000043,0.002424,0.000034,0.001212,0.000017,393.390656,0.000606,0.000009,0.000000,0.000000,0.303636,0.004277,0.031515,0.040000,0.000000,0.000000,0.000000,0.000000,0.138182,0.000000,NA,NA,NA,NA,NA,NA,NA,NA,NA,NA,NA,NA,NA,NA,NA,NA,NA,NA,NA,NA,NA,
259,vector0,NA,NA,NA,NA,NA,NA,NA,NA,NA,NA,NA,NA,NA,NA,NA,NA,NA,NA,NA,NA,NA,NA,NA,NA,NA,1.743030,2876,0.671515,0.009458,0.358788,0.005053,42.528721,0.492121,0.006931,31.006159,0.000000,0.302424,0.004259,0.032727,0.057576,0.000000,0.000000,0.000000,0.000000,0.138788,0.000000,
259,vector1,NA,NA,NA,NA,NA,NA,NA,NA,NA,NA,NA,NA,NA,NA,NA,NA,NA,NA,NA,NA,NA,NA,NA,NA,NA,1.727273,2850,0.671515,0.009458,0.356364,0.005019,42.818031,0.473939,0.006675,32.195652,0.000000,0.316364,0.004456,0.032727,0.057576,0.000000,0.000000,0.000000,0.000000,0.129697,0.000000,
260,cube0,0.375758,620,0.000000,0.000000,0.003030,0.000043,0.002424,0.000034,0.001212,0.000017,393.390656,0.000606,0.000009,0.000000,0.000000,0.333333,0.004695,0.031515,0.040000,0.000000,0.000000,0.000000,0.000000,0.111515,0.000000,NA,NA,NA,NA,NA,NA,NA,NA,NA,NA,NA,NA,NA,NA,NA,NA,NA,NA,NA,NA,NA,
260,vector0,NA,NA,NA,NA,NA,NA,NA,NA,NA,NA,NA,NA,NA,NA,NA,NA,NA,NA,NA,NA,NA,NA,NA,NA,NA,1.553939,2564,0.671515,0.009458,0.440000,0.006197,34.679066,0.231515,0.003261,65.908379,0.000000,0.344242,0.004848,0.032727,0.057576,0.000000,0.000000,0.000000,0.000000,0.114545,0.000000,
260,vector1,NA,NA,NA,NA,NA,NA,NA,NA,NA,NA,NA,NA,NA,NA,NA,NA,NA,NA,NA,NA,NA,NA,NA,NA,NA,1.543636,2547,0.671515,0.009458,0.441818,0.006223,34.536354,0.232727,0.003278,65.565109,0.000000,0.287879,0.004055,0.032727,0.057576,0.000000,0.000000,0.000000,0.000000,0.136364,0.000000,
261,cube0,0.289697,478,0.000000,0.000000,0.003030,0.000043,0.002424,0.000034,0.001212,0.000017,393.390656,0.000606,0.000009,0.000000,0.000000,0.244242,0.003440,0.031515,0.040000,0.000000,0.000000,0.000000,0.000000,0.140606,0.000000,NA,NA,NA,NA,NA,NA,NA,NA,NA,NA,NA,NA,NA,NA,NA,NA,NA,NA,NA,NA,NA,
261,vector0,NA,NA,NA,NA,NA,NA,NA,NA,NA,NA,NA,NA,NA,NA,NA,NA,NA,NA,NA,NA,NA,NA,NA,NA,NA,1.715758,2831,0.671515,0.009458,0.337576,0.004755,45.201077,0.395758,0.005574,38.555901,0.000000,0.250303,0.003525,0.032727,0.057576,0.000000,0.000000,0.000000,0.000000,0.115152,0.000000,
261,vector1,NA,NA,NA,NA,NA,NA,NA,NA,NA,NA,NA,NA,NA,NA,NA,NA,NA,NA,NA,NA,NA,NA,NA,NA,NA,1.675758,2765,0.671515,0.009458,0.275758,0.003884,55.334068,0.520606,0.007332,29.309666,0.000000,0.313333,0.004413,0.032727,0.057576,0.000000,0.000000,0.000000,0.000000,0.123636,0.000000,
262,cube0,0.347879,574,0.000000,0.000000,0.003030,0.000043,0.002424,0.000034,0.001212,0.000017,393.390656,0.000606,0.000009,0.000000,0.000000,0.298182,0.004200,0.031515,0.040000,0.000000,0.000000,0.000000,0.000000,0.114545,0.000000,NA,NA,NA,NA,NA,NA,NA,NA,NA,NA,NA,NA,NA,NA,NA,NA,NA,NA,NA,NA,NA,
262,vector0,NA,NA,NA,NA,NA,NA,NA,NA,NA,NA,NA,NA,NA,NA,NA,NA,NA,NA,NA,NA,NA,NA,NA,NA,NA,1.441212,2378,0.671515,0.009458,0.306667,0.004319,49.756920,0.243030,0.003423,62.785545,0.000000,0.339394,0.004780,0.032727,0.057576,0.000000,0.000000,0.000000,0.000000,0.153333,0.000000,
262,vector1,NA,NA,NA,NA,NA,NA,NA,NA,NA,NA,NA,NA,NA,NA,NA,NA,NA,NA,NA,NA,NA,NA,NA,NA,NA,1.942424,3205,0.671515,0.009458,0.432727,0.006095,35.261906,0.251515,0.003542,60.667477,0.000000,0.290303,0.004089,0.032727,0.057576,0.000000,0.000000,0.000000,0.000000,0.128485,0.000000,
263,cube0,0.290909,480,0.000000,0.000000,0.003030,0.000043,0.002424,0.000034,0.001212,0.000017,393.390656,0.000606,0.000009,0.000000,0.000000,0.238788,0.003363,0.031515,0.040000,0.000000,0.000000,0.000000,0.000000,0.143636,0.000000,NA,NA,NA,NA,NA,NA,NA,NA,NA,NA,NA,NA,NA,NA,NA,NA,NA,NA,NA,NA,NA,
263,vector0,NA,NA,NA,NA,NA,NA,NA,NA,NA,NA,NA,NA,NA,NA,NA,NA,NA,NA,NA,NA,NA,NA,NA,NA,NA,1.560606,2575,0.671515,0.009458,0.226667,0.003192,67.318184,0.446061,0.006283,34.207882,0.000000,0.337576,0.004755,0.032727,0.057576,0.000000,0.000000,0.000000,0.000000,0.246667,0.000000,
263,vector1,NA,NA,NA,NA,NA,NA,NA,NA,NA,NA,NA,NA,NA,NA,NA,NA,NA,NA,NA,NA,NA,NA,NA,NA,NA,1.612121,2660,0.671515,0.009458,0.361212,0.005087,42.243290,0.525455,0.007401,29.039219,0.000000,0.258788,0.003645,0.032727,0.057576,0.000000,0.000000,0.000000,0.000000,0.118182,0.000000,
264,cube0,0.366667,605,0.000000,0.000000,0.003030,0.000043,0.002424,0.000034,0.001212,0.000017,393.390656,0.000606,0.000009,0.000000,0.000000,0.311515,0.004388,0.031515,0.040000,0.000000,0.000000,0.000000,0.000000,0.116364,0.000000,NA,NA,NA,NA,NA,NA,NA,NA,NA,NA,NA,NA,NA,NA,NA,NA,NA,NA,NA,NA,NA,
264,vector0,NA,NA,NA,NA,NA,NA,NA,NA,NA,NA,NA,NA,NA,NA,NA,NA,NA,NA,NA,NA,NA,NA,NA,NA,NA,1.545455,2550,0.671515,0.009458,0.453939,0.006394,33.614151,0.233939,0.003295,65.225395,0.000000,0.294545,0.004149,0.032727,0.057576,0.000000,0.000000,0.000000,0.000000,0.141212,0.000000,
264,vector1,NA,NA,NA,NA,NA,NA,NA,NA,NA,NA,NA,NA,NA,NA,NA,NA,NA,NA,NA,NA,NA,NA,NA,NA,NA,1.848485,3050,0.671515,0.009458,0.578788,0.008152,26.363354,0.235152,0.003312,64.889175,0.000000,0.261818,0.003688,0.032727,0.057576,0.000000,0.000000,0.000000,0.000000,0.100000,0.000000,
265,cube0,0.321818,531,0.000000,0.000000,0.003030,0.000043,0.002424,0.000034,0.001212,0.000017,393.390656,0.000606,0.000009,0.000000,0.000000,0.263030,0.003705,0.031515,0.040000,0.000000,0.000000,0.000000,0.000000,0.121818,0.000000,NA,NA,NA,NA,NA,NA,NA,NA,NA,NA,NA,NA,NA,NA,NA,NA,NA,NA,NA,NA,NA,
265,vector0,NA,NA,NA,NA,NA,NA,NA,NA,NA,NA,NA,NA,NA,NA,NA,NA,NA,NA,NA,NA,NA,NA,NA,NA,NA,1.643030,2711,0.671515,0.009458,0.403636,0.005685,37.803307,0.485455,0.006837,31.431961,0.000000,0.323636,0.004558,0.032727,0.057576,0.000000,0.000000,0.000000,0.000000,0.114545,0.000000,
265,vector1,NA,NA,NA,NA,NA,NA,NA,NA,NA,NA,NA,NA,NA,NA,NA,NA,NA,NA,NA,NA,NA,NA,NA,NA,NA,1.544242,2548,0.671515,0.009458,0.449091,0.006325,33.977062,0.469697,0.006615,32.486458,0.000000,0.296970,0.004183,0.032727,0.057576,0.000000,0.000000,0.000000,0.000000,0.116970,0.000000,
266,cube0,0.310909,513,0.000000,0.000000,0.003030,0.000043,0.002424,0.000034,0.001212,0.000017,393.390656,0.000606,0.000009,0.000000,0.000000,0.272121,0.003833,0.031515,0.040000,0.000000,0.000000,0.000000,0.000000,0.116970,0.000000,NA,NA,NA,NA,NA,NA,NA,NA,NA,NA,NA,NA,NA,NA,NA,NA,NA,NA,NA,NA,NA,
266,vector0,NA,NA,NA,NA,NA,NA,NA,NA,NA,NA,NA,NA,NA,NA,NA,NA,NA,NA,NA,NA,NA,NA,NA,NA,NA,1.844242,3043,0.671515,0.009458,0.459394,0.006470,33.215042,0.229697,0.003235,66.430084,0.000000,0.335758,0.004729,0.032727,0.057576,0.000000,0.000000,0.000000,0.000000,0.101212,0.000000,
266,vector1,NA,NA,NA,NA,NA,NA,NA,NA,NA,NA,NA,NA,NA,NA,NA,NA,NA,NA,NA,NA,NA,NA,NA,NA,NA,1.841212,3038,0.671515,0.009458,0.404242,0.005694,37.746628,0.224242,0.003158,68.045959,0.000000,0.330909,0.004661,0.032727,0.057576,0.000000,0.000000,0.000000,0.000000,0.138182,0.000000,
267,cube0,0.339394,560,0.000000,0.000000,0.003030,0.000043,0.002424,0.000034,0.001212,0.000017,393.390656,0.000606,0.000009,0.000000,0.000000,0.297576,0.004191,0.031515,0.040000,0.000000,0.000000,0.000000,0.000000,0.130909,0.000000,NA,NA,NA,NA,NA,NA,NA,NA,NA,NA,NA,NA,NA,NA,NA,NA,NA,NA,NA,NA,NA,
267,vector0,NA,NA,NA,NA,NA,NA,NA,NA,NA,NA,NA,NA,NA,NA,NA,NA,NA,NA,NA,NA,NA,NA,NA,NA,NA,1.565455,2583,0.671515,0.009458,0.460606,0.006487,33.127636,0.526667,0.007418,28.972385,0.000000,0.284242,0.004003,0.032727,0.057576,0.000000,0.000000,0.000000,0.000000,0.115152,0.000000,
267,vector1,NA,NA,NA,NA,NA,NA,NA,NA,NA,NA,NA,NA,NA,NA,NA,NA,NA,NA,NA,NA,NA,NA,NA,NA,NA,1.520000,2508,0.671515,0.009458,0.435758,0.006137,35.016693,0.376364,0.005301,40.542679,0.000000,0.290303,0.004089,0.032727,0.057576,0.000000,0.000000,0.000000,0.000000,0.095758,0.000000,
268,cube0,0.315758,521,0.000000,0.000000,0.003030,0.000043,0.002424,0.000034,0.001212,0.000017,393.390656,0.000606,0.000009,0.000000,0.000000,0.269697,0.003799,0.031515,0.040000,0.000000,0.000000,0.000000,0.000000,0.132727,0.000000,NA,NA,NA,NA,NA,NA,NA,NA,NA,NA,NA,NA,NA,NA,NA,NA,NA,NA,NA,NA,NA,
268,vector0,NA,NA,NA,NA,NA,NA,NA,NA,NA,NA,NA,NA,NA,NA,NA,NA,NA,NA,NA,NA,NA,NA,NA,NA,NA,1.371515,2263,0.671515,0.009458,0.283636,0.003995,53.797009,0.221212,0.003116,68.978088,0.000000,0.282424,0.003978,0.032727,0.057576,0.000000,0.000000,0.000000,0.000000,0.101818,0.000000,
268,vector1,NA,NA,NA,NA,NA,NA,NA,NA,NA,NA,NA,NA,NA,NA,NA,NA,NA,NA,NA,NA,NA,NA,NA,NA,NA,1.507273,2487,0.671515,0.009458,0.389091,0.005480,39.216518,0.229697,0.003235,66.430084,0.000000,0.321212,0.004524,0.032727,0.057576,0.000000,0.000000,0.000000,0.000000,0.110909,0.000000,
269,cube0,0.352121,581,0.000000,0.000000,0.003030,0.000043,0.002424,0.000034,0.001212,0.000017,393.390656,0.000606,0.000009,0.000000,0.000000,0.303636,0.004277,0.031515,0.040000,0.000000,0.000000,0.000000,0.000000,0.117576,0.000000,NA,NA,NA,NA,NA,NA,NA,NA,NA,NA,NA,NA,NA,NA,NA,NA,NA,NA,NA,NA,NA,
269,vector0,NA,NA,NA,NA,NA,NA,NA,NA,NA,NA,NA,NA,NA,NA,NA,NA,NA,NA,NA,NA,NA,NA,NA,NA,NA,1.515758,2501,0.671515,0.009458,0.175758,0.002475,86.817253,0.446667,0.006291,34.161469,0.000000,0.301818,0.004251,0.032727,0.057576,0.000000,0.000000,0.000000,0.000000,0.108485,0.000000,
269,vector1,NA,NA,NA,NA,NA,NA,NA,NA,NA,NA,NA,NA,NA,NA,NA,NA,NA,NA,NA,NA,NA,NA,NA,NA,NA,1.538788,2539,0.671515,0.009458,0.273939,0.003858,55.701332,0.487879,0.006872,31.275776,0.000000,0.267273,0.003764,0.032727,0.057576,0.000000,0.000000,0.000000,0.000000,0.127879,0.000000,
270,cube0,0.333333,550,0.000000,0.000000,0.003030,0.000043,0.002424,0.000034,0.001212,0.000017,393.390656,0.000606,0.000009,0.000000,0.000000,0.281818,0.003969,0.031515,0.040000,0.000000,0.000000,0.000000,0.000000,0.142424,0.000000,NA,NA,NA,NA,NA,NA,NA,NA,NA,NA,NA,NA,NA,NA,NA,NA,NA,NA,NA,NA,NA,
270,vector0,NA,NA,NA,NA,NA,NA,NA,NA,NA,NA,NA,NA,NA,NA,NA,NA,NA,NA,NA,NA,NA,NA,NA,NA,NA,1.540606,2542,0.671515,0.009458,0.438788,0.006180,34.774864,0.225455,0.003175,67.680115,0.000000,0.300000,0.004225,0.032727,0.057576,0.000000,0.000000,0.000000,0.000000,0.122424,0.000000,
270,vector1,NA,NA,NA,NA,NA,NA,NA,NA,NA,NA,NA,NA,NA,NA,NA,NA,NA,NA,NA,NA,NA,NA,NA,NA,NA,1.819394,3002,0.671515,0.009458,0.464242,0.006539,32.868149,0.227879,0.003210,66.960106,0.000000,0.298788,0.004208,0.032727,0.057576,0.000000,0.000000,0.000000,0.000000,0.132121,0.000000,
271,cube0,0.370909,612,0.000000,0.000000,0.003030,0.000043,0.002424,0.000034,0.001212,0.000017,393.390656,0.000606,0.000009,0.000000,0.000000,0.316970,0.004464,0.031515,0.040000,0.000000,0.000000,0.000000,0.000000,0.133333,0.000000,NA,NA,NA,NA,NA,NA,NA,NA,NA,NA,NA,NA,NA,NA,NA,NA,NA,NA,NA,NA,NA,
271,vector0,NA,NA,NA,NA,NA,NA,NA,NA,NA,NA,NA,NA,NA,NA,NA,NA,NA,NA,NA,NA,NA,NA,NA,NA,NA,1.732727,2859,0.671515,0.009458,0.350909,0.004942,43.483597,0.480606,0.006769,31.749054,0.000000,0.332727,0.004686,0.032727,0.057576,0.000000,0.000000,0.000000,0.000000,0.122424,0.000000,
271,vector1,NA,NA,NA,NA,NA,NA,NA,NA,NA,NA,NA,NA,NA,NA,NA,NA,NA,NA,NA,NA,NA,NA,NA,NA,NA,1.566667,2585,0.671515,0.009458,0.458182,0.006453,33.302914,0.449091,0.006325,33.977062,0.000000,0.271515,0.003824,0.032727,0.057576,0.000000,0.000000,0.000000,0.000000,0.121212,0.000000,
272,cube0,0.307273,507,0.000000,0.000000,0.003030,0.000043,0.002424,0.000034,0.001212,0.000017,393.390656,0.000606,0.000009,0.000000,0.000000,0.270909,0.003816,0.031515,0.040000,0.000000,0.000000,0.000000,0.000000,0.136970,0.000000,NA,NA,NA,NA,NA,NA,NA,NA,NA,NA,NA,NA,NA,NA,NA,NA,NA,NA,NA,NA,NA,
272,vector0,NA,NA,NA,NA,NA,NA,NA,NA,NA,NA,NA,NA,NA,NA,NA,NA,NA,NA,NA,NA,NA,NA,NA,NA,NA,1.460000,2409,0.671515,0.009458,0.370303,0.005216,41.206223,0.605455,0.008528,25.202204,0.000000,0.267273,0.003764,0.032727,0.057576,0.000000,0.000000,0.000000,0.000000,0.100000,0.000000,
272,vector1,NA,NA,NA,NA,NA,NA,NA,NA,NA,NA,NA,NA,NA,NA,NA,NA,NA,NA,NA,NA,NA,NA,NA,NA,NA,1.670909,2757,0.671515,0.009458,0.580606,0.008178,26.280796,0.429091,0.006044,35.560738,0.000000,0.290909,0.004097,0.032727,0.057576,0.000000,0.000000,0.000000,0.000000,0.143030,0.000000,
273,cube0,0.309091,510,0.000000,0.000000,0.003030,0.000043,0.002424,0.000034,0.001212,0.000017,393.390656,0.000606,0.000009,0.000000,0.000000,0.269091,0.003790,0.031515,0.040000,0.000000,0.000000,0.000000,0.000000,0.104848,0.000000,NA,NA,NA,NA,NA,NA,NA,NA,NA,NA,NA,NA,NA,NA,NA,NA,NA,NA,NA,NA,NA,
273,vector0,NA,NA,NA,NA,NA,NA,NA,NA,NA,NA,NA,NA,NA,NA,NA,NA,NA,NA,NA,NA,NA,NA,NA,NA,NA,1.603030,2645,0.671515,0.009458,0.176364,0.002484,86.518906,0.415758,0.005856,36.701172,0.000000,0.261212,0.003679,0.032727,0.057576,0.000000,0.000000,0.000000,0.000000,0.147273,0.000000,
273,vector1,NA,NA,NA,NA,NA,NA,NA,NA,NA,NA,NA,NA,NA,NA,NA,NA,NA,NA,NA,NA,NA,NA,NA,NA,NA,1.721818,2841,0.671515,0.009458,0.400000,0.005634,38.146973,0.335758,0.004729,45.445847,0.000000,0.300606,0.004234,0.032727,0.057576,0.000000,0.000000,0.000000,0.000000,0.115152,0.000000,
274,cube0,0.320606,529,0.000000,0.000000,0.003030,0.000043,0.002424,0.000034,0.001212,0.000017,393.390656,0.000606,0.000009,0.000000,0.000000,0.270909,0.003816,0.031515,0.040000,0.000000,0.000000,0.000000,0.000000,0.122424,0.000000,NA,NA,NA,NA,NA,NA,NA,NA,NA,NA,NA,NA,NA,NA,NA,NA,NA,NA,NA,NA,NA,
274,vector0,NA,NA,NA,NA,NA,NA,NA,NA,NA,NA,NA,NA,NA,NA,NA,NA,NA,NA,NA,NA,NA,NA,NA,NA,NA,1.557576,2570,0.671515,0.009458,0.435152,0.006129,35.065460,0.224848,0.003167,67.862541,0.000000,0.308485,0.004345,0.032727,0.057576,0.000000,0.000000,0.000000,0.000000,0.112727,0.000000,
274,vector1,NA,NA,NA,NA,NA,NA,NA,NA,NA,NA,NA,NA,NA,NA,NA,NA,NA,NA,NA,NA,NA,NA,NA,NA,NA,1.517576,2504,0.671515,0.009458,0.409091,0.005762,37.299259,0.244242,0.003440,62.473949,0.000000,0.316970,0.004464,0.032727,0.057576,0.000000,0.000000,0.000000,0.000000,0.129697,0.000000,
275,cube0,0.355152,586,0.000000,0.000000,0.003030,0.000043,0.002424,0.000034,0.001212,0.000017,393.390656,0.000606,0.000009,0.000000,0.000000,0.303636,0.004277,0.031515,0.040000,0.000000,0.000000,0.000000,0.000000,0.104848,0.000000,NA,NA,NA,NA,NA,NA,NA,NA,NA,NA,NA,NA,NA,NA,NA,NA,NA,NA,NA,NA,NA,
275,vector0,NA,NA,NA,NA,NA,NA,NA,NA,NA,NA,NA,NA,NA,NA,NA,NA,NA,NA,NA,NA,NA,NA,NA,NA,NA,1.632121,2693,0.671515,0.009458,0.246061,0.003466,62.012318,0.417576,0.005881,36.541370,0.000000,0.313333,0.004413,0.032727,0.057576,0.000000,0.000000,0.000000,0.000000,0.112727,0.000000,
275,vector1,NA,NA,NA,NA,NA,NA,NA,NA,NA,NA,NA,NA,NA,NA,NA,NA,NA,NA,NA,NA,NA,NA,NA,NA,NA,1.646061,2716,0.671515,0.009458,0.248485,0.003500,61.407322,0.536364,0.007554,28.448589,0.000000,0.346667,0.004883,0.032727,0.057576,0.000000,0.000000,0.000000,0.000000,0.114545,0.000000,
276,cube0,0.337576,557,0.000000,0.000000,0.003030,0.000043,0.002424,0.000034,0.001212,0.000017,393.390656,0.000606,0.000009,0.000000,0.000000,0.297576,0.004191,0.031515,0.040000,0.000000,0.000000,0.000000,0.000000,0.131515,0.000000,NA,NA,NA,NA,NA,NA,NA,NA,NA,NA,NA,NA,NA,NA,NA,NA,NA,NA,NA,NA,NA,
276,vector0,NA,NA,NA,NA,NA,NA,NA,NA,NA,NA,NA,NA,NA,NA,NA,NA,NA,NA,NA,NA,NA,NA,NA,NA,NA,1.903636,3141,0.671515,0.009458,0.605455,0.008528,25.202204,0.245455,0.003457,62.165432,0.000000,0.303030,0.004268,0.032727,0.057576,0.000000,0.000000,0.000000,0.000000,0.113939,0.000000,
276,vector1,NA,NA,NA,NA,NA,NA,NA,NA,NA,NA,NA,NA,NA,NA,NA,NA,NA,NA,NA,NA,NA,NA,NA,NA,NA,1.499394,2474,0.671515,0.009458,0.404848,0.005702,37.690121,0.243636,0.003431,62.629356,0.000000,0.300606,0.004234,0.032727,0.057576,0.000000,0.000000,0.000000,0.000000,0.118182,0.000000,
277,cube0,0.306061,505,0.000000,0.000000,0.003030,0.000043,0.002424,0.000034,0.001212,0.000017,393.390656,0.000606,0.000009,0.000000,0.000000,0.262424,0.003696,0.031515,0.040000,0.000000,0.000000,0.000000,0.000000,0.111515,0.000000,NA,NA,NA,NA,NA,NA,NA,NA,NA,NA,NA,NA,NA,NA,NA,NA,NA,NA,NA,NA,NA,
277,vector0,NA,NA,NA,NA,NA,NA,NA,NA,NA,NA,NA,NA,NA,NA,NA,NA,NA,NA,NA,NA,NA,NA,NA,NA,NA,1.528485,2522,0.671515,0.009458,0.440606,0.006206,34.631363,0.427879,0.006026,35.661476,0.000000,0.296970,0.004183,0.032727,0.057576,0.000000,0.000000,0.000000,0.000000,0.106667,0.000000,
277,vector1,NA,NA,NA,NA,NA,NA,NA,NA,NA,NA,NA,NA,NA,NA,NA,NA,NA,NA,NA,NA,NA,NA,NA,NA,NA,1.506667,2486,0.671515,0.009458,0.204848,0.002885,74.488167,0.444848,0.006265,34.301094,0.000000,0.303030,0.004268,0.032727,0.057576,0.000000,0.000000,0.000000,0.000000,0.127879,0.000000,
278,cube0,0.359394,593,0.000000,0.000000,0.003030,0.000043,0.002424,0.000034,0.001212,0.000017,393.390656,0.000606,0.000009,0.000000,0.000000,0.306667,0.004319,0.031515,0.040000,0.000000,0.000000,0.000000,0.000000,0.119394,0.000000,NA,NA,NA,NA,NA,NA,NA,NA,NA,NA,NA,NA,NA,NA,NA,NA,NA,NA,NA,NA,NA,
278,vector0,NA,NA,NA,NA,NA,NA,NA,NA,NA,NA,NA,NA,NA,NA,NA,NA,NA,NA,NA,NA,NA,NA,NA,NA,NA,1.515758,2501,0.671515,0.009458,0.421818,0.005941,36.173855,0.225455,0.003175,67.680115,0.000000,0.284848,0.004012,0.032727,0.057576,0.000000,0.000000,0.000000,0.000000,0.095152,0.000000,
278,vector1,NA,NA,NA,NA,NA,NA,NA,NA,NA,NA,NA,NA,NA,NA,NA,NA,NA,NA,NA,NA,NA,NA,NA,NA,NA,1.385455,2286,0.671515,0.009458,0.290303,0.004089,52.561592,0.229697,0.003235,66.430084,0.000000,0.300000,0.004225,0.032727,0.057576,0.000000,0.000000,0.000000,0.000000,0.114545,0.000000,
279,cube0,0.350303,578,0.000000,0.000000,0.003030,0.000043,0.002424,0.000034,0.001212,0.000017,393.390656,0.000606,0.000009,0.000000,0.000000,0.296364,0.004174,0.031515,0.040000,0.000000,0.000000,0.000000,0.000000,0.137576,0.000000,NA,NA,NA,NA,NA,NA,NA,NA,NA,NA,NA,NA,NA,NA,NA,NA,NA,NA,NA,NA,NA,
279,vector0,NA,NA,NA,NA,NA,NA,NA,NA,NA,NA,NA,NA,NA,NA,NA,NA,NA,NA,NA,NA,NA,NA,NA,NA,NA,1.551515,2560,0.671515,0.009458,0.255152,0.003594,59.802856,0.491515,0.006923,31.044390,0.000000,0.301212,0.004242,0.032727,0.057576,0.000000,0.000000,0.000000,0.000000,0.141212,0.000000,
279,vector1,NA,NA,NA,NA,NA,NA,NA,NA,NA,NA,NA,NA,NA,NA,NA,NA,NA,NA,NA,NA,NA,NA,NA,NA,NA,1.543030,2546,0.671515,0.009458,0.185455,0.002612,82.277779,0.396970,0.005591,38.438171,0.000000,0.283030,0.003986,0.032727,0.057576,0.000000,0.000000,0.000000,0.000000,0.129091,0.000000,
280,cube0,0.351515,580,0.000000,0.000000,0.003030,0.000043,0.002424,0.000034,0.001212,0.000017,393.390656,0.000606,0.000009,0.000000,0.000000,0.309091,0.004353,0.031515,0.040000,0.000000,0.000000,0.000000,0.000000,0.110909,0.000000,NA,NA,NA,NA,NA,NA,NA,NA,NA,NA,NA,NA,NA,NA,NA,NA,NA,NA,NA,NA,NA,
280,vector0,NA,NA,NA,NA,NA,NA,NA,NA,NA,NA,NA,NA,NA,NA,NA,NA,NA,NA,NA,NA,NA,NA,NA,NA,NA,1.543030,2546,0.671515,0.009458,0.439394,0.006189,34.726898,0.337576,0.004755,45.201077,0.000000,0.316364,0.004456,0.032727,0.057576,0.000000,0.000000,0.000000,0.000000,0.112121,0.000000,
280,vector1,NA,NA,NA,NA,NA,NA,NA,NA,NA,NA,NA,NA,NA,NA,NA,NA,NA,NA,NA,NA,NA,NA,NA,NA,NA,1.584849,2615,0.671515,0.009458,0.480000,0.006761,31.789146,0.564242,0.007947,27.042967,0.000000,0.335758,0.004729,0.032727,0.057576,0.000000,0.000000,0.000000,0.000000,0.121818,0.000000,
281,cube0,0.292727,483,0.000000,0.000000,0.003030,0.000043,0.002424,0.000034,0.001212,0.000017,393.390656,0.000606,0.000009,0.000000,0.000000,0.246667,0.003474,0.031515,0.040000,0.000000,0.000000,0.000000,0.000000,0.139394,0.000000,NA,NA,NA,NA,NA,NA,NA,NA,NA,NA,NA,NA,NA,NA,NA,NA,NA,NA,NA,NA,NA,
281,vector0,NA,NA,NA,NA,NA,NA,NA,NA,NA,NA,NA,NA,NA,NA,NA,NA,NA,NA,NA,NA,NA,NA,NA,NA,NA,1.646061,2716,0.671515,0.009458,0.282424,0.003978,54.027901,0.409091,0.005762,37.299259,0.000000,0.249697,0.003517,0.032727,0.057576,0.000000,0.000000,0.000000,0.000000,0.123030,0.000000,
281,vector1,NA,NA,NA,NA,NA,NA,NA,NA,NA,NA,NA,NA,NA,NA,NA,NA,NA,NA,NA,NA,NA,NA,NA,NA,NA,1.610909,2658,0.671515,0.009458,0.284848,0.004012,53.568089,0.318788,0.004490,47.865025,0.000000,0.315758,0.004447,0.032727,0.057576,0.000000,0.000000,0.000000,0.000000,0.120606,0.000000,
282,cube0,0.343636,567,0.000000,0.000000,0.003030,0.000043,0.002424,0.000034,0.001212,0.000017,393.390656,0.000606,0.000009,0.000000,0.000000,0.293333,0.004131,0.031515,0.040000,0.000000,0.000000,0.000000,0.000000,0.127273,0.000000,NA,NA,NA,NA,NA,NA,NA,NA,NA,NA,NA,NA,NA,NA,NA,NA,NA,NA,NA,NA,NA,
282,vector0,NA,NA,NA,NA,NA,NA,NA,NA,NA,NA,NA,NA,NA,NA,NA,NA,NA,NA,NA,NA,NA,NA,NA,NA,NA,1.581818,2610,0.671515,0.009458,0.464242,0.006539,32.868149,0.220000,0.003099,69.358131,0.000000,0.363030,0.005113,0.032727,0.057576,0.000000,0.000000,0.000000,0.000000,0.125455,0.000000,
282,vector1,NA,NA,NA,NA,NA,NA,NA,NA,NA,NA,NA,NA,NA,NA,NA,NA,NA,NA,NA,NA,NA,NA,NA,NA,NA,1.569091,2589,0.671515,0.009458,0.446667,0.006291,34.161469,0.235152,0.003312,64.889175,0.000000,0.293333,0.004131,0.032727,0.057576,0.000000,0.000000,0.000000,0.000000,0.121212,0.000000,
283,cube0,0.296970,490,0.000000,0.000000,0.003030,0.000043,0.002424,0.000034,0.001212,0.000017,393.390656,0.000606,0.000009,0.000000,0.000000,0.244848,0.003449,0.031515,0.040000,0.000000,0.000000,0.000000,0.000000,0.146061,0.000000,NA,NA,NA,NA,NA,NA,NA,NA,NA,NA,NA,NA,NA,NA,NA,NA,NA,NA,NA,NA,NA,
283,vector0,NA,NA,NA,NA,NA,NA,NA,NA,NA,NA,NA,NA,NA,NA,NA,NA,NA,NA,NA,NA,NA,NA,NA,NA,NA,1.829091,3018,0.671515,0.009458,0.395758,0.005574,38.555901,0.385455,0.005429,39.586479,0.000000,0.336970,0.004746,0.032727,0.057576,0.000000,0.000000,0.000000,0.000000,0.167879,0.000000,
283,vector1,NA,NA,NA,NA,NA,NA,NA,NA,NA,NA,NA,NA,NA,NA,NA,NA,NA,NA,NA,NA,NA,NA,NA,NA,NA,1.666061,2749,0.671515,0.009458,0.436970,0.006155,34.919556,0.530303,0.007469,28.773718,0.000000,0.258182,0.003636,0.032727,0.057576,0.000000,0.000000,0.000000,0.000000,0.120000,0.000000,
284,cube0,0.368485,608,0.000000,0.000000,0.003030,0.000043,0.002424,0.000034,0.001212,0.000017,393.390656,0.000606,0.000009,0.000000,0.000000,0.312727,0.004405,0.031515,0.040000,0.000000,0.000000,0.000000,0.000000,0.116970,0.000000,NA,NA,NA,NA,NA,NA,NA,NA,NA,NA,NA,NA,NA,NA,NA,NA,NA,NA,NA,NA,NA,
284,vector0,NA,NA,NA,NA,NA,NA,NA,NA,NA,NA,NA,NA,NA,NA,NA,NA,NA,NA,NA,NA,NA,NA,NA,NA,NA,1.701212,2807,0.671515,0.009458,0.439394,0.006189,34.726898,0.244848,0.003449,62.319313,0.000000,0.291515,0.004106,0.032727,0.057576,0.000000,0.000000,0.000000,0.000000,0.138788,0.000000,
284,vector1,NA,NA,NA,NA,NA,NA,NA,NA,NA,NA,NA,NA,NA,NA,NA,NA,NA,NA,NA,NA,NA,NA,NA,NA,NA,1.844242,3043,0.671515,0.009458,0.559394,0.007879,27.277357,0.543030,0.007648,28.099333,0.000000,0.264848,0.003730,0.032727,0.057576,0.000000,0.000000,0.000000,0.000000,0.098788,0.000000,
285,cube0,0.322424,532,0.000000,0.000000,0.003030,0.000043,0.002424,0.000034,0.001212,0.000017,393.390656,0.000606,0.000009,0.000000,0.000000,0.264242,0.003722,0.031515,0.040000,0.000000,0.000000,0.000000,0.000000,0.120000,0.000000,NA,NA,NA,NA,NA,NA,NA,NA,NA,NA,NA,NA,NA,NA,NA,NA,NA,NA,NA,NA,NA,
285,vector0,NA,NA,NA,NA,NA,NA,NA,NA,NA,NA,NA,NA,NA,NA,NA,NA,NA,NA,NA,NA,NA,NA,NA,NA,NA,1.411515,2329,0.671515,0.009458,0.303030,0.004268,50.354004,0.488485,0.006880,31.236975,0.000000,0.324242,0.004567,0.032727,0.057576,0.000000,0.000000,0.000000,0.000000,0.113939,0.000000,
285,vector1,NA,NA,NA,NA,NA,NA,NA,NA,NA,NA,NA,NA,NA,NA,NA,NA,NA,NA,NA,NA,NA,NA,NA,NA,NA,1.536970,2536,0.671515,0.009458,0.442424,0.006231,34.489044,0.219394,0.003090,69.549728,0.000000,0.295152,0.004157,0.032727,0.057576,0.000000,0.000000,0.000000,0.000000,0.114545,0.000000,
286,cube0,0.315152,520,0.000000,0.000000,0.003030,0.000043,0.002424,0.000034,0.001212,0.000017,393.390656,0.000606,0.000009,0.000000,0.000000,0.275758,0.003884,0.031515,0.040000,0.000000,0.000000,0.000000,0.000000,0.115758,0.000000,NA,NA,NA,NA,NA,NA,NA,NA,NA,NA,NA,NA,NA,NA,NA,NA,NA,NA,NA,NA,NA,
286,vector0,NA,NA,NA,NA,NA,NA,NA,NA,NA,NA,NA,NA,NA,NA,NA,NA,NA,NA,NA,NA,NA,NA,NA,NA,NA,1.928485,3182,0.671515,0.009458,0.560000,0.007887,27.247837,0.218182,0.003073,69.936119,0.000000,0.335758,0.004729,0.032727,0.057576,0.000000,0.000000,0.000000,0.000000,0.096364,0.000000,
286,vector1,NA,NA,NA,NA,NA,NA,NA,NA,NA,NA,NA,NA,NA,NA,NA,NA,NA,NA,NA,NA,NA,NA,NA,NA,NA,1.855152,3061,0.671515,0.009458,0.512121,0.007213,29.795269,0.529091,0.007452,28.839636,0.000000,0.290303,0.004089,0.032727,0.057576,0.000000,0.000000,0.000000,0.000000,0.137576,0.000000,
287,cube0,0.338788,559,0.000000,0.000000,0.003030,0.000043,0.002424,0.000034,0.001212,0.000017,393.390656,0.000606,0.000009,0.000000,0.000000,0.297576,0.004191,0.031515,0.040000,0.000000,0.000000,0.000000,0.000000,0.132727,0.000000,NA,NA,NA,NA,NA,NA,NA,NA,NA,NA,NA,NA,NA,NA,NA,NA,NA,NA,NA,NA,NA,
287,vector0,NA,NA,NA,NA,NA,NA,NA,NA,NA,NA,NA,NA,NA,NA,NA,NA,NA,NA,NA,NA,NA,NA,NA,NA,NA,1.547879,2554,0.671515,0.009458,0.457576,0.006445,33.347023,0.424848,0.005984,35.915836,0.000000,0.281818,0.003969,0.032727,0.057576,0.000000,0.000000,0.000000,0.000000,0.194545,0.000000,
287,vector1,NA,NA,NA,NA,NA,NA,NA,NA,NA,NA,NA,NA,NA,NA,NA,NA,NA,NA,NA,NA,NA,NA,NA,NA,NA,1.453939,2399,0.671515,0.009458,0.377576,0.005318,40.412521,0.384242,0.005412,39.711365,0.000000,0.287273,0.004046,0.032727,0.057576,0.000000,0.000000,0.000000,0.000000,0.095152,0.000000,
288,cube0,0.315152,520,0.000000,0.000000,0.003030,0.000043,0.002424,0.000034,0.001212,0.000017,393.390656,0.000606,0.000009,0.000000,0.000000,0.269697,0.003799,0.031515,0.040000,0.000000,0.000000,0.000000,0.000000,0.135152,0.000000,NA,NA,NA,NA,NA,NA,NA,NA,NA,NA,NA,NA,NA,NA,NA,NA,NA,NA,NA,NA,NA,
288,vector0,NA,NA,NA,NA,NA,NA,NA,NA,NA,NA,NA,NA,NA,NA,NA,NA,NA,NA,NA,NA,NA,NA,NA,NA,NA,1.470909,2427,0.671515,0.009458,0.381212,0.005369,40.027031,0.238182,0.003355,64.063622,0.000000,0.282424,0.003978,0.032727,0.057576,0.000000,0.000000,0.000000,0.000000,0.104242,0.000000,
288,vector1,NA,NA,NA,NA,NA,NA,NA,NA,NA,NA,NA,NA,NA,NA,NA,NA,NA,NA,NA,NA,NA,NA,NA,NA,NA,1.527273,2520,0.671515,0.009458,0.400606,0.005642,38.089260,0.433333,0.006103,35.212593,0.000000,0.318182,0.004481,0.032727,0.057576,0.000000,0.000000,0.000000,0.000000,0.132727,0.000000,
289,cube0,0.350909,579,0.000000,0.000000,0.003030,0.000043,0.002424,0.000034,0.001212,0.000017,393.390656,0.000606,0.000009,0.000000,0.000000,0.303030,0.004268,0.031515,0.040000,0.000000,0.000000,0.000000,0.000000,0.118788,0.000000,NA,NA,NA,NA,NA,NA,NA,NA,NA,NA,NA,NA,NA,NA,NA,NA,NA,NA,NA,NA,NA,
289,vector0,NA,NA,NA,NA,NA,NA,NA,NA,NA,NA,NA,NA,NA,NA,NA,NA,NA,NA,NA,NA,NA,NA,NA,NA,NA,1.632121,2693,0.671515,0.009458,0.324242,0.004567,47.059814,0.507879,0.007153,30.044155,0.000000,0.301212,0.004242,0.032727,0.057576,0.000000,0.000000,0.000000,0.000000,0.116970,0.000000,
289,vector1,NA,NA,NA,NA,NA,NA,NA,NA,NA,NA,NA,NA,NA,NA,NA,NA,NA,NA,NA,NA,NA,NA,NA,NA,NA,1.665455,2748,0.671515,0.009458,0.396364,0.005583,38.496941,0.581818,0.008195,26.226044,0.000000,0.275152,0.003875,0.032727,0.057576,0.000000,0.000000,0.000000,0.000000,0.112727,0.000000,
290,cube0,0.328485,542,0.000000,0.000000,0.003030,0.000043,0.002424,0.000034,0.001212,0.000017,393.390656,0.000606,0.000009,0.000000,0.000000,0.277576,0.003910,0.031515,0.040000,0.000000,0.000000,0.000000,0.000000,0.137576,0.000000,NA,NA,NA,NA,NA,NA,NA,NA,NA,NA,NA,NA,NA,NA,NA,NA,NA,NA,NA,NA,NA,
290,vector0,NA,NA,NA,NA,NA,NA,NA,NA,NA,NA,NA,NA,NA,NA,NA,NA,NA,NA,NA,NA,NA,NA,NA,NA,NA,1.516970,2503,0.671515,0.009458,0.406667,0.005728,37.521610,0.231515,0.003261,65.908379,0.000000,0.301818,0.004251,0.032727,0.057576,0.000000,0.000000,0.000000,0.000000,0.120000,0.000000,
290,vector1,NA,NA,NA,NA,NA,NA,NA,NA,NA,NA,NA,NA,NA,NA,NA,NA,NA,NA,NA,NA,NA,NA,NA,NA,NA,1.821212,3005,0.671515,0.009458,0.432727,0.006095,35.261906,0.233333,0.003286,65.394814,0.000000,0.296970,0.004183,0.032727,0.057576,0.000000,0.000000,0.000000,0.000000,0.131515,0.000000,
291,cube0,0.370909,612,0.000000,0.000000,0.003030,0.000043,0.002424,0.000034,0.001212,0.000017,393.390656,0.000606,0.000009,0.000000,0.000000,0.316970,0.004464,0.031515,0.040000,0.000000,0.000000,0.000000,0.000000,0.141212,0.000000,NA,NA,NA,NA,NA,NA,NA,NA,NA,NA,NA,NA,NA,NA,NA,NA,NA,NA,NA,NA,NA,
291,vector0,NA,NA,NA,NA,NA,NA,NA,NA,NA,NA,NA,NA,NA,NA,NA,NA,NA,NA,NA,NA,NA,NA,NA,NA,NA,1.675151,2764,0.671515,0.009458,0.314545,0.004430,48.510605,0.444242,0.006257,34.347889,0.000000,0.330303,0.004652,0.032727,0.057576,0.000000,0.000000,0.000000,0.000000,0.121818,0.000000,
291,vector1,NA,NA,NA,NA,NA,NA,NA,NA,NA,NA,NA,NA,NA,NA,NA,NA,NA,NA,NA,NA,NA,NA,NA,NA,NA,1.528485,2522,0.671515,0.009458,0.403030,0.005676,37.860153,0.471515,0.006641,32.361187,0.000000,0.270303,0.003807,0.032727,0.057576,0.000000,0.000000,0.000000,0.000000,0.115758,0.000000,
292,cube0,0.306061,505,0.000000,0.000000,0.003030,0.000043,0.002424,0.000034,0.001212,0.000017,393.390656,0.000606,0.000009,0.000000,0.000000,0.270303,0.003807,0.031515,0.040000,0.000000,0.000000,0.000000,0.000000,0.137576,0.000000,NA,NA,NA,NA,NA,NA,NA,NA,NA,NA,NA,NA,NA,NA,NA,NA,NA,NA,NA,NA,NA,
292,vector0,NA,NA,NA,NA,NA,NA,NA,NA,NA,NA,NA,NA,NA,NA,NA,NA,NA,NA,NA,NA,NA,NA,NA,NA,NA,1.422424,2347,0.671515,0.009458,0.332727,0.004686,45.859745,0.410909,0.005787,37.134224,0.000000,0.267273,0.003764,0.032727,0.057576,0.000000,0.000000,0.000000,0.000000,0.108485,0.000000,
292,vector1,NA,NA,NA,NA,NA,NA,NA,NA,NA,NA,NA,NA,NA,NA,NA,NA,NA,NA,NA,NA,NA,NA,NA,NA,NA,1.748485,2885,0.671515,0.009458,0.638182,0.008988,23.909784,0.245455,0.003457,62.165432,0.000000,0.290303,0.004089,0.032727,0.057576,0.000000,0.000000,0.000000,0.000000,0.115152,0.000000,
293,cube0,0.309091,510,0.000000,0.000000,0.003030,0.000043,0.002424,0.000034,0.001212,0.000017,393.390656,0.000606,0.000009,0.000000,0.000000,0.269697,0.003799,0.031515,0.040000,0.000000,0.000000,0.000000,0.000000,0.107879,0.000000,NA,NA,NA,NA,NA,NA,NA,NA,NA,NA,NA,NA,NA,NA,NA,NA,NA,NA,NA,NA,NA,
293,vector0,NA,NA,NA,NA,NA,NA,NA,NA,NA,NA,NA,NA,NA,NA,NA,NA,NA,NA,NA,NA,NA,NA,NA,NA,NA,1.365455,2253,0.671515,0.009458,0.176364,0.002484,86.518906,0.236970,0.003338,64.391304,0.000000,0.262424,0.003696,0.032727,0.057576,0.000000,0.000000,0.000000,0.000000,0.143030,0.000000,
293,vector1,NA,NA,NA,NA,NA,NA,NA,NA,NA,NA,NA,NA,NA,NA,NA,NA,NA,NA,NA,NA,NA,NA,NA,NA,NA,1.716364,2832,0.671515,0.009458,0.405455,0.005711,37.633785,0.440000,0.006197,34.679066,0.000000,0.295758,0.004166,0.032727,0.057576,0.000000,0.000000,0.000000,0.000000,0.146061,0.000000,
294,cube0,0.320606,529,0.000000,0.000000,0.003030,0.000043,0.002424,0.000034,0.001212,0.000017,393.390656,0.000606,0.000009,0.000000,0.000000,0.271515,0.003824,0.031515,0.040000,0.000000,0.000000,0.000000,0.000000,0.126061,0.000000,NA,NA,NA,NA,NA,NA,NA,NA,NA,NA,NA,NA,NA,NA,NA,NA,NA,NA,NA,NA,NA,
294,vector0,NA,NA,NA,NA,NA,NA,NA,NA,NA,NA,NA,NA,NA,NA,NA,NA,NA,NA,NA,NA,NA,NA,NA,NA,NA,1.496364,2469,0.671515,0.009458,0.395152,0.005566,38.615032,0.238182,0.003355,64.063622,0.000000,0.307879,0.004336,0.032727,0.057576,0.000000,0.000000,0.000000,0.000000,0.113333,0.000000,
294,vector1,NA,NA,NA,NA,NA,NA,NA,NA,NA,NA,NA,NA,NA,NA,NA,NA,NA,NA,NA,NA,NA,NA,NA,NA,NA,1.475758,2435,0.671515,0.009458,0.381818,0.005378,39.963493,0.246061,0.003466,62.012318,0.000000,0.272727,0.003841,0.032727,0.057576,0.000000,0.000000,0.000000,0.000000,0.129091,0.000000,
295,cube0,0.350909,579,0.000000,0.000000,0.003030,0.000043,0.002424,0.000034,0.001212,0.000017,393.390656,0.000606,0.000009,0.000000,0.000000,0.298788,0.004208,0.031515,0.040000,0.000000,0.000000,0.000000,0.000000,0.102424,0.000000,NA,NA,NA,NA,NA,NA,NA,NA,NA,NA,NA,NA,NA,NA,NA,NA,NA,NA,NA,NA,NA,
295,vector0,NA,NA,NA,NA,NA,NA,NA,NA,NA,NA,NA,NA,NA,NA,NA,NA,NA,NA,NA,NA,NA,NA,NA,NA,NA,1.657576,2735,0.671515,0.009458,0.244242,0.003440,62.473949,0.501212,0.007059,30.443775,0.000000,0.311515,0.004388,0.032727,0.057576,0.000000,0.000000,0.000000,0.000000,0.111515,0.000000,
295,vector1,NA,NA,NA,NA,NA,NA,NA,NA,NA,NA,NA,NA,NA,NA,NA,NA,NA,NA,NA,NA,NA,NA,NA,NA,NA,1.510909,2493,0.671515,0.009458,0.257576,0.003628,59.240005,0.511515,0.007204,29.830572,0.000000,0.347273,0.004891,0.032727,0.057576,0.000000,0.000000,0.000000,0.000000,0.106061,0.000000,
296,cube0,0.341212,563,0.000000,0.000000,0.003030,0.000043,0.002424,0.000034,0.001212,0.000017,393.390656,0.000606,0.000009,0.000000,0.000000,0.300606,0.004234,0.031515,0.040000,0.000000,0.000000,0.000000,0.000000,0.130909,0.000000,NA,NA,NA,NA,NA,NA,NA,NA,NA,NA,NA,NA,NA,NA,NA,NA,NA,NA,NA,NA,NA,
296,vector0,NA,NA,NA,NA,NA,NA,NA,NA,NA,NA,NA,NA,NA,NA,NA,NA,NA,NA,NA,NA,NA,NA,NA,NA,NA,1.621212,2675,0.671515,0.009458,0.503030,0.007085,30.333738,0.239394,0.003372,63.739246,0.000000,0.304848,0.004294,0.032727,0.057576,0.000000,0.000000,0.000000,0.000000,0.113333,0.000000,
296,vector1,NA,NA,NA,NA,NA,NA,NA,NA,NA,NA,NA,NA,NA,NA,NA,NA,NA,NA,NA,NA,NA,NA,NA,NA,NA,1.457576,2405,0.671515,0.009458,0.370909,0.005224,41.138889,0.235758,0.003321,64.722374,0.000000,0.305455,0.004302,0.032727,0.057576,0.000000,0.000000,0.000000,0.000000,0.118182,0.000000,
297,cube0,0.307879,508,0.000000,0.000000,0.003030,0.000043,0.002424,0.000034,0.001212,0.000017,393.390656,0.000606,0.000009,0.000000,0.000000,0.264242,0.003722,0.031515,0.040000,0.000000,0.000000,0.000000,0.000000,0.112121,0.000000,NA,NA,NA,NA,NA,NA,NA,NA,NA,NA,NA,NA,NA,NA,NA,NA,NA,NA,NA,NA,NA,
297,vector0,NA,NA,NA,NA,NA,NA,NA,NA,NA,NA,NA,NA,NA,NA,NA,NA,NA,NA,NA,NA,NA,NA,NA,NA,NA,1.576364,2601,0.671515,0.009458,0.354545,0.004994,43.037613,0.524242,0.007384,29.106361,0.000000,0.294545,0.004149,0.032727,0.057576,0.000000,0.000000,0.000000,0.000000,0.107273,0.000000,
297,vector1,NA,NA,NA,NA,NA,NA,NA,NA,NA,NA,NA,NA,NA,NA,NA,NA,NA,NA,NA,NA,NA,NA,NA,NA,NA,1.435151,2368,0.671515,0.009458,0.178182,0.002510,85.636063,0.501212,0.007059,30.443775,0.000000,0.301818,0.004251,0.032727,0.057576,0.000000,0.000000,0.000000,0.000000,0.126667,0.000000,
298,cube0,0.362424,598,0.000000,0.000000,0.003030,0.000043,0.002424,0.000034,0.001212,0.000017,393.390656,0.000606,0.000009,0.000000,0.000000,0.309697,0.004362,0.031515,0.040000,0.000000,0.000000,0.000000,0.000000,0.118788,0.000000,NA,NA,NA,NA,NA,NA,NA,NA,NA,NA,NA,NA,NA,NA,NA,NA,NA,NA,NA,NA,NA,
298,vector0,NA,NA,NA,NA,NA,NA,NA,NA,NA,NA,NA,NA,NA,NA,NA,NA,NA,NA,NA,NA,NA,NA,NA,NA,NA,1.443030,2381,0.671515,0.009458,0.347879,0.004900,43.862373,0.355758,0.005011,42.890976,0.000000,0.293333,0.004131,0.032727,0.057576,0.000000,0.000000,0.000000,0.000000,0.094545,0.000000,
298,vector1,NA,NA,NA,NA,NA,NA,NA,NA,NA,NA,NA,NA,NA,NA,NA,NA,NA,NA,NA,NA,NA,NA,NA,NA,NA,1.413333,2332,0.671515,0.009458,0.332121,0.004678,45.943436,0.237576,0.003346,64.227043,0.000000,0.303030,0.004268,0.032727,0.057576,0.000000,0.000000,0.000000,0.000000,0.113939,0.000000,
299,cube0,0.354545,585,0.000000,0.000000,0.003030,0.000043,0.002424,0.000034,0.001212,0.000017,393.390656,0.000606,0.000009,0.000000,0.000000,0.300000,0.004225,0.031515,0.040000,0.000000,0.000000,0.000000,0.000000,0.138788,0.000000,NA,NA,NA,NA,NA,NA,NA,NA,NA,NA,NA,NA,NA,NA,NA,NA,NA,NA,NA,NA,NA,
299,vector0,NA,NA,NA,NA,NA,NA,NA,NA,NA,NA,NA,NA,NA,NA,NA,NA,NA,NA,NA,NA,NA,NA,NA,NA,NA,1.682424,2776,0.671515,0.009458,0.283636,0.003995,53.797009,0.453939,0.006394,33.614151,0.000000,0.300000,0.004225,0.032727,0.057576,0.000000,0.000000,0.000000,0.000000,0.140000,0.000000,
299,vector1,NA,NA,NA,NA,NA,NA,NA,NA,NA,NA,NA,NA,NA,NA,NA,NA,NA,NA,NA,NA,NA,NA,NA,NA,NA,1.630303,2690,0.671515,0.009458,0.298182,0.004200,51.172768,0.383636,0.005403,39.774094,0.000000,0.301818,0.004251,0.032727,0.057576,0.000000,0.000000,0.000000,0.000000,0.127273,0.000000,
300,cube0,0.347879,574,0.000000,0.000000,0.003030,0.000043,0.002424,0.000034,0.001212,0.000017,393.390656,0.000606,0.000009,0.000000,0.000000,0.305455,0.004302,0.031515,0.040000,0.000000,0.000000,0.000000,0.000000,0.110303,0.000000,NA,NA,NA,NA,NA,NA,NA,NA,NA,NA,NA,NA,NA,NA,NA,NA,NA,NA,NA,NA,NA,
300,vector0,NA,NA,NA,NA,NA,NA,NA,NA,NA,NA,NA,NA,NA,NA,NA,NA,NA,NA,NA,NA,NA,NA,NA,NA,NA,1.558182,2571,0.671515,0.009458,0.444848,0.006265,34.301094,0.223030,0.003141,68.415764,0.000000,0.319394,0.004499,0.032727,0.057576,0.000000,0.000000,0.000000,0.000000,0.114545,0.000000,
300,vector1,NA,NA,NA,NA,NA,NA,NA,NA,NA,NA,NA,NA,NA,NA,NA,NA,NA,NA,NA,NA,NA,NA,NA,NA,NA,1.572727,2595,0.671515,0.009458,0.456970,0.006436,33.391247,0.220000,0.003099,69.358131,0.000000,0.327273,0.004609,0.032727,0.057576,0.000000,0.000000,0.000000,0.000000,0.116970,0.000000,
301,cube0,0.294545,486,0.000000,0.000000,0.003030,0.000043,0.002424,0.000034,0.001212,0.000017,393.390656,0.000606,0.000009,0.000000,0.000000,0.248485,0.003500,0.031515,0.040000,0.000000,0.000000,0.000000,0.000000,0.138182,0.000000,NA,NA,NA,NA,NA,NA,NA,NA,NA,NA,NA,NA,NA,NA,NA,NA,NA,NA,NA,NA,NA,
301,vector0,NA,NA,NA,NA,NA,NA,NA,NA,NA,NA,NA,NA,NA,NA,NA,NA,NA,NA,NA,NA,NA,NA,NA,NA,NA,1.533333,2530,0.671515,0.009458,0.251515,0.003542,60.667477,0.385455,0.005429,39.586479,0.000000,0.252121,0.003551,0.032727,0.057576,0.000000,0.000000,0.000000,0.000000,0.118788,0.000000,
301,vector1,NA,NA,NA,NA,NA,NA,NA,NA,NA,NA,NA,NA,NA,NA,NA,NA,NA,NA,NA,NA,NA,NA,NA,NA,NA,1.612121,2660,0.671515,0.009458,0.246061,0.003466,62.012318,0.515758,0.007264,29.585197,0.000000,0.313333,0.004413,0.032727,0.057576,0.000000,0.000000,0.000000,0.000000,0.121818,0.000000,
302,cube0,0.347273,573,0.000000,0.000000,0.003030,0.000043,0.002424,0.000034,0.001212,0.000017,393.390656,0.000606,0.000009,0.000000,0.000000,0.296970,0.004183,0.031515,0.040000,0.000000,0.000000,0.000000,0.000000,0.113333,0.000000,NA,NA,NA,NA,NA,NA,NA,NA,NA,NA,NA,NA,NA,NA,NA,NA,NA,NA,NA,NA,NA,
302,vector0,NA,NA,NA,NA,NA,NA,NA,NA,NA,NA,NA,NA,NA,NA,NA,NA,NA,NA,NA,NA,NA,NA,NA,NA,NA,1.579394,2606,0.671515,0.009458,0.441212,0.006214,34.583797,0.243636,0.003431,62.629356,0.000000,0.340606,0.004797,0.032727,0.057576,0.000000,0.000000,0.000000,0.000000,0.125455,0.000000,
302,vector1,NA,NA,NA,NA,NA,NA,NA,NA,NA,NA,NA,NA,NA,NA,NA,NA,NA,NA,NA,NA,NA,NA,NA,NA,NA,1.881818,3105,0.671515,0.009458,0.455152,0.006411,33.524635,0.233939,0.003295,65.225395,0.000000,0.325455,0.004584,0.032727,0.057576,0.000000,0.000000,0.000000,0.000000,0.121212,0.000000,
303,cube0,0.295152,487,0.000000,0.000000,0.003030,0.000043,0.002424,0.000034,0.001212,0.000017,393.390656,0.000606,0.000009,0.000000,0.000000,0.243030,0.003423,0.031515,0.040000,0.000000,0.000000,0.000000,0.000000,0.144848,0.000000,NA,NA,NA,NA,NA,NA,NA,NA,NA,NA,NA,NA,NA,NA,NA,NA,NA,NA,NA,NA,NA,
303,vector0,NA,NA,NA,NA,NA,NA,NA,NA,NA,NA,NA,NA,NA,NA,NA,NA,NA,NA,NA,NA,NA,NA,NA,NA,NA,1.813939,2993,0.671515,0.009458,0.390303,0.005497,39.094723,0.382424,0.005386,39.900162,0.000000,0.340000,0.004789,0.032727,0.057576,0.000000,0.000000,0.000000,0.000000,0.128485,0.000000,
303,vector1,NA,NA,NA,NA,NA,NA,NA,NA,NA,NA,NA,NA,NA,NA,NA,NA,NA,NA,NA,NA,NA,NA,NA,NA,NA,1.513939,2498,0.671515,0.009458,0.437576,0.006163,34.871193,0.491515,0.006923,31.044390,0.000000,0.260000,0.003662,0.032727,0.057576,0.000000,0.000000,0.000000,0.000000,0.127273,0.000000,
304,cube0,0.365455,603,0.000000,0.000000,0.003030,0.000043,0.002424,0.000034,0.001212,0.000017,393.390656,0.000606,0.000009,0.000000,0.000000,0.310909,0.004379,0.031515,0.040000,0.000000,0.000000,0.000000,0.000000,0.117576,0.000000,NA,NA,NA,NA,NA,NA,NA,NA,NA,NA,NA,NA,NA,NA,NA,NA,NA,NA,NA,NA,NA,
304,vector0,NA,NA,NA,NA,NA,NA,NA,NA,NA,NA,NA,NA,NA,NA,NA,NA,NA,NA,NA,NA,NA,NA,NA,NA,NA,1.787273,2949,0.671515,0.009458,0.415152,0.005847,36.754745,0.231515,0.003261,65.908379,0.000000,0.290303,0.004089,0.032727,0.057576,0.000000,0.000000,0.000000,0.000000,0.138182,0.000000,
304,vector1,NA,NA,NA,NA,NA,NA,NA,NA,NA,NA,NA,NA,NA,NA,NA,NA,NA,NA,NA,NA,NA,NA,NA,NA,NA,1.909697,3151,0.671515,0.009458,0.518182,0.007298,29.446787,0.568485,0.008007,26.841152,0.000000,0.266667,0.003756,0.032727,0.057576,0.000000,0.000000,0.000000,0.000000,0.099394,0.000000,
305,cube0,0.321212,530,0.000000,0.000000,0.003030,0.000043,0.002424,0.000034,0.001212,0.000017,393.390656,0.000606,0.000009,0.000000,0.000000,0.262424,0.003696,0.031515,0.040000,0.000000,0.000000,0.000000,0.000000,0.122424,0.000000,NA,NA,NA,NA,NA,NA,NA,NA,NA,NA,NA,NA,NA,NA,NA,NA,NA,NA,NA,NA,NA,
305,vector0,NA,NA,NA,NA,NA,NA,NA,NA,NA,NA,NA,NA,NA,NA,NA,NA,NA,NA,NA,NA,NA,NA,NA,NA,NA,1.444242,2383,0.671515,0.009458,0.323636,0.004558,47.147949,0.486061,0.006846,31.392773,0.000000,0.326667,0.004601,0.032727,0.057576,0.000000,0.000000,0.000000,0.000000,0.114545,0.000000,
305,vector1,NA,NA,NA,NA,NA,NA,NA,NA,NA,NA,NA,NA,NA,NA,NA,NA,NA,NA,NA,NA,NA,NA,NA,NA,NA,1.543636,2547,0.671515,0.009458,0.441212,0.006214,34.583797,0.358788,0.005053,42.528721,0.000000,0.298182,0.004200,0.032727,0.057576,0.000000,0.000000,0.000000,0.000000,0.120000,0.000000,
306,cube0,0.312727,516,0.000000,0.000000,0.003030,0.000043,0.002424,0.000034,0.001212,0.000017,393.390656,0.000606,0.000009,0.000000,0.000000,0.273939,0.003858,0.031515,0.040000,0.000000,0.000000,0.000000,0.000000,0.115152,0.000000,NA,NA,NA,NA,NA,NA,NA,NA,NA,NA,NA,NA,NA,NA,NA,NA,NA,NA,NA,NA,NA,
306,vector0,NA,NA,NA,NA,NA,NA,NA,NA,NA,NA,NA,NA,NA,NA,NA,NA,NA,NA,NA,NA,NA,NA,NA,NA,NA,1.972121,3254,0.671515,0.009458,0.588485,0.008289,25.928942,0.230303,0.003244,66.255272,0.000000,0.334545,0.004712,0.032727,0.057576,0.000000,0.000000,0.000000,0.000000,0.096364,0.000000,
306,vector1,NA,NA,NA,NA,NA,NA,NA,NA,NA,NA,NA,NA,NA,NA,NA,NA,NA,NA,NA,NA,NA,NA,NA,NA,NA,1.887879,3115,0.671515,0.009458,0.537576,0.007571,28.384443,0.492727,0.006940,30.968021,0.000000,0.294545,0.004149,0.032727,0.057576,0.000000,0.000000,0.000000,0.000000,0.129697,0.000000,
307,cube0,0.340606,562,0.000000,0.000000,0.003030,0.000043,0.002424,0.000034,0.001212,0.000017,393.390656,0.000606,0.000009,0.000000,0.000000,0.298788,0.004208,0.031515,0.040000,0.000000,0.000000,0.000000,0.000000,0.130909,0.000000,NA,NA,NA,NA,NA,NA,NA,NA,NA,NA,NA,NA,NA,NA,NA,NA,NA,NA,NA,NA,NA,
307,vector0,NA,NA,NA,NA,NA,NA,NA,NA,NA,NA,NA,NA,NA,NA,NA,NA,NA,NA,NA,NA,NA,NA,NA,NA,NA,1.585455,2616,0.671515,0.009458,0.485455,0.006837,31.431961,0.533333,0.007512,28.610228,0.000000,0.278182,0.003918,0.032727,0.057576,0.000000,0.000000,0.000000,0.000000,0.135152,0.000000,
307,vector1,NA,NA,NA,NA,NA,NA,NA,NA,NA,NA,NA,NA,NA,NA,NA,NA,NA,NA,NA,NA,NA,NA,NA,NA,NA,1.500606,2476,0.671515,0.009458,0.420606,0.005924,36.278103,0.466061,0.006564,32.739925,0.000000,0.277576,0.003910,0.032727,0.057576,0.000000,0.000000,0.000000,0.000000,0.122424,0.000000,
308,cube0,0.315758,521,0.000000,0.000000,0.003030,0.000043,0.002424,0.000034,0.001212,0.000017,393.390656,0.000606,0.000009,0.000000,0.000000,0.270303,0.003807,0.031515,0.040000,0.000000,0.000000,0.000000,0.000000,0.131515,0.000000,NA,NA,NA,NA,NA,NA,NA,NA,NA,NA,NA,NA,NA,NA,NA,NA,NA,NA,NA,NA,NA,
308,vector0,NA,NA,NA,NA,NA,NA,NA,NA,NA,NA,NA,NA,NA,NA,NA,NA,NA,NA,NA,NA,NA,NA,NA,NA,NA,1.450303,2393,0.671515,0.009458,0.353939,0.004985,43.111309,0.434545,0.006120,35.114368,0.000000,0.307273,0.004328,0.032727,0.057576,0.000000,0.000000,0.000000,0.000000,0.098788,0.000000,
308,vector1,NA,NA,NA,NA,NA,NA,NA,NA,NA,NA,NA,NA,NA,NA,NA,NA,NA,NA,NA,NA,NA,NA,NA,NA,NA,1.417576,2339,0.671515,0.009458,0.300000,0.004225,50.862629,0.236364,0.003329,64.556412,0.000000,0.318788,0.004490,0.032727,0.057576,0.000000,0.000000,0.000000,0.000000,0.122424,0.000000,
309,cube0,0.361212,596,0.000000,0.000000,0.003030,0.000043,0.002424,0.000034,0.001212,0.000017,393.390656,0.000606,0.000009,0.000000,0.000000,0.312727,0.004405,0.031515,0.040000,0.000000,0.000000,0.000000,0.000000,0.117576,0.000000,NA,NA,NA,NA,NA,NA,NA,NA,NA,NA,NA,NA,NA,NA,NA,NA,NA,NA,NA,NA,NA,
309,vector0,NA,NA,NA,NA,NA,NA,NA,NA,NA,NA,NA,NA,NA,NA,NA,NA,NA,NA,NA,NA,NA,NA,NA,NA,NA,1.529697,2524,0.671515,0.009458,0.266667,0.003756,57.220455,0.236364,0.003329,64.556412,0.000000,0.304242,0.004285,0.032727,0.057576,0.000000,0.000000,0.000000,0.000000,0.116364,0.000000,
309,vector1,NA,NA,NA,NA,NA,NA,NA,NA,NA,NA,NA,NA,NA,NA,NA,NA,NA,NA,NA,NA,NA,NA,NA,NA,NA,1.570303,2591,0.671515,0.009458,0.253939,0.003577,60.088310,0.413939,0.005830,36.862377,0.000000,0.281212,0.003961,0.032727,0.057576,0.000000,0.000000,0.000000,0.000000,0.101818,0.000000,
310,cube0,0.330909,546,0.000000,0.000000,0.003030,0.000043,0.002424,0.000034,0.001212,0.000017,393.390656,0.000606,0.000009,0.000000,0.000000,0.280000,0.003944,0.031515,0.040000,0.000000,0.000000,0.000000,0.000000,0.138788,0.000000,NA,NA,NA,NA,NA,NA,NA,NA,NA,NA,NA,NA,NA,NA,NA,NA,NA,NA,NA,NA,NA,
310,vector0,NA,NA,NA,NA,NA,NA,NA,NA,NA,NA,NA,NA,NA,NA,NA,NA,NA,NA,NA,NA,NA,NA,NA,NA,NA,1.494545,2466,0.671515,0.009458,0.375152,0.005284,40.673668,0.240606,0.003389,63.418144,0.000000,0.301212,0.004242,0.032727,0.057576,0.000000,0.000000,0.000000,0.000000,0.129697,0.000000,
310,vector1,NA,NA,NA,NA,NA,NA,NA,NA,NA,NA,NA,NA,NA,NA,NA,NA,NA,NA,NA,NA,NA,NA,NA,NA,NA,1.519394,2507,0.671515,0.009458,0.381212,0.005369,40.027031,0.239394,0.003372,63.739246,0.000000,0.296970,0.004183,0.032727,0.057576,0.000000,0.000000,0.000000,0.000000,0.144242,0.000000,
311,cube0,0.372727,615,0.000000,0.000000,0.003030,0.000043,0.002424,0.000034,0.001212,0.000017,393.390656,0.000606,0.000009,0.000000,0.000000,0.318788,0.004490,0.031515,0.040000,0.000000,0.000000,0.000000,0.000000,0.134545,0.000000,NA,NA,NA,NA,NA,NA,NA,NA,NA,NA,NA,NA,NA,NA,NA,NA,NA,NA,NA,NA,NA,
311,vector0,NA,NA,NA,NA,NA,NA,NA,NA,NA,NA,NA,NA,NA,NA,NA,NA,NA,NA,NA,NA,NA,NA,NA,NA,NA,1.632727,2694,0.671515,0.009458,0.312121,0.004396,48.887379,0.533939,0.007520,28.577753,0.000000,0.332121,0.004678,0.032727,0.057576,0.000000,0.000000,0.000000,0.000000,0.112121,0.000000,
311,vector1,NA,NA,NA,NA,NA,NA,NA,NA,NA,NA,NA,NA,NA,NA,NA,NA,NA,NA,NA,NA,NA,NA,NA,NA,NA,1.829091,3018,0.671515,0.009458,0.348485,0.004908,43.786091,0.481818,0.006786,31.669184,0.000000,0.270909,0.003816,0.032727,0.057576,0.000000,0.000000,0.000000,0.000000,0.115758,0.000000,
312,cube0,0.307273,507,0.000000,0.000000,0.003030,0.000043,0.002424,0.000034,0.001212,0.000017,393.390656,0.000606,0.000009,0.000000,0.000000,0.270909,0.003816,0.031515,0.040000,0.000000,0.000000,0.000000,0.000000,0.135152,0.000000,NA,NA,NA,NA,NA,NA,NA,NA,NA,NA,NA,NA,NA,NA,NA,NA,NA,NA,NA,NA,NA,
312,vector0,NA,NA,NA,NA,NA,NA,NA,NA,NA,NA,NA,NA,NA,NA,NA,NA,NA,NA,NA,NA,NA,NA,NA,NA,NA,1.533333,2530,0.671515,0.009458,0.439394,0.006189,34.726898,0.266667,0.003756,57.220455,0.000000,0.269697,0.003799,0.032727,0.057576,0.000000,0.000000,0.000000,0.000000,0.106061,0.000000,
312,vector1,NA,NA,NA,NA,NA,NA,NA,NA,NA,NA,NA,NA,NA,NA,NA,NA,NA,NA,NA,NA,NA,NA,NA,NA,NA,1.679394,2771,0.671515,0.009458,0.588485,0.008289,25.928942,0.233333,0.003286,65.394814,0.000000,0.288485,0.004063,0.032727,0.057576,0.000000,0.000000,0.000000,0.000000,0.121818,0.000000,
313,cube0,0.309697,511,0.000000,0.000000,0.003030,0.000043,0.002424,0.000034,0.001212,0.000017,393.390656,0.000606,0.000009,0.000000,0.000000,0.270303,0.003807,0.031515,0.040000,0.000000,0.000000,0.000000,0.000000,0.104848,0.000000,NA,NA,NA,NA,NA,NA,NA,NA,NA,NA,NA,NA,NA,NA,NA,NA,NA,NA,NA,NA,NA,
313,vector0,NA,NA,NA,NA,NA,NA,NA,NA,NA,NA,NA,NA,NA,NA,NA,NA,NA,NA,NA,NA,NA,NA,NA,NA,NA,1.543636,2547,0.671515,0.009458,0.221212,0.003116,68.978088,0.581818,0.008195,26.226044,0.000000,0.261212,0.003679,0.032727,0.057576,0.000000,0.000000,0.000000,0.000000,0.109697,0.000000,
313,vector1,NA,NA,NA,NA,NA,NA,NA,NA,NA,NA,NA,NA,NA,NA,NA,NA,NA,NA,NA,NA,NA,NA,NA,NA,NA,1.595152,2632,0.671515,0.009458,0.335758,0.004729,45.445847,0.432727,0.006095,35.261906,0.000000,0.300606,0.004234,0.032727,0.057576,0.000000,0.000000,0.000000,0.000000,0.125455,0.000000,
314,cube0,0.318788,526,0.000000,0.000000,0.003030,0.000043,0.002424,0.000034,0.001212,0.000017,393.390656,0.000606,0.000009,0.000000,0.000000,0.269697,0.003799,0.031515,0.040000,0.000000,0.000000,0.000000,0.000000,0.126667,0.000000,NA,NA,NA,NA,NA,NA,NA,NA,NA,NA,NA,NA,NA,NA,NA,NA,NA,NA,NA,NA,NA,
314,vector0,NA,NA,NA,NA,NA,NA,NA,NA,NA,NA,NA,NA,NA,NA,NA,NA,NA,NA,NA,NA,NA,NA,NA,NA,NA,1.489697,2458,0.671515,0.009458,0.389091,0.005480,39.216518,0.240000,0.003380,63.578293,0.000000,0.311515,0.004388,0.032727,0.057576,0.000000,0.000000,0.000000,0.000000,0.115758,0.000000,
314,vector1,NA,NA,NA,NA,NA,NA,NA,NA,NA,NA,NA,NA,NA,NA,NA,NA,NA,NA,NA,NA,NA,NA,NA,NA,NA,1.390909,2295,0.671515,0.009458,0.295152,0.004157,51.698158,0.228485,0.003218,66.782494,0.000000,0.284242,0.004003,0.032727,0.057576,0.000000,0.000000,0.000000,0.000000,0.109697,0.000000,
315,cube0,0.352727,582,0.000000,0.000000,0.003030,0.000043,0.002424,0.000034,0.001212,0.000017,393.390656,0.000606,0.000009,0.000000,0.000000,0.301212,0.004242,0.031515,0.040000,0.000000,0.000000,0.000000,0.000000,0.102424,0.000000,NA,NA,NA,NA,NA,NA,NA,NA,NA,NA,NA,NA,NA,NA,NA,NA,NA,NA,NA,NA,NA,
315,vector0,NA,NA,NA,NA,NA,NA,NA,NA,NA,NA,NA,NA,NA,NA,NA,NA,NA,NA,NA,NA,NA,NA,NA,NA,NA,1.596970,2635,0.671515,0.009458,0.238182,0.003355,64.063622,0.512121,0.007213,29.795269,0.000000,0.313333,0.004413,0.032727,0.057576,0.000000,0.000000,0.000000,0.000000,0.111515,0.000000,
315,vector1,NA,NA,NA,NA,NA,NA,NA,NA,NA,NA,NA,NA,NA,NA,NA,NA,NA,NA,NA,NA,NA,NA,NA,NA,NA,1.476970,2437,0.671515,0.009458,0.180000,0.002535,84.771042,0.415758,0.005856,36.701172,0.000000,0.346061,0.004874,0.032727,0.057576,0.000000,0.000000,0.000000,0.000000,0.116364,0.000000,
316,cube0,0.344242,568,0.000000,0.000000,0.003030,0.000043,0.002424,0.000034,0.001212,0.000017,393.390656,0.000606,0.000009,0.000000,0.000000,0.303636,0.004277,0.031515,0.040000,0.000000,0.000000,0.000000,0.000000,0.132727,0.000000,NA,NA,NA,NA,NA,NA,NA,NA,NA,NA,NA,NA,NA,NA,NA,NA,NA,NA,NA,NA,NA,
316,vector0,NA,NA,NA,NA,NA,NA,NA,NA,NA,NA,NA,NA,NA,NA,NA,NA,NA,NA,NA,NA,NA,NA,NA,NA,NA,1.536364,2535,0.671515,0.009458,0.423030,0.005958,36.070202,0.237576,0.003346,64.227043,0.000000,0.295758,0.004166,0.032727,0.057576,0.000000,0.000000,0.000000,0.000000,0.113333,0.000000,
316,vector1,NA,NA,NA,NA,NA,NA,NA,NA,NA,NA,NA,NA,NA,NA,NA,NA,NA,NA,NA,NA,NA,NA,NA,NA,NA,1.517576,2504,0.671515,0.009458,0.420000,0.005915,36.330452,0.508485,0.007162,30.008347,0.000000,0.299394,0.004217,0.032727,0.057576,0.000000,0.000000,0.000000,0.000000,0.129697,0.000000,
317,cube0,0.306667,506,0.000000,0.000000,0.003030,0.000043,0.002424,0.000034,0.001212,0.000017,393.390656,0.000606,0.000009,0.000000,0.000000,0.263030,0.003705,0.031515,0.040000,0.000000,0.000000,0.000000,0.000000,0.113333,0.000000,NA,NA,NA,NA,NA,NA,NA,NA,NA,NA,NA,NA,NA,NA,NA,NA,NA,NA,NA,NA,NA,
317,vector0,NA,NA,NA,NA,NA,NA,NA,NA,NA,NA,NA,NA,NA,NA,NA,NA,NA,NA,NA,NA,NA,NA,NA,NA,NA,1.590909,2625,0.671515,0.009458,0.370909,0.005224,41.138889,0.494545,0.006965,30.854168,0.000000,0.296364,0.004174,0.032727,0.057576,0.000000,0.000000,0.000000,0.000000,0.092121,0.000000,
317,vector1,NA,NA,NA,NA,NA,NA,NA,NA,NA,NA,NA,NA,NA,NA,NA,NA,NA,NA,NA,NA,NA,NA,NA,NA,NA,1.521212,2510,0.671515,0.009458,0.274545,0.003867,55.578369,0.216970,0.003056,70.326820,0.000000,0.304242,0.004285,0.032727,0.057576,0.000000,0.000000,0.000000,0.000000,0.113333,0.000000,
318,cube0,0.363636,600,0.000000,0.000000,0.003030,0.000043,0.002424,0.000034,0.001212,0.000017,393.390656,0.000606,0.000009,0.000000,0.000000,0.311515,0.004388,0.031515,0.040000,0.000000,0.000000,0.000000,0.000000,0.118788,0.000000,NA,NA,NA,NA,NA,NA,NA,NA,NA,NA,NA,NA,NA,NA,NA,NA,NA,NA,NA,NA,NA,
318,vector0,NA,NA,NA,NA,NA,NA,NA,NA,NA,NA,NA,NA,NA,NA,NA,NA,NA,NA,NA,NA,NA,NA,NA,NA,NA,1.741818,2874,0.671515,0.009458,0.481212,0.006778,31.709072,0.576970,0.008126,26.446430,0.000000,0.303030,0.004268,0.032727,0.057576,0.000000,0.000000,0.000000,0.000000,0.140000,0.000000,
318,vector1,NA,NA,NA,NA,NA,NA,NA,NA,NA,NA,NA,NA,NA,NA,NA,NA,NA,NA,NA,NA,NA,NA,NA,NA,NA,1.632121,2693,0.671515,0.009458,0.529091,0.007452,28.839636,0.224242,0.003158,68.045959,0.000000,0.290303,0.004089,0.032727,0.057576,0.000000,0.000000,0.000000,0.000000,0.104242,0.000000,
319,cube0,0.349091,576,0.000000,0.000000,0.003030,0.000043,0.002424,0.000034,0.001212,0.000017,393.390656,0.000606,0.000009,0.000000,0.000000,0.294545,0.004149,0.031515,0.040000,0.000000,0.000000,0.000000,0.000000,0.138788,0.000000,NA,NA,NA,NA,NA,NA,NA,NA,NA,NA,NA,NA,NA,NA,NA,NA,NA,NA,NA,NA,NA,
319,vector0,NA,NA,NA,NA,NA,NA,NA,NA,NA,NA,NA,NA,NA,NA,NA,NA,NA,NA,NA,NA,NA,NA,NA,NA,NA,1.852727,3057,0.671515,0.009458,0.440606,0.006206,34.631363,0.373939,0.005267,40.805511,0.000000,0.301212,0.004242,0.032727,0.057576,0.000000,0.000000,0.000000,0.000000,0.130303,0.000000,
319,vector1,NA,NA,NA,NA,NA,NA,NA,NA,NA,NA,NA,NA,NA,NA,NA,NA,NA,NA,NA,NA,NA,NA,NA,NA,NA,1.773333,2926,0.671515,0.009458,0.430303,0.006061,35.460564,0.401818,0.005659,37.974361,0.000000,0.281212,0.003961,0.032727,0.057576,0.000000,0.000000,0.000000,0.000000,0.111515,0.000000,
320,cube0,0.350909,579,0.000000,0.000000,0.003030,0.000043,0.002424,0.000034,0.001212,0.000017,393.390656,0.000606,0.000009,0.000000,0.000000,0.308485,0.004345,0.031515,0.040000,0.000000,0.000000,0.000000,0.000000,0.112121,0.000000,NA,NA,NA,NA,NA,NA,NA,NA,NA,NA,NA,NA,NA,NA,NA,NA,NA,NA,NA,NA,NA,
320,vector0,NA,NA,NA,NA,NA,NA,NA,NA,NA,NA,NA,NA,NA,NA,NA,NA,NA,NA,NA,NA,NA,NA,NA,NA,NA,1.492727,2463,0.671515,0.009458,0.389697,0.005489,39.155525,0.226061,0.003184,67.498672,0.000000,0.316364,0.004456,0.032727,0.057576,0.000000,0.000000,0.000000,0.000000,0.116364,0.000000,
320,vector1,NA,NA,NA,NA,NA,NA,NA,NA,NA,NA,NA,NA,NA,NA,NA,NA,NA,NA,NA,NA,NA,NA,NA,NA,NA,1.447879,2389,0.671515,0.009458,0.340000,0.004789,44.878792,0.513333,0.007230,29.724915,0.000000,0.342424,0.004823,0.032727,0.057576,0.000000,0.000000,0.000000,0.000000,0.146667,0.000000,
321,cube0,0.287879,475,0.000000,0.000000,0.003030,0.000043,0.002424,0.000034,0.001212,0.000017,393.390656,0.000606,0.000009,0.000000,0.000000,0.242424,0.003414,0.031515,0.040000,0.000000,0.000000,0.000000,0.000000,0.138788,0.000000,NA,NA,NA,NA,NA,NA,NA,NA,NA,NA,NA,NA,NA,NA,NA,NA,NA,NA,NA,NA,NA,
321,vector0,NA,NA,NA,NA,NA,NA,NA,NA,NA,NA,NA,NA,NA,NA,NA,NA,NA,NA,NA,NA,NA,NA,NA,NA,NA,1.576970,2602,0.671515,0.009458,0.239394,0.003372,63.739246,0.538788,0.007589,28.320587,0.000000,0.250303,0.003525,0.032727,0.057576,0.000000,0.000000,0.000000,0.000000,0.112121,0.000000,
321,vector1,NA,NA,NA,NA,NA,NA,NA,NA,NA,NA,NA,NA,NA,NA,NA,NA,NA,NA,NA,NA,NA,NA,NA,NA,NA,1.586667,2618,0.671515,0.009458,0.224242,0.003158,68.045959,0.341212,0.004806,44.719364,0.000000,0.316364,0.004456,0.032727,0.057576,0.000000,0.000000,0.000000,0.000000,0.122424,0.000000,
322,cube0,0.343636,567,0.000000,0.000000,0.003030,0.000043,0.002424,0.000034,0.001212,0.000017,393.390656,0.000606,0.000009,0.000000,0.000000,0.293939,0.004140,0.031515,0.040000,0.000000,0.000000,0.000000,0.000000,0.113939,0.000000,NA,NA,NA,NA,NA,NA,NA,NA,NA,NA,NA,NA,NA,NA,NA,NA,NA,NA,NA,NA,NA,
322,vector0,NA,NA,NA,NA,NA,NA,NA,NA,NA,NA,NA,NA,NA,NA,NA,NA,NA,NA,NA,NA,NA,NA,NA,NA,NA,1.583636,2613,0.671515,0.009458,0.463030,0.006522,32.954189,0.223636,0.003150,68.230362,0.000000,0.337576,0.004755,0.032727,0.057576,0.000000,0.000000,0.000000,0.000000,0.125455,0.000000,
322,vector1,NA,NA,NA,NA,NA,NA,NA,NA,NA,NA,NA,NA,NA,NA,NA,NA,NA,NA,NA,NA,NA,NA,NA,NA,NA,1.595758,2633,0.671515,0.009458,0.470303,0.006624,32.444588,0.316970,0.004464,48.139584,0.000000,0.295152,0.004157,0.032727,0.057576,0.000000,0.000000,0.000000,0.000000,0.121818,0.000000,
323,cube0,0.291515,481,0.000000,0.000000,0.003030,0.000043,0.002424,0.000034,0.001212,0.000017,393.390656,0.000606,0.000009,0.000000,0.000000,0.239394,0.003372,0.031515,0.040000,0.000000,0.000000,0.000000,0.000000,0.143030,0.000000,NA,NA,NA,NA,NA,NA,NA,NA,NA,NA,NA,NA,NA,NA,NA,NA,NA,NA,NA,NA,NA,
323,vector0,NA,NA,NA,NA,NA,NA,NA,NA,NA,NA,NA,NA,NA,NA,NA,NA,NA,NA,NA,NA,NA,NA,NA,NA,NA,1.777576,2933,0.671515,0.009458,0.362424,0.005105,42.102009,0.483030,0.006803,31.589716,0.000000,0.340000,0.004789,0.032727,0.057576,0.000000,0.000000,0.000000,0.000000,0.130303,0.000000,
323,vector1,NA,NA,NA,NA,NA,NA,NA,NA,NA,NA,NA,NA,NA,NA,NA,NA,NA,NA,NA,NA,NA,NA,NA,NA,NA,1.789697,2953,0.671515,0.009458,0.466061,0.006564,32.739925,0.493333,0.006948,30.929976,0.000000,0.256970,0.003619,0.032727,0.057576,0.000000,0.000000,0.000000,0.000000,0.192121,0.000000,
324,cube0,0.366061,604,0.000000,0.000000,0.003030,0.000043,0.002424,0.000034,0.001212,0.000017,393.390656,0.000606,0.000009,0.000000,0.000000,0.310909,0.004379,0.031515,0.040000,0.000000,0.000000,0.000000,0.000000,0.116364,0.000000,NA,NA,NA,NA,NA,NA,NA,NA,NA,NA,NA,NA,NA,NA,NA,NA,NA,NA,NA,NA,NA,
324,vector0,NA,NA,NA,NA,NA,NA,NA,NA,NA,NA,NA,NA,NA,NA,NA,NA,NA,NA,NA,NA,NA,NA,NA,NA,NA,1.883030,3107,0.671515,0.009458,0.527879,0.007435,28.905859,0.241818,0.003406,63.100258,0.000000,0.295152,0.004157,0.032727,0.057576,0.000000,0.000000,0.000000,0.000000,0.139394,0.000000,
324,vector1,NA,NA,NA,NA,NA,NA,NA,NA,NA,NA,NA,NA,NA,NA,NA,NA,NA,NA,NA,NA,NA,NA,NA,NA,NA,1.862424,3073,0.671515,0.009458,0.516970,0.007281,29.515829,0.223030,0.003141,68.415764,0.000000,0.263030,0.003705,0.032727,0.057576,0.000000,0.000000,0.000000,0.000000,0.123030,0.000000,
325,cube0,0.323030,533,0.000000,0.000000,0.003030,0.000043,0.002424,0.000034,0.001212,0.000017,393.390656,0.000606,0.000009,0.000000,0.000000,0.264848,0.003730,0.031515,0.040000,0.000000,0.000000,0.000000,0.000000,0.120000,0.000000,NA,NA,NA,NA,NA,NA,NA,NA,NA,NA,NA,NA,NA,NA,NA,NA,NA,NA,NA,NA,NA,
325,vector0,NA,NA,NA,NA,NA,NA,NA,NA,NA,NA,NA,NA,NA,NA,NA,NA,NA,NA,NA,NA,NA,NA,NA,NA,NA,1.545455,2550,0.671515,0.009458,0.433333,0.006103,35.212593,0.463636,0.006530,32.911114,0.000000,0.323636,0.004558,0.032727,0.057576,0.000000,0.000000,0.000000,0.000000,0.115758,0.000000,
325,vector1,NA,NA,NA,NA,NA,NA,NA,NA,NA,NA,NA,NA,NA,NA,NA,NA,NA,NA,NA,NA,NA,NA,NA,NA,NA,1.520606,2509,0.671515,0.009458,0.429091,0.006044,35.560738,0.395152,0.005566,38.615032,0.000000,0.296364,0.004174,0.032727,0.057576,0.000000,0.000000,0.000000,0.000000,0.093939,0.000000,
326,cube0,0.312121,515,0.000000,0.000000,0.003030,0.000043,0.002424,0.000034,0.001212,0.000017,393.390656,0.000606,0.000009,0.000000,0.000000,0.272727,0.003841,0.031515,0.040000,0.000000,0.000000,0.000000,0.000000,0.115758,0.000000,NA,NA,NA,NA,NA,NA,NA,NA,NA,NA,NA,NA,NA,NA,NA,NA,NA,NA,NA,NA,NA,
326,vector0,NA,NA,NA,NA,NA,NA,NA,NA,NA,NA,NA,NA,NA,NA,NA,NA,NA,NA,NA,NA,NA,NA,NA,NA,NA,1.473333,2431,0.671515,0.009458,0.373939,0.005267,40.805511,0.223030,0.003141,68.415764,0.000000,0.288485,0.004063,0.032727,0.057576,0.000000,0.000000,0.000000,0.000000,0.135758,0.000000,
326,vector1,NA,NA,NA,NA,NA,NA,NA,NA,NA,NA,NA,NA,NA,NA,NA,NA,NA,NA,NA,NA,NA,NA,NA,NA,NA,1.464242,2416,0.671515,0.009458,0.372727,0.005250,40.938217,0.226667,0.003192,67.318184,0.000000,0.283636,0.003995,0.032727,0.057576,0.000000,0.000000,0.000000,0.000000,0.119394,0.000000,
327,cube0,0.340000,561,0.000000,0.000000,0.003030,0.000043,0.002424,0.000034,0.001212,0.000017,393.390656,0.000606,0.000009,0.000000,0.000000,0.298182,0.004200,0.031515,0.040000,0.000000,0.000000,0.000000,0.000000,0.131515,0.000000,NA,NA,NA,NA,NA,NA,NA,NA,NA,NA,NA,NA,NA,NA,NA,NA,NA,NA,NA,NA,NA,
327,vector0,NA,NA,NA,NA,NA,NA,NA,NA,NA,NA,NA,NA,NA,NA,NA,NA,NA,NA,NA,NA,NA,NA,NA,NA,NA,1.574546,2598,0.671515,0.009458,0.296970,0.004183,51.381634,0.440606,0.006206,34.631363,0.000000,0.276970,0.003901,0.032727,0.057576,0.000000,0.000000,0.000000,0.000000,0.122424,0.000000,
327,vector1,NA,NA,NA,NA,NA,NA,NA,NA,NA,NA,NA,NA,NA,NA,NA,NA,NA,NA,NA,NA,NA,NA,NA,NA,NA,1.454545,2400,0.671515,0.009458,0.192727,0.002714,79.172958,0.325455,0.004584,46.884552,0.000000,0.283030,0.003986,0.032727,0.057576,0.000000,0.000000,0.000000,0.000000,0.098182,0.000000,
328,cube0,0.317576,524,0.000000,0.000000,0.003030,0.000043,0.002424,0.000034,0.001212,0.000017,393.390656,0.000606,0.000009,0.000000,0.000000,0.271515,0.003824,0.031515,0.040000,0.000000,0.000000,0.000000,0.000000,0.132121,0.000000,NA,NA,NA,NA,NA,NA,NA,NA,NA,NA,NA,NA,NA,NA,NA,NA,NA,NA,NA,NA,NA,
328,vector0,NA,NA,NA,NA,NA,NA,NA,NA,NA,NA,NA,NA,NA,NA,NA,NA,NA,NA,NA,NA,NA,NA,NA,NA,NA,1.580000,2607,0.671515,0.009458,0.454545,0.006402,33.569336,0.239394,0.003372,63.739246,0.000000,0.323030,0.004550,0.032727,0.057576,0.000000,0.000000,0.000000,0.000000,0.114545,0.000000,
328,vector1,NA,NA,NA,NA,NA,NA,NA,NA,NA,NA,NA,NA,NA,NA,NA,NA,NA,NA,NA,NA,NA,NA,NA,NA,NA,1.564849,2582,0.671515,0.009458,0.469697,0.006615,32.486458,0.229091,0.003227,66.605827,0.000000,0.307273,0.004328,0.032727,0.057576,0.000000,0.000000,0.000000,0.000000,0.102424,0.000000,
329,cube0,0.351515,580,0.000000,0.000000,0.003030,0.000043,0.002424,0.000034,0.001212,0.000017,393.390656,0.000606,0.000009,0.000000,0.000000,0.303030,0.004268,0.031515,0.040000,0.000000,0.000000,0.000000,0.000000,0.117576,0.000000,NA,NA,NA,NA,NA,NA,NA,NA,NA,NA,NA,NA,NA,NA,NA,NA,NA,NA,NA,NA,NA,
329,vector0,NA,NA,NA,NA,NA,NA,NA,NA,NA,NA,NA,NA,NA,NA,NA,NA,NA,NA,NA,NA,NA,NA,NA,NA,NA,1.655151,2731,0.671515,0.009458,0.418182,0.005890,36.488411,0.512727,0.007222,29.760052,0.000000,0.295758,0.004166,0.032727,0.057576,0.000000,0.000000,0.000000,0.000000,0.128485,0.000000,
329,vector1,NA,NA,NA,NA,NA,NA,NA,NA,NA,NA,NA,NA,NA,NA,NA,NA,NA,NA,NA,NA,NA,NA,NA,NA,NA,1.694546,2796,0.671515,0.009458,0.367273,0.005173,41.546207,0.549697,0.007742,27.758547,0.000000,0.300606,0.004234,0.032727,0.057576,0.000000,0.000000,0.000000,0.000000,0.113333,0.000000,
330,cube0,0.327879,541,0.000000,0.000000,0.003030,0.000043,0.002424,0.000034,0.001212,0.000017,393.390656,0.000606,0.000009,0.000000,0.000000,0.276970,0.003901,0.031515,0.040000,0.000000,0.000000,0.000000,0.000000,0.137576,0.000000,NA,NA,NA,NA,NA,NA,NA,NA,NA,NA,NA,NA,NA,NA,NA,NA,NA,NA,NA,NA,NA,
330,vector0,NA,NA,NA,NA,NA,NA,NA,NA,NA,NA,NA,NA,NA,NA,NA,NA,NA,NA,NA,NA,NA,NA,NA,NA,NA,1.575152,2599,0.671515,0.009458,0.447879,0.006308,34.069016,0.253333,0.003568,60.232063,0.000000,0.295758,0.004166,0.032727,0.057576,0.000000,0.000000,0.000000,0.000000,0.115152,0.000000,
330,vector1,NA,NA,NA,NA,NA,NA,NA,NA,NA,NA,NA,NA,NA,NA,NA,NA,NA,NA,NA,NA,NA,NA,NA,NA,NA,1.767273,2916,0.671515,0.009458,0.444242,0.006257,34.347889,0.248485,0.003500,61.407322,0.000000,0.331515,0.004669,0.032727,0.057576,0.000000,0.000000,0.000000,0.000000,0.143636,0.000000,
331,cube0,0.372121,614,0.000000,0.000000,0.003030,0.000043,0.002424,0.000034,0.001212,0.000017,393.390656,0.000606,0.000009,0.000000,0.000000,0.318182,0.004481,0.031515,0.040000,0.000000,0.000000,0.000000,0.000000,0.133939,0.000000,NA,NA,NA,NA,NA,NA,NA,NA,NA,NA,NA,NA,NA,NA,NA,NA,NA,NA,NA,NA,NA,
331,vector0,NA,NA,NA,NA,NA,NA,NA,NA,NA,NA,NA,NA,NA,NA,NA,NA,NA,NA,NA,NA,NA,NA,NA,NA,NA,1.747273,2883,0.671515,0.009458,0.404848,0.005702,37.690121,0.407879,0.005745,37.410107,0.000000,0.271515,0.003824,0.032727,0.057576,0.000000,0.000000,0.000000,0.000000,0.105455,0.000000,
331,vector1,NA,NA,NA,NA,NA,NA,NA,NA,NA,NA,NA,NA,NA,NA,NA,NA,NA,NA,NA,NA,NA,NA,NA,NA,NA,1.467879,2422,0.671515,0.009458,0.373939,0.005267,40.805511,0.470303,0.006624,32.444588,0.000000,0.272727,0.003841,0.032727,0.057576,0.000000,0.000000,0.000000,0.000000,0.122424,0.000000,
332,cube0,0.307273,507,0.000000,0.000000,0.003030,0.000043,0.002424,0.000034,0.001212,0.000017,393.390656,0.000606,0.000009,0.000000,0.000000,0.270909,0.003816,0.031515,0.040000,0.000000,0.000000,0.000000,0.000000,0.135758,0.000000,NA,NA,NA,NA,NA,NA,NA,NA,NA,NA,NA,NA,NA,NA,NA,NA,NA,NA,NA,NA,NA,
332,vector0,NA,NA,NA,NA,NA,NA,NA,NA,NA,NA,NA,NA,NA,NA,NA,NA,NA,NA,NA,NA,NA,NA,NA,NA,NA,1.580606,2608,0.671515,0.009458,0.487879,0.006872,31.275776,0.327879,0.004618,46.537899,0.000000,0.292121,0.004114,0.032727,0.057576,0.000000,0.000000,0.000000,0.000000,0.127273,0.000000,
332,vector1,NA,NA,NA,NA,NA,NA,NA,NA,NA,NA,NA,NA,NA,NA,NA,NA,NA,NA,NA,NA,NA,NA,NA,NA,NA,1.484848,2450,0.671515,0.009458,0.392121,0.005523,38.913448,0.386061,0.005437,39.524334,0.000000,0.271515,0.003824,0.032727,0.057576,0.000000,0.000000,0.000000,0.000000,0.115758,0.000000,
333,cube0,0.309091,510,0.000000,0.000000,0.003030,0.000043,0.002424,0.000034,0.001212,0.000017,393.390656,0.000606,0.000009,0.000000,0.000000,0.269697,0.003799,0.031515,0.040000,0.000000,0.000000,0.000000,0.000000,0.104848,0.000000,NA,NA,NA,NA,NA,NA,NA,NA,NA,NA,NA,NA,NA,NA,NA,NA,NA,NA,NA,NA,NA,
333,vector0,NA,NA,NA,NA,NA,NA,NA,NA,NA,NA,NA,NA,NA,NA,NA,NA,NA,NA,NA,NA,NA,NA,NA,NA,NA,1.628485,2687,0.671515,0.009458,0.310303,0.004370,49.173832,0.469697,0.006615,32.486458,0.000000,0.296364,0.004174,0.032727,0.057576,0.000000,0.000000,0.000000,0.000000,0.104848,0.000000,
333,vector1,NA,NA,NA,NA,NA,NA,NA,NA,NA,NA,NA,NA,NA,NA,NA,NA,NA,NA,NA,NA,NA,NA,NA,NA,NA,1.561818,2577,0.671515,0.009458,0.248485,0.003500,61.407322,0.432727,0.006095,35.261906,0.000000,0.357576,0.005036,0.032727,0.057576,0.000000,0.000000,0.000000,0.000000,0.115152,0.000000,
334,cube0,0.318182,525,0.000000,0.000000,0.003030,0.000043,0.002424,0.000034,0.001212,0.000017,393.390656,0.000606,0.000009,0.000000,0.000000,0.269091,0.003790,0.031515,0.040000,0.000000,0.000000,0.000000,0.000000,0.129091,0.000000,NA,NA,NA,NA,NA,NA,NA,NA,NA,NA,NA,NA,NA,NA,NA,NA,NA,NA,NA,NA,NA,
334,vector0,NA,NA,NA,NA,NA,NA,NA,NA,NA,NA,NA,NA,NA,NA,NA,NA,NA,NA,NA,NA,NA,NA,NA,NA,NA,1.477576,2438,0.671515,0.009458,0.392727,0.005531,38.853397,0.241212,0.003397,63.258797,0.000000,0.276970,0.003901,0.032727,0.057576,0.000000,0.000000,0.000000,0.000000,0.117576,0.000000,
334,vector1,NA,NA,NA,NA,NA,NA,NA,NA,NA,NA,NA,NA,NA,NA,NA,NA,NA,NA,NA,NA,NA,NA,NA,NA,NA,1.539394,2540,0.671515,0.009458,0.433333,0.006103,35.212593,0.252727,0.003560,60.376503,0.000000,0.314545,0.004430,0.032727,0.057576,0.000000,0.000000,0.000000,0.000000,0.107879,0.000000,
335,cube0,0.348485,575,0.000000,0.000000,0.003030,0.000043,0.002424,0.000034,0.001212,0.000017,393.390656,0.000606,0.000009,0.000000,0.000000,0.296970,0.004183,0.031515,0.040000,0.000000,0.000000,0.000000,0.000000,0.101212,0.000000,NA,NA,NA,NA,NA,NA,NA,NA,NA,NA,NA,NA,NA,NA,NA,NA,NA,NA,NA,NA,NA,
335,vector0,NA,NA,NA,NA,NA,NA,NA,NA,NA,NA,NA,NA,NA,NA,NA,NA,NA,NA,NA,NA,NA,NA,NA,NA,NA,1.526061,2518,0.671515,0.009458,0.242424,0.003414,62.942505,0.512727,0.007222,29.760052,0.000000,0.334545,0.004712,0.032727,0.057576,0.000000,0.000000,0.000000,0.000000,0.100000,0.000000,
335,vector1,NA,NA,NA,NA,NA,NA,NA,NA,NA,NA,NA,NA,NA,NA,NA,NA,NA,NA,NA,NA,NA,NA,NA,NA,NA,1.701212,2807,0.671515,0.009458,0.283636,0.003995,53.797009,0.456364,0.006428,33.435593,0.000000,0.346061,0.004874,0.032727,0.057576,0.000000,0.000000,0.000000,0.000000,0.092727,0.000000,
336,cube0,0.340606,562,0.000000,0.000000,0.003030,0.000043,0.002424,0.000034,0.001212,0.000017,393.390656,0.000606,0.000009,0.000000,0.000000,0.300000,0.004225,0.031515,0.040000,0.000000,0.000000,0.000000,0.000000,0.130909,0.000000,NA,NA,NA,NA,NA,NA,NA,NA,NA,NA,NA,NA,NA,NA,NA,NA,NA,NA,NA,NA,NA,
336,vector0,NA,NA,NA,NA,NA,NA,NA,NA,NA,NA,NA,NA,NA,NA,NA,NA,NA,NA,NA,NA,NA,NA,NA,NA,NA,1.828485,3017,0.671515,0.009458,0.594545,0.008374,25.664629,0.369697,0.005207,41.273773,0.000000,0.293333,0.004131,0.032727,0.057576,0.000000,0.000000,0.000000,0.000000,0.130303,0.000000,
336,vector1,NA,NA,NA,NA,NA,NA,NA,NA,NA,NA,NA,NA,NA,NA,NA,NA,NA,NA,NA,NA,NA,NA,NA,NA,NA,1.357576,2240,0.671515,0.009458,0.280606,0.003952,54.377975,0.377576,0.005318,40.412521,0.000000,0.298182,0.004200,0.032727,0.057576,0.000000,0.000000,0.000000,0.000000,0.112727,0.000000,
337,cube0,0.306061,505,0.000000,0.000000,0.003030,0.000043,0.002424,0.000034,0.001212,0.000017,393.390656,0.000606,0.000009,0.000000,0.000000,0.262424,0.003696,0.031515,0.040000,0.000000,0.000000,0.000000,0.000000,0.111515,0.000000,NA,NA,NA,NA,NA,NA,NA,NA,NA,NA,NA,NA,NA,NA,NA,NA,NA,NA,NA,NA,NA,
337,vector0,NA,NA,NA,NA,NA,NA,NA,NA,NA,NA,NA,NA,NA,NA,NA,NA,NA,NA,NA,NA,NA,NA,NA,NA,NA,1.804848,2978,0.671515,0.009458,0.470909,0.006633,32.402832,0.223636,0.003150,68.230362,0.000000,0.295152,0.004157,0.032727,0.057576,0.000000,0.000000,0.000000,0.000000,0.106667,0.000000,
337,vector1,NA,NA,NA,NA,NA,NA,NA,NA,NA,NA,NA,NA,NA,NA,NA,NA,NA,NA,NA,NA,NA,NA,NA,NA,NA,1.319394,2177,0.671515,0.009458,0.175152,0.002467,87.117653,0.228485,0.003218,66.782494,0.000000,0.298788,0.004208,0.032727,0.057576,0.000000,0.000000,0.000000,0.000000,0.129091,0.000000,
338,cube0,0.363636,600,0.000000,0.000000,0.003030,0.000043,0.002424,0.000034,0.001212,0.000017,393.390656,0.000606,0.000009,0.000000,0.000000,0.311515,0.004388,0.031515,0.040000,0.000000,0.000000,0.000000,0.000000,0.118788,0.000000,NA,NA,NA,NA,NA,NA,NA,NA,NA,NA,NA,NA,NA,NA,NA,NA,NA,NA,NA,NA,NA,
338,vector0,NA,NA,NA,NA,NA,NA,NA,NA,NA,NA,NA,NA,NA,NA,NA,NA,NA,NA,NA,NA,NA,NA,NA,NA,NA,1.429091,2358,0.671515,0.009458,0.326061,0.004592,46.797401,0.237576,0.003346,64.227043,0.000000,0.313333,0.004413,0.032727,0.057576,0.000000,0.000000,0.000000,0.000000,0.113333,0.000000,
338,vector1,NA,NA,NA,NA,NA,NA,NA,NA,NA,NA,NA,NA,NA,NA,NA,NA,NA,NA,NA,NA,NA,NA,NA,NA,NA,1.503030,2480,0.671515,0.009458,0.415758,0.005856,36.701172,0.223030,0.003141,68.415764,0.000000,0.291515,0.004106,0.032727,0.057576,0.000000,0.000000,0.000000,0.000000,0.127273,0.000000,
339,cube0,0.353939,584,0.000000,0.000000,0.003030,0.000043,0.002424,0.000034,0.001212,0.000017,393.390656,0.000606,0.000009,0.000000,0.000000,0.300000,0.004225,0.031515,0.040000,0.000000,0.000000,0.000000,0.000000,0.138182,0.000000,NA,NA,NA,NA,NA,NA,NA,NA,NA,NA,NA,NA,NA,NA,NA,NA,NA,NA,NA,NA,NA,
339,vector0,NA,NA,NA,NA,NA,NA,NA,NA,NA,NA,NA,NA,NA,NA,NA,NA,NA,NA,NA,NA,NA,NA,NA,NA,NA,1.604242,2647,0.671515,0.009458,0.266061,0.003747,57.350796,0.487273,0.006863,31.314678,0.000000,0.303030,0.004268,0.032727,0.057576,0.000000,0.000000,0.000000,0.000000,0.123030,0.000000,
339,vector1,NA,NA,NA,NA,NA,NA,NA,NA,NA,NA,NA,NA,NA,NA,NA,NA,NA,NA,NA,NA,NA,NA,NA,NA,NA,1.551515,2560,0.671515,0.009458,0.286061,0.004029,53.341110,0.412121,0.005805,37.025002,0.000000,0.283030,0.003986,0.032727,0.057576,0.000000,0.000000,0.000000,0.000000,0.190909,0.000000,
340,cube0,0.348485,575,0.000000,0.000000,0.003030,0.000043,0.002424,0.000034,0.001212,0.000017,393.390656,0.000606,0.000009,0.000000,0.000000,0.306061,0.004311,0.031515,0.040000,0.000000,0.000000,0.000000,0.000000,0.111515,0.000000,NA,NA,NA,NA,NA,NA,NA,NA,NA,NA,NA,NA,NA,NA,NA,NA,NA,NA,NA,NA,NA,
340,vector0,NA,NA,NA,NA,NA,NA,NA,NA,NA,NA,NA,NA,NA,NA,NA,NA,NA,NA,NA,NA,NA,NA,NA,NA,NA,1.538182,2538,0.671515,0.009458,0.441212,0.006214,34.583797,0.249091,0.003508,61.257912,0.000000,0.320000,0.004507,0.032727,0.057576,0.000000,0.000000,0.000000,0.000000,0.130909,0.000000,
340,vector1,NA,NA,NA,NA,NA,NA,NA,NA,NA,NA,NA,NA,NA,NA,NA,NA,NA,NA,NA,NA,NA,NA,NA,NA,NA,1.536364,2535,0.671515,0.009458,0.436364,0.006146,34.968060,0.229091,0.003227,66.605827,0.000000,0.308485,0.004345,0.032727,0.057576,0.000000,0.000000,0.000000,0.000000,0.125455,0.000000,
341,cube0,0.290909,480,0.000000,0.000000,0.003030,0.000043,0.002424,0.000034,0.001212,0.000017,393.390656,0.000606,0.000009,0.000000,0.000000,0.244848,0.003449,0.031515,0.040000,0.000000,0.000000,0.000000,0.000000,0.140000,0.000000,NA,NA,NA,NA,NA,NA,NA,NA,NA,NA,NA,NA,NA,NA,NA,NA,NA,NA,NA,NA,NA,
341,vector0,NA,NA,NA,NA,NA,NA,NA,NA,NA,NA,NA,NA,NA,NA,NA,NA,NA,NA,NA,NA,NA,NA,NA,NA,NA,1.791515,2956,0.671515,0.009458,0.405455,0.005711,37.633785,0.469091,0.006607,32.528427,0.000000,0.252121,0.003551,0.032727,0.057576,0.000000,0.000000,0.000000,0.000000,0.220000,0.000000,
341,vector1,NA,NA,NA,NA,NA,NA,NA,NA,NA,NA,NA,NA,NA,NA,NA,NA,NA,NA,NA,NA,NA,NA,NA,NA,NA,1.733333,2860,0.671515,0.009458,0.337576,0.004755,45.201077,0.410909,0.005787,37.134224,0.000000,0.313939,0.004422,0.032727,0.057576,0.000000,0.000000,0.000000,0.000000,0.125455,0.000000,
342,cube0,0.345455,570,0.000000,0.000000,0.003030,0.000043,0.002424,0.000034,0.001212,0.000017,393.390656,0.000606,0.000009,0.000000,0.000000,0.295152,0.004157,0.031515,0.040000,0.000000,0.000000,0.000000,0.000000,0.115152,0.000000,NA,NA,NA,NA,NA,NA,NA,NA,NA,NA,NA,NA,NA,NA,NA,NA,NA,NA,NA,NA,NA,
342,vector0,NA,NA,NA,NA,NA,NA,NA,NA,NA,NA,NA,NA,NA,NA,NA,NA,NA,NA,NA,NA,NA,NA,NA,NA,NA,1.596364,2634,0.671515,0.009458,0.471515,0.006641,32.361187,0.227879,0.003210,66.960106,0.000000,0.343030,0.004831,0.032727,0.057576,0.000000,0.000000,0.000000,0.000000,0.137576,0.000000,
342,vector1,NA,NA,NA,NA,NA,NA,NA,NA,NA,NA,NA,NA,NA,NA,NA,NA,NA,NA,NA,NA,NA,NA,NA,NA,NA,1.432121,2363,0.671515,0.009458,0.335152,0.004720,45.528030,0.240000,0.003380,63.578293,0.000000,0.289091,0.004072,0.032727,0.057576,0.000000,0.000000,0.000000,0.000000,0.130909,0.000000,
343,cube0,0.292121,482,0.000000,0.000000,0.003030,0.000043,0.002424,0.000034,0.001212,0.000017,393.390656,0.000606,0.000009,0.000000,0.000000,0.240000,0.003380,0.031515,0.040000,0.000000,0.000000,0.000000,0.000000,0.146061,0.000000,NA,NA,NA,NA,NA,NA,NA,NA,NA,NA,NA,NA,NA,NA,NA,NA,NA,NA,NA,NA,NA,
343,vector0,NA,NA,NA,NA,NA,NA,NA,NA,NA,NA,NA,NA,NA,NA,NA,NA,NA,NA,NA,NA,NA,NA,NA,NA,NA,1.703636,2811,0.671515,0.009458,0.290303,0.004089,52.561592,0.487273,0.006863,31.314678,0.000000,0.340000,0.004789,0.032727,0.057576,0.000000,0.000000,0.000000,0.000000,0.117576,0.000000,
343,vector1,NA,NA,NA,NA,NA,NA,NA,NA,NA,NA,NA,NA,NA,NA,NA,NA,NA,NA,NA,NA,NA,NA,NA,NA,NA,1.588485,2621,0.671515,0.009458,0.219394,0.003090,69.549728,0.546061,0.007691,27.943398,0.000000,0.258182,0.003636,0.032727,0.057576,0.000000,0.000000,0.000000,0.000000,0.093939,0.000000,
344,cube0,0.364848,602,0.000000,0.000000,0.003030,0.000043,0.002424,0.000034,0.001212,0.000017,393.390656,0.000606,0.000009,0.000000,0.000000,0.310303,0.004370,0.031515,0.040000,0.000000,0.000000,0.000000,0.000000,0.118788,0.000000,NA,NA,NA,NA,NA,NA,NA,NA,NA,NA,NA,NA,NA,NA,NA,NA,NA,NA,NA,NA,NA,
344,vector0,NA,NA,NA,NA,NA,NA,NA,NA,NA,NA,NA,NA,NA,NA,NA,NA,NA,NA,NA,NA,NA,NA,NA,NA,NA,1.961818,3237,0.671515,0.009458,0.597576,0.008417,25.534485,0.238788,0.003363,63.901016,0.000000,0.294545,0.004149,0.032727,0.057576,0.000000,0.000000,0.000000,0.000000,0.139394,0.000000,
344,vector1,NA,NA,NA,NA,NA,NA,NA,NA,NA,NA,NA,NA,NA,NA,NA,NA,NA,NA,NA,NA,NA,NA,NA,NA,NA,1.944242,3208,0.671515,0.009458,0.602424,0.008485,25.328976,0.270303,0.003807,56.450672,0.000000,0.261212,0.003679,0.032727,0.057576,0.000000,0.000000,0.000000,0.000000,0.115152,0.000000,
345,cube0,0.321818,531,0.000000,0.000000,0.003030,0.000043,0.002424,0.000034,0.001212,0.000017,393.390656,0.000606,0.000009,0.000000,0.000000,0.263636,0.003713,0.031515,0.040000,0.000000,0.000000,0.000000,0.000000,0.121212,0.000000,NA,NA,NA,NA,NA,NA,NA,NA,NA,NA,NA,NA,NA,NA,NA,NA,NA,NA,NA,NA,NA,
345,vector0,NA,NA,NA,NA,NA,NA,NA,NA,NA,NA,NA,NA,NA,NA,NA,NA,NA,NA,NA,NA,NA,NA,NA,NA,NA,1.543636,2547,0.671515,0.009458,0.425455,0.005992,35.864677,0.440000,0.006197,34.679066,0.000000,0.323030,0.004550,0.032727,0.057576,0.000000,0.000000,0.000000,0.000000,0.137576,0.000000,
345,vector1,NA,NA,NA,NA,NA,NA,NA,NA,NA,NA,NA,NA,NA,NA,NA,NA,NA,NA,NA,NA,NA,NA,NA,NA,NA,1.533333,2530,0.671515,0.009458,0.420000,0.005915,36.330452,0.513333,0.007230,29.724915,0.000000,0.295758,0.004166,0.032727,0.057576,0.000000,0.000000,0.000000,0.000000,0.095758,0.000000,
346,cube0,0.313333,517,0.000000,0.000000,0.003030,0.000043,0.002424,0.000034,0.001212,0.000017,393.390656,0.000606,0.000009,0.000000,0.000000,0.273939,0.003858,0.031515,0.040000,0.000000,0.000000,0.000000,0.000000,0.120606,0.000000,NA,NA,NA,NA,NA,NA,NA,NA,NA,NA,NA,NA,NA,NA,NA,NA,NA,NA,NA,NA,NA,
346,vector0,NA,NA,NA,NA,NA,NA,NA,NA,NA,NA,NA,NA,NA,NA,NA,NA,NA,NA,NA,NA,NA,NA,NA,NA,NA,1.400606,2311,0.671515,0.009458,0.309697,0.004362,49.270065,0.243030,0.003423,62.785545,0.000000,0.290303,0.004089,0.032727,0.057576,0.000000,0.000000,0.000000,0.000000,0.115152,0.000000,
346,vector1,NA,NA,NA,NA,NA,NA,NA,NA,NA,NA,NA,NA,NA,NA,NA,NA,NA,NA,NA,NA,NA,NA,NA,NA,NA,1.529697,2524,0.671515,0.009458,0.443030,0.006240,34.441864,0.223030,0.003141,68.415764,0.000000,0.278182,0.003918,0.032727,0.057576,0.000000,0.000000,0.000000,0.000000,0.101212,0.000000,
347,cube0,0.343636,567,0.000000,0.000000,0.003030,0.000043,0.002424,0.000034,0.001212,0.000017,393.390656,0.000606,0.000009,0.000000,0.000000,0.301818,0.004251,0.031515,0.040000,0.000000,0.000000,0.000000,0.000000,0.130909,0.000000,NA,NA,NA,NA,NA,NA,NA,NA,NA,NA,NA,NA,NA,NA,NA,NA,NA,NA,NA,NA,NA,
347,vector0,NA,NA,NA,NA,NA,NA,NA,NA,NA,NA,NA,NA,NA,NA,NA,NA,NA,NA,NA,NA,NA,NA,NA,NA,NA,1.522424,2512,0.671515,0.009458,0.276970,0.003901,55.091908,0.503636,0.007093,30.297235,0.000000,0.335758,0.004729,0.032727,0.057576,0.000000,0.000000,0.000000,0.000000,0.146667,0.000000,
347,vector1,NA,NA,NA,NA,NA,NA,NA,NA,NA,NA,NA,NA,NA,NA,NA,NA,NA,NA,NA,NA,NA,NA,NA,NA,NA,1.540606,2542,0.671515,0.009458,0.270303,0.003807,56.450672,0.496970,0.007000,30.703661,0.000000,0.282424,0.003978,0.032727,0.057576,0.000000,0.000000,0.000000,0.000000,0.112727,0.000000,
348,cube0,0.316364,522,0.000000,0.000000,0.003030,0.000043,0.002424,0.000034,0.001212,0.000017,393.390656,0.000606,0.000009,0.000000,0.000000,0.270303,0.003807,0.031515,0.040000,0.000000,0.000000,0.000000,0.000000,0.133333,0.000000,NA,NA,NA,NA,NA,NA,NA,NA,NA,NA,NA,NA,NA,NA,NA,NA,NA,NA,NA,NA,NA,
348,vector0,NA,NA,NA,NA,NA,NA,NA,NA,NA,NA,NA,NA,NA,NA,NA,NA,NA,NA,NA,NA,NA,NA,NA,NA,NA,1.465455,2418,0.671515,0.009458,0.326061,0.004592,46.797401,0.231515,0.003261,65.908379,0.000000,0.320606,0.004516,0.032727,0.057576,0.000000,0.000000,0.000000,0.000000,0.112727,0.000000,
348,vector1,NA,NA,NA,NA,NA,NA,NA,NA,NA,NA,NA,NA,NA,NA,NA,NA,NA,NA,NA,NA,NA,NA,NA,NA,NA,1.466667,2420,0.671515,0.009458,0.363636,0.005122,41.961670,0.565455,0.007964,26.984997,0.000000,0.301212,0.004242,0.032727,0.057576,0.000000,0.000000,0.000000,0.000000,0.115758,0.000000,
349,cube0,0.351515,580,0.000000,0.000000,0.003030,0.000043,0.002424,0.000034,0.001212,0.000017,393.390656,0.000606,0.000009,0.000000,0.000000,0.303636,0.004277,0.031515,0.040000,0.000000,0.000000,0.000000,0.000000,0.124848,0.000000,NA,NA,NA,NA,NA,NA,NA,NA,NA,NA,NA,NA,NA,NA,NA,NA,NA,NA,NA,NA,NA,
349,vector0,NA,NA,NA,NA,NA,NA,NA,NA,NA,NA,NA,NA,NA,NA,NA,NA,NA,NA,NA,NA,NA,NA,NA,NA,NA,1.649697,2722,0.671515,0.009458,0.297576,0.004191,51.276989,0.461818,0.006504,33.040684,0.000000,0.266667,0.003756,0.032727,0.057576,0.000000,0.000000,0.000000,0.000000,0.106667,0.000000,
349,vector1,NA,NA,NA,NA,NA,NA,NA,NA,NA,NA,NA,NA,NA,NA,NA,NA,NA,NA,NA,NA,NA,NA,NA,NA,NA,1.556970,2569,0.671515,0.009458,0.256364,0.003611,59.520103,0.244242,0.003440,62.473949,0.000000,0.298788,0.004208,0.032727,0.057576,0.000000,0.000000,0.000000,0.000000,0.127273,0.000000,
350,cube0,0.329091,543,0.000000,0.000000,0.003030,0.000043,0.002424,0.000034,0.001212,0.000017,393.390656,0.000606,0.000009,0.000000,0.000000,0.278182,0.003918,0.031515,0.040000,0.000000,0.000000,0.000000,0.000000,0.140000,0.000000,NA,NA,NA,NA,NA,NA,NA,NA,NA,NA,NA,NA,NA,NA,NA,NA,NA,NA,NA,NA,NA,
350,vector0,NA,NA,NA,NA,NA,NA,NA,NA,NA,NA,NA,NA,NA,NA,NA,NA,NA,NA,NA,NA,NA,NA,NA,NA,NA,1.600606,2641,0.671515,0.009458,0.483030,0.006803,31.589716,0.238788,0.003363,63.901016,0.000000,0.296970,0.004183,0.032727,0.057576,0.000000,0.000000,0.000000,0.000000,0.113333,0.000000,
350,vector1,NA,NA,NA,NA,NA,NA,NA,NA,NA,NA,NA,NA,NA,NA,NA,NA,NA,NA,NA,NA,NA,NA,NA,NA,NA,1.831515,3022,0.671515,0.009458,0.558788,0.007870,27.306944,0.223636,0.003150,68.230362,0.000000,0.331515,0.004669,0.032727,0.057576,0.000000,0.000000,0.000000,0.000000,0.123636,0.000000,
351,cube0,0.376970,622,0.000000,0.000000,0.003030,0.000043,0.002424,0.000034,0.001212,0.000017,393.390656,0.000606,0.000009,0.000000,0.000000,0.323636,0.004558,0.031515,0.040000,0.000000,0.000000,0.000000,0.000000,0.132727,0.000000,NA,NA,NA,NA,NA,NA,NA,NA,NA,NA,NA,NA,NA,NA,NA,NA,NA,NA,NA,NA,NA,
351,vector0,NA,NA,NA,NA,NA,NA,NA,NA,NA,NA,NA,NA,NA,NA,NA,NA,NA,NA,NA,NA,NA,NA,NA,NA,NA,1.773333,2926,0.671515,0.009458,0.427879,0.006026,35.661476,0.490303,0.006906,31.121140,0.000000,0.268485,0.003781,0.032727,0.057576,0.000000,0.000000,0.000000,0.000000,0.104848,0.000000,
351,vector1,NA,NA,NA,NA,NA,NA,NA,NA,NA,NA,NA,NA,NA,NA,NA,NA,NA,NA,NA,NA,NA,NA,NA,NA,NA,1.656970,2734,0.671515,0.009458,0.451515,0.006359,33.794636,0.505455,0.007119,30.188251,0.000000,0.269091,0.003790,0.032727,0.057576,0.000000,0.000000,0.000000,0.000000,0.110909,0.000000,
352,cube0,0.307879,508,0.000000,0.000000,0.003030,0.000043,0.002424,0.000034,0.001212,0.000017,393.390656,0.000606,0.000009,0.000000,0.000000,0.272121,0.003833,0.031515,0.040000,0.000000,0.000000,0.000000,0.000000,0.138182,0.000000,NA,NA,NA,NA,NA,NA,NA,NA,NA,NA,NA,NA,NA,NA,NA,NA,NA,NA,NA,NA,NA,
352,vector0,NA,NA,NA,NA,NA,NA,NA,NA,NA,NA,NA,NA,NA,NA,NA,NA,NA,NA,NA,NA,NA,NA,NA,NA,NA,1.805454,2979,0.671515,0.009458,0.565455,0.007964,26.984997,0.223636,0.003150,68.230362,0.000000,0.292727,0.004123,0.032727,0.057576,0.000000,0.000000,0.000000,0.000000,0.116364,0.000000,
352,vector1,NA,NA,NA,NA,NA,NA,NA,NA,NA,NA,NA,NA,NA,NA,NA,NA,NA,NA,NA,NA,NA,NA,NA,NA,NA,1.472727,2430,0.671515,0.009458,0.389091,0.005480,39.216518,0.244242,0.003440,62.473949,0.000000,0.261212,0.003679,0.032727,0.057576,0.000000,0.000000,0.000000,0.000000,0.111515,0.000000,
353,cube0,0.310909,513,0.000000,0.000000,0.003030,0.000043,0.002424,0.000034,0.001212,0.000017,393.390656,0.000606,0.000009,0.000000,0.000000,0.271515,0.003824,0.031515,0.040000,0.000000,0.000000,0.000000,0.000000,0.103636,0.000000,NA,NA,NA,NA,NA,NA,NA,NA,NA,NA,NA,NA,NA,NA,NA,NA,NA,NA,NA,NA,NA,
353,vector0,NA,NA,NA,NA,NA,NA,NA,NA,NA,NA,NA,NA,NA,NA,NA,NA,NA,NA,NA,NA,NA,NA,NA,NA,NA,1.698788,2803,0.671515,0.009458,0.388485,0.005472,39.277695,0.477576,0.006726,31.950508,0.000000,0.296364,0.004174,0.032727,0.057576,0.000000,0.000000,0.000000,0.000000,0.098182,0.000000,
353,vector1,NA,NA,NA,NA,NA,NA,NA,NA,NA,NA,NA,NA,NA,NA,NA,NA,NA,NA,NA,NA,NA,NA,NA,NA,NA,1.557576,2570,0.671515,0.009458,0.248485,0.003500,61.407322,0.400606,0.005642,38.089260,0.000000,0.309697,0.004362,0.032727,0.057576,0.000000,0.000000,0.000000,0.000000,0.092121,0.000000,
354,cube0,0.320000,528,0.000000,0.000000,0.003030,0.000043,0.002424,0.000034,0.001212,0.000017,393.390656,0.000606,0.000009,0.000000,0.000000,0.270303,0.003807,0.031515,0.040000,0.000000,0.000000,0.000000,0.000000,0.124848,0.000000,NA,NA,NA,NA,NA,NA,NA,NA,NA,NA,NA,NA,NA,NA,NA,NA,NA,NA,NA,NA,NA,
354,vector0,NA,NA,NA,NA,NA,NA,NA,NA,NA,NA,NA,NA,NA,NA,NA,NA,NA,NA,NA,NA,NA,NA,NA,NA,NA,1.543030,2546,0.671515,0.009458,0.458788,0.006462,33.258919,0.223636,0.003150,68.230362,0.000000,0.273939,0.003858,0.032727,0.057576,0.000000,0.000000,0.000000,0.000000,0.115758,0.000000,
354,vector1,NA,NA,NA,NA,NA,NA,NA,NA,NA,NA,NA,NA,NA,NA,NA,NA,NA,NA,NA,NA,NA,NA,NA,NA,NA,1.517576,2504,0.671515,0.009458,0.418182,0.005890,36.488411,0.243636,0.003431,62.629356,0.000000,0.318788,0.004490,0.032727,0.057576,0.000000,0.000000,0.000000,0.000000,0.133333,0.000000,
355,cube0,0.350909,579,0.000000,0.000000,0.003030,0.000043,0.002424,0.000034,0.001212,0.000017,393.390656,0.000606,0.000009,0.000000,0.000000,0.298788,0.004208,0.031515,0.040000,0.000000,0.000000,0.000000,0.000000,0.102424,0.000000,NA,NA,NA,NA,NA,NA,NA,NA,NA,NA,NA,NA,NA,NA,NA,NA,NA,NA,NA,NA,NA,
355,vector0,NA,NA,NA,NA,NA,NA,NA,NA,NA,NA,NA,NA,NA,NA,NA,NA,NA,NA,NA,NA,NA,NA,NA,NA,NA,1.653333,2728,0.671515,0.009458,0.324848,0.004575,46.972023,0.448485,0.006317,34.022980,0.000000,0.333939,0.004703,0.032727,0.057576,0.000000,0.000000,0.000000,0.000000,0.124848,0.000000,
355,vector1,NA,NA,NA,NA,NA,NA,NA,NA,NA,NA,NA,NA,NA,NA,NA,NA,NA,NA,NA,NA,NA,NA,NA,NA,NA,1.561212,2576,0.671515,0.009458,0.298182,0.004200,51.172768,0.412727,0.005813,36.970634,0.000000,0.347879,0.004900,0.032727,0.057576,0.000000,0.000000,0.000000,0.000000,0.103030,0.000000,
356,cube0,0.341818,564,0.000000,0.000000,0.003030,0.000043,0.002424,0.000034,0.001212,0.000017,393.390656,0.000606,0.000009,0.000000,0.000000,0.301212,0.004242,0.031515,0.040000,0.000000,0.000000,0.000000,0.000000,0.133939,0.000000,NA,NA,NA,NA,NA,NA,NA,NA,NA,NA,NA,NA,NA,NA,NA,NA,NA,NA,NA,NA,NA,
356,vector0,NA,NA,NA,NA,NA,NA,NA,NA,NA,NA,NA,NA,NA,NA,NA,NA,NA,NA,NA,NA,NA,NA,NA,NA,NA,1.786061,2947,0.671515,0.009458,0.424242,0.005975,35.967140,0.219394,0.003090,69.549728,0.000000,0.296364,0.004174,0.032727,0.057576,0.000000,0.000000,0.000000,0.000000,0.130303,0.000000,
356,vector1,NA,NA,NA,NA,NA,NA,NA,NA,NA,NA,NA,NA,NA,NA,NA,NA,NA,NA,NA,NA,NA,NA,NA,NA,NA,1.452121,2396,0.671515,0.009458,0.355152,0.005002,42.964169,0.227273,0.003201,67.138672,0.000000,0.298788,0.004208,0.032727,0.057576,0.000000,0.000000,0.000000,0.000000,0.128485,0.000000,
357,cube0,0.307879,508,0.000000,0.000000,0.003030,0.000043,0.002424,0.000034,0.001212,0.000017,393.390656,0.000606,0.000009,0.000000,0.000000,0.264242,0.003722,0.031515,0.040000,0.000000,0.000000,0.000000,0.000000,0.112121,0.000000,NA,NA,NA,NA,NA,NA,NA,NA,NA,NA,NA,NA,NA,NA,NA,NA,NA,NA,NA,NA,NA,
357,vector0,NA,NA,NA,NA,NA,NA,NA,NA,NA,NA,NA,NA,NA,NA,NA,NA,NA,NA,NA,NA,NA,NA,NA,NA,NA,1.529697,2524,0.671515,0.009458,0.295152,0.004157,51.698158,0.412727,0.005813,36.970634,0.000000,0.295758,0.004166,0.032727,0.057576,0.000000,0.000000,0.000000,0.000000,0.109091,0.000000,
357,vector1,NA,NA,NA,NA,NA,NA,NA,NA,NA,NA,NA,NA,NA,NA,NA,NA,NA,NA,NA,NA,NA,NA,NA,NA,NA,1.397576,2306,0.671515,0.009458,0.174545,0.002458,87.420151,0.406667,0.005728,37.521610,0.000000,0.300000,0.004225,0.032727,0.057576,0.000000,0.000000,0.000000,0.000000,0.142424,0.000000,
358,cube0,0.358788,592,0.000000,0.000000,0.003030,0.000043,0.002424,0.000034,0.001212,0.000017,393.390656,0.000606,0.000009,0.000000,0.000000,0.307273,0.004328,0.031515,0.040000,0.000000,0.000000,0.000000,0.000000,0.118182,0.000000,NA,NA,NA,NA,NA,NA,NA,NA,NA,NA,NA,NA,NA,NA,NA,NA,NA,NA,NA,NA,NA,
358,vector0,NA,NA,NA,NA,NA,NA,NA,NA,NA,NA,NA,NA,NA,NA,NA,NA,NA,NA,NA,NA,NA,NA,NA,NA,NA,1.444242,2383,0.671515,0.009458,0.327879,0.004618,46.537899,0.350303,0.004934,43.558826,0.000000,0.301818,0.004251,0.032727,0.057576,0.000000,0.000000,0.000000,0.000000,0.112727,0.000000,
358,vector1,NA,NA,NA,NA,NA,NA,NA,NA,NA,NA,NA,NA,NA,NA,NA,NA,NA,NA,NA,NA,NA,NA,NA,NA,NA,1.398182,2307,0.671515,0.009458,0.314545,0.004430,48.510605,0.233939,0.003295,65.225395,0.000000,0.301212,0.004242,0.032727,0.057576,0.000000,0.000000,0.000000,0.000000,0.123636,0.000000,
359,cube0,0.355758,587,0.000000,0.000000,0.003030,0.000043,0.002424,0.000034,0.001212,0.000017,393.390656,0.000606,0.000009,0.000000,0.000000,0.300606,0.004234,0.031515,0.040000,0.000000,0.000000,0.000000,0.000000,0.138182,0.000000,NA,NA,NA,NA,NA,NA,NA,NA,NA,NA,NA,NA,NA,NA,NA,NA,NA,NA,NA,NA,NA,
359,vector0,NA,NA,NA,NA,NA,NA,NA,NA,NA,NA,NA,NA,NA,NA,NA,NA,NA,NA,NA,NA,NA,NA,NA,NA,NA,1.470303,2426,0.671515,0.009458,0.181818,0.002561,83.923340,0.493333,0.006948,30.929976,0.000000,0.288485,0.004063,0.032727,0.057576,0.000000,0.000000,0.000000,0.000000,0.113333,0.000000,
359,vector1,NA,NA,NA,NA,NA,NA,NA,NA,NA,NA,NA,NA,NA,NA,NA,NA,NA,NA,NA,NA,NA,NA,NA,NA,NA,1.392727,2298,0.671515,0.009458,0.203636,0.002868,74.931557,0.452121,0.006368,33.749336,0.000000,0.315758,0.004447,0.032727,0.057576,0.000000,0.000000,0.000000,0.000000,0.123030,0.000000,
360,cube0,0.367879,607,0.000000,0.000000,0.003030,0.000043,0.002424,0.000034,0.001212,0.000017,393.390656,0.000606,0.000009,0.000000,0.000000,0.324848,0.004575,0.031515,0.040000,0.000000,0.000000,0.000000,0.000000,0.111515,0.000000,NA,NA,NA,NA,NA,NA,NA,NA,NA,NA,NA,NA,NA,NA,NA,NA,NA,NA,NA,NA,NA,
360,vector0,NA,NA,NA,NA,NA,NA,NA,NA,NA,NA,NA,NA,NA,NA,NA,NA,NA,NA,NA,NA,NA,NA,NA,NA,NA,1.563636,2580,0.671515,0.009458,0.417576,0.005881,36.541370,0.257576,0.003628,59.240005,0.000000,0.332727,0.004686,0.032727,0.057576,0.000000,0.000000,0.000000,0.000000,0.130909,0.000000,
360,vector1,NA,NA,NA,NA,NA,NA,NA,NA,NA,NA,NA,NA,NA,NA,NA,NA,NA,NA,NA,NA,NA,NA,NA,NA,NA,1.592121,2627,0.671515,0.009458,0.476364,0.006709,32.031811,0.238182,0.003355,64.063622,0.000000,0.297576,0.004191,0.032727,0.057576,0.000000,0.000000,0.000000,0.000000,0.139394,0.000000,
361,cube0,0.291515,481,0.000000,0.000000,0.003030,0.000043,0.002424,0.000034,0.001212,0.000017,393.390656,0.000606,0.000009,0.000000,0.000000,0.246061,0.003466,0.031515,0.040000,0.000000,0.000000,0.000000,0.000000,0.140000,0.000000,NA,NA,NA,NA,NA,NA,NA,NA,NA,NA,NA,NA,NA,NA,NA,NA,NA,NA,NA,NA,NA,
361,vector0,NA,NA,NA,NA,NA,NA,NA,NA,NA,NA,NA,NA,NA,NA,NA,NA,NA,NA,NA,NA,NA,NA,NA,NA,NA,1.720606,2839,0.671515,0.009458,0.356364,0.005019,42.818031,0.393939,0.005548,38.733849,0.000000,0.251515,0.003542,0.032727,0.057576,0.000000,0.000000,0.000000,0.000000,0.118788,0.000000,
361,vector1,NA,NA,NA,NA,NA,NA,NA,NA,NA,NA,NA,NA,NA,NA,NA,NA,NA,NA,NA,NA,NA,NA,NA,NA,NA,1.700606,2806,0.671515,0.009458,0.315152,0.004439,48.417313,0.453333,0.006385,33.659092,0.000000,0.313939,0.004422,0.032727,0.057576,0.000000,0.000000,0.000000,0.000000,0.136970,0.000000,
362,cube0,0.344848,569,0.000000,0.000000,0.003030,0.000043,0.002424,0.000034,0.001212,0.000017,393.390656,0.000606,0.000009,0.000000,0.000000,0.294545,0.004149,0.031515,0.040000,0.000000,0.000000,0.000000,0.000000,0.113939,0.000000,NA,NA,NA,NA,NA,NA,NA,NA,NA,NA,NA,NA,NA,NA,NA,NA,NA,NA,NA,NA,NA,
362,vector0,NA,NA,NA,NA,NA,NA,NA,NA,NA,NA,NA,NA,NA,NA,NA,NA,NA,NA,NA,NA,NA,NA,NA,NA,NA,1.461212,2411,0.671515,0.009458,0.322424,0.004541,47.325195,0.244848,0.003449,62.319313,0.000000,0.344848,0.004857,0.032727,0.057576,0.000000,0.000000,0.000000,0.000000,0.129697,0.000000,
362,vector1,NA,NA,NA,NA,NA,NA,NA,NA,NA,NA,NA,NA,NA,NA,NA,NA,NA,NA,NA,NA,NA,NA,NA,NA,NA,1.503030,2480,0.671515,0.009458,0.354545,0.004994,43.037613,0.226667,0.003192,67.318184,0.000000,0.294545,0.004149,0.032727,0.057576,0.000000,0.000000,0.000000,0.000000,0.119394,0.000000,
363,cube0,0.293333,484,0.000000,0.000000,0.003030,0.000043,0.002424,0.000034,0.001212,0.000017,393.390656,0.000606,0.000009,0.000000,0.000000,0.241212,0.003397,0.031515,0.040000,0.000000,0.000000,0.000000,0.000000,0.146061,0.000000,NA,NA,NA,NA,NA,NA,NA,NA,NA,NA,NA,NA,NA,NA,NA,NA,NA,NA,NA,NA,NA,
363,vector0,NA,NA,NA,NA,NA,NA,NA,NA,NA,NA,NA,NA,NA,NA,NA,NA,NA,NA,NA,NA,NA,NA,NA,NA,NA,1.656364,2733,0.671515,0.009458,0.306667,0.004319,49.756920,0.378182,0.005327,40.347763,0.000000,0.338182,0.004763,0.032727,0.057576,0.000000,0.000000,0.000000,0.000000,0.103030,0.000000,
363,vector1,NA,NA,NA,NA,NA,NA,NA,NA,NA,NA,NA,NA,NA,NA,NA,NA,NA,NA,NA,NA,NA,NA,NA,NA,NA,1.735152,2863,0.671515,0.009458,0.377576,0.005318,40.412521,0.418182,0.005890,36.488411,0.000000,0.258788,0.003645,0.032727,0.057576,0.000000,0.000000,0.000000,0.000000,0.112121,0.000000,
364,cube0,0.366667,605,0.000000,0.000000,0.003030,0.000043,0.002424,0.000034,0.001212,0.000017,393.390656,0.000606,0.000009,0.000000,0.000000,0.312121,0.004396,0.031515,0.040000,0.000000,0.000000,0.000000,0.000000,0.114545,0.000000,NA,NA,NA,NA,NA,NA,NA,NA,NA,NA,NA,NA,NA,NA,NA,NA,NA,NA,NA,NA,NA,
364,vector0,NA,NA,NA,NA,NA,NA,NA,NA,NA,NA,NA,NA,NA,NA,NA,NA,NA,NA,NA,NA,NA,NA,NA,NA,NA,1.508485,2489,0.671515,0.009458,0.412121,0.005805,37.025002,0.288485,0.004063,52.892860,0.000000,0.291515,0.004106,0.032727,0.057576,0.000000,0.000000,0.000000,0.000000,0.134545,0.000000,
364,vector1,NA,NA,NA,NA,NA,NA,NA,NA,NA,NA,NA,NA,NA,NA,NA,NA,NA,NA,NA,NA,NA,NA,NA,NA,NA,1.834545,3027,0.671515,0.009458,0.568485,0.008007,26.841152,0.247273,0.003483,61.708336,0.000000,0.265455,0.003739,0.032727,0.057576,0.000000,0.000000,0.000000,0.000000,0.114545,0.000000,
365,cube0,0.320000,528,0.000000,0.000000,0.003030,0.000043,0.002424,0.000034,0.001212,0.000017,393.390656,0.000606,0.000009,0.000000,0.000000,0.261212,0.003679,0.031515,0.040000,0.000000,0.000000,0.000000,0.000000,0.122424,0.000000,NA,NA,NA,NA,NA,NA,NA,NA,NA,NA,NA,NA,NA,NA,NA,NA,NA,NA,NA,NA,NA,
365,vector0,NA,NA,NA,NA,NA,NA,NA,NA,NA,NA,NA,NA,NA,NA,NA,NA,NA,NA,NA,NA,NA,NA,NA,NA,NA,1.632121,2693,0.671515,0.009458,0.331515,0.004669,46.027424,0.526061,0.007409,29.005764,0.000000,0.323636,0.004558,0.032727,0.057576,0.000000,0.000000,0.000000,0.000000,0.137576,0.000000,
365,vector1,NA,NA,NA,NA,NA,NA,NA,NA,NA,NA,NA,NA,NA,NA,NA,NA,NA,NA,NA,NA,NA,NA,NA,NA,NA,1.549091,2556,0.671515,0.009458,0.443636,0.006248,34.394814,0.376970,0.005309,40.477497,0.000000,0.296970,0.004183,0.032727,0.057576,0.000000,0.000000,0.000000,0.000000,0.096970,0.000000,
366,cube0,0.312727,516,0.000000,0.000000,0.003030,0.000043,0.002424,0.000034,0.001212,0.000017,393.390656,0.000606,0.000009,0.000000,0.000000,0.273939,0.003858,0.031515,0.040000,0.000000,0.000000,0.000000,0.000000,0.116970,0.000000,NA,NA,NA,NA,NA,NA,NA,NA,NA,NA,NA,NA,NA,NA,NA,NA,NA,NA,NA,NA,NA,
366,vector0,NA,NA,NA,NA,NA,NA,NA,NA,NA,NA,NA,NA,NA,NA,NA,NA,NA,NA,NA,NA,NA,NA,NA,NA,NA,1.417576,2339,0.671515,0.009458,0.287273,0.004046,53.116043,0.224848,0.003167,67.862541,0.000000,0.312121,0.004396,0.032727,0.057576,0.000000,0.000000,0.000000,0.000000,0.115758,0.000000,
366,vector1,NA,NA,NA,NA,NA,NA,NA,NA,NA,NA,NA,NA,NA,NA,NA,NA,NA,NA,NA,NA,NA,NA,NA,NA,NA,1.398788,2308,0.671515,0.009458,0.313333,0.004413,48.698265,0.229091,0.003227,66.605827,0.000000,0.281818,0.003969,0.032727,0.057576,0.000000,0.000000,0.000000,0.000000,0.098788,0.000000,
367,cube0,0.342424,565,0.000000,0.000000,0.003030,0.000043,0.002424,0.000034,0.001212,0.000017,393.390656,0.000606,0.000009,0.000000,0.000000,0.300000,0.004225,0.031515,0.040000,0.000000,0.000000,0.000000,0.000000,0.130303,0.000000,NA,NA,NA,NA,NA,NA,NA,NA,NA,NA,NA,NA,NA,NA,NA,NA,NA,NA,NA,NA,NA,
367,vector0,NA,NA,NA,NA,NA,NA,NA,NA,NA,NA,NA,NA,NA,NA,NA,NA,NA,NA,NA,NA,NA,NA,NA,NA,NA,1.524242,2515,0.671515,0.009458,0.231515,0.003261,65.908379,0.333333,0.004695,45.776367,0.000000,0.276364,0.003892,0.032727,0.057576,0.000000,0.000000,0.000000,0.000000,0.146061,0.000000,
367,vector1,NA,NA,NA,NA,NA,NA,NA,NA,NA,NA,NA,NA,NA,NA,NA,NA,NA,NA,NA,NA,NA,NA,NA,NA,NA,1.558788,2572,0.671515,0.009458,0.178788,0.002518,85.345772,0.423636,0.005967,36.018600,0.000000,0.281212,0.003961,0.032727,0.057576,0.000000,0.000000,0.000000,0.000000,0.116970,0.000000,
368,cube0,0.315152,520,0.000000,0.000000,0.003030,0.000043,0.002424,0.000034,0.001212,0.000017,393.390656,0.000606,0.000009,0.000000,0.000000,0.268485,0.003781,0.031515,0.040000,0.000000,0.000000,0.000000,0.000000,0.133333,0.000000,NA,NA,NA,NA,NA,NA,NA,NA,NA,NA,NA,NA,NA,NA,NA,NA,NA,NA,NA,NA,NA,
368,vector0,NA,NA,NA,NA,NA,NA,NA,NA,NA,NA,NA,NA,NA,NA,NA,NA,NA,NA,NA,NA,NA,NA,NA,NA,NA,1.454545,2400,0.671515,0.009458,0.342424,0.004823,44.561066,0.250909,0.003534,60.814014,0.000000,0.323030,0.004550,0.032727,0.057576,0.000000,0.000000,0.000000,0.000000,0.113939,0.000000,
368,vector1,NA,NA,NA,NA,NA,NA,NA,NA,NA,NA,NA,NA,NA,NA,NA,NA,NA,NA,NA,NA,NA,NA,NA,NA,NA,1.548485,2555,0.671515,0.009458,0.449697,0.006334,33.931271,0.237576,0.003346,64.227043,0.000000,0.302424,0.004259,0.032727,0.057576,0.000000,0.000000,0.000000,0.000000,0.113333,0.000000,
369,cube0,0.349697,577,0.000000,0.000000,0.003030,0.000043,0.002424,0.000034,0.001212,0.000017,393.390656,0.000606,0.000009,0.000000,0.000000,0.302424,0.004259,0.031515,0.040000,0.000000,0.000000,0.000000,0.000000,0.120606,0.000000,NA,NA,NA,NA,NA,NA,NA,NA,NA,NA,NA,NA,NA,NA,NA,NA,NA,NA,NA,NA,NA,
369,vector0,NA,NA,NA,NA,NA,NA,NA,NA,NA,NA,NA,NA,NA,NA,NA,NA,NA,NA,NA,NA,NA,NA,NA,NA,NA,1.515758,2501,0.671515,0.009458,0.246667,0.003474,61.859951,0.543636,0.007657,28.068007,0.000000,0.266667,0.003756,0.032727,0.057576,0.000000,0.000000,0.000000,0.000000,0.121212,0.000000,
369,vector1,NA,NA,NA,NA,NA,NA,NA,NA,NA,NA,NA,NA,NA,NA,NA,NA,NA,NA,NA,NA,NA,NA,NA,NA,NA,1.665455,2748,0.671515,0.009458,0.264848,0.003730,57.613281,0.458788,0.006462,33.258919,0.000000,0.299394,0.004217,0.032727,0.057576,0.000000,0.000000,0.000000,0.000000,0.114545,0.000000,
370,cube0,0.329091,543,0.000000,0.000000,0.003030,0.000043,0.002424,0.000034,0.001212,0.000017,393.390656,0.000606,0.000009,0.000000,0.000000,0.278182,0.003918,0.031515,0.040000,0.000000,0.000000,0.000000,0.000000,0.138788,0.000000,NA,NA,NA,NA,NA,NA,NA,NA,NA,NA,NA,NA,NA,NA,NA,NA,NA,NA,NA,NA,NA,
370,vector0,NA,NA,NA,NA,NA,NA,NA,NA,NA,NA,NA,NA,NA,NA,NA,NA,NA,NA,NA,NA,NA,NA,NA,NA,NA,1.522424,2512,0.671515,0.009458,0.409697,0.005770,37.244083,0.243030,0.003423,62.785545,0.000000,0.297576,0.004191,0.032727,0.057576,0.000000,0.000000,0.000000,0.000000,0.127879,0.000000,
370,vector1,NA,NA,NA,NA,NA,NA,NA,NA,NA,NA,NA,NA,NA,NA,NA,NA,NA,NA,NA,NA,NA,NA,NA,NA,NA,1.912121,3155,0.671515,0.009458,0.538182,0.007580,28.352478,0.225455,0.003175,67.680115,0.000000,0.333333,0.004695,0.032727,0.057576,0.000000,0.000000,0.000000,0.000000,0.114545,0.000000,
371,cube0,0.373333,616,0.000000,0.000000,0.003030,0.000043,0.002424,0.000034,0.001212,0.000017,393.390656,0.000606,0.000009,0.000000,0.000000,0.319394,0.004499,0.031515,0.040000,0.000000,0.000000,0.000000,0.000000,0.132727,0.000000,NA,NA,NA,NA,NA,NA,NA,NA,NA,NA,NA,NA,NA,NA,NA,NA,NA,NA,NA,NA,NA,
371,vector0,NA,NA,NA,NA,NA,NA,NA,NA,NA,NA,NA,NA,NA,NA,NA,NA,NA,NA,NA,NA,NA,NA,NA,NA,NA,1.592121,2627,0.671515,0.009458,0.337576,0.004755,45.201077,0.430303,0.006061,35.460564,0.000000,0.271515,0.003824,0.032727,0.057576,0.000000,0.000000,0.000000,0.000000,0.104242,0.000000,
371,vector1,NA,NA,NA,NA,NA,NA,NA,NA,NA,NA,NA,NA,NA,NA,NA,NA,NA,NA,NA,NA,NA,NA,NA,NA,NA,1.507273,2487,0.671515,0.009458,0.430909,0.006069,35.410690,0.469091,0.006607,32.528427,0.000000,0.270303,0.003807,0.032727,0.057576,0.000000,0.000000,0.000000,0.000000,0.110909,0.000000,
372,cube0,0.307273,507,0.000000,0.000000,0.003030,0.000043,0.002424,0.000034,0.001212,0.000017,393.390656,0.000606,0.000009,0.000000,0.000000,0.271515,0.003824,0.031515,0.040000,0.000000,0.000000,0.000000,0.000000,0.135758,0.000000,NA,NA,NA,NA,NA,NA,NA,NA,NA,NA,NA,NA,NA,NA,NA,NA,NA,NA,NA,NA,NA,
372,vector0,NA,NA,NA,NA,NA,NA,NA,NA,NA,NA,NA,NA,NA,NA,NA,NA,NA,NA,NA,NA,NA,NA,NA,NA,NA,2.032121,3353,0.671515,0.009458,0.626061,0.008818,24.372702,0.229697,0.003235,66.430084,0.000000,0.295152,0.004157,0.032727,0.057576,0.000000,0.000000,0.000000,0.000000,0.119394,0.000000,
372,vector1,NA,NA,NA,NA,NA,NA,NA,NA,NA,NA,NA,NA,NA,NA,NA,NA,NA,NA,NA,NA,NA,NA,NA,NA,NA,1.369091,2259,0.671515,0.009458,0.283030,0.003986,53.912209,0.253333,0.003568,60.232063,0.000000,0.264848,0.003730,0.032727,0.057576,0.000000,0.000000,0.000000,0.000000,0.107879,0.000000,
373,cube0,0.310303,512,0.000000,0.000000,0.003030,0.000043,0.002424,0.000034,0.001212,0.000017,393.390656,0.000606,0.000009,0.000000,0.000000,0.270303,0.003807,0.031515,0.040000,0.000000,0.000000,0.000000,0.000000,0.103636,0.000000,NA,NA,NA,NA,NA,NA,NA,NA,NA,NA,NA,NA,NA,NA,NA,NA,NA,NA,NA,NA,NA,
373,vector0,NA,NA,NA,NA,NA,NA,NA,NA,NA,NA,NA,NA,NA,NA,NA,NA,NA,NA,NA,NA,NA,NA,NA,NA,NA,1.526061,2518,0.671515,0.009458,0.423030,0.005958,36.070202,0.361818,0.005096,42.172531,0.000000,0.294545,0.004149,0.032727,0.057576,0.000000,0.000000,0.000000,0.000000,0.098788,0.000000,
373,vector1,NA,NA,NA,NA,NA,NA,NA,NA,NA,NA,NA,NA,NA,NA,NA,NA,NA,NA,NA,NA,NA,NA,NA,NA,NA,1.569697,2590,0.671515,0.009458,0.230303,0.003244,66.255272,0.520606,0.007332,29.309666,0.000000,0.311515,0.004388,0.032727,0.057576,0.000000,0.000000,0.000000,0.000000,0.092121,0.000000,
374,cube0,0.320606,529,0.000000,0.000000,0.003030,0.000043,0.002424,0.000034,0.001212,0.000017,393.390656,0.000606,0.000009,0.000000,0.000000,0.271515,0.003824,0.031515,0.040000,0.000000,0.000000,0.000000,0.000000,0.123030,0.000000,NA,NA,NA,NA,NA,NA,NA,NA,NA,NA,NA,NA,NA,NA,NA,NA,NA,NA,NA,NA,NA,
374,vector0,NA,NA,NA,NA,NA,NA,NA,NA,NA,NA,NA,NA,NA,NA,NA,NA,NA,NA,NA,NA,NA,NA,NA,NA,NA,1.512121,2495,0.671515,0.009458,0.420000,0.005915,36.330452,0.561212,0.007904,27.188988,0.000000,0.286061,0.004029,0.032727,0.057576,0.000000,0.000000,0.000000,0.000000,0.117576,0.000000,
374,vector1,NA,NA,NA,NA,NA,NA,NA,NA,NA,NA,NA,NA,NA,NA,NA,NA,NA,NA,NA,NA,NA,NA,NA,NA,NA,1.535758,2534,0.671515,0.009458,0.435758,0.006137,35.016693,0.386061,0.005437,39.524334,0.000000,0.316364,0.004456,0.032727,0.057576,0.000000,0.000000,0.000000,0.000000,0.133333,0.000000,
375,cube0,0.351515,580,0.000000,0.000000,0.003030,0.000043,0.002424,0.000034,0.001212,0.000017,393.390656,0.000606,0.000009,0.000000,0.000000,0.300000,0.004225,0.031515,0.040000,0.000000,0.000000,0.000000,0.000000,0.102424,0.000000,NA,NA,NA,NA,NA,NA,NA,NA,NA,NA,NA,NA,NA,NA,NA,NA,NA,NA,NA,NA,NA,
375,vector0,NA,NA,NA,NA,NA,NA,NA,NA,NA,NA,NA,NA,NA,NA,NA,NA,NA,NA,NA,NA,NA,NA,NA,NA,NA,1.601818,2643,0.671515,0.009458,0.286667,0.004038,53.228333,0.224848,0.003167,67.862541,0.000000,0.333333,0.004695,0.032727,0.057576,0.000000,0.000000,0.000000,0.000000,0.120606,0.000000,
375,vector1,NA,NA,NA,NA,NA,NA,NA,NA,NA,NA,NA,NA,NA,NA,NA,NA,NA,NA,NA,NA,NA,NA,NA,NA,NA,1.761818,2907,0.671515,0.009458,0.310303,0.004370,49.173832,0.522424,0.007358,29.207661,0.000000,0.346667,0.004883,0.032727,0.057576,0.000000,0.000000,0.000000,0.000000,0.103030,0.000000,
376,cube0,0.345455,570,0.000000,0.000000,0.003030,0.000043,0.002424,0.000034,0.001212,0.000017,393.390656,0.000606,0.000009,0.000000,0.000000,0.304848,0.004294,0.031515,0.040000,0.000000,0.000000,0.000000,0.000000,0.132727,0.000000,NA,NA,NA,NA,NA,NA,NA,NA,NA,NA,NA,NA,NA,NA,NA,NA,NA,NA,NA,NA,NA,
376,vector0,NA,NA,NA,NA,NA,NA,NA,NA,NA,NA,NA,NA,NA,NA,NA,NA,NA,NA,NA,NA,NA,NA,NA,NA,NA,1.755152,2896,0.671515,0.009458,0.430909,0.006069,35.410690,0.234545,0.003303,65.056854,0.000000,0.292727,0.004123,0.032727,0.057576,0.000000,0.000000,0.000000,0.000000,0.129697,0.000000,
376,vector1,NA,NA,NA,NA,NA,NA,NA,NA,NA,NA,NA,NA,NA,NA,NA,NA,NA,NA,NA,NA,NA,NA,NA,NA,NA,1.465455,2418,0.671515,0.009458,0.369091,0.005198,41.341545,0.241818,0.003406,63.100258,0.000000,0.295152,0.004157,0.032727,0.057576,0.000000,0.000000,0.000000,0.000000,0.130303,0.000000,
377,cube0,0.305455,504,0.000000,0.000000,0.003030,0.000043,0.002424,0.000034,0.001212,0.000017,393.390656,0.000606,0.000009,0.000000,0.000000,0.261818,0.003688,0.031515,0.040000,0.000000,0.000000,0.000000,0.000000,0.110909,0.000000,NA,NA,NA,NA,NA,NA,NA,NA,NA,NA,NA,NA,NA,NA,NA,NA,NA,NA,NA,NA,NA,
377,vector0,NA,NA,NA,NA,NA,NA,NA,NA,NA,NA,NA,NA,NA,NA,NA,NA,NA,NA,NA,NA,NA,NA,NA,NA,NA,1.744242,2878,0.671515,0.009458,0.421818,0.005941,36.173855,0.381818,0.005378,39.963493,0.000000,0.296364,0.004174,0.032727,0.057576,0.000000,0.000000,0.000000,0.000000,0.110303,0.000000,
377,vector1,NA,NA,NA,NA,NA,NA,NA,NA,NA,NA,NA,NA,NA,NA,NA,NA,NA,NA,NA,NA,NA,NA,NA,NA,NA,1.594545,2631,0.671515,0.009458,0.240000,0.003380,63.578293,0.378182,0.005327,40.347763,0.000000,0.304242,0.004285,0.032727,0.057576,0.000000,0.000000,0.000000,0.000000,0.143636,0.000000,
378,cube0,0.361212,596,0.000000,0.000000,0.003030,0.000043,0.002424,0.000034,0.001212,0.000017,393.390656,0.000606,0.000009,0.000000,0.000000,0.309091,0.004353,0.031515,0.040000,0.000000,0.000000,0.000000,0.000000,0.118788,0.000000,NA,NA,NA,NA,NA,NA,NA,NA,NA,NA,NA,NA,NA,NA,NA,NA,NA,NA,NA,NA,NA,
378,vector0,NA,NA,NA,NA,NA,NA,NA,NA,NA,NA,NA,NA,NA,NA,NA,NA,NA,NA,NA,NA,NA,NA,NA,NA,NA,1.532121,2528,0.671515,0.009458,0.431515,0.006078,35.360958,0.500606,0.007051,30.480633,0.000000,0.285455,0.004020,0.032727,0.057576,0.000000,0.000000,0.000000,0.000000,0.112727,0.000000,
378,vector1,NA,NA,NA,NA,NA,NA,NA,NA,NA,NA,NA,NA,NA,NA,NA,NA,NA,NA,NA,NA,NA,NA,NA,NA,NA,1.452727,2397,0.671515,0.009458,0.341212,0.004806,44.719364,0.233939,0.003295,65.225395,0.000000,0.299394,0.004217,0.032727,0.057576,0.000000,0.000000,0.000000,0.000000,0.123030,0.000000,
379,cube0,0.351515,580,0.000000,0.000000,0.003030,0.000043,0.002424,0.000034,0.001212,0.000017,393.390656,0.000606,0.000009,0.000000,0.000000,0.297576,0.004191,0.031515,0.040000,0.000000,0.000000,0.000000,0.000000,0.138182,0.000000,NA,NA,NA,NA,NA,NA,NA,NA,NA,NA,NA,NA,NA,NA,NA,NA,NA,NA,NA,NA,NA,
379,vector0,NA,NA,NA,NA,NA,NA,NA,NA,NA,NA,NA,NA,NA,NA,NA,NA,NA,NA,NA,NA,NA,NA,NA,NA,NA,1.660000,2739,0.671515,0.009458,0.282424,0.003978,54.027901,0.234545,0.003303,65.056854,0.000000,0.302424,0.004259,0.032727,0.057576,0.000000,0.000000,0.000000,0.000000,0.112727,0.000000,
379,vector1,NA,NA,NA,NA,NA,NA,NA,NA,NA,NA,NA,NA,NA,NA,NA,NA,NA,NA,NA,NA,NA,NA,NA,NA,NA,1.481818,2445,0.671515,0.009458,0.207879,0.002928,73.402344,0.523636,0.007375,29.140049,0.000000,0.280000,0.003944,0.032727,0.057576,0.000000,0.000000,0.000000,0.000000,0.123030,0.000000,
380,cube0,0.348485,575,0.000000,0.000000,0.003030,0.000043,0.002424,0.000034,0.001212,0.000017,393.390656,0.000606,0.000009,0.000000,0.000000,0.306061,0.004311,0.031515,0.040000,0.000000,0.000000,0.000000,0.000000,0.108485,0.000000,NA,NA,NA,NA,NA,NA,NA,NA,NA,NA,NA,NA,NA,NA,NA,NA,NA,NA,NA,NA,NA,
380,vector0,NA,NA,NA,NA,NA,NA,NA,NA,NA,NA,NA,NA,NA,NA,NA,NA,NA,NA,NA,NA,NA,NA,NA,NA,NA,1.557576,2570,0.671515,0.009458,0.444848,0.006265,34.301094,0.243636,0.003431,62.629356,0.000000,0.316364,0.004456,0.032727,0.057576,0.000000,0.000000,0.000000,0.000000,0.120606,0.000000,
380,vector1,NA,NA,NA,NA,NA,NA,NA,NA,NA,NA,NA,NA,NA,NA,NA,NA,NA,NA,NA,NA,NA,NA,NA,NA,NA,1.538788,2539,0.671515,0.009458,0.422424,0.005950,36.121952,0.242424,0.003414,62.942505,0.000000,0.307879,0.004336,0.032727,0.057576,0.000000,0.000000,0.000000,0.000000,0.162424,0.000000,
381,cube0,0.289697,478,0.000000,0.000000,0.003030,0.000043,0.002424,0.000034,0.001212,0.000017,393.390656,0.000606,0.000009,0.000000,0.000000,0.244242,0.003440,0.031515,0.040000,0.000000,0.000000,0.000000,0.000000,0.140000,0.000000,NA,NA,NA,NA,NA,NA,NA,NA,NA,NA,NA,NA,NA,NA,NA,NA,NA,NA,NA,NA,NA,
381,vector0,NA,NA,NA,NA,NA,NA,NA,NA,NA,NA,NA,NA,NA,NA,NA,NA,NA,NA,NA,NA,NA,NA,NA,NA,NA,1.727879,2851,0.671515,0.009458,0.315758,0.004447,48.324383,0.436970,0.006155,34.919556,0.000000,0.252727,0.003560,0.032727,0.057576,0.000000,0.000000,0.000000,0.000000,0.121212,0.000000,
381,vector1,NA,NA,NA,NA,NA,NA,NA,NA,NA,NA,NA,NA,NA,NA,NA,NA,NA,NA,NA,NA,NA,NA,NA,NA,NA,1.634545,2697,0.671515,0.009458,0.238788,0.003363,63.901016,0.482424,0.006795,31.629398,0.000000,0.315152,0.004439,0.032727,0.057576,0.000000,0.000000,0.000000,0.000000,0.139394,0.000000,
382,cube0,0.344848,569,0.000000,0.000000,0.003030,0.000043,0.002424,0.000034,0.001212,0.000017,393.390656,0.000606,0.000009,0.000000,0.000000,0.294545,0.004149,0.031515,0.040000,0.000000,0.000000,0.000000,0.000000,0.113333,0.000000,NA,NA,NA,NA,NA,NA,NA,NA,NA,NA,NA,NA,NA,NA,NA,NA,NA,NA,NA,NA,NA,
382,vector0,NA,NA,NA,NA,NA,NA,NA,NA,NA,NA,NA,NA,NA,NA,NA,NA,NA,NA,NA,NA,NA,NA,NA,NA,NA,1.666667,2750,0.671515,0.009458,0.504848,0.007111,30.224491,0.233939,0.003295,65.225395,0.000000,0.339394,0.004780,0.032727,0.057576,0.000000,0.000000,0.000000,0.000000,0.135758,0.000000,
382,vector1,NA,NA,NA,NA,NA,NA,NA,NA,NA,NA,NA,NA,NA,NA,NA,NA,NA,NA,NA,NA,NA,NA,NA,NA,NA,1.590303,2624,0.671515,0.009458,0.446061,0.006283,34.207882,0.239394,0.003372,63.739246,0.000000,0.295758,0.004166,0.032727,0.057576,0.000000,0.000000,0.000000,0.000000,0.146061,0.000000,
383,cube0,0.292121,482,0.000000,0.000000,0.003030,0.000043,0.002424,0.000034,0.001212,0.000017,393.390656,0.000606,0.000009,0.000000,0.000000,0.239394,0.003372,0.031515,0.040000,0.000000,0.000000,0.000000,0.000000,0.143636,0.000000,NA,NA,NA,NA,NA,NA,NA,NA,NA,NA,NA,NA,NA,NA,NA,NA,NA,NA,NA,NA,NA,
383,vector0,NA,NA,NA,NA,NA,NA,NA,NA,NA,NA,NA,NA,NA,NA,NA,NA,NA,NA,NA,NA,NA,NA,NA,NA,NA,1.725455,2847,0.671515,0.009458,0.389697,0.005489,39.155525,0.506061,0.007128,30.152098,0.000000,0.342424,0.004823,0.032727,0.057576,0.000000,0.000000,0.000000,0.000000,0.101212,0.000000,
383,vector1,NA,NA,NA,NA,NA,NA,NA,NA,NA,NA,NA,NA,NA,NA,NA,NA,NA,NA,NA,NA,NA,NA,NA,NA,NA,1.827273,3015,0.671515,0.009458,0.426667,0.006009,35.762787,0.383030,0.005395,39.837029,0.000000,0.257576,0.003628,0.032727,0.057576,0.000000,0.000000,0.000000,0.000000,0.112727,0.000000,
384,cube0,0.367273,606,0.000000,0.000000,0.003030,0.000043,0.002424,0.000034,0.001212,0.000017,393.390656,0.000606,0.000009,0.000000,0.000000,0.312121,0.004396,0.031515,0.040000,0.000000,0.000000,0.000000,0.000000,0.115758,0.000000,NA,NA,NA,NA,NA,NA,NA,NA,NA,NA,NA,NA,NA,NA,NA,NA,NA,NA,NA,NA,NA,
384,vector0,NA,NA,NA,NA,NA,NA,NA,NA,NA,NA,NA,NA,NA,NA,NA,NA,NA,NA,NA,NA,NA,NA,NA,NA,NA,1.890303,3119,0.671515,0.009458,0.478788,0.006743,31.869623,0.235758,0.003321,64.722374,0.000000,0.290303,0.004089,0.032727,0.057576,0.000000,0.000000,0.000000,0.000000,0.141818,0.000000,
384,vector1,NA,NA,NA,NA,NA,NA,NA,NA,NA,NA,NA,NA,NA,NA,NA,NA,NA,NA,NA,NA,NA,NA,NA,NA,NA,1.838182,3033,0.671515,0.009458,0.458182,0.006453,33.302914,0.269091,0.003790,56.704956,0.000000,0.263636,0.003713,0.032727,0.057576,0.000000,0.000000,0.000000,0.000000,0.118182,0.000000,
385,cube0,0.321212,530,0.000000,0.000000,0.003030,0.000043,0.002424,0.000034,0.001212,0.000017,393.390656,0.000606,0.000009,0.000000,0.000000,0.263636,0.003713,0.031515,0.040000,0.000000,0.000000,0.000000,0.000000,0.121818,0.000000,NA,NA,NA,NA,NA,NA,NA,NA,NA,NA,NA,NA,NA,NA,NA,NA,NA,NA,NA,NA,NA,
385,vector0,NA,NA,NA,NA,NA,NA,NA,NA,NA,NA,NA,NA,NA,NA,NA,NA,NA,NA,NA,NA,NA,NA,NA,NA,NA,1.498182,2472,0.671515,0.009458,0.318788,0.004490,47.865025,0.429091,0.006044,35.560738,0.000000,0.329091,0.004635,0.032727,0.057576,0.000000,0.000000,0.000000,0.000000,0.139394,0.000000,
385,vector1,NA,NA,NA,NA,NA,NA,NA,NA,NA,NA,NA,NA,NA,NA,NA,NA,NA,NA,NA,NA,NA,NA,NA,NA,NA,1.423636,2349,0.671515,0.009458,0.306667,0.004319,49.756920,0.403636,0.005685,37.803307,0.000000,0.301212,0.004242,0.032727,0.057576,0.000000,0.000000,0.000000,0.000000,0.098788,0.000000,
386,cube0,0.312727,516,0.000000,0.000000,0.003030,0.000043,0.002424,0.000034,0.001212,0.000017,393.390656,0.000606,0.000009,0.000000,0.000000,0.274545,0.003867,0.031515,0.040000,0.000000,0.000000,0.000000,0.000000,0.118182,0.000000,NA,NA,NA,NA,NA,NA,NA,NA,NA,NA,NA,NA,NA,NA,NA,NA,NA,NA,NA,NA,NA,
386,vector0,NA,NA,NA,NA,NA,NA,NA,NA,NA,NA,NA,NA,NA,NA,NA,NA,NA,NA,NA,NA,NA,NA,NA,NA,NA,1.649091,2721,0.671515,0.009458,0.359394,0.005062,42.457001,0.250303,0.003525,60.961266,0.000000,0.293333,0.004131,0.032727,0.057576,0.000000,0.000000,0.000000,0.000000,0.121212,0.000000,
386,vector1,NA,NA,NA,NA,NA,NA,NA,NA,NA,NA,NA,NA,NA,NA,NA,NA,NA,NA,NA,NA,NA,NA,NA,NA,NA,1.607879,2653,0.671515,0.009458,0.427273,0.006018,35.712059,0.226061,0.003184,67.498672,0.000000,0.280606,0.003952,0.032727,0.057576,0.000000,0.000000,0.000000,0.000000,0.105455,0.000000,
387,cube0,0.340606,562,0.000000,0.000000,0.003030,0.000043,0.002424,0.000034,0.001212,0.000017,393.390656,0.000606,0.000009,0.000000,0.000000,0.299394,0.004217,0.031515,0.040000,0.000000,0.000000,0.000000,0.000000,0.130303,0.000000,NA,NA,NA,NA,NA,NA,NA,NA,NA,NA,NA,NA,NA,NA,NA,NA,NA,NA,NA,NA,NA,
387,vector0,NA,NA,NA,NA,NA,NA,NA,NA,NA,NA,NA,NA,NA,NA,NA,NA,NA,NA,NA,NA,NA,NA,NA,NA,NA,1.603030,2645,0.671515,0.009458,0.313333,0.004413,48.698265,0.341212,0.004806,44.719364,0.000000,0.281212,0.003961,0.032727,0.057576,0.000000,0.000000,0.000000,0.000000,0.146667,0.000000,
387,vector1,NA,NA,NA,NA,NA,NA,NA,NA,NA,NA,NA,NA,NA,NA,NA,NA,NA,NA,NA,NA,NA,NA,NA,NA,NA,1.561818,2577,0.671515,0.009458,0.276364,0.003892,55.212727,0.438182,0.006172,34.822964,0.000000,0.281818,0.003969,0.032727,0.057576,0.000000,0.000000,0.000000,0.000000,0.122424,0.000000,
388,cube0,0.316364,522,0.000000,0.000000,0.003030,0.000043,0.002424,0.000034,0.001212,0.000017,393.390656,0.000606,0.000009,0.000000,0.000000,0.270303,0.003807,0.031515,0.040000,0.000000,0.000000,0.000000,0.000000,0.131515,0.000000,NA,NA,NA,NA,NA,NA,NA,NA,NA,NA,NA,NA,NA,NA,NA,NA,NA,NA,NA,NA,NA,
388,vector0,NA,NA,NA,NA,NA,NA,NA,NA,NA,NA,NA,NA,NA,NA,NA,NA,NA,NA,NA,NA,NA,NA,NA,NA,NA,1.533333,2530,0.671515,0.009458,0.391515,0.005514,38.973686,0.236364,0.003329,64.556412,0.000000,0.322424,0.004541,0.032727,0.057576,0.000000,0.000000,0.000000,0.000000,0.112121,0.000000,
388,vector1,NA,NA,NA,NA,NA,NA,NA,NA,NA,NA,NA,NA,NA,NA,NA,NA,NA,NA,NA,NA,NA,NA,NA,NA,NA,1.401818,2313,0.671515,0.009458,0.295758,0.004166,51.592220,0.253333,0.003568,60.232063,0.000000,0.301212,0.004242,0.032727,0.057576,0.000000,0.000000,0.000000,0.000000,0.112727,0.000000,
389,cube0,0.350909,579,0.000000,0.000000,0.003030,0.000043,0.002424,0.000034,0.001212,0.000017,393.390656,0.000606,0.000009,0.000000,0.000000,0.303030,0.004268,0.031515,0.040000,0.000000,0.000000,0.000000,0.000000,0.116970,0.000000,NA,NA,NA,NA,NA,NA,NA,NA,NA,NA,NA,NA,NA,NA,NA,NA,NA,NA,NA,NA,NA,
389,vector0,NA,NA,NA,NA,NA,NA,NA,NA,NA,NA,NA,NA,NA,NA,NA,NA,NA,NA,NA,NA,NA,NA,NA,NA,NA,1.578788,2605,0.671515,0.009458,0.297576,0.004191,51.276989,0.467273,0.006581,32.654999,0.000000,0.268485,0.003781,0.032727,0.057576,0.000000,0.000000,0.000000,0.000000,0.118788,0.000000,
389,vector1,NA,NA,NA,NA,NA,NA,NA,NA,NA,NA,NA,NA,NA,NA,NA,NA,NA,NA,NA,NA,NA,NA,NA,NA,NA,1.530909,2526,0.671515,0.009458,0.187273,0.002638,81.478966,0.392121,0.005523,38.913448,0.000000,0.301818,0.004251,0.032727,0.057576,0.000000,0.000000,0.000000,0.000000,0.110909,0.000000,
390,cube0,0.329091,543,0.000000,0.000000,0.003030,0.000043,0.002424,0.000034,0.001212,0.000017,393.390656,0.000606,0.000009,0.000000,0.000000,0.277576,0.003910,0.031515,0.040000,0.000000,0.000000,0.000000,0.000000,0.138788,0.000000,NA,NA,NA,NA,NA,NA,NA,NA,NA,NA,NA,NA,NA,NA,NA,NA,NA,NA,NA,NA,NA,
390,vector0,NA,NA,NA,NA,NA,NA,NA,NA,NA,NA,NA,NA,NA,NA,NA,NA,NA,NA,NA,NA,NA,NA,NA,NA,NA,1.413333,2332,0.671515,0.009458,0.295758,0.004166,51.592220,0.256970,0.003619,59.379723,0.000000,0.295758,0.004166,0.032727,0.057576,0.000000,0.000000,0.000000,0.000000,0.127273,0.000000,
390,vector1,NA,NA,NA,NA,NA,NA,NA,NA,NA,NA,NA,NA,NA,NA,NA,NA,NA,NA,NA,NA,NA,NA,NA,NA,NA,1.830303,3020,0.671515,0.009458,0.513333,0.007230,29.724915,0.248485,0.003500,61.407322,0.000000,0.330303,0.004652,0.032727,0.057576,0.000000,0.000000,0.000000,0.000000,0.112727,0.000000,
391,cube0,0.375152,619,0.000000,0.000000,0.003030,0.000043,0.002424,0.000034,0.001212,0.000017,393.390656,0.000606,0.000009,0.000000,0.000000,0.320606,0.004516,0.031515,0.040000,0.000000,0.000000,0.000000,0.000000,0.132727,0.000000,NA,NA,NA,NA,NA,NA,NA,NA,NA,NA,NA,NA,NA,NA,NA,NA,NA,NA,NA,NA,NA,
391,vector0,NA,NA,NA,NA,NA,NA,NA,NA,NA,NA,NA,NA,NA,NA,NA,NA,NA,NA,NA,NA,NA,NA,NA,NA,NA,1.466667,2420,0.671515,0.009458,0.259394,0.003653,58.824772,0.448485,0.006317,34.022980,0.000000,0.273939,0.003858,0.032727,0.057576,0.000000,0.000000,0.000000,0.000000,0.109697,0.000000,
391,vector1,NA,NA,NA,NA,NA,NA,NA,NA,NA,NA,NA,NA,NA,NA,NA,NA,NA,NA,NA,NA,NA,NA,NA,NA,NA,1.501818,2478,0.671515,0.009458,0.408485,0.005753,37.354603,0.500606,0.007051,30.480633,0.000000,0.272121,0.003833,0.032727,0.057576,0.000000,0.000000,0.000000,0.000000,0.112727,0.000000,
392,cube0,0.303636,501,0.000000,0.000000,0.003030,0.000043,0.002424,0.000034,0.001212,0.000017,393.390656,0.000606,0.000009,0.000000,0.000000,0.267273,0.003764,0.031515,0.040000,0.000000,0.000000,0.000000,0.000000,0.137576,0.000000,NA,NA,NA,NA,NA,NA,NA,NA,NA,NA,NA,NA,NA,NA,NA,NA,NA,NA,NA,NA,NA,
392,vector0,NA,NA,NA,NA,NA,NA,NA,NA,NA,NA,NA,NA,NA,NA,NA,NA,NA,NA,NA,NA,NA,NA,NA,NA,NA,1.513333,2497,0.671515,0.009458,0.425455,0.005992,35.864677,0.243030,0.003423,62.785545,0.000000,0.268485,0.003781,0.032727,0.057576,0.000000,0.000000,0.000000,0.000000,0.116970,0.000000,
392,vector1,NA,NA,NA,NA,NA,NA,NA,NA,NA,NA,NA,NA,NA,NA,NA,NA,NA,NA,NA,NA,NA,NA,NA,NA,NA,1.776364,2931,0.671515,0.009458,0.510909,0.007196,29.865957,0.238788,0.003363,63.901016,0.000000,0.301818,0.004251,0.032727,0.057576,0.000000,0.000000,0.000000,0.000000,0.107879,0.000000,
393,cube0,0.306667,506,0.000000,0.000000,0.003030,0.000043,0.002424,0.000034,0.001212,0.000017,393.390656,0.000606,0.000009,0.000000,0.000000,0.267273,0.003764,0.031515,0.040000,0.000000,0.000000,0.000000,0.000000,0.103030,0.000000,NA,NA,NA,NA,NA,NA,NA,NA,NA,NA,NA,NA,NA,NA,NA,NA,NA,NA,NA,NA,NA,
393,vector0,NA,NA,NA,NA,NA,NA,NA,NA,NA,NA,NA,NA,NA,NA,NA,NA,NA,NA,NA,NA,NA,NA,NA,NA,NA,1.610303,2657,0.671515,0.009458,0.360606,0.005079,42.314289,0.403030,0.005676,37.860153,0.000000,0.417576,0.005881,0.032727,0.057576,0.000000,0.000000,0.000000,0.000000,0.098182,0.000000,
393,vector1,NA,NA,NA,NA,NA,NA,NA,NA,NA,NA,NA,NA,NA,NA,NA,NA,NA,NA,NA,NA,NA,NA,NA,NA,NA,1.810909,2988,0.671515,0.009458,0.438788,0.006180,34.774864,0.476364,0.006709,32.031811,0.000000,0.276364,0.003892,0.032727,0.057576,0.000000,0.000000,0.000000,0.000000,0.092727,0.000000,
394,cube0,0.319394,527,0.000000,0.000000,0.003030,0.000043,0.002424,0.000034,0.001212,0.000017,393.390656,0.000606,0.000009,0.000000,0.000000,0.269697,0.003799,0.031515,0.040000,0.000000,0.000000,0.000000,0.000000,0.126061,0.000000,NA,NA,NA,NA,NA,NA,NA,NA,NA,NA,NA,NA,NA,NA,NA,NA,NA,NA,NA,NA,NA,
394,vector0,NA,NA,NA,NA,NA,NA,NA,NA,NA,NA,NA,NA,NA,NA,NA,NA,NA,NA,NA,NA,NA,NA,NA,NA,NA,1.510909,2493,0.671515,0.009458,0.415758,0.005856,36.701172,0.452121,0.006368,33.749336,0.000000,0.313939,0.004422,0.032727,0.057576,0.000000,0.000000,0.000000,0.000000,0.117576,0.000000,
394,vector1,NA,NA,NA,NA,NA,NA,NA,NA,NA,NA,NA,NA,NA,NA,NA,NA,NA,NA,NA,NA,NA,NA,NA,NA,NA,1.463636,2415,0.671515,0.009458,0.355152,0.005002,42.964169,0.333939,0.004703,45.693287,0.000000,0.342424,0.004823,0.032727,0.057576,0.000000,0.000000,0.000000,0.000000,0.136970,0.000000,
395,cube0,0.350909,579,0.000000,0.000000,0.003030,0.000043,0.002424,0.000034,0.001212,0.000017,393.390656,0.000606,0.000009,0.000000,0.000000,0.298788,0.004208,0.031515,0.040000,0.000000,0.000000,0.000000,0.000000,0.101212,0.000000,NA,NA,NA,NA,NA,NA,NA,NA,NA,NA,NA,NA,NA,NA,NA,NA,NA,NA,NA,NA,NA,
395,vector0,NA,NA,NA,NA,NA,NA,NA,NA,NA,NA,NA,NA,NA,NA,NA,NA,NA,NA,NA,NA,NA,NA,NA,NA,NA,1.530303,2525,0.671515,0.009458,0.175758,0.002475,86.817253,0.497576,0.007008,30.666262,0.000000,0.347879,0.004900,0.032727,0.057576,0.000000,0.000000,0.000000,0.000000,0.121818,0.000000,
395,vector1,NA,NA,NA,NA,NA,NA,NA,NA,NA,NA,NA,NA,NA,NA,NA,NA,NA,NA,NA,NA,NA,NA,NA,NA,NA,1.591515,2626,0.671515,0.009458,0.195758,0.002757,77.947372,0.349697,0.004925,43.634319,0.000000,0.296970,0.004183,0.032727,0.057576,0.000000,0.000000,0.000000,0.000000,0.104242,0.000000,
396,cube0,0.342424,565,0.000000,0.000000,0.003030,0.000043,0.002424,0.000034,0.001212,0.000017,393.390656,0.000606,0.000009,0.000000,0.000000,0.301818,0.004251,0.031515,0.040000,0.000000,0.000000,0.000000,0.000000,0.131515,0.000000,NA,NA,NA,NA,NA,NA,NA,NA,NA,NA,NA,NA,NA,NA,NA,NA,NA,NA,NA,NA,NA,
396,vector0,NA,NA,NA,NA,NA,NA,NA,NA,NA,NA,NA,NA,NA,NA,NA,NA,NA,NA,NA,NA,NA,NA,NA,NA,NA,1.550303,2558,0.671515,0.009458,0.467879,0.006590,32.612698,0.228485,0.003218,66.782494,0.000000,0.296970,0.004183,0.032727,0.057576,0.000000,0.000000,0.000000,0.000000,0.127273,0.000000,
396,vector1,NA,NA,NA,NA,NA,NA,NA,NA,NA,NA,NA,NA,NA,NA,NA,NA,NA,NA,NA,NA,NA,NA,NA,NA,NA,1.651515,2725,0.671515,0.009458,0.449091,0.006325,33.977062,0.238788,0.003363,63.901016,0.000000,0.293333,0.004131,0.032727,0.057576,0.000000,0.000000,0.000000,0.000000,0.129697,0.000000,
397,cube0,0.306667,506,0.000000,0.000000,0.003030,0.000043,0.002424,0.000034,0.001212,0.000017,393.390656,0.000606,0.000009,0.000000,0.000000,0.263636,0.003713,0.031515,0.040000,0.000000,0.000000,0.000000,0.000000,0.112121,0.000000,NA,NA,NA,NA,NA,NA,NA,NA,NA,NA,NA,NA,NA,NA,NA,NA,NA,NA,NA,NA,NA,
397,vector0,NA,NA,NA,NA,NA,NA,NA,NA,NA,NA,NA,NA,NA,NA,NA,NA,NA,NA,NA,NA,NA,NA,NA,NA,NA,1.630909,2691,0.671515,0.009458,0.330909,0.004661,46.111721,0.421212,0.005933,36.225899,0.000000,0.298788,0.004208,0.032727,0.057576,0.000000,0.000000,0.000000,0.000000,0.110303,0.000000,
397,vector1,NA,NA,NA,NA,NA,NA,NA,NA,NA,NA,NA,NA,NA,NA,NA,NA,NA,NA,NA,NA,NA,NA,NA,NA,NA,1.742424,2875,0.671515,0.009458,0.369697,0.005207,41.273773,0.453333,0.006385,33.659092,0.000000,0.301818,0.004251,0.032727,0.057576,0.000000,0.000000,0.000000,0.000000,0.146061,0.000000,
398,cube0,0.364242,601,0.000000,0.000000,0.003030,0.000043,0.002424,0.000034,0.001212,0.000017,393.390656,0.000606,0.000009,0.000000,0.000000,0.311515,0.004388,0.031515,0.040000,0.000000,0.000000,0.000000,0.000000,0.117576,0.000000,NA,NA,NA,NA,NA,NA,NA,NA,NA,NA,NA,NA,NA,NA,NA,NA,NA,NA,NA,NA,NA,
398,vector0,NA,NA,NA,NA,NA,NA,NA,NA,NA,NA,NA,NA,NA,NA,NA,NA,NA,NA,NA,NA,NA,NA,NA,NA,NA,1.524848,2516,0.671515,0.009458,0.433939,0.006112,35.163410,0.354545,0.004994,43.037613,0.000000,0.288485,0.004063,0.032727,0.057576,0.000000,0.000000,0.000000,0.000000,0.112727,0.000000,
398,vector1,NA,NA,NA,NA,NA,NA,NA,NA,NA,NA,NA,NA,NA,NA,NA,NA,NA,NA,NA,NA,NA,NA,NA,NA,NA,1.399394,2309,0.671515,0.009458,0.301818,0.004251,50.556229,0.244242,0.003440,62.473949,0.000000,0.305455,0.004302,0.032727,0.057576,0.000000,0.000000,0.000000,0.000000,0.128485,0.000000,
399,cube0,0.352121,581,0.000000,0.000000,0.003030,0.000043,0.002424,0.000034,0.001212,0.000017,393.390656,0.000606,0.000009,0.000000,0.000000,0.297576,0.004191,0.031515,0.040000,0.000000,0.000000,0.000000,0.000000,0.138788,0.000000,NA,NA,NA,NA,NA,NA,NA,NA,NA,NA,NA,NA,NA,NA,NA,NA,NA,NA,NA,NA,NA,
399,vector0,NA,NA,NA,NA,NA,NA,NA,NA,NA,NA,NA,NA,NA,NA,NA,NA,NA,NA,NA,NA,NA,NA,NA,NA,NA,1.563636,2580,0.671515,0.009458,0.207879,0.002928,73.402344,0.379394,0.005344,40.218853,0.000000,0.290909,0.004097,0.032727,0.057576,0.000000,0.000000,0.000000,0.000000,0.114545,0.000000,
399,vector1,NA,NA,NA,NA,NA,NA,NA,NA,NA,NA,NA,NA,NA,NA,NA,NA,NA,NA,NA,NA,NA,NA,NA,NA,NA,1.473333,2431,0.671515,0.009458,0.180606,0.002544,84.486580,0.417576,0.005881,36.541370,0.000000,0.313333,0.004413,0.032727,0.057576,0.000000,0.000000,0.000000,0.000000,0.124242,0.000000,
400,cube0,0.350909,579,0.000000,0.000000,0.003030,0.000043,0.002424,0.000034,0.001212,0.000017,393.390656,0.000606,0.000009,0.000000,0.000000,0.307879,0.004336,0.031515,0.040000,0.000000,0.000000,0.000000,0.000000,0.108485,0.000000,NA,NA,NA,NA,NA,NA,NA,NA,NA,NA,NA,NA,NA,NA,NA,NA,NA,NA,NA,NA,NA,
400,vector0,NA,NA,NA,NA,NA,NA,NA,NA,NA,NA,NA,NA,NA,NA,NA,NA,NA,NA,NA,NA,NA,NA,NA,NA,NA,1.460606,2410,0.671515,0.009458,0.355152,0.005002,42.964169,0.240606,0.003389,63.418144,0.000000,0.297576,0.004191,0.032727,0.057576,0.000000,0.000000,0.000000,0.000000,0.124848,0.000000,
400,vector1,NA,NA,NA,NA,NA,NA,NA,NA,NA,NA,NA,NA,NA,NA,NA,NA,NA,NA,NA,NA,NA,NA,NA,NA,NA,1.534545,2532,0.671515,0.009458,0.416364,0.005864,36.647747,0.226061,0.003184,67.498672,0.000000,0.312121,0.004396,0.032727,0.057576,0.000000,0.000000,0.000000,0.000000,0.166667,0.000000,
401,cube0,0.286061,472,0.000000,0.000000,0.003030,0.000043,0.002424,0.000034,0.001212,0.000017,393.390656,0.000606,0.000009,0.000000,0.000000,0.240606,0.003389,0.031515,0.040000,0.000000,0.000000,0.000000,0.000000,0.140000,0.000000,NA,NA,NA,NA,NA,NA,NA,NA,NA,NA,NA,NA,NA,NA,NA,NA,NA,NA,NA,NA,NA,
401,vector0,NA,NA,NA,NA,NA,NA,NA,NA,NA,NA,NA,NA,NA,NA,NA,NA,NA,NA,NA,NA,NA,NA,NA,NA,NA,1.624242,2680,0.671515,0.009458,0.305455,0.004302,49.954365,0.392727,0.005531,38.853397,0.000000,0.255152,0.003594,0.032727,0.057576,0.000000,0.000000,0.000000,0.000000,0.118182,0.000000,
401,vector1,NA,NA,NA,NA,NA,NA,NA,NA,NA,NA,NA,NA,NA,NA,NA,NA,NA,NA,NA,NA,NA,NA,NA,NA,NA,1.682424,2776,0.671515,0.009458,0.353333,0.004977,43.185253,0.392121,0.005523,38.913448,0.000000,0.315758,0.004447,0.032727,0.057576,0.000000,0.000000,0.000000,0.000000,0.138788,0.000000,
402,cube0,0.346667,572,0.000000,0.000000,0.003030,0.000043,0.002424,0.000034,0.001212,0.000017,393.390656,0.000606,0.000009,0.000000,0.000000,0.296364,0.004174,0.031515,0.040000,0.000000,0.000000,0.000000,0.000000,0.113939,0.000000,NA,NA,NA,NA,NA,NA,NA,NA,NA,NA,NA,NA,NA,NA,NA,NA,NA,NA,NA,NA,NA,
402,vector0,NA,NA,NA,NA,NA,NA,NA,NA,NA,NA,NA,NA,NA,NA,NA,NA,NA,NA,NA,NA,NA,NA,NA,NA,NA,1.481818,2445,0.671515,0.009458,0.350303,0.004934,43.558826,0.258788,0.003645,58.962536,0.000000,0.338182,0.004763,0.032727,0.057576,0.000000,0.000000,0.000000,0.000000,0.132121,0.000000,
402,vector1,NA,NA,NA,NA,NA,NA,NA,NA,NA,NA,NA,NA,NA,NA,NA,NA,NA,NA,NA,NA,NA,NA,NA,NA,NA,1.844242,3043,0.671515,0.009458,0.455758,0.006419,33.480053,0.237576,0.003346,64.227043,0.000000,0.290303,0.004089,0.032727,0.057576,0.000000,0.000000,0.000000,0.000000,0.152121,0.000000,
403,cube0,0.293939,485,0.000000,0.000000,0.003030,0.000043,0.002424,0.000034,0.001212,0.000017,393.390656,0.000606,0.000009,0.000000,0.000000,0.241818,0.003406,0.031515,0.040000,0.000000,0.000000,0.000000,0.000000,0.144848,0.000000,NA,NA,NA,NA,NA,NA,NA,NA,NA,NA,NA,NA,NA,NA,NA,NA,NA,NA,NA,NA,NA,
403,vector0,NA,NA,NA,NA,NA,NA,NA,NA,NA,NA,NA,NA,NA,NA,NA,NA,NA,NA,NA,NA,NA,NA,NA,NA,NA,1.524242,2515,0.671515,0.009458,0.263636,0.003713,57.878170,0.508485,0.007162,30.008347,0.000000,0.344242,0.004848,0.032727,0.057576,0.000000,0.000000,0.000000,0.000000,0.095758,0.000000,
403,vector1,NA,NA,NA,NA,NA,NA,NA,NA,NA,NA,NA,NA,NA,NA,NA,NA,NA,NA,NA,NA,NA,NA,NA,NA,NA,1.527273,2520,0.671515,0.009458,0.424242,0.005975,35.967140,0.453939,0.006394,33.614151,0.000000,0.256970,0.003619,0.032727,0.057576,0.000000,0.000000,0.000000,0.000000,0.110909,0.000000,
404,cube0,0.364848,602,0.000000,0.000000,0.003030,0.000043,0.002424,0.000034,0.001212,0.000017,393.390656,0.000606,0.000009,0.000000,0.000000,0.309697,0.004362,0.031515,0.040000,0.000000,0.000000,0.000000,0.000000,0.120000,0.000000,NA,NA,NA,NA,NA,NA,NA,NA,NA,NA,NA,NA,NA,NA,NA,NA,NA,NA,NA,NA,NA,
404,vector0,NA,NA,NA,NA,NA,NA,NA,NA,NA,NA,NA,NA,NA,NA,NA,NA,NA,NA,NA,NA,NA,NA,NA,NA,NA,1.483636,2448,0.671515,0.009458,0.397576,0.005600,38.379574,0.255152,0.003594,59.802856,0.000000,0.289697,0.004080,0.032727,0.057576,0.000000,0.000000,0.000000,0.000000,0.136970,0.000000,
404,vector1,NA,NA,NA,NA,NA,NA,NA,NA,NA,NA,NA,NA,NA,NA,NA,NA,NA,NA,NA,NA,NA,NA,NA,NA,NA,1.760000,2904,0.671515,0.009458,0.499394,0.007034,30.554613,0.261818,0.003688,58.280098,0.000000,0.262424,0.003696,0.032727,0.057576,0.000000,0.000000,0.000000,0.000000,0.115758,0.000000,
405,cube0,0.320000,528,0.000000,0.000000,0.003030,0.000043,0.002424,0.000034,0.001212,0.000017,393.390656,0.000606,0.000009,0.000000,0.000000,0.261818,0.003688,0.031515,0.040000,0.000000,0.000000,0.000000,0.000000,0.120000,0.000000,NA,NA,NA,NA,NA,NA,NA,NA,NA,NA,NA,NA,NA,NA,NA,NA,NA,NA,NA,NA,NA,
405,vector0,NA,NA,NA,NA,NA,NA,NA,NA,NA,NA,NA,NA,NA,NA,NA,NA,NA,NA,NA,NA,NA,NA,NA,NA,NA,1.612121,2660,0.671515,0.009458,0.338182,0.004763,45.120075,0.540000,0.007606,28.257015,0.000000,0.326667,0.004601,0.032727,0.057576,0.000000,0.000000,0.000000,0.000000,0.138788,0.000000,
405,vector1,NA,NA,NA,NA,NA,NA,NA,NA,NA,NA,NA,NA,NA,NA,NA,NA,NA,NA,NA,NA,NA,NA,NA,NA,NA,1.483030,2447,0.671515,0.009458,0.384848,0.005420,39.648819,0.497576,0.007008,30.666262,0.000000,0.295152,0.004157,0.032727,0.057576,0.000000,0.000000,0.000000,0.000000,0.095152,0.000000,
406,cube0,0.310303,512,0.000000,0.000000,0.003030,0.000043,0.002424,0.000034,0.001212,0.000017,393.390656,0.000606,0.000009,0.000000,0.000000,0.272121,0.003833,0.031515,0.040000,0.000000,0.000000,0.000000,0.000000,0.116364,0.000000,NA,NA,NA,NA,NA,NA,NA,NA,NA,NA,NA,NA,NA,NA,NA,NA,NA,NA,NA,NA,NA,
406,vector0,NA,NA,NA,NA,NA,NA,NA,NA,NA,NA,NA,NA,NA,NA,NA,NA,NA,NA,NA,NA,NA,NA,NA,NA,NA,1.530909,2526,0.671515,0.009458,0.418182,0.005890,36.488411,0.237576,0.003346,64.227043,0.000000,0.289091,0.004072,0.032727,0.057576,0.000000,0.000000,0.000000,0.000000,0.116970,0.000000,
406,vector1,NA,NA,NA,NA,NA,NA,NA,NA,NA,NA,NA,NA,NA,NA,NA,NA,NA,NA,NA,NA,NA,NA,NA,NA,NA,1.509697,2491,0.671515,0.009458,0.409091,0.005762,37.299259,0.238182,0.003355,64.063622,0.000000,0.278788,0.003927,0.032727,0.057576,0.000000,0.000000,0.000000,0.000000,0.100606,0.000000,
407,cube0,0.339394,560,0.000000,0.000000,0.003030,0.000043,0.002424,0.000034,0.001212,0.000017,393.390656,0.000606,0.000009,0.000000,0.000000,0.297576,0.004191,0.031515,0.040000,0.000000,0.000000,0.000000,0.000000,0.131515,0.000000,NA,NA,NA,NA,NA,NA,NA,NA,NA,NA,NA,NA,NA,NA,NA,NA,NA,NA,NA,NA,NA,
407,vector0,NA,NA,NA,NA,NA,NA,NA,NA,NA,NA,NA,NA,NA,NA,NA,NA,NA,NA,NA,NA,NA,NA,NA,NA,NA,1.765455,2913,0.671515,0.009458,0.387879,0.005463,39.339066,0.483636,0.006812,31.550129,0.000000,0.275758,0.003884,0.032727,0.057576,0.000000,0.000000,0.000000,0.000000,0.146667,0.000000,
407,vector1,NA,NA,NA,NA,NA,NA,NA,NA,NA,NA,NA,NA,NA,NA,NA,NA,NA,NA,NA,NA,NA,NA,NA,NA,NA,1.580000,2607,0.671515,0.009458,0.286061,0.004029,53.341110,0.427879,0.006026,35.661476,0.000000,0.280606,0.003952,0.032727,0.057576,0.000000,0.000000,0.000000,0.000000,0.115758,0.000000,
408,cube0,0.318182,525,0.000000,0.000000,0.003030,0.000043,0.002424,0.000034,0.001212,0.000017,393.390656,0.000606,0.000009,0.000000,0.000000,0.272121,0.003833,0.031515,0.040000,0.000000,0.000000,0.000000,0.000000,0.132727,0.000000,NA,NA,NA,NA,NA,NA,NA,NA,NA,NA,NA,NA,NA,NA,NA,NA,NA,NA,NA,NA,NA,
408,vector0,NA,NA,NA,NA,NA,NA,NA,NA,NA,NA,NA,NA,NA,NA,NA,NA,NA,NA,NA,NA,NA,NA,NA,NA,NA,1.691515,2791,0.671515,0.009458,0.428485,0.006035,35.611038,0.230303,0.003244,66.255272,0.000000,0.318182,0.004481,0.032727,0.057576,0.000000,0.000000,0.000000,0.000000,0.114545,0.000000,
408,vector1,NA,NA,NA,NA,NA,NA,NA,NA,NA,NA,NA,NA,NA,NA,NA,NA,NA,NA,NA,NA,NA,NA,NA,NA,NA,1.521818,2511,0.671515,0.009458,0.434545,0.006120,35.114368,0.504242,0.007102,30.260820,0.000000,0.301818,0.004251,0.032727,0.057576,0.000000,0.000000,0.000000,0.000000,0.115758,0.000000,
409,cube0,0.349697,577,0.000000,0.000000,0.003030,0.000043,0.002424,0.000034,0.001212,0.000017,393.390656,0.000606,0.000009,0.000000,0.000000,0.302424,0.004259,0.031515,0.040000,0.000000,0.000000,0.000000,0.000000,0.116364,0.000000,NA,NA,NA,NA,NA,NA,NA,NA,NA,NA,NA,NA,NA,NA,NA,NA,NA,NA,NA,NA,NA,
409,vector0,NA,NA,NA,NA,NA,NA,NA,NA,NA,NA,NA,NA,NA,NA,NA,NA,NA,NA,NA,NA,NA,NA,NA,NA,NA,1.592727,2628,0.671515,0.009458,0.340000,0.004789,44.878792,0.318182,0.004481,47.956200,0.000000,0.265455,0.003739,0.032727,0.057576,0.000000,0.000000,0.000000,0.000000,0.107273,0.000000,
409,vector1,NA,NA,NA,NA,NA,NA,NA,NA,NA,NA,NA,NA,NA,NA,NA,NA,NA,NA,NA,NA,NA,NA,NA,NA,NA,1.566667,2585,0.671515,0.009458,0.283636,0.003995,53.797009,0.232121,0.003269,65.736298,0.000000,0.298182,0.004200,0.032727,0.057576,0.000000,0.000000,0.000000,0.000000,0.120000,0.000000,
410,cube0,0.327879,541,0.000000,0.000000,0.003030,0.000043,0.002424,0.000034,0.001212,0.000017,393.390656,0.000606,0.000009,0.000000,0.000000,0.276970,0.003901,0.031515,0.040000,0.000000,0.000000,0.000000,0.000000,0.137576,0.000000,NA,NA,NA,NA,NA,NA,NA,NA,NA,NA,NA,NA,NA,NA,NA,NA,NA,NA,NA,NA,NA,
410,vector0,NA,NA,NA,NA,NA,NA,NA,NA,NA,NA,NA,NA,NA,NA,NA,NA,NA,NA,NA,NA,NA,NA,NA,NA,NA,1.381818,2280,0.671515,0.009458,0.278788,0.003927,54.732613,0.233939,0.003295,65.225395,0.000000,0.296364,0.004174,0.032727,0.057576,0.000000,0.000000,0.000000,0.000000,0.126667,0.000000,
410,vector1,NA,NA,NA,NA,NA,NA,NA,NA,NA,NA,NA,NA,NA,NA,NA,NA,NA,NA,NA,NA,NA,NA,NA,NA,NA,1.822424,3007,0.671515,0.009458,0.496970,0.007000,30.703661,0.243636,0.003431,62.629356,0.000000,0.332727,0.004686,0.032727,0.057576,0.000000,0.000000,0.000000,0.000000,0.115758,0.000000,
411,cube0,0.370909,612,0.000000,0.000000,0.003030,0.000043,0.002424,0.000034,0.001212,0.000017,393.390656,0.000606,0.000009,0.000000,0.000000,0.317576,0.004473,0.031515,0.040000,0.000000,0.000000,0.000000,0.000000,0.134545,0.000000,NA,NA,NA,NA,NA,NA,NA,NA,NA,NA,NA,NA,NA,NA,NA,NA,NA,NA,NA,NA,NA,
411,vector0,NA,NA,NA,NA,NA,NA,NA,NA,NA,NA,NA,NA,NA,NA,NA,NA,NA,NA,NA,NA,NA,NA,NA,NA,NA,1.578182,2604,0.671515,0.009458,0.236970,0.003338,64.391304,0.402424,0.005668,37.917171,0.000000,0.269697,0.003799,0.032727,0.057576,0.000000,0.000000,0.000000,0.000000,0.105455,0.000000,
411,vector1,NA,NA,NA,NA,NA,NA,NA,NA,NA,NA,NA,NA,NA,NA,NA,NA,NA,NA,NA,NA,NA,NA,NA,NA,NA,1.493333,2464,0.671515,0.009458,0.402424,0.005668,37.917171,0.500000,0.007042,30.517578,0.000000,0.271515,0.003824,0.032727,0.057576,0.000000,0.000000,0.000000,0.000000,0.112121,0.000000,
412,cube0,0.304242,502,0.000000,0.000000,0.003030,0.000043,0.002424,0.000034,0.001212,0.000017,393.390656,0.000606,0.000009,0.000000,0.000000,0.268485,0.003781,0.031515,0.040000,0.000000,0.000000,0.000000,0.000000,0.135758,0.000000,NA,NA,NA,NA,NA,NA,NA,NA,NA,NA,NA,NA,NA,NA,NA,NA,NA,NA,NA,NA,NA,
412,vector0,NA,NA,NA,NA,NA,NA,NA,NA,NA,NA,NA,NA,NA,NA,NA,NA,NA,NA,NA,NA,NA,NA,NA,NA,NA,1.399394,2309,0.671515,0.009458,0.315152,0.004439,48.417313,0.246061,0.003466,62.012318,0.000000,0.263636,0.003713,0.032727,0.057576,0.000000,0.000000,0.000000,0.000000,0.120606,0.000000,
412,vector1,NA,NA,NA,NA,NA,NA,NA,NA,NA,NA,NA,NA,NA,NA,NA,NA,NA,NA,NA,NA,NA,NA,NA,NA,NA,1.523636,2514,0.671515,0.009458,0.413939,0.005830,36.862377,0.236364,0.003329,64.556412,0.000000,0.301212,0.004242,0.032727,0.057576,0.000000,0.000000,0.000000,0.000000,0.108485,0.000000,
413,cube0,0.308485,509,0.000000,0.000000,0.003030,0.000043,0.002424,0.000034,0.001212,0.000017,393.390656,0.000606,0.000009,0.000000,0.000000,0.269091,0.003790,0.031515,0.040000,0.000000,0.000000,0.000000,0.000000,0.103636,0.000000,NA,NA,NA,NA,NA,NA,NA,NA,NA,NA,NA,NA,NA,NA,NA,NA,NA,NA,NA,NA,NA,
413,vector0,NA,NA,NA,NA,NA,NA,NA,NA,NA,NA,NA,NA,NA,NA,NA,NA,NA,NA,NA,NA,NA,NA,NA,NA,NA,1.602424,2644,0.671515,0.009458,0.217576,0.003064,70.130920,0.430303,0.006061,35.460564,0.000000,0.313333,0.004413,0.032727,0.057576,0.000000,0.000000,0.000000,0.000000,0.099394,0.000000,
413,vector1,NA,NA,NA,NA,NA,NA,NA,NA,NA,NA,NA,NA,NA,NA,NA,NA,NA,NA,NA,NA,NA,NA,NA,NA,NA,1.590909,2625,0.671515,0.009458,0.349697,0.004925,43.634319,0.459394,0.006470,33.215042,0.000000,0.270909,0.003816,0.032727,0.057576,0.000000,0.000000,0.000000,0.000000,0.090909,0.000000,
414,cube0,0.320606,529,0.000000,0.000000,0.003030,0.000043,0.002424,0.000034,0.001212,0.000017,393.390656,0.000606,0.000009,0.000000,0.000000,0.271515,0.003824,0.031515,0.040000,0.000000,0.000000,0.000000,0.000000,0.123636,0.000000,NA,NA,NA,NA,NA,NA,NA,NA,NA,NA,NA,NA,NA,NA,NA,NA,NA,NA,NA,NA,NA,
414,vector0,NA,NA,NA,NA,NA,NA,NA,NA,NA,NA,NA,NA,NA,NA,NA,NA,NA,NA,NA,NA,NA,NA,NA,NA,NA,1.504848,2483,0.671515,0.009458,0.408485,0.005753,37.354603,0.473939,0.006675,32.195652,0.000000,0.313939,0.004422,0.032727,0.057576,0.000000,0.000000,0.000000,0.000000,0.115758,0.000000,
414,vector1,NA,NA,NA,NA,NA,NA,NA,NA,NA,NA,NA,NA,NA,NA,NA,NA,NA,NA,NA,NA,NA,NA,NA,NA,NA,1.583636,2613,0.671515,0.009458,0.478788,0.006743,31.869623,0.229091,0.003227,66.605827,0.000000,0.342424,0.004823,0.032727,0.057576,0.000000,0.000000,0.000000,0.000000,0.131515,0.000000,
415,cube0,0.351515,580,0.000000,0.000000,0.003030,0.000043,0.002424,0.000034,0.001212,0.000017,393.390656,0.000606,0.000009,0.000000,0.000000,0.299394,0.004217,0.031515,0.040000,0.000000,0.000000,0.000000,0.000000,0.109697,0.000000,NA,NA,NA,NA,NA,NA,NA,NA,NA,NA,NA,NA,NA,NA,NA,NA,NA,NA,NA,NA,NA,
415,vector0,NA,NA,NA,NA,NA,NA,NA,NA,NA,NA,NA,NA,NA,NA,NA,NA,NA,NA,NA,NA,NA,NA,NA,NA,NA,1.480606,2443,0.671515,0.009458,0.246061,0.003466,62.012318,0.238182,0.003355,64.063622,0.000000,0.346667,0.004883,0.032727,0.057576,0.000000,0.000000,0.000000,0.000000,0.127879,0.000000,
415,vector1,NA,NA,NA,NA,NA,NA,NA,NA,NA,NA,NA,NA,NA,NA,NA,NA,NA,NA,NA,NA,NA,NA,NA,NA,NA,1.682424,2776,0.671515,0.009458,0.383030,0.005395,39.837029,0.468485,0.006598,32.570507,0.000000,0.297576,0.004191,0.032727,0.057576,0.000000,0.000000,0.000000,0.000000,0.107273,0.000000,
416,cube0,0.338788,559,0.000000,0.000000,0.003030,0.000043,0.002424,0.000034,0.001212,0.000017,393.390656,0.000606,0.000009,0.000000,0.000000,0.298182,0.004200,0.031515,0.040000,0.000000,0.000000,0.000000,0.000000,0.132727,0.000000,NA,NA,NA,NA,NA,NA,NA,NA,NA,NA,NA,NA,NA,NA,NA,NA,NA,NA,NA,NA,NA,
416,vector0,NA,NA,NA,NA,NA,NA,NA,NA,NA,NA,NA,NA,NA,NA,NA,NA,NA,NA,NA,NA,NA,NA,NA,NA,NA,1.526061,2518,0.671515,0.009458,0.421818,0.005941,36.173855,0.236364,0.003329,64.556412,0.000000,0.344848,0.004857,0.032727,0.057576,0.000000,0.000000,0.000000,0.000000,0.129091,0.000000,
416,vector1,NA,NA,NA,NA,NA,NA,NA,NA,NA,NA,NA,NA,NA,NA,NA,NA,NA,NA,NA,NA,NA,NA,NA,NA,NA,1.743636,2877,0.671515,0.009458,0.627879,0.008843,24.302124,0.243030,0.003423,62.785545,0.000000,0.298788,0.004208,0.032727,0.057576,0.000000,0.000000,0.000000,0.000000,0.131515,0.000000,
417,cube0,0.305455,504,0.000000,0.000000,0.003030,0.000043,0.002424,0.000034,0.001212,0.000017,393.390656,0.000606,0.000009,0.000000,0.000000,0.261818,0.003688,0.031515,0.040000,0.000000,0.000000,0.000000,0.000000,0.113939,0.000000,NA,NA,NA,NA,NA,NA,NA,NA,NA,NA,NA,NA,NA,NA,NA,NA,NA,NA,NA,NA,NA,
417,vector0,NA,NA,NA,NA,NA,NA,NA,NA,NA,NA,NA,NA,NA,NA,NA,NA,NA,NA,NA,NA,NA,NA,NA,NA,NA,1.466061,2419,0.671515,0.009458,0.196970,0.002774,77.467697,0.397576,0.005600,38.379574,0.000000,0.298182,0.004200,0.032727,0.057576,0.000000,0.000000,0.000000,0.000000,0.110303,0.000000,
417,vector1,NA,NA,NA,NA,NA,NA,NA,NA,NA,NA,NA,NA,NA,NA,NA,NA,NA,NA,NA,NA,NA,NA,NA,NA,NA,1.688485,2786,0.671515,0.009458,0.424242,0.005975,35.967140,0.432727,0.006095,35.261906,0.000000,0.300606,0.004234,0.032727,0.057576,0.000000,0.000000,0.000000,0.000000,0.143636,0.000000,
418,cube0,0.358788,592,0.000000,0.000000,0.003030,0.000043,0.002424,0.000034,0.001212,0.000017,393.390656,0.000606,0.000009,0.000000,0.000000,0.306061,0.004311,0.031515,0.040000,0.000000,0.000000,0.000000,0.000000,0.118182,0.000000,NA,NA,NA,NA,NA,NA,NA,NA,NA,NA,NA,NA,NA,NA,NA,NA,NA,NA,NA,NA,NA,
418,vector0,NA,NA,NA,NA,NA,NA,NA,NA,NA,NA,NA,NA,NA,NA,NA,NA,NA,NA,NA,NA,NA,NA,NA,NA,NA,1.404242,2317,0.671515,0.009458,0.307273,0.004328,49.658783,0.339394,0.004780,44.958931,0.000000,0.286061,0.004029,0.032727,0.057576,0.000000,0.000000,0.000000,0.000000,0.113939,0.000000,
418,vector1,NA,NA,NA,NA,NA,NA,NA,NA,NA,NA,NA,NA,NA,NA,NA,NA,NA,NA,NA,NA,NA,NA,NA,NA,NA,1.494545,2466,0.671515,0.009458,0.409697,0.005770,37.244083,0.233939,0.003295,65.225395,0.000000,0.300000,0.004225,0.032727,0.057576,0.000000,0.000000,0.000000,0.000000,0.123030,0.000000,
419,cube0,0.363636,600,0.000000,0.000000,0.003030,0.000043,0.002424,0.000034,0.001212,0.000017,393.390656,0.000606,0.000009,0.000000,0.000000,0.309091,0.004353,0.031515,0.040000,0.000000,0.000000,0.000000,0.000000,0.138182,0.000000,NA,NA,NA,NA,NA,NA,NA,NA,NA,NA,NA,NA,NA,NA,NA,NA,NA,NA,NA,NA,NA,
419,vector0,NA,NA,NA,NA,NA,NA,NA,NA,NA,NA,NA,NA,NA,NA,NA,NA,NA,NA,NA,NA,NA,NA,NA,NA,NA,1.558788,2572,0.671515,0.009458,0.183030,0.002578,83.367546,0.373333,0.005258,40.871758,0.000000,0.289091,0.004072,0.032727,0.057576,0.000000,0.000000,0.000000,0.000000,0.113333,0.000000,
419,vector1,NA,NA,NA,NA,NA,NA,NA,NA,NA,NA,NA,NA,NA,NA,NA,NA,NA,NA,NA,NA,NA,NA,NA,NA,NA,1.592121,2627,0.671515,0.009458,0.290909,0.004097,52.452087,0.384848,0.005420,39.648819,0.000000,0.312727,0.004405,0.032727,0.057576,0.000000,0.000000,0.000000,0.000000,0.144242,0.000000,
420,cube0,0.349697,577,0.000000,0.000000,0.003030,0.000043,0.002424,0.000034,0.001212,0.000017,393.390656,0.000606,0.000009,0.000000,0.000000,0.306667,0.004319,0.031515,0.040000,0.000000,0.000000,0.000000,0.000000,0.110909,0.000000,NA,NA,NA,NA,NA,NA,NA,NA,NA,NA,NA,NA,NA,NA,NA,NA,NA,NA,NA,NA,NA,
420,vector0,NA,NA,NA,NA,NA,NA,NA,NA,NA,NA,NA,NA,NA,NA,NA,NA,NA,NA,NA,NA,NA,NA,NA,NA,NA,1.384848,2285,0.671515,0.009458,0.290909,0.004097,52.452087,0.239394,0.003372,63.739246,0.000000,0.293939,0.004140,0.032727,0.057576,0.000000,0.000000,0.000000,0.000000,0.125455,0.000000,
420,vector1,NA,NA,NA,NA,NA,NA,NA,NA,NA,NA,NA,NA,NA,NA,NA,NA,NA,NA,NA,NA,NA,NA,NA,NA,NA,1.542424,2545,0.671515,0.009458,0.430909,0.006069,35.410690,0.242424,0.003414,62.942505,0.000000,0.307879,0.004336,0.032727,0.057576,0.000000,0.000000,0.000000,0.000000,0.167879,0.000000,
421,cube0,0.290909,480,0.000000,0.000000,0.003030,0.000043,0.002424,0.000034,0.001212,0.000017,393.390656,0.000606,0.000009,0.000000,0.000000,0.244848,0.003449,0.031515,0.040000,0.000000,0.000000,0.000000,0.000000,0.139394,0.000000,NA,NA,NA,NA,NA,NA,NA,NA,NA,NA,NA,NA,NA,NA,NA,NA,NA,NA,NA,NA,NA,
421,vector0,NA,NA,NA,NA,NA,NA,NA,NA,NA,NA,NA,NA,NA,NA,NA,NA,NA,NA,NA,NA,NA,NA,NA,NA,NA,1.580000,2607,0.671515,0.009458,0.229697,0.003235,66.430084,0.481818,0.006786,31.669184,0.000000,0.250909,0.003534,0.032727,0.057576,0.000000,0.000000,0.000000,0.000000,0.118788,0.000000,
421,vector1,NA,NA,NA,NA,NA,NA,NA,NA,NA,NA,NA,NA,NA,NA,NA,NA,NA,NA,NA,NA,NA,NA,NA,NA,NA,1.650303,2723,0.671515,0.009458,0.341212,0.004806,44.719364,0.404242,0.005694,37.746628,0.000000,0.315152,0.004439,0.032727,0.057576,0.000000,0.000000,0.000000,0.000000,0.135152,0.000000,
422,cube0,0.345455,570,0.000000,0.000000,0.003030,0.000043,0.002424,0.000034,0.001212,0.000017,393.390656,0.000606,0.000009,0.000000,0.000000,0.295152,0.004157,0.031515,0.040000,0.000000,0.000000,0.000000,0.000000,0.114545,0.000000,NA,NA,NA,NA,NA,NA,NA,NA,NA,NA,NA,NA,NA,NA,NA,NA,NA,NA,NA,NA,NA,
422,vector0,NA,NA,NA,NA,NA,NA,NA,NA,NA,NA,NA,NA,NA,NA,NA,NA,NA,NA,NA,NA,NA,NA,NA,NA,NA,1.575152,2599,0.671515,0.009458,0.425455,0.005992,35.864677,0.232121,0.003269,65.736298,0.000000,0.345455,0.004866,0.032727,0.057576,0.000000,0.000000,0.000000,0.000000,0.129697,0.000000,
422,vector1,NA,NA,NA,NA,NA,NA,NA,NA,NA,NA,NA,NA,NA,NA,NA,NA,NA,NA,NA,NA,NA,NA,NA,NA,NA,1.933939,3191,0.671515,0.009458,0.479394,0.006752,31.829330,0.233939,0.003295,65.225395,0.000000,0.291515,0.004106,0.032727,0.057576,0.000000,0.000000,0.000000,0.000000,0.152121,0.000000,
423,cube0,0.291515,481,0.000000,0.000000,0.003030,0.000043,0.002424,0.000034,0.001212,0.000017,393.390656,0.000606,0.000009,0.000000,0.000000,0.239394,0.003372,0.031515,0.040000,0.000000,0.000000,0.000000,0.000000,0.144242,0.000000,NA,NA,NA,NA,NA,NA,NA,NA,NA,NA,NA,NA,NA,NA,NA,NA,NA,NA,NA,NA,NA,
423,vector0,NA,NA,NA,NA,NA,NA,NA,NA,NA,NA,NA,NA,NA,NA,NA,NA,NA,NA,NA,NA,NA,NA,NA,NA,NA,1.803030,2975,0.671515,0.009458,0.370303,0.005216,41.206223,0.400606,0.005642,38.089260,0.000000,0.340000,0.004789,0.032727,0.057576,0.000000,0.000000,0.000000,0.000000,0.093333,0.000000,
423,vector1,NA,NA,NA,NA,NA,NA,NA,NA,NA,NA,NA,NA,NA,NA,NA,NA,NA,NA,NA,NA,NA,NA,NA,NA,NA,1.615152,2665,0.671515,0.009458,0.466061,0.006564,32.739925,0.360606,0.005079,42.314289,0.000000,0.258788,0.003645,0.032727,0.057576,0.000000,0.000000,0.000000,0.000000,0.112121,0.000000,
424,cube0,0.367273,606,0.000000,0.000000,0.003030,0.000043,0.002424,0.000034,0.001212,0.000017,393.390656,0.000606,0.000009,0.000000,0.000000,0.312727,0.004405,0.031515,0.040000,0.000000,0.000000,0.000000,0.000000,0.116970,0.000000,NA,NA,NA,NA,NA,NA,NA,NA,NA,NA,NA,NA,NA,NA,NA,NA,NA,NA,NA,NA,NA,
424,vector0,NA,NA,NA,NA,NA,NA,NA,NA,NA,NA,NA,NA,NA,NA,NA,NA,NA,NA,NA,NA,NA,NA,NA,NA,NA,1.664848,2747,0.671515,0.009458,0.390909,0.005506,39.034111,0.215152,0.003030,70.921127,0.000000,0.293333,0.004131,0.032727,0.057576,0.000000,0.000000,0.000000,0.000000,0.137576,0.000000,
424,vector1,NA,NA,NA,NA,NA,NA,NA,NA,NA,NA,NA,NA,NA,NA,NA,NA,NA,NA,NA,NA,NA,NA,NA,NA,NA,1.706667,2816,0.671515,0.009458,0.416364,0.005864,36.647747,0.498788,0.007025,30.591738,0.000000,0.260606,0.003671,0.032727,0.057576,0.000000,0.000000,0.000000,0.000000,0.118182,0.000000,
425,cube0,0.321212,530,0.000000,0.000000,0.003030,0.000043,0.002424,0.000034,0.001212,0.000017,393.390656,0.000606,0.000009,0.000000,0.000000,0.263030,0.003705,0.031515,0.040000,0.000000,0.000000,0.000000,0.000000,0.121212,0.000000,NA,NA,NA,NA,NA,NA,NA,NA,NA,NA,NA,NA,NA,NA,NA,NA,NA,NA,NA,NA,NA,
425,vector0,NA,NA,NA,NA,NA,NA,NA,NA,NA,NA,NA,NA,NA,NA,NA,NA,NA,NA,NA,NA,NA,NA,NA,NA,NA,1.683030,2777,0.671515,0.009458,0.319394,0.004499,47.774200,0.475758,0.006701,32.072617,0.000000,0.325455,0.004584,0.032727,0.057576,0.000000,0.000000,0.000000,0.000000,0.137576,0.000000,
425,vector1,NA,NA,NA,NA,NA,NA,NA,NA,NA,NA,NA,NA,NA,NA,NA,NA,NA,NA,NA,NA,NA,NA,NA,NA,NA,1.384242,2284,0.671515,0.009458,0.295152,0.004157,51.698158,0.341818,0.004814,44.640076,0.000000,0.295758,0.004166,0.032727,0.057576,0.000000,0.000000,0.000000,0.000000,0.098788,0.000000,
426,cube0,0.311515,514,0.000000,0.000000,0.003030,0.000043,0.002424,0.000034,0.001212,0.000017,393.390656,0.000606,0.000009,0.000000,0.000000,0.273333,0.003850,0.031515,0.040000,0.000000,0.000000,0.000000,0.000000,0.115152,0.000000,NA,NA,NA,NA,NA,NA,NA,NA,NA,NA,NA,NA,NA,NA,NA,NA,NA,NA,NA,NA,NA,
426,vector0,NA,NA,NA,NA,NA,NA,NA,NA,NA,NA,NA,NA,NA,NA,NA,NA,NA,NA,NA,NA,NA,NA,NA,NA,NA,1.522424,2512,0.671515,0.009458,0.398788,0.005617,38.262920,0.227273,0.003201,67.138672,0.000000,0.290303,0.004089,0.032727,0.057576,0.000000,0.000000,0.000000,0.000000,0.115152,0.000000,
426,vector1,NA,NA,NA,NA,NA,NA,NA,NA,NA,NA,NA,NA,NA,NA,NA,NA,NA,NA,NA,NA,NA,NA,NA,NA,NA,1.476970,2437,0.671515,0.009458,0.406061,0.005719,37.577614,0.223636,0.003150,68.230362,0.000000,0.277576,0.003910,0.032727,0.057576,0.000000,0.000000,0.000000,0.000000,0.099394,0.000000,
427,cube0,0.339394,560,0.000000,0.000000,0.003030,0.000043,0.002424,0.000034,0.001212,0.000017,393.390656,0.000606,0.000009,0.000000,0.000000,0.297576,0.004191,0.031515,0.040000,0.000000,0.000000,0.000000,0.000000,0.131515,0.000000,NA,NA,NA,NA,NA,NA,NA,NA,NA,NA,NA,NA,NA,NA,NA,NA,NA,NA,NA,NA,NA,
427,vector0,NA,NA,NA,NA,NA,NA,NA,NA,NA,NA,NA,NA,NA,NA,NA,NA,NA,NA,NA,NA,NA,NA,NA,NA,NA,1.678182,2769,0.671515,0.009458,0.340000,0.004789,44.878792,0.468485,0.006598,32.570507,0.000000,0.276970,0.003901,0.032727,0.057576,0.000000,0.000000,0.000000,0.000000,0.144848,0.000000,
427,vector1,NA,NA,NA,NA,NA,NA,NA,NA,NA,NA,NA,NA,NA,NA,NA,NA,NA,NA,NA,NA,NA,NA,NA,NA,NA,1.635758,2699,0.671515,0.009458,0.252727,0.003560,60.376503,0.544849,0.007674,28.005562,0.000000,0.282424,0.003978,0.032727,0.057576,0.000000,0.000000,0.000000,0.000000,0.116970,0.000000,
428,cube0,0.315758,521,0.000000,0.000000,0.003030,0.000043,0.002424,0.000034,0.001212,0.000017,393.390656,0.000606,0.000009,0.000000,0.000000,0.269697,0.003799,0.031515,0.040000,0.000000,0.000000,0.000000,0.000000,0.146667,0.000000,NA,NA,NA,NA,NA,NA,NA,NA,NA,NA,NA,NA,NA,NA,NA,NA,NA,NA,NA,NA,NA,
428,vector0,NA,NA,NA,NA,NA,NA,NA,NA,NA,NA,NA,NA,NA,NA,NA,NA,NA,NA,NA,NA,NA,NA,NA,NA,NA,1.487273,2454,0.671515,0.009458,0.374545,0.005275,40.739483,0.231515,0.003261,65.908379,0.000000,0.318788,0.004490,0.032727,0.057576,0.000000,0.000000,0.000000,0.000000,0.113333,0.000000,
428,vector1,NA,NA,NA,NA,NA,NA,NA,NA,NA,NA,NA,NA,NA,NA,NA,NA,NA,NA,NA,NA,NA,NA,NA,NA,NA,1.549091,2556,0.671515,0.009458,0.441818,0.006223,34.536354,0.241818,0.003406,63.100258,0.000000,0.301212,0.004242,0.032727,0.057576,0.000000,0.000000,0.000000,0.000000,0.116364,0.000000,
429,cube0,0.353333,583,0.000000,0.000000,0.003030,0.000043,0.002424,0.000034,0.001212,0.000017,393.390656,0.000606,0.000009,0.000000,0.000000,0.305455,0.004302,0.031515,0.040000,0.000000,0.000000,0.000000,0.000000,0.118182,0.000000,NA,NA,NA,NA,NA,NA,NA,NA,NA,NA,NA,NA,NA,NA,NA,NA,NA,NA,NA,NA,NA,
429,vector0,NA,NA,NA,NA,NA,NA,NA,NA,NA,NA,NA,NA,NA,NA,NA,NA,NA,NA,NA,NA,NA,NA,NA,NA,NA,1.701818,2808,0.671515,0.009458,0.372727,0.005250,40.938217,0.346667,0.004883,44.015739,0.000000,0.267879,0.003773,0.032727,0.057576,0.000000,0.000000,0.000000,0.000000,0.105455,0.000000,
429,vector1,NA,NA,NA,NA,NA,NA,NA,NA,NA,NA,NA,NA,NA,NA,NA,NA,NA,NA,NA,NA,NA,NA,NA,NA,NA,1.662424,2743,0.671515,0.009458,0.353939,0.004985,43.111309,0.398788,0.005617,38.262920,0.000000,0.300606,0.004234,0.032727,0.057576,0.000000,0.000000,0.000000,0.000000,0.118788,0.000000,
430,cube0,0.331515,547,0.000000,0.000000,0.003030,0.000043,0.002424,0.000034,0.001212,0.000017,393.390656,0.000606,0.000009,0.000000,0.000000,0.280000,0.003944,0.031515,0.040000,0.000000,0.000000,0.000000,0.000000,0.136970,0.000000,NA,NA,NA,NA,NA,NA,NA,NA,NA,NA,NA,NA,NA,NA,NA,NA,NA,NA,NA,NA,NA,
430,vector0,NA,NA,NA,NA,NA,NA,NA,NA,NA,NA,NA,NA,NA,NA,NA,NA,NA,NA,NA,NA,NA,NA,NA,NA,NA,1.537576,2537,0.671515,0.009458,0.414545,0.005839,36.808483,0.247273,0.003483,61.708336,0.000000,0.296970,0.004183,0.032727,0.057576,0.000000,0.000000,0.000000,0.000000,0.128485,0.000000,
430,vector1,NA,NA,NA,NA,NA,NA,NA,NA,NA,NA,NA,NA,NA,NA,NA,NA,NA,NA,NA,NA,NA,NA,NA,NA,NA,1.906667,3146,0.671515,0.009458,0.637576,0.008980,23.932512,0.247879,0.003491,61.557461,0.000000,0.332121,0.004678,0.032727,0.057576,0.000000,0.000000,0.000000,0.000000,0.113939,0.000000,
431,cube0,0.372727,615,0.000000,0.000000,0.003030,0.000043,0.002424,0.000034,0.001212,0.000017,393.390656,0.000606,0.000009,0.000000,0.000000,0.318182,0.004481,0.031515,0.040000,0.000000,0.000000,0.000000,0.000000,0.132727,0.000000,NA,NA,NA,NA,NA,NA,NA,NA,NA,NA,NA,NA,NA,NA,NA,NA,NA,NA,NA,NA,NA,
431,vector0,NA,NA,NA,NA,NA,NA,NA,NA,NA,NA,NA,NA,NA,NA,NA,NA,NA,NA,NA,NA,NA,NA,NA,NA,NA,1.526061,2518,0.671515,0.009458,0.304242,0.004285,50.153389,0.422424,0.005950,36.121952,0.000000,0.274545,0.003867,0.032727,0.057576,0.000000,0.000000,0.000000,0.000000,0.105455,0.000000,
431,vector1,NA,NA,NA,NA,NA,NA,NA,NA,NA,NA,NA,NA,NA,NA,NA,NA,NA,NA,NA,NA,NA,NA,NA,NA,NA,1.518788,2506,0.671515,0.009458,0.435758,0.006137,35.016693,0.378788,0.005335,40.283203,0.000000,0.267879,0.003773,0.032727,0.057576,0.000000,0.000000,0.000000,0.000000,0.112121,0.000000,
432,cube0,0.307879,508,0.000000,0.000000,0.003030,0.000043,0.002424,0.000034,0.001212,0.000017,393.390656,0.000606,0.000009,0.000000,0.000000,0.272121,0.003833,0.031515,0.040000,0.000000,0.000000,0.000000,0.000000,0.136970,0.000000,NA,NA,NA,NA,NA,NA,NA,NA,NA,NA,NA,NA,NA,NA,NA,NA,NA,NA,NA,NA,NA,
432,vector0,NA,NA,NA,NA,NA,NA,NA,NA,NA,NA,NA,NA,NA,NA,NA,NA,NA,NA,NA,NA,NA,NA,NA,NA,NA,1.493333,2464,0.671515,0.009458,0.398788,0.005617,38.262920,0.229697,0.003235,66.430084,0.000000,0.265455,0.003739,0.032727,0.057576,0.000000,0.000000,0.000000,0.000000,0.117576,0.000000,
432,vector1,NA,NA,NA,NA,NA,NA,NA,NA,NA,NA,NA,NA,NA,NA,NA,NA,NA,NA,NA,NA,NA,NA,NA,NA,NA,1.790909,2955,0.671515,0.009458,0.463636,0.006530,32.911114,0.245455,0.003457,62.165432,0.000000,0.312727,0.004405,0.032727,0.057576,0.000000,0.000000,0.000000,0.000000,0.110303,0.000000,
433,cube0,0.308485,509,0.000000,0.000000,0.003030,0.000043,0.002424,0.000034,0.001212,0.000017,393.390656,0.000606,0.000009,0.000000,0.000000,0.269091,0.003790,0.031515,0.040000,0.000000,0.000000,0.000000,0.000000,0.104242,0.000000,NA,NA,NA,NA,NA,NA,NA,NA,NA,NA,NA,NA,NA,NA,NA,NA,NA,NA,NA,NA,NA,
433,vector0,NA,NA,NA,NA,NA,NA,NA,NA,NA,NA,NA,NA,NA,NA,NA,NA,NA,NA,NA,NA,NA,NA,NA,NA,NA,1.635152,2698,0.671515,0.009458,0.386667,0.005446,39.462387,0.455152,0.006411,33.524635,0.000000,0.313939,0.004422,0.032727,0.057576,0.000000,0.000000,0.000000,0.000000,0.100000,0.000000,
433,vector1,NA,NA,NA,NA,NA,NA,NA,NA,NA,NA,NA,NA,NA,NA,NA,NA,NA,NA,NA,NA,NA,NA,NA,NA,NA,1.707879,2818,0.671515,0.009458,0.447273,0.006300,34.115181,0.474545,0.006684,32.154537,0.000000,0.283636,0.003995,0.032727,0.057576,0.000000,0.000000,0.000000,0.000000,0.092727,0.000000,
434,cube0,0.323636,534,0.000000,0.000000,0.003030,0.000043,0.002424,0.000034,0.001212,0.000017,393.390656,0.000606,0.000009,0.000000,0.000000,0.273939,0.003858,0.031515,0.040000,0.000000,0.000000,0.000000,0.000000,0.123030,0.000000,NA,NA,NA,NA,NA,NA,NA,NA,NA,NA,NA,NA,NA,NA,NA,NA,NA,NA,NA,NA,NA,
434,vector0,NA,NA,NA,NA,NA,NA,NA,NA,NA,NA,NA,NA,NA,NA,NA,NA,NA,NA,NA,NA,NA,NA,NA,NA,NA,1.530909,2526,0.671515,0.009458,0.432727,0.006095,35.261906,0.234545,0.003303,65.056854,0.000000,0.313333,0.004413,0.032727,0.057576,0.000000,0.000000,0.000000,0.000000,0.132121,0.000000,
434,vector1,NA,NA,NA,NA,NA,NA,NA,NA,NA,NA,NA,NA,NA,NA,NA,NA,NA,NA,NA,NA,NA,NA,NA,NA,NA,1.589091,2622,0.671515,0.009458,0.466061,0.006564,32.739925,0.232727,0.003278,65.565109,0.000000,0.334545,0.004712,0.032727,0.057576,0.000000,0.000000,0.000000,0.000000,0.123030,0.000000,
435,cube0,0.349697,577,0.000000,0.000000,0.003030,0.000043,0.002424,0.000034,0.001212,0.000017,393.390656,0.000606,0.000009,0.000000,0.000000,0.297576,0.004191,0.031515,0.040000,0.000000,0.000000,0.000000,0.000000,0.101212,0.000000,NA,NA,NA,NA,NA,NA,NA,NA,NA,NA,NA,NA,NA,NA,NA,NA,NA,NA,NA,NA,NA,
435,vector0,NA,NA,NA,NA,NA,NA,NA,NA,NA,NA,NA,NA,NA,NA,NA,NA,NA,NA,NA,NA,NA,NA,NA,NA,NA,1.586667,2618,0.671515,0.009458,0.301818,0.004251,50.556229,0.506061,0.007128,30.152098,0.000000,0.344242,0.004848,0.032727,0.057576,0.000000,0.000000,0.000000,0.000000,0.103030,0.000000,
435,vector1,NA,NA,NA,NA,NA,NA,NA,NA,NA,NA,NA,NA,NA,NA,NA,NA,NA,NA,NA,NA,NA,NA,NA,NA,NA,1.694546,2796,0.671515,0.009458,0.341212,0.004806,44.719364,0.500000,0.007042,30.517578,0.000000,0.296364,0.004174,0.032727,0.057576,0.000000,0.000000,0.000000,0.000000,0.129697,0.000000,
436,cube0,0.340000,561,0.000000,0.000000,0.003030,0.000043,0.002424,0.000034,0.001212,0.000017,393.390656,0.000606,0.000009,0.000000,0.000000,0.300000,0.004225,0.031515,0.040000,0.000000,0.000000,0.000000,0.000000,0.132727,0.000000,NA,NA,NA,NA,NA,NA,NA,NA,NA,NA,NA,NA,NA,NA,NA,NA,NA,NA,NA,NA,NA,
436,vector0,NA,NA,NA,NA,NA,NA,NA,NA,NA,NA,NA,NA,NA,NA,NA,NA,NA,NA,NA,NA,NA,NA,NA,NA,NA,1.407273,2322,0.671515,0.009458,0.310909,0.004379,49.077976,0.233333,0.003286,65.394814,0.000000,0.301818,0.004251,0.032727,0.057576,0.000000,0.000000,0.000000,0.000000,0.127273,0.000000,
436,vector1,NA,NA,NA,NA,NA,NA,NA,NA,NA,NA,NA,NA,NA,NA,NA,NA,NA,NA,NA,NA,NA,NA,NA,NA,NA,1.452121,2396,0.671515,0.009458,0.349697,0.004925,43.634319,0.230909,0.003252,66.081367,0.000000,0.304242,0.004285,0.032727,0.057576,0.000000,0.000000,0.000000,0.000000,0.109697,0.000000,
437,cube0,0.323030,533,0.000000,0.000000,0.003030,0.000043,0.002424,0.000034,0.001212,0.000017,393.390656,0.000606,0.000009,0.000000,0.000000,0.279394,0.003935,0.031515,0.040000,0.000000,0.000000,0.000000,0.000000,0.112121,0.000000,NA,NA,NA,NA,NA,NA,NA,NA,NA,NA,NA,NA,NA,NA,NA,NA,NA,NA,NA,NA,NA,
437,vector0,NA,NA,NA,NA,NA,NA,NA,NA,NA,NA,NA,NA,NA,NA,NA,NA,NA,NA,NA,NA,NA,NA,NA,NA,NA,1.555151,2566,0.671515,0.009458,0.175758,0.002475,86.817253,0.399394,0.005625,38.204857,0.000000,0.299394,0.004217,0.032727,0.057576,0.000000,0.000000,0.000000,0.000000,0.143030,0.000000,
437,vector1,NA,NA,NA,NA,NA,NA,NA,NA,NA,NA,NA,NA,NA,NA,NA,NA,NA,NA,NA,NA,NA,NA,NA,NA,NA,1.495758,2468,0.671515,0.009458,0.182424,0.002569,83.644524,0.386061,0.005437,39.524334,0.000000,0.300606,0.004234,0.032727,0.057576,0.000000,0.000000,0.000000,0.000000,0.116970,0.000000,
438,cube0,0.364242,601,0.000000,0.000000,0.003030,0.000043,0.002424,0.000034,0.001212,0.000017,393.390656,0.000606,0.000009,0.000000,0.000000,0.312121,0.004396,0.031515,0.040000,0.000000,0.000000,0.000000,0.000000,0.118788,0.000000,NA,NA,NA,NA,NA,NA,NA,NA,NA,NA,NA,NA,NA,NA,NA,NA,NA,NA,NA,NA,NA,
438,vector0,NA,NA,NA,NA,NA,NA,NA,NA,NA,NA,NA,NA,NA,NA,NA,NA,NA,NA,NA,NA,NA,NA,NA,NA,NA,1.832727,3024,0.671515,0.009458,0.400606,0.005642,38.089260,0.231515,0.003261,65.908379,0.000000,0.289697,0.004080,0.032727,0.057576,0.000000,0.000000,0.000000,0.000000,0.122424,0.000000,
438,vector1,NA,NA,NA,NA,NA,NA,NA,NA,NA,NA,NA,NA,NA,NA,NA,NA,NA,NA,NA,NA,NA,NA,NA,NA,NA,1.447273,2388,0.671515,0.009458,0.356364,0.005019,42.818031,0.230303,0.003244,66.255272,0.000000,0.299394,0.004217,0.032727,0.057576,0.000000,0.000000,0.000000,0.000000,0.136970,0.000000,
439,cube0,0.350909,579,0.000000,0.000000,0.003030,0.000043,0.002424,0.000034,0.001212,0.000017,393.390656,0.000606,0.000009,0.000000,0.000000,0.296364,0.004174,0.031515,0.040000,0.000000,0.000000,0.000000,0.000000,0.137576,0.000000,NA,NA,NA,NA,NA,NA,NA,NA,NA,NA,NA,NA,NA,NA,NA,NA,NA,NA,NA,NA,NA,
439,vector0,NA,NA,NA,NA,NA,NA,NA,NA,NA,NA,NA,NA,NA,NA,NA,NA,NA,NA,NA,NA,NA,NA,NA,NA,NA,1.516970,2503,0.671515,0.009458,0.238788,0.003363,63.901016,0.483030,0.006803,31.589716,0.000000,0.290303,0.004089,0.032727,0.057576,0.000000,0.000000,0.000000,0.000000,0.122424,0.000000,
439,vector1,NA,NA,NA,NA,NA,NA,NA,NA,NA,NA,NA,NA,NA,NA,NA,NA,NA,NA,NA,NA,NA,NA,NA,NA,NA,1.489697,2458,0.671515,0.009458,0.240606,0.003389,63.418144,0.479394,0.006752,31.829330,0.000000,0.313333,0.004413,0.032727,0.057576,0.000000,0.000000,0.000000,0.000000,0.144242,0.000000,
440,cube0,0.348485,575,0.000000,0.000000,0.003030,0.000043,0.002424,0.000034,0.001212,0.000017,393.390656,0.000606,0.000009,0.000000,0.000000,0.305455,0.004302,0.031515,0.040000,0.000000,0.000000,0.000000,0.000000,0.111515,0.000000,NA,NA,NA,NA,NA,NA,NA,NA,NA,NA,NA,NA,NA,NA,NA,NA,NA,NA,NA,NA,NA,
440,vector0,NA,NA,NA,NA,NA,NA,NA,NA,NA,NA,NA,NA,NA,NA,NA,NA,NA,NA,NA,NA,NA,NA,NA,NA,NA,1.437576,2372,0.671515,0.009458,0.333333,0.004695,45.776367,0.238788,0.003363,63.901016,0.000000,0.295758,0.004166,0.032727,0.057576,0.000000,0.000000,0.000000,0.000000,0.130303,0.000000,
440,vector1,NA,NA,NA,NA,NA,NA,NA,NA,NA,NA,NA,NA,NA,NA,NA,NA,NA,NA,NA,NA,NA,NA,NA,NA,NA,1.547273,2553,0.671515,0.009458,0.444242,0.006257,34.347889,0.223636,0.003150,68.230362,0.000000,0.307273,0.004328,0.032727,0.057576,0.000000,0.000000,0.000000,0.000000,0.132121,0.000000,
441,cube0,0.295152,487,0.000000,0.000000,0.003030,0.000043,0.002424,0.000034,0.001212,0.000017,393.390656,0.000606,0.000009,0.000000,0.000000,0.249697,0.003517,0.031515,0.040000,0.000000,0.000000,0.000000,0.000000,0.138788,0.000000,NA,NA,NA,NA,NA,NA,NA,NA,NA,NA,NA,NA,NA,NA,NA,NA,NA,NA,NA,NA,NA,
441,vector0,NA,NA,NA,NA,NA,NA,NA,NA,NA,NA,NA,NA,NA,NA,NA,NA,NA,NA,NA,NA,NA,NA,NA,NA,NA,1.638182,2703,0.671515,0.009458,0.302424,0.004259,50.454914,0.381212,0.005369,40.027031,0.000000,0.250909,0.003534,0.032727,0.057576,0.000000,0.000000,0.000000,0.000000,0.136970,0.000000,
441,vector1,NA,NA,NA,NA,NA,NA,NA,NA,NA,NA,NA,NA,NA,NA,NA,NA,NA,NA,NA,NA,NA,NA,NA,NA,NA,1.729091,2853,0.671515,0.009458,0.386667,0.005446,39.462387,0.480000,0.006761,31.789146,0.000000,0.311515,0.004388,0.032727,0.057576,0.000000,0.000000,0.000000,0.000000,0.132727,0.000000,
442,cube0,0.346061,571,0.000000,0.000000,0.003030,0.000043,0.002424,0.000034,0.001212,0.000017,393.390656,0.000606,0.000009,0.000000,0.000000,0.295758,0.004166,0.031515,0.040000,0.000000,0.000000,0.000000,0.000000,0.114545,0.000000,NA,NA,NA,NA,NA,NA,NA,NA,NA,NA,NA,NA,NA,NA,NA,NA,NA,NA,NA,NA,NA,
442,vector0,NA,NA,NA,NA,NA,NA,NA,NA,NA,NA,NA,NA,NA,NA,NA,NA,NA,NA,NA,NA,NA,NA,NA,NA,NA,1.538788,2539,0.671515,0.009458,0.401818,0.005659,37.974361,0.224848,0.003167,67.862541,0.000000,0.337576,0.004755,0.032727,0.057576,0.000000,0.000000,0.000000,0.000000,0.118788,0.000000,
442,vector1,NA,NA,NA,NA,NA,NA,NA,NA,NA,NA,NA,NA,NA,NA,NA,NA,NA,NA,NA,NA,NA,NA,NA,NA,NA,1.362424,2248,0.671515,0.009458,0.294545,0.004149,51.804535,0.223636,0.003150,68.230362,0.000000,0.261212,0.003679,0.032727,0.057576,0.000000,0.000000,0.000000,0.000000,0.116970,0.000000,
443,cube0,0.294545,486,0.000000,0.000000,0.003030,0.000043,0.002424,0.000034,0.001212,0.000017,393.390656,0.000606,0.000009,0.000000,0.000000,0.243030,0.003423,0.031515,0.040000,0.000000,0.000000,0.000000,0.000000,0.145455,0.000000,NA,NA,NA,NA,NA,NA,NA,NA,NA,NA,NA,NA,NA,NA,NA,NA,NA,NA,NA,NA,NA,
443,vector0,NA,NA,NA,NA,NA,NA,NA,NA,NA,NA,NA,NA,NA,NA,NA,NA,NA,NA,NA,NA,NA,NA,NA,NA,NA,1.671515,2758,0.671515,0.009458,0.346667,0.004883,44.015739,0.373333,0.005258,40.871758,0.000000,0.295152,0.004157,0.032727,0.057576,0.000000,0.000000,0.000000,0.000000,0.093939,0.000000,
443,vector1,NA,NA,NA,NA,NA,NA,NA,NA,NA,NA,NA,NA,NA,NA,NA,NA,NA,NA,NA,NA,NA,NA,NA,NA,NA,1.428485,2357,0.671515,0.009458,0.304848,0.004294,50.053680,0.392121,0.005523,38.913448,0.000000,0.263636,0.003713,0.032727,0.057576,0.000000,0.000000,0.000000,0.000000,0.112121,0.000000,
444,cube0,0.368485,608,0.000000,0.000000,0.003030,0.000043,0.002424,0.000034,0.001212,0.000017,393.390656,0.000606,0.000009,0.000000,0.000000,0.313939,0.004422,0.031515,0.040000,0.000000,0.000000,0.000000,0.000000,0.116364,0.000000,NA,NA,NA,NA,NA,NA,NA,NA,NA,NA,NA,NA,NA,NA,NA,NA,NA,NA,NA,NA,NA,
444,vector0,NA,NA,NA,NA,NA,NA,NA,NA,NA,NA,NA,NA,NA,NA,NA,NA,NA,NA,NA,NA,NA,NA,NA,NA,NA,1.520606,2509,0.671515,0.009458,0.416970,0.005873,36.594479,0.230909,0.003252,66.081367,0.000000,0.326667,0.004601,0.032727,0.057576,0.000000,0.000000,0.000000,0.000000,0.132727,0.000000,
444,vector1,NA,NA,NA,NA,NA,NA,NA,NA,NA,NA,NA,NA,NA,NA,NA,NA,NA,NA,NA,NA,NA,NA,NA,NA,NA,1.761818,2907,0.671515,0.009458,0.456970,0.006436,33.391247,0.230909,0.003252,66.081367,0.000000,0.297576,0.004191,0.032727,0.057576,0.000000,0.000000,0.000000,0.000000,0.118182,0.000000,
445,cube0,0.323030,533,0.000000,0.000000,0.003030,0.000043,0.002424,0.000034,0.001212,0.000017,393.390656,0.000606,0.000009,0.000000,0.000000,0.265455,0.003739,0.031515,0.040000,0.000000,0.000000,0.000000,0.000000,0.120000,0.000000,NA,NA,NA,NA,NA,NA,NA,NA,NA,NA,NA,NA,NA,NA,NA,NA,NA,NA,NA,NA,NA,
445,vector0,NA,NA,NA,NA,NA,NA,NA,NA,NA,NA,NA,NA,NA,NA,NA,NA,NA,NA,NA,NA,NA,NA,NA,NA,NA,1.656970,2734,0.671515,0.009458,0.413333,0.005822,36.916428,0.484242,0.006820,31.510639,0.000000,0.310909,0.004379,0.032727,0.057576,0.000000,0.000000,0.000000,0.000000,0.137576,0.000000,
445,vector1,NA,NA,NA,NA,NA,NA,NA,NA,NA,NA,NA,NA,NA,NA,NA,NA,NA,NA,NA,NA,NA,NA,NA,NA,NA,1.520606,2509,0.671515,0.009458,0.436364,0.006146,34.968060,0.431515,0.006078,35.360958,0.000000,0.276970,0.003901,0.032727,0.057576,0.000000,0.000000,0.000000,0.000000,0.095152,0.000000,
446,cube0,0.310909,513,0.000000,0.000000,0.003030,0.000043,0.002424,0.000034,0.001212,0.000017,393.390656,0.000606,0.000009,0.000000,0.000000,0.272121,0.003833,0.031515,0.040000,0.000000,0.000000,0.000000,0.000000,0.118182,0.000000,NA,NA,NA,NA,NA,NA,NA,NA,NA,NA,NA,NA,NA,NA,NA,NA,NA,NA,NA,NA,NA,
446,vector0,NA,NA,NA,NA,NA,NA,NA,NA,NA,NA,NA,NA,NA,NA,NA,NA,NA,NA,NA,NA,NA,NA,NA,NA,NA,1.443636,2382,0.671515,0.009458,0.348485,0.004908,43.786091,0.219394,0.003090,69.549728,0.000000,0.309091,0.004353,0.032727,0.057576,0.000000,0.000000,0.000000,0.000000,0.117576,0.000000,
446,vector1,NA,NA,NA,NA,NA,NA,NA,NA,NA,NA,NA,NA,NA,NA,NA,NA,NA,NA,NA,NA,NA,NA,NA,NA,NA,1.418788,2341,0.671515,0.009458,0.283636,0.003995,53.797009,0.216364,0.003047,70.523811,0.000000,0.334545,0.004712,0.032727,0.057576,0.000000,0.000000,0.000000,0.000000,0.102424,0.000000,
447,cube0,0.342424,565,0.000000,0.000000,0.003030,0.000043,0.002424,0.000034,0.001212,0.000017,393.390656,0.000606,0.000009,0.000000,0.000000,0.300606,0.004234,0.031515,0.040000,0.000000,0.000000,0.000000,0.000000,0.130909,0.000000,NA,NA,NA,NA,NA,NA,NA,NA,NA,NA,NA,NA,NA,NA,NA,NA,NA,NA,NA,NA,NA,
447,vector0,NA,NA,NA,NA,NA,NA,NA,NA,NA,NA,NA,NA,NA,NA,NA,NA,NA,NA,NA,NA,NA,NA,NA,NA,NA,1.548485,2555,0.671515,0.009458,0.244242,0.003440,62.473949,0.505455,0.007119,30.188251,0.000000,0.318788,0.004490,0.032727,0.057576,0.000000,0.000000,0.000000,0.000000,0.144848,0.000000,
447,vector1,NA,NA,NA,NA,NA,NA,NA,NA,NA,NA,NA,NA,NA,NA,NA,NA,NA,NA,NA,NA,NA,NA,NA,NA,NA,1.588485,2621,0.671515,0.009458,0.241818,0.003406,63.100258,0.502424,0.007076,30.370327,0.000000,0.306061,0.004311,0.032727,0.057576,0.000000,0.000000,0.000000,0.000000,0.115758,0.000000,
448,cube0,0.315152,520,0.000000,0.000000,0.003030,0.000043,0.002424,0.000034,0.001212,0.000017,393.390656,0.000606,0.000009,0.000000,0.000000,0.269091,0.003790,0.031515,0.040000,0.000000,0.000000,0.000000,0.000000,0.132121,0.000000,NA,NA,NA,NA,NA,NA,NA,NA,NA,NA,NA,NA,NA,NA,NA,NA,NA,NA,NA,NA,NA,
448,vector0,NA,NA,NA,NA,NA,NA,NA,NA,NA,NA,NA,NA,NA,NA,NA,NA,NA,NA,NA,NA,NA,NA,NA,NA,NA,1.356364,2238,0.671515,0.009458,0.282424,0.003978,54.027901,0.238182,0.003355,64.063622,0.000000,0.268485,0.003781,0.032727,0.057576,0.000000,0.000000,0.000000,0.000000,0.110909,0.000000,
448,vector1,NA,NA,NA,NA,NA,NA,NA,NA,NA,NA,NA,NA,NA,NA,NA,NA,NA,NA,NA,NA,NA,NA,NA,NA,NA,1.559394,2573,0.671515,0.009458,0.452727,0.006376,33.704155,0.596970,0.008408,25.560408,0.000000,0.299394,0.004217,0.032727,0.057576,0.000000,0.000000,0.000000,0.000000,0.115758,0.000000,
449,cube0,0.347879,574,0.000000,0.000000,0.003030,0.000043,0.002424,0.000034,0.001212,0.000017,393.390656,0.000606,0.000009,0.000000,0.000000,0.300000,0.004225,0.031515,0.040000,0.000000,0.000000,0.000000,0.000000,0.118182,0.000000,NA,NA,NA,NA,NA,NA,NA,NA,NA,NA,NA,NA,NA,NA,NA,NA,NA,NA,NA,NA,NA,
449,vector0,NA,NA,NA,NA,NA,NA,NA,NA,NA,NA,NA,NA,NA,NA,NA,NA,NA,NA,NA,NA,NA,NA,NA,NA,NA,1.334545,2202,0.671515,0.009458,0.184848,0.002603,82.547546,0.458788,0.006462,33.258919,0.000000,0.296970,0.004183,0.032727,0.057576,0.000000,0.000000,0.000000,0.000000,0.106061,0.000000,
449,vector1,NA,NA,NA,NA,NA,NA,NA,NA,NA,NA,NA,NA,NA,NA,NA,NA,NA,NA,NA,NA,NA,NA,NA,NA,NA,1.676364,2766,0.671515,0.009458,0.328485,0.004627,46.452030,0.247879,0.003491,61.557461,0.000000,0.272121,0.003833,0.032727,0.057576,0.000000,0.000000,0.000000,0.000000,0.119394,0.000000,
450,cube0,0.332121,548,0.000000,0.000000,0.003030,0.000043,0.002424,0.000034,0.001212,0.000017,393.390656,0.000606,0.000009,0.000000,0.000000,0.281818,0.003969,0.031515,0.040000,0.000000,0.000000,0.000000,0.000000,0.138788,0.000000,NA,NA,NA,NA,NA,NA,NA,NA,NA,NA,NA,NA,NA,NA,NA,NA,NA,NA,NA,NA,NA,
450,vector0,NA,NA,NA,NA,NA,NA,NA,NA,NA,NA,NA,NA,NA,NA,NA,NA,NA,NA,NA,NA,NA,NA,NA,NA,NA,1.518182,2505,0.671515,0.009458,0.429697,0.006052,35.510582,0.220606,0.003107,69.167595,0.000000,0.269697,0.003799,0.032727,0.057576,0.000000,0.000000,0.000000,0.000000,0.127273,0.000000,
450,vector1,NA,NA,NA,NA,NA,NA,NA,NA,NA,NA,NA,NA,NA,NA,NA,NA,NA,NA,NA,NA,NA,NA,NA,NA,NA,1.373333,2266,0.671515,0.009458,0.299394,0.004217,50.965588,0.246061,0.003466,62.012318,0.000000,0.264848,0.003730,0.032727,0.057576,0.000000,0.000000,0.000000,0.000000,0.118182,0.000000,
451,cube0,0.375152,619,0.000000,0.000000,0.003030,0.000043,0.002424,0.000034,0.001212,0.000017,393.390656,0.000606,0.000009,0.000000,0.000000,0.321212,0.004524,0.031515,0.040000,0.000000,0.000000,0.000000,0.000000,0.132121,0.000000,NA,NA,NA,NA,NA,NA,NA,NA,NA,NA,NA,NA,NA,NA,NA,NA,NA,NA,NA,NA,NA,
451,vector0,NA,NA,NA,NA,NA,NA,NA,NA,NA,NA,NA,NA,NA,NA,NA,NA,NA,NA,NA,NA,NA,NA,NA,NA,NA,1.672727,2760,0.671515,0.009458,0.375152,0.005284,40.673668,0.415758,0.005856,36.701172,0.000000,0.296364,0.004174,0.032727,0.057576,0.000000,0.000000,0.000000,0.000000,0.109697,0.000000,
451,vector1,NA,NA,NA,NA,NA,NA,NA,NA,NA,NA,NA,NA,NA,NA,NA,NA,NA,NA,NA,NA,NA,NA,NA,NA,NA,1.507879,2488,0.671515,0.009458,0.250909,0.003534,60.814014,0.429091,0.006044,35.560738,0.000000,0.290303,0.004089,0.032727,0.057576,0.000000,0.000000,0.000000,0.000000,0.112121,0.000000,
452,cube0,0.306061,505,0.000000,0.000000,0.003030,0.000043,0.002424,0.000034,0.001212,0.000017,393.390656,0.000606,0.000009,0.000000,0.000000,0.269697,0.003799,0.031515,0.040000,0.000000,0.000000,0.000000,0.000000,0.135758,0.000000,NA,NA,NA,NA,NA,NA,NA,NA,NA,NA,NA,NA,NA,NA,NA,NA,NA,NA,NA,NA,NA,
452,vector0,NA,NA,NA,NA,NA,NA,NA,NA,NA,NA,NA,NA,NA,NA,NA,NA,NA,NA,NA,NA,NA,NA,NA,NA,NA,1.576970,2602,0.671515,0.009458,0.428485,0.006035,35.611038,0.259394,0.003653,58.824772,0.000000,0.345455,0.004866,0.032727,0.057576,0.000000,0.000000,0.000000,0.000000,0.116970,0.000000,
452,vector1,NA,NA,NA,NA,NA,NA,NA,NA,NA,NA,NA,NA,NA,NA,NA,NA,NA,NA,NA,NA,NA,NA,NA,NA,NA,1.544848,2549,0.671515,0.009458,0.444848,0.006265,34.301094,0.245455,0.003457,62.165432,0.000000,0.313939,0.004422,0.032727,0.057576,0.000000,0.000000,0.000000,0.000000,0.110303,0.000000,
453,cube0,0.313939,518,0.000000,0.000000,0.003030,0.000043,0.002424,0.000034,0.001212,0.000017,393.390656,0.000606,0.000009,0.000000,0.000000,0.274545,0.003867,0.031515,0.040000,0.000000,0.000000,0.000000,0.000000,0.104242,0.000000,NA,NA,NA,NA,NA,NA,NA,NA,NA,NA,NA,NA,NA,NA,NA,NA,NA,NA,NA,NA,NA,
453,vector0,NA,NA,NA,NA,NA,NA,NA,NA,NA,NA,NA,NA,NA,NA,NA,NA,NA,NA,NA,NA,NA,NA,NA,NA,NA,1.628485,2687,0.671515,0.009458,0.357576,0.005036,42.672886,0.377576,0.005318,40.412521,0.000000,0.274545,0.003867,0.032727,0.057576,0.000000,0.000000,0.000000,0.000000,0.098788,0.000000,
453,vector1,NA,NA,NA,NA,NA,NA,NA,NA,NA,NA,NA,NA,NA,NA,NA,NA,NA,NA,NA,NA,NA,NA,NA,NA,NA,1.644848,2714,0.671515,0.009458,0.277576,0.003910,54.971619,0.492121,0.006931,31.006159,0.000000,0.363636,0.005122,0.032727,0.057576,0.000000,0.000000,0.000000,0.000000,0.096364,0.000000,
454,cube0,0.320606,529,0.000000,0.000000,0.003030,0.000043,0.002424,0.000034,0.001212,0.000017,393.390656,0.000606,0.000009,0.000000,0.000000,0.271515,0.003824,0.031515,0.040000,0.000000,0.000000,0.000000,0.000000,0.122424,0.000000,NA,NA,NA,NA,NA,NA,NA,NA,NA,NA,NA,NA,NA,NA,NA,NA,NA,NA,NA,NA,NA,
454,vector0,NA,NA,NA,NA,NA,NA,NA,NA,NA,NA,NA,NA,NA,NA,NA,NA,NA,NA,NA,NA,NA,NA,NA,NA,NA,1.422424,2347,0.671515,0.009458,0.312121,0.004396,48.887379,0.217576,0.003064,70.130920,0.000000,0.334545,0.004712,0.032727,0.057576,0.000000,0.000000,0.000000,0.000000,0.130303,0.000000,
454,vector1,NA,NA,NA,NA,NA,NA,NA,NA,NA,NA,NA,NA,NA,NA,NA,NA,NA,NA,NA,NA,NA,NA,NA,NA,NA,1.790909,2955,0.671515,0.009458,0.404242,0.005694,37.746628,0.243636,0.003431,62.629356,0.000000,0.350909,0.004942,0.032727,0.057576,0.000000,0.000000,0.000000,0.000000,0.124848,0.000000,
455,cube0,0.350303,578,0.000000,0.000000,0.003030,0.000043,0.002424,0.000034,0.001212,0.000017,393.390656,0.000606,0.000009,0.000000,0.000000,0.297576,0.004191,0.031515,0.040000,0.000000,0.000000,0.000000,0.000000,0.101818,0.000000,NA,NA,NA,NA,NA,NA,NA,NA,NA,NA,NA,NA,NA,NA,NA,NA,NA,NA,NA,NA,NA,
455,vector0,NA,NA,NA,NA,NA,NA,NA,NA,NA,NA,NA,NA,NA,NA,NA,NA,NA,NA,NA,NA,NA,NA,NA,NA,NA,1.767273,2916,0.671515,0.009458,0.391515,0.005514,38.973686,0.402424,0.005668,37.917171,0.000000,0.308485,0.004345,0.032727,0.057576,0.000000,0.000000,0.000000,0.000000,0.103030,0.000000,
455,vector1,NA,NA,NA,NA,NA,NA,NA,NA,NA,NA,NA,NA,NA,NA,NA,NA,NA,NA,NA,NA,NA,NA,NA,NA,NA,1.498182,2472,0.671515,0.009458,0.400000,0.005634,38.146973,0.427879,0.006026,35.661476,0.000000,0.295758,0.004166,0.032727,0.057576,0.000000,0.000000,0.000000,0.000000,0.127879,0.000000,
456,cube0,0.343636,567,0.000000,0.000000,0.003030,0.000043,0.002424,0.000034,0.001212,0.000017,393.390656,0.000606,0.000009,0.000000,0.000000,0.303030,0.004268,0.031515,0.040000,0.000000,0.000000,0.000000,0.000000,0.130909,0.000000,NA,NA,NA,NA,NA,NA,NA,NA,NA,NA,NA,NA,NA,NA,NA,NA,NA,NA,NA,NA,NA,
456,vector0,NA,NA,NA,NA,NA,NA,NA,NA,NA,NA,NA,NA,NA,NA,NA,NA,NA,NA,NA,NA,NA,NA,NA,NA,NA,1.489091,2457,0.671515,0.009458,0.387273,0.005455,39.400631,0.224242,0.003158,68.045959,0.000000,0.298788,0.004208,0.032727,0.057576,0.000000,0.000000,0.000000,0.000000,0.127273,0.000000,
456,vector1,NA,NA,NA,NA,NA,NA,NA,NA,NA,NA,NA,NA,NA,NA,NA,NA,NA,NA,NA,NA,NA,NA,NA,NA,NA,1.558182,2571,0.671515,0.009458,0.424242,0.005975,35.967140,0.233333,0.003286,65.394814,0.000000,0.323030,0.004550,0.032727,0.057576,0.000000,0.000000,0.000000,0.000000,0.108485,0.000000,
457,cube0,0.304848,503,0.000000,0.000000,0.003030,0.000043,0.002424,0.000034,0.001212,0.000017,393.390656,0.000606,0.000009,0.000000,0.000000,0.261212,0.003679,0.031515,0.040000,0.000000,0.000000,0.000000,0.000000,0.112727,0.000000,NA,NA,NA,NA,NA,NA,NA,NA,NA,NA,NA,NA,NA,NA,NA,NA,NA,NA,NA,NA,NA,
457,vector0,NA,NA,NA,NA,NA,NA,NA,NA,NA,NA,NA,NA,NA,NA,NA,NA,NA,NA,NA,NA,NA,NA,NA,NA,NA,1.648485,2720,0.671515,0.009458,0.269091,0.003790,56.704956,0.385455,0.005429,39.586479,0.000000,0.303030,0.004268,0.032727,0.057576,0.000000,0.000000,0.000000,0.000000,0.147273,0.000000,
457,vector1,NA,NA,NA,NA,NA,NA,NA,NA,NA,NA,NA,NA,NA,NA,NA,NA,NA,NA,NA,NA,NA,NA,NA,NA,NA,1.755152,2896,0.671515,0.009458,0.397576,0.005600,38.379574,0.446061,0.006283,34.207882,0.000000,0.286667,0.004038,0.032727,0.057576,0.000000,0.000000,0.000000,0.000000,0.122424,0.000000,
458,cube0,0.364848,602,0.000000,0.000000,0.003030,0.000043,0.002424,0.000034,0.001212,0.000017,393.390656,0.000606,0.000009,0.000000,0.000000,0.312121,0.004396,0.031515,0.040000,0.000000,0.000000,0.000000,0.000000,0.116970,0.000000,NA,NA,NA,NA,NA,NA,NA,NA,NA,NA,NA,NA,NA,NA,NA,NA,NA,NA,NA,NA,NA,
458,vector0,NA,NA,NA,NA,NA,NA,NA,NA,NA,NA,NA,NA,NA,NA,NA,NA,NA,NA,NA,NA,NA,NA,NA,NA,NA,1.509091,2490,0.671515,0.009458,0.413939,0.005830,36.862377,0.250303,0.003525,60.961266,0.000000,0.300606,0.004234,0.032727,0.057576,0.000000,0.000000,0.000000,0.000000,0.125455,0.000000,
458,vector1,NA,NA,NA,NA,NA,NA,NA,NA,NA,NA,NA,NA,NA,NA,NA,NA,NA,NA,NA,NA,NA,NA,NA,NA,NA,1.510909,2493,0.671515,0.009458,0.415152,0.005847,36.754745,0.228485,0.003218,66.782494,0.000000,0.285455,0.004020,0.032727,0.057576,0.000000,0.000000,0.000000,0.000000,0.113333,0.000000,
459,cube0,0.350909,579,0.000000,0.000000,0.003030,0.000043,0.002424,0.000034,0.001212,0.000017,393.390656,0.000606,0.000009,0.000000,0.000000,0.296364,0.004174,0.031515,0.040000,0.000000,0.000000,0.000000,0.000000,0.140000,0.000000,NA,NA,NA,NA,NA,NA,NA,NA,NA,NA,NA,NA,NA,NA,NA,NA,NA,NA,NA,NA,NA,
459,vector0,NA,NA,NA,NA,NA,NA,NA,NA,NA,NA,NA,NA,NA,NA,NA,NA,NA,NA,NA,NA,NA,NA,NA,NA,NA,1.596970,2635,0.671515,0.009458,0.183030,0.002578,83.367546,0.497576,0.007008,30.666262,0.000000,0.336364,0.004738,0.032727,0.057576,0.000000,0.000000,0.000000,0.000000,0.123030,0.000000,
459,vector1,NA,NA,NA,NA,NA,NA,NA,NA,NA,NA,NA,NA,NA,NA,NA,NA,NA,NA,NA,NA,NA,NA,NA,NA,NA,1.666667,2750,0.671515,0.009458,0.277576,0.003910,54.971619,0.442424,0.006231,34.489044,0.000000,0.315152,0.004439,0.032727,0.057576,0.000000,0.000000,0.000000,0.000000,0.146061,0.000000,
460,cube0,0.346061,571,0.000000,0.000000,0.003030,0.000043,0.002424,0.000034,0.001212,0.000017,393.390656,0.000606,0.000009,0.000000,0.000000,0.303030,0.004268,0.031515,0.040000,0.000000,0.000000,0.000000,0.000000,0.111515,0.000000,NA,NA,NA,NA,NA,NA,NA,NA,NA,NA,NA,NA,NA,NA,NA,NA,NA,NA,NA,NA,NA,
460,vector0,NA,NA,NA,NA,NA,NA,NA,NA,NA,NA,NA,NA,NA,NA,NA,NA,NA,NA,NA,NA,NA,NA,NA,NA,NA,1.501818,2478,0.671515,0.009458,0.409091,0.005762,37.299259,0.225455,0.003175,67.680115,0.000000,0.294545,0.004149,0.032727,0.057576,0.000000,0.000000,0.000000,0.000000,0.127879,0.000000,
460,vector1,NA,NA,NA,NA,NA,NA,NA,NA,NA,NA,NA,NA,NA,NA,NA,NA,NA,NA,NA,NA,NA,NA,NA,NA,NA,1.581212,2609,0.671515,0.009458,0.462424,0.006513,32.997379,0.236364,0.003329,64.556412,0.000000,0.311515,0.004388,0.032727,0.057576,0.000000,0.000000,0.000000,0.000000,0.121212,0.000000,
461,cube0,0.292121,482,0.000000,0.000000,0.003030,0.000043,0.002424,0.000034,0.001212,0.000017,393.390656,0.000606,0.000009,0.000000,0.000000,0.246667,0.003474,0.031515,0.040000,0.000000,0.000000,0.000000,0.000000,0.140000,0.000000,NA,NA,NA,NA,NA,NA,NA,NA,NA,NA,NA,NA,NA,NA,NA,NA,NA,NA,NA,NA,NA,
461,vector0,NA,NA,NA,NA,NA,NA,NA,NA,NA,NA,NA,NA,NA,NA,NA,NA,NA,NA,NA,NA,NA,NA,NA,NA,NA,1.571515,2593,0.671515,0.009458,0.304242,0.004285,50.153389,0.501212,0.007059,30.443775,0.000000,0.250909,0.003534,0.032727,0.057576,0.000000,0.000000,0.000000,0.000000,0.138788,0.000000,
461,vector1,NA,NA,NA,NA,NA,NA,NA,NA,NA,NA,NA,NA,NA,NA,NA,NA,NA,NA,NA,NA,NA,NA,NA,NA,NA,1.753939,2894,0.671515,0.009458,0.358182,0.005045,42.600681,0.519394,0.007315,29.378065,0.000000,0.312727,0.004405,0.032727,0.057576,0.000000,0.000000,0.000000,0.000000,0.145455,0.000000,
462,cube0,0.347879,574,0.000000,0.000000,0.003030,0.000043,0.002424,0.000034,0.001212,0.000017,393.390656,0.000606,0.000009,0.000000,0.000000,0.297576,0.004191,0.031515,0.040000,0.000000,0.000000,0.000000,0.000000,0.115758,0.000000,NA,NA,NA,NA,NA,NA,NA,NA,NA,NA,NA,NA,NA,NA,NA,NA,NA,NA,NA,NA,NA,
462,vector0,NA,NA,NA,NA,NA,NA,NA,NA,NA,NA,NA,NA,NA,NA,NA,NA,NA,NA,NA,NA,NA,NA,NA,NA,NA,1.593939,2630,0.671515,0.009458,0.447879,0.006308,34.069016,0.227879,0.003210,66.960106,0.000000,0.336364,0.004738,0.032727,0.057576,0.000000,0.000000,0.000000,0.000000,0.147273,0.000000,
462,vector1,NA,NA,NA,NA,NA,NA,NA,NA,NA,NA,NA,NA,NA,NA,NA,NA,NA,NA,NA,NA,NA,NA,NA,NA,NA,1.530909,2526,0.671515,0.009458,0.433939,0.006112,35.163410,0.227879,0.003210,66.960106,0.000000,0.259394,0.003653,0.032727,0.057576,0.000000,0.000000,0.000000,0.000000,0.120000,0.000000,
463,cube0,0.292727,483,0.000000,0.000000,0.003030,0.000043,0.002424,0.000034,0.001212,0.000017,393.390656,0.000606,0.000009,0.000000,0.000000,0.240606,0.003389,0.031515,0.040000,0.000000,0.000000,0.000000,0.000000,0.144242,0.000000,NA,NA,NA,NA,NA,NA,NA,NA,NA,NA,NA,NA,NA,NA,NA,NA,NA,NA,NA,NA,NA,
463,vector0,NA,NA,NA,NA,NA,NA,NA,NA,NA,NA,NA,NA,NA,NA,NA,NA,NA,NA,NA,NA,NA,NA,NA,NA,NA,1.798182,2967,0.671515,0.009458,0.397576,0.005600,38.379574,0.356970,0.005028,42.745335,0.000000,0.291515,0.004106,0.032727,0.057576,0.000000,0.000000,0.000000,0.000000,0.096364,0.000000,
463,vector1,NA,NA,NA,NA,NA,NA,NA,NA,NA,NA,NA,NA,NA,NA,NA,NA,NA,NA,NA,NA,NA,NA,NA,NA,NA,1.631515,2692,0.671515,0.009458,0.326667,0.004601,46.710579,0.486061,0.006846,31.392773,0.000000,0.264848,0.003730,0.032727,0.057576,0.000000,0.000000,0.000000,0.000000,0.113333,0.000000,
464,cube0,0.365455,603,0.000000,0.000000,0.003030,0.000043,0.002424,0.000034,0.001212,0.000017,393.390656,0.000606,0.000009,0.000000,0.000000,0.310909,0.004379,0.031515,0.040000,0.000000,0.000000,0.000000,0.000000,0.116364,0.000000,NA,NA,NA,NA,NA,NA,NA,NA,NA,NA,NA,NA,NA,NA,NA,NA,NA,NA,NA,NA,NA,
464,vector0,NA,NA,NA,NA,NA,NA,NA,NA,NA,NA,NA,NA,NA,NA,NA,NA,NA,NA,NA,NA,NA,NA,NA,NA,NA,1.895758,3128,0.671515,0.009458,0.409091,0.005762,37.299259,0.229697,0.003235,66.430084,0.000000,0.324242,0.004567,0.032727,0.057576,0.000000,0.000000,0.000000,0.000000,0.141818,0.000000,
464,vector1,NA,NA,NA,NA,NA,NA,NA,NA,NA,NA,NA,NA,NA,NA,NA,NA,NA,NA,NA,NA,NA,NA,NA,NA,NA,1.486667,2453,0.671515,0.009458,0.374545,0.005275,40.739483,0.517576,0.007290,29.481268,0.000000,0.296970,0.004183,0.032727,0.057576,0.000000,0.000000,0.000000,0.000000,0.116970,0.000000,
465,cube0,0.321818,531,0.000000,0.000000,0.003030,0.000043,0.002424,0.000034,0.001212,0.000017,393.390656,0.000606,0.000009,0.000000,0.000000,0.263636,0.003713,0.031515,0.040000,0.000000,0.000000,0.000000,0.000000,0.120000,0.000000,NA,NA,NA,NA,NA,NA,NA,NA,NA,NA,NA,NA,NA,NA,NA,NA,NA,NA,NA,NA,NA,
465,vector0,NA,NA,NA,NA,NA,NA,NA,NA,NA,NA,NA,NA,NA,NA,NA,NA,NA,NA,NA,NA,NA,NA,NA,NA,NA,1.701212,2807,0.671515,0.009458,0.403030,0.005676,37.860153,0.536364,0.007554,28.448589,0.000000,0.290909,0.004097,0.032727,0.057576,0.000000,0.000000,0.000000,0.000000,0.138788,0.000000,
465,vector1,NA,NA,NA,NA,NA,NA,NA,NA,NA,NA,NA,NA,NA,NA,NA,NA,NA,NA,NA,NA,NA,NA,NA,NA,NA,1.680606,2773,0.671515,0.009458,0.419394,0.005907,36.382954,0.415152,0.005847,36.754745,0.000000,0.277576,0.003910,0.032727,0.057576,0.000000,0.000000,0.000000,0.000000,0.095758,0.000000,
466,cube0,0.315758,521,0.000000,0.000000,0.003030,0.000043,0.002424,0.000034,0.001212,0.000017,393.390656,0.000606,0.000009,0.000000,0.000000,0.276364,0.003892,0.031515,0.040000,0.000000,0.000000,0.000000,0.000000,0.122424,0.000000,NA,NA,NA,NA,NA,NA,NA,NA,NA,NA,NA,NA,NA,NA,NA,NA,NA,NA,NA,NA,NA,
466,vector0,NA,NA,NA,NA,NA,NA,NA,NA,NA,NA,NA,NA,NA,NA,NA,NA,NA,NA,NA,NA,NA,NA,NA,NA,NA,1.396364,2304,0.671515,0.009458,0.315152,0.004439,48.417313,0.235152,0.003312,64.889175,0.000000,0.276970,0.003901,0.032727,0.057576,0.000000,0.000000,0.000000,0.000000,0.115758,0.000000,
466,vector1,NA,NA,NA,NA,NA,NA,NA,NA,NA,NA,NA,NA,NA,NA,NA,NA,NA,NA,NA,NA,NA,NA,NA,NA,NA,1.516970,2503,0.671515,0.009458,0.428485,0.006035,35.611038,0.216970,0.003056,70.326820,0.000000,0.281818,0.003969,0.032727,0.057576,0.000000,0.000000,0.000000,0.000000,0.101212,0.000000,
467,cube0,0.340606,562,0.000000,0.000000,0.003030,0.000043,0.002424,0.000034,0.001212,0.000017,393.390656,0.000606,0.000009,0.000000,0.000000,0.298788,0.004208,0.031515,0.040000,0.000000,0.000000,0.000000,0.000000,0.132121,0.000000,NA,NA,NA,NA,NA,NA,NA,NA,NA,NA,NA,NA,NA,NA,NA,NA,NA,NA,NA,NA,NA,
467,vector0,NA,NA,NA,NA,NA,NA,NA,NA,NA,NA,NA,NA,NA,NA,NA,NA,NA,NA,NA,NA,NA,NA,NA,NA,NA,1.452727,2397,0.671515,0.009458,0.190909,0.002689,79.926987,0.475758,0.006701,32.072617,0.000000,0.318182,0.004481,0.032727,0.057576,0.000000,0.000000,0.000000,0.000000,0.145455,0.000000,
467,vector1,NA,NA,NA,NA,NA,NA,NA,NA,NA,NA,NA,NA,NA,NA,NA,NA,NA,NA,NA,NA,NA,NA,NA,NA,NA,1.779394,2936,0.671515,0.009458,0.404242,0.005694,37.746628,0.463636,0.006530,32.911114,0.000000,0.303030,0.004268,0.032727,0.057576,0.000000,0.000000,0.000000,0.000000,0.115152,0.000000,
468,cube0,0.318182,525,0.000000,0.000000,0.003030,0.000043,0.002424,0.000034,0.001212,0.000017,393.390656,0.000606,0.000009,0.000000,0.000000,0.272121,0.003833,0.031515,0.040000,0.000000,0.000000,0.000000,0.000000,0.133939,0.000000,NA,NA,NA,NA,NA,NA,NA,NA,NA,NA,NA,NA,NA,NA,NA,NA,NA,NA,NA,NA,NA,
468,vector0,NA,NA,NA,NA,NA,NA,NA,NA,NA,NA,NA,NA,NA,NA,NA,NA,NA,NA,NA,NA,NA,NA,NA,NA,NA,1.538788,2539,0.671515,0.009458,0.470303,0.006624,32.444588,0.220000,0.003099,69.358131,0.000000,0.266061,0.003747,0.032727,0.057576,0.000000,0.000000,0.000000,0.000000,0.114545,0.000000,
468,vector1,NA,NA,NA,NA,NA,NA,NA,NA,NA,NA,NA,NA,NA,NA,NA,NA,NA,NA,NA,NA,NA,NA,NA,NA,NA,1.455152,2401,0.671515,0.009458,0.357576,0.005036,42.672886,0.236364,0.003329,64.556412,0.000000,0.303030,0.004268,0.032727,0.057576,0.000000,0.000000,0.000000,0.000000,0.110909,0.000000,
469,cube0,0.353333,583,0.000000,0.000000,0.003030,0.000043,0.002424,0.000034,0.001212,0.000017,393.390656,0.000606,0.000009,0.000000,0.000000,0.304848,0.004294,0.031515,0.040000,0.000000,0.000000,0.000000,0.000000,0.115758,0.000000,NA,NA,NA,NA,NA,NA,NA,NA,NA,NA,NA,NA,NA,NA,NA,NA,NA,NA,NA,NA,NA,
469,vector0,NA,NA,NA,NA,NA,NA,NA,NA,NA,NA,NA,NA,NA,NA,NA,NA,NA,NA,NA,NA,NA,NA,NA,NA,NA,1.676364,2766,0.671515,0.009458,0.327273,0.004609,46.624081,0.491515,0.006923,31.044390,0.000000,0.296364,0.004174,0.032727,0.057576,0.000000,0.000000,0.000000,0.000000,0.120606,0.000000,
469,vector1,NA,NA,NA,NA,NA,NA,NA,NA,NA,NA,NA,NA,NA,NA,NA,NA,NA,NA,NA,NA,NA,NA,NA,NA,NA,1.590909,2625,0.671515,0.009458,0.323636,0.004558,47.147949,0.372121,0.005241,41.004890,0.000000,0.270909,0.003816,0.032727,0.057576,0.000000,0.000000,0.000000,0.000000,0.110909,0.000000,
470,cube0,0.329697,544,0.000000,0.000000,0.003030,0.000043,0.002424,0.000034,0.001212,0.000017,393.390656,0.000606,0.000009,0.000000,0.000000,0.278788,0.003927,0.031515,0.040000,0.000000,0.000000,0.000000,0.000000,0.136970,0.000000,NA,NA,NA,NA,NA,NA,NA,NA,NA,NA,NA,NA,NA,NA,NA,NA,NA,NA,NA,NA,NA,
470,vector0,NA,NA,NA,NA,NA,NA,NA,NA,NA,NA,NA,NA,NA,NA,NA,NA,NA,NA,NA,NA,NA,NA,NA,NA,NA,1.524848,2516,0.671515,0.009458,0.438788,0.006180,34.774864,0.333939,0.004703,45.693287,0.000000,0.273939,0.003858,0.032727,0.057576,0.000000,0.000000,0.000000,0.000000,0.128485,0.000000,
470,vector1,NA,NA,NA,NA,NA,NA,NA,NA,NA,NA,NA,NA,NA,NA,NA,NA,NA,NA,NA,NA,NA,NA,NA,NA,NA,1.533333,2530,0.671515,0.009458,0.442424,0.006231,34.489044,0.260000,0.003662,58.687653,0.000000,0.267273,0.003764,0.032727,0.057576,0.000000,0.000000,0.000000,0.000000,0.115152,0.000000,
471,cube0,0.372121,614,0.000000,0.000000,0.003030,0.000043,0.002424,0.000034,0.001212,0.000017,393.390656,0.000606,0.000009,0.000000,0.000000,0.318182,0.004481,0.031515,0.040000,0.000000,0.000000,0.000000,0.000000,0.133333,0.000000,NA,NA,NA,NA,NA,NA,NA,NA,NA,NA,NA,NA,NA,NA,NA,NA,NA,NA,NA,NA,NA,
471,vector0,NA,NA,NA,NA,NA,NA,NA,NA,NA,NA,NA,NA,NA,NA,NA,NA,NA,NA,NA,NA,NA,NA,NA,NA,NA,1.599394,2639,0.671515,0.009458,0.324242,0.004567,47.059814,0.506061,0.007128,30.152098,0.000000,0.300606,0.004234,0.032727,0.057576,0.000000,0.000000,0.000000,0.000000,0.104848,0.000000,
471,vector1,NA,NA,NA,NA,NA,NA,NA,NA,NA,NA,NA,NA,NA,NA,NA,NA,NA,NA,NA,NA,NA,NA,NA,NA,NA,1.582424,2611,0.671515,0.009458,0.306061,0.004311,49.855450,0.405455,0.005711,37.633785,0.000000,0.290909,0.004097,0.032727,0.057576,0.000000,0.000000,0.000000,0.000000,0.112121,0.000000,
472,cube0,0.305455,504,0.000000,0.000000,0.003030,0.000043,0.002424,0.000034,0.001212,0.000017,393.390656,0.000606,0.000009,0.000000,0.000000,0.269091,0.003790,0.031515,0.040000,0.000000,0.000000,0.000000,0.000000,0.135152,0.000000,NA,NA,NA,NA,NA,NA,NA,NA,NA,NA,NA,NA,NA,NA,NA,NA,NA,NA,NA,NA,NA,
472,vector0,NA,NA,NA,NA,NA,NA,NA,NA,NA,NA,NA,NA,NA,NA,NA,NA,NA,NA,NA,NA,NA,NA,NA,NA,NA,1.841818,3039,0.671515,0.009458,0.436364,0.006146,34.968060,0.535758,0.007546,28.480770,0.000000,0.341212,0.004806,0.032727,0.057576,0.000000,0.000000,0.000000,0.000000,0.119394,0.000000,
472,vector1,NA,NA,NA,NA,NA,NA,NA,NA,NA,NA,NA,NA,NA,NA,NA,NA,NA,NA,NA,NA,NA,NA,NA,NA,NA,1.399394,2309,0.671515,0.009458,0.300000,0.004225,50.862629,0.241818,0.003406,63.100258,0.000000,0.312121,0.004396,0.032727,0.057576,0.000000,0.000000,0.000000,0.000000,0.108485,0.000000,
473,cube0,0.312121,515,0.000000,0.000000,0.003030,0.000043,0.002424,0.000034,0.001212,0.000017,393.390656,0.000606,0.000009,0.000000,0.000000,0.272121,0.003833,0.031515,0.040000,0.000000,0.000000,0.000000,0.000000,0.104242,0.000000,NA,NA,NA,NA,NA,NA,NA,NA,NA,NA,NA,NA,NA,NA,NA,NA,NA,NA,NA,NA,NA,
473,vector0,NA,NA,NA,NA,NA,NA,NA,NA,NA,NA,NA,NA,NA,NA,NA,NA,NA,NA,NA,NA,NA,NA,NA,NA,NA,1.775758,2930,0.671515,0.009458,0.391515,0.005514,38.973686,0.276970,0.003901,55.091908,0.000000,0.273939,0.003858,0.032727,0.057576,0.000000,0.000000,0.000000,0.000000,0.098788,0.000000,
473,vector1,NA,NA,NA,NA,NA,NA,NA,NA,NA,NA,NA,NA,NA,NA,NA,NA,NA,NA,NA,NA,NA,NA,NA,NA,NA,1.395151,2302,0.671515,0.009458,0.208485,0.002936,73.188957,0.543030,0.007648,28.099333,0.000000,0.327879,0.004618,0.032727,0.057576,0.000000,0.000000,0.000000,0.000000,0.092121,0.000000,
474,cube0,0.319394,527,0.000000,0.000000,0.003030,0.000043,0.002424,0.000034,0.001212,0.000017,393.390656,0.000606,0.000009,0.000000,0.000000,0.269697,0.003799,0.031515,0.040000,0.000000,0.000000,0.000000,0.000000,0.121212,0.000000,NA,NA,NA,NA,NA,NA,NA,NA,NA,NA,NA,NA,NA,NA,NA,NA,NA,NA,NA,NA,NA,
474,vector0,NA,NA,NA,NA,NA,NA,NA,NA,NA,NA,NA,NA,NA,NA,NA,NA,NA,NA,NA,NA,NA,NA,NA,NA,NA,1.552121,2561,0.671515,0.009458,0.443636,0.006248,34.394814,0.232727,0.003278,65.565109,0.000000,0.336364,0.004738,0.032727,0.057576,0.000000,0.000000,0.000000,0.000000,0.130303,0.000000,
474,vector1,NA,NA,NA,NA,NA,NA,NA,NA,NA,NA,NA,NA,NA,NA,NA,NA,NA,NA,NA,NA,NA,NA,NA,NA,NA,1.525455,2517,0.671515,0.009458,0.429091,0.006044,35.560738,0.243030,0.003423,62.785545,0.000000,0.348485,0.004908,0.032727,0.057576,0.000000,0.000000,0.000000,0.000000,0.122424,0.000000,
475,cube0,0.351515,580,0.000000,0.000000,0.003030,0.000043,0.002424,0.000034,0.001212,0.000017,393.390656,0.000606,0.000009,0.000000,0.000000,0.299394,0.004217,0.031515,0.040000,0.000000,0.000000,0.000000,0.000000,0.102424,0.000000,NA,NA,NA,NA,NA,NA,NA,NA,NA,NA,NA,NA,NA,NA,NA,NA,NA,NA,NA,NA,NA,
475,vector0,NA,NA,NA,NA,NA,NA,NA,NA,NA,NA,NA,NA,NA,NA,NA,NA,NA,NA,NA,NA,NA,NA,NA,NA,NA,1.761818,2907,0.671515,0.009458,0.345455,0.004866,44.170177,0.396364,0.005583,38.496941,0.000000,0.295758,0.004166,0.032727,0.057576,0.000000,0.000000,0.000000,0.000000,0.101212,0.000000,
475,vector1,NA,NA,NA,NA,NA,NA,NA,NA,NA,NA,NA,NA,NA,NA,NA,NA,NA,NA,NA,NA,NA,NA,NA,NA,NA,1.609697,2656,0.671515,0.009458,0.215758,0.003039,70.721916,0.503030,0.007085,30.333738,0.000000,0.304848,0.004294,0.032727,0.057576,0.000000,0.000000,0.000000,0.000000,0.126667,0.000000,
476,cube0,0.347273,573,0.000000,0.000000,0.003030,0.000043,0.002424,0.000034,0.001212,0.000017,393.390656,0.000606,0.000009,0.000000,0.000000,0.306061,0.004311,0.031515,0.040000,0.000000,0.000000,0.000000,0.000000,0.130909,0.000000,NA,NA,NA,NA,NA,NA,NA,NA,NA,NA,NA,NA,NA,NA,NA,NA,NA,NA,NA,NA,NA,
476,vector0,NA,NA,NA,NA,NA,NA,NA,NA,NA,NA,NA,NA,NA,NA,NA,NA,NA,NA,NA,NA,NA,NA,NA,NA,NA,1.541212,2543,0.671515,0.009458,0.424242,0.005975,35.967140,0.229697,0.003235,66.430084,0.000000,0.303030,0.004268,0.032727,0.057576,0.000000,0.000000,0.000000,0.000000,0.129091,0.000000,
476,vector1,NA,NA,NA,NA,NA,NA,NA,NA,NA,NA,NA,NA,NA,NA,NA,NA,NA,NA,NA,NA,NA,NA,NA,NA,NA,1.472121,2429,0.671515,0.009458,0.377576,0.005318,40.412521,0.223030,0.003141,68.415764,0.000000,0.321212,0.004524,0.032727,0.057576,0.000000,0.000000,0.000000,0.000000,0.110909,0.000000,
477,cube0,0.307273,507,0.000000,0.000000,0.003030,0.000043,0.002424,0.000034,0.001212,0.000017,393.390656,0.000606,0.000009,0.000000,0.000000,0.264242,0.003722,0.031515,0.040000,0.000000,0.000000,0.000000,0.000000,0.111515,0.000000,NA,NA,NA,NA,NA,NA,NA,NA,NA,NA,NA,NA,NA,NA,NA,NA,NA,NA,NA,NA,NA,
477,vector0,NA,NA,NA,NA,NA,NA,NA,NA,NA,NA,NA,NA,NA,NA,NA,NA,NA,NA,NA,NA,NA,NA,NA,NA,NA,1.726061,2848,0.671515,0.009458,0.332727,0.004686,45.859745,0.372727,0.005250,40.938217,0.000000,0.300000,0.004225,0.032727,0.057576,0.000000,0.000000,0.000000,0.000000,0.143636,0.000000,
477,vector1,NA,NA,NA,NA,NA,NA,NA,NA,NA,NA,NA,NA,NA,NA,NA,NA,NA,NA,NA,NA,NA,NA,NA,NA,NA,1.487273,2454,0.671515,0.009458,0.229697,0.003235,66.430084,0.484848,0.006829,31.471252,0.000000,0.283636,0.003995,0.032727,0.057576,0.000000,0.000000,0.000000,0.000000,0.118788,0.000000,
478,cube0,0.365455,603,0.000000,0.000000,0.003030,0.000043,0.002424,0.000034,0.001212,0.000017,393.390656,0.000606,0.000009,0.000000,0.000000,0.313333,0.004413,0.031515,0.040000,0.000000,0.000000,0.000000,0.000000,0.118182,0.000000,NA,NA,NA,NA,NA,NA,NA,NA,NA,NA,NA,NA,NA,NA,NA,NA,NA,NA,NA,NA,NA,
478,vector0,NA,NA,NA,NA,NA,NA,NA,NA,NA,NA,NA,NA,NA,NA,NA,NA,NA,NA,NA,NA,NA,NA,NA,NA,NA,1.606061,2650,0.671515,0.009458,0.469697,0.006615,32.486458,0.243030,0.003423,62.785545,0.000000,0.336364,0.004738,0.032727,0.057576,0.000000,0.000000,0.000000,0.000000,0.124848,0.000000,
478,vector1,NA,NA,NA,NA,NA,NA,NA,NA,NA,NA,NA,NA,NA,NA,NA,NA,NA,NA,NA,NA,NA,NA,NA,NA,NA,1.806061,2980,0.671515,0.009458,0.441818,0.006223,34.536354,0.225455,0.003175,67.680115,0.000000,0.318182,0.004481,0.032727,0.057576,0.000000,0.000000,0.000000,0.000000,0.114545,0.000000,
479,cube0,0.350303,578,0.000000,0.000000,0.003030,0.000043,0.002424,0.000034,0.001212,0.000017,393.390656,0.000606,0.000009,0.000000,0.000000,0.295758,0.004166,0.031515,0.040000,0.000000,0.000000,0.000000,0.000000,0.138182,0.000000,NA,NA,NA,NA,NA,NA,NA,NA,NA,NA,NA,NA,NA,NA,NA,NA,NA,NA,NA,NA,NA,
479,vector0,NA,NA,NA,NA,NA,NA,NA,NA,NA,NA,NA,NA,NA,NA,NA,NA,NA,NA,NA,NA,NA,NA,NA,NA,NA,1.613939,2663,0.671515,0.009458,0.350909,0.004942,43.483597,0.483030,0.006803,31.589716,0.000000,0.292727,0.004123,0.032727,0.057576,0.000000,0.000000,0.000000,0.000000,0.127879,0.000000,
479,vector1,NA,NA,NA,NA,NA,NA,NA,NA,NA,NA,NA,NA,NA,NA,NA,NA,NA,NA,NA,NA,NA,NA,NA,NA,NA,1.666667,2750,0.671515,0.009458,0.273939,0.003858,55.701332,0.398788,0.005617,38.262920,0.000000,0.308485,0.004345,0.032727,0.057576,0.000000,0.000000,0.000000,0.000000,0.122424,0.000000,
480,cube0,0.350303,578,0.000000,0.000000,0.003030,0.000043,0.002424,0.000034,0.001212,0.000017,393.390656,0.000606,0.000009,0.000000,0.000000,0.307879,0.004336,0.031515,0.040000,0.000000,0.000000,0.000000,0.000000,0.110303,0.000000,NA,NA,NA,NA,NA,NA,NA,NA,NA,NA,NA,NA,NA,NA,NA,NA,NA,NA,NA,NA,NA,
480,vector0,NA,NA,NA,NA,NA,NA,NA,NA,NA,NA,NA,NA,NA,NA,NA,NA,NA,NA,NA,NA,NA,NA,NA,NA,NA,1.488485,2456,0.671515,0.009458,0.399394,0.005625,38.204857,0.235152,0.003312,64.889175,0.000000,0.255758,0.003602,0.032727,0.057576,0.000000,0.000000,0.000000,0.000000,0.166061,0.000000,
480,vector1,NA,NA,NA,NA,NA,NA,NA,NA,NA,NA,NA,NA,NA,NA,NA,NA,NA,NA,NA,NA,NA,NA,NA,NA,NA,1.636364,2700,0.671515,0.009458,0.396364,0.005583,38.496941,0.224242,0.003158,68.045959,0.000000,0.314545,0.004430,0.032727,0.057576,0.000000,0.000000,0.000000,0.000000,0.121818,0.000000,
481,cube0,0.287879,475,0.000000,0.000000,0.003030,0.000043,0.002424,0.000034,0.001212,0.000017,393.390656,0.000606,0.000009,0.000000,0.000000,0.242424,0.003414,0.031515,0.040000,0.000000,0.000000,0.000000,0.000000,0.139394,0.000000,NA,NA,NA,NA,NA,NA,NA,NA,NA,NA,NA,NA,NA,NA,NA,NA,NA,NA,NA,NA,NA,
481,vector0,NA,NA,NA,NA,NA,NA,NA,NA,NA,NA,NA,NA,NA,NA,NA,NA,NA,NA,NA,NA,NA,NA,NA,NA,NA,1.657576,2735,0.671515,0.009458,0.257576,0.003628,59.240005,0.477576,0.006726,31.950508,0.000000,0.338788,0.004772,0.032727,0.057576,0.000000,0.000000,0.000000,0.000000,0.136364,0.000000,
481,vector1,NA,NA,NA,NA,NA,NA,NA,NA,NA,NA,NA,NA,NA,NA,NA,NA,NA,NA,NA,NA,NA,NA,NA,NA,NA,1.378182,2274,0.671515,0.009458,0.288485,0.004063,52.892860,0.507273,0.007145,30.080050,0.000000,0.258788,0.003645,0.032727,0.057576,0.000000,0.000000,0.000000,0.000000,0.136364,0.000000,
482,cube0,0.347879,574,0.000000,0.000000,0.003030,0.000043,0.002424,0.000034,0.001212,0.000017,393.390656,0.000606,0.000009,0.000000,0.000000,0.297576,0.004191,0.031515,0.040000,0.000000,0.000000,0.000000,0.000000,0.114545,0.000000,NA,NA,NA,NA,NA,NA,NA,NA,NA,NA,NA,NA,NA,NA,NA,NA,NA,NA,NA,NA,NA,
482,vector0,NA,NA,NA,NA,NA,NA,NA,NA,NA,NA,NA,NA,NA,NA,NA,NA,NA,NA,NA,NA,NA,NA,NA,NA,NA,1.479394,2441,0.671515,0.009458,0.409091,0.005762,37.299259,0.228485,0.003218,66.782494,0.000000,0.261212,0.003679,0.032727,0.057576,0.000000,0.000000,0.000000,0.000000,0.121212,0.000000,
482,vector1,NA,NA,NA,NA,NA,NA,NA,NA,NA,NA,NA,NA,NA,NA,NA,NA,NA,NA,NA,NA,NA,NA,NA,NA,NA,1.592121,2627,0.671515,0.009458,0.489697,0.006897,31.159657,0.224242,0.003158,68.045959,0.000000,0.295152,0.004157,0.032727,0.057576,0.000000,0.000000,0.000000,0.000000,0.119394,0.000000,
483,cube0,0.293939,485,0.000000,0.000000,0.003030,0.000043,0.002424,0.000034,0.001212,0.000017,393.390656,0.000606,0.000009,0.000000,0.000000,0.241818,0.003406,0.031515,0.040000,0.000000,0.000000,0.000000,0.000000,0.144242,0.000000,NA,NA,NA,NA,NA,NA,NA,NA,NA,NA,NA,NA,NA,NA,NA,NA,NA,NA,NA,NA,NA,
483,vector0,NA,NA,NA,NA,NA,NA,NA,NA,NA,NA,NA,NA,NA,NA,NA,NA,NA,NA,NA,NA,NA,NA,NA,NA,NA,1.553333,2563,0.671515,0.009458,0.266667,0.003756,57.220455,0.450303,0.006342,33.885601,0.000000,0.347879,0.004900,0.032727,0.057576,0.000000,0.000000,0.000000,0.000000,0.092727,0.000000,
483,vector1,NA,NA,NA,NA,NA,NA,NA,NA,NA,NA,NA,NA,NA,NA,NA,NA,NA,NA,NA,NA,NA,NA,NA,NA,NA,1.744848,2879,0.671515,0.009458,0.346667,0.004883,44.015739,0.397576,0.005600,38.379574,0.000000,0.297576,0.004191,0.032727,0.057576,0.000000,0.000000,0.000000,0.000000,0.112727,0.000000,
484,cube0,0.365455,603,0.000000,0.000000,0.003030,0.000043,0.002424,0.000034,0.001212,0.000017,393.390656,0.000606,0.000009,0.000000,0.000000,0.310909,0.004379,0.031515,0.040000,0.000000,0.000000,0.000000,0.000000,0.115152,0.000000,NA,NA,NA,NA,NA,NA,NA,NA,NA,NA,NA,NA,NA,NA,NA,NA,NA,NA,NA,NA,NA,
484,vector0,NA,NA,NA,NA,NA,NA,NA,NA,NA,NA,NA,NA,NA,NA,NA,NA,NA,NA,NA,NA,NA,NA,NA,NA,NA,1.509091,2490,0.671515,0.009458,0.289091,0.004072,52.781979,0.227879,0.003210,66.960106,0.000000,0.277576,0.003910,0.032727,0.057576,0.000000,0.000000,0.000000,0.000000,0.134545,0.000000,
484,vector1,NA,NA,NA,NA,NA,NA,NA,NA,NA,NA,NA,NA,NA,NA,NA,NA,NA,NA,NA,NA,NA,NA,NA,NA,NA,1.466061,2419,0.671515,0.009458,0.381212,0.005369,40.027031,0.237576,0.003346,64.227043,0.000000,0.283636,0.003995,0.032727,0.057576,0.000000,0.000000,0.000000,0.000000,0.117576,0.000000,
485,cube0,0.323030,533,0.000000,0.000000,0.003030,0.000043,0.002424,0.000034,0.001212,0.000017,393.390656,0.000606,0.000009,0.000000,0.000000,0.265455,0.003739,0.031515,0.040000,0.000000,0.000000,0.000000,0.000000,0.120606,0.000000,NA,NA,NA,NA,NA,NA,NA,NA,NA,NA,NA,NA,NA,NA,NA,NA,NA,NA,NA,NA,NA,
485,vector0,NA,NA,NA,NA,NA,NA,NA,NA,NA,NA,NA,NA,NA,NA,NA,NA,NA,NA,NA,NA,NA,NA,NA,NA,NA,1.562424,2578,0.671515,0.009458,0.210303,0.002962,72.556206,0.470909,0.006633,32.402832,0.000000,0.280606,0.003952,0.032727,0.057576,0.000000,0.000000,0.000000,0.000000,0.136364,0.000000,
485,vector1,NA,NA,NA,NA,NA,NA,NA,NA,NA,NA,NA,NA,NA,NA,NA,NA,NA,NA,NA,NA,NA,NA,NA,NA,NA,1.618182,2670,0.671515,0.009458,0.286061,0.004029,53.341110,0.371515,0.005233,41.071781,0.000000,0.318788,0.004490,0.032727,0.057576,0.000000,0.000000,0.000000,0.000000,0.095758,0.000000,
486,cube0,0.310303,512,0.000000,0.000000,0.003030,0.000043,0.002424,0.000034,0.001212,0.000017,393.390656,0.000606,0.000009,0.000000,0.000000,0.271515,0.003824,0.031515,0.040000,0.000000,0.000000,0.000000,0.000000,0.115152,0.000000,NA,NA,NA,NA,NA,NA,NA,NA,NA,NA,NA,NA,NA,NA,NA,NA,NA,NA,NA,NA,NA,
486,vector0,NA,NA,NA,NA,NA,NA,NA,NA,NA,NA,NA,NA,NA,NA,NA,NA,NA,NA,NA,NA,NA,NA,NA,NA,NA,1.493333,2464,0.671515,0.009458,0.407879,0.005745,37.410107,0.234545,0.003303,65.056854,0.000000,0.300606,0.004234,0.032727,0.057576,0.000000,0.000000,0.000000,0.000000,0.115758,0.000000,
486,vector1,NA,NA,NA,NA,NA,NA,NA,NA,NA,NA,NA,NA,NA,NA,NA,NA,NA,NA,NA,NA,NA,NA,NA,NA,NA,1.529697,2524,0.671515,0.009458,0.457576,0.006445,33.347023,0.221818,0.003124,68.789627,0.000000,0.298788,0.004208,0.032727,0.057576,0.000000,0.000000,0.000000,0.000000,0.101212,0.000000,
487,cube0,0.340606,562,0.000000,0.000000,0.003030,0.000043,0.002424,0.000034,0.001212,0.000017,393.390656,0.000606,0.000009,0.000000,0.000000,0.298788,0.004208,0.031515,0.040000,0.000000,0.000000,0.000000,0.000000,0.131515,0.000000,NA,NA,NA,NA,NA,NA,NA,NA,NA,NA,NA,NA,NA,NA,NA,NA,NA,NA,NA,NA,NA,
487,vector0,NA,NA,NA,NA,NA,NA,NA,NA,NA,NA,NA,NA,NA,NA,NA,NA,NA,NA,NA,NA,NA,NA,NA,NA,NA,1.650303,2723,0.671515,0.009458,0.332121,0.004678,45.943436,0.323030,0.004550,47.236404,0.000000,0.300606,0.004234,0.032727,0.057576,0.000000,0.000000,0.000000,0.000000,0.144848,0.000000,
487,vector1,NA,NA,NA,NA,NA,NA,NA,NA,NA,NA,NA,NA,NA,NA,NA,NA,NA,NA,NA,NA,NA,NA,NA,NA,NA,1.776364,2931,0.671515,0.009458,0.416970,0.005873,36.594479,0.401818,0.005659,37.974361,0.000000,0.275152,0.003875,0.032727,0.057576,0.000000,0.000000,0.000000,0.000000,0.116970,0.000000,
488,cube0,0.315758,521,0.000000,0.000000,0.003030,0.000043,0.002424,0.000034,0.001212,0.000017,393.390656,0.000606,0.000009,0.000000,0.000000,0.269697,0.003799,0.031515,0.040000,0.000000,0.000000,0.000000,0.000000,0.132727,0.000000,NA,NA,NA,NA,NA,NA,NA,NA,NA,NA,NA,NA,NA,NA,NA,NA,NA,NA,NA,NA,NA,
488,vector0,NA,NA,NA,NA,NA,NA,NA,NA,NA,NA,NA,NA,NA,NA,NA,NA,NA,NA,NA,NA,NA,NA,NA,NA,NA,1.520000,2508,0.671515,0.009458,0.421818,0.005941,36.173855,0.271515,0.003824,56.198666,0.000000,0.296970,0.004183,0.032727,0.057576,0.000000,0.000000,0.000000,0.000000,0.113333,0.000000,
488,vector1,NA,NA,NA,NA,NA,NA,NA,NA,NA,NA,NA,NA,NA,NA,NA,NA,NA,NA,NA,NA,NA,NA,NA,NA,NA,1.501212,2477,0.671515,0.009458,0.412727,0.005813,36.970634,0.247879,0.003491,61.557461,0.000000,0.263030,0.003705,0.032727,0.057576,0.000000,0.000000,0.000000,0.000000,0.113939,0.000000,
489,cube0,0.355152,586,0.000000,0.000000,0.003030,0.000043,0.002424,0.000034,0.001212,0.000017,393.390656,0.000606,0.000009,0.000000,0.000000,0.307273,0.004328,0.031515,0.040000,0.000000,0.000000,0.000000,0.000000,0.120606,0.000000,NA,NA,NA,NA,NA,NA,NA,NA,NA,NA,NA,NA,NA,NA,NA,NA,NA,NA,NA,NA,NA,
489,vector0,NA,NA,NA,NA,NA,NA,NA,NA,NA,NA,NA,NA,NA,NA,NA,NA,NA,NA,NA,NA,NA,NA,NA,NA,NA,1.676364,2766,0.671515,0.009458,0.321212,0.004524,47.503777,0.416970,0.005873,36.594479,0.000000,0.320606,0.004516,0.032727,0.057576,0.000000,0.000000,0.000000,0.000000,0.120606,0.000000,
489,vector1,NA,NA,NA,NA,NA,NA,NA,NA,NA,NA,NA,NA,NA,NA,NA,NA,NA,NA,NA,NA,NA,NA,NA,NA,NA,1.573333,2596,0.671515,0.009458,0.312121,0.004396,48.887379,0.407879,0.005745,37.410107,0.000000,0.298182,0.004200,0.032727,0.057576,0.000000,0.000000,0.000000,0.000000,0.114545,0.000000,
490,cube0,0.332727,549,0.000000,0.000000,0.003030,0.000043,0.002424,0.000034,0.001212,0.000017,393.390656,0.000606,0.000009,0.000000,0.000000,0.282424,0.003978,0.031515,0.040000,0.000000,0.000000,0.000000,0.000000,0.137576,0.000000,NA,NA,NA,NA,NA,NA,NA,NA,NA,NA,NA,NA,NA,NA,NA,NA,NA,NA,NA,NA,NA,
490,vector0,NA,NA,NA,NA,NA,NA,NA,NA,NA,NA,NA,NA,NA,NA,NA,NA,NA,NA,NA,NA,NA,NA,NA,NA,NA,1.410303,2327,0.671515,0.009458,0.294545,0.004149,51.804535,0.539394,0.007597,28.288765,0.000000,0.324242,0.004567,0.032727,0.057576,0.000000,0.000000,0.000000,0.000000,0.127273,0.000000,
490,vector1,NA,NA,NA,NA,NA,NA,NA,NA,NA,NA,NA,NA,NA,NA,NA,NA,NA,NA,NA,NA,NA,NA,NA,NA,NA,1.552121,2561,0.671515,0.009458,0.440000,0.006197,34.679066,0.235152,0.003312,64.889175,0.000000,0.315152,0.004439,0.032727,0.057576,0.000000,0.000000,0.000000,0.000000,0.113939,0.000000,
491,cube0,0.375758,620,0.000000,0.000000,0.003030,0.000043,0.002424,0.000034,0.001212,0.000017,393.390656,0.000606,0.000009,0.000000,0.000000,0.322424,0.004541,0.031515,0.040000,0.000000,0.000000,0.000000,0.000000,0.132727,0.000000,NA,NA,NA,NA,NA,NA,NA,NA,NA,NA,NA,NA,NA,NA,NA,NA,NA,NA,NA,NA,NA,
491,vector0,NA,NA,NA,NA,NA,NA,NA,NA,NA,NA,NA,NA,NA,NA,NA,NA,NA,NA,NA,NA,NA,NA,NA,NA,NA,1.487879,2455,0.671515,0.009458,0.218788,0.003082,69.742386,0.301212,0.004242,50.657951,0.000000,0.290303,0.004089,0.032727,0.057576,0.000000,0.000000,0.000000,0.000000,0.106061,0.000000,
491,vector1,NA,NA,NA,NA,NA,NA,NA,NA,NA,NA,NA,NA,NA,NA,NA,NA,NA,NA,NA,NA,NA,NA,NA,NA,NA,1.751515,2890,0.671515,0.009458,0.390303,0.005497,39.094723,0.441818,0.006223,34.536354,0.000000,0.296364,0.004174,0.032727,0.057576,0.000000,0.000000,0.000000,0.000000,0.111515,0.000000,
492,cube0,0.306061,505,0.000000,0.000000,0.003030,0.000043,0.002424,0.000034,0.001212,0.000017,393.390656,0.000606,0.000009,0.000000,0.000000,0.270303,0.003807,0.031515,0.040000,0.000000,0.000000,0.000000,0.000000,0.135152,0.000000,NA,NA,NA,NA,NA,NA,NA,NA,NA,NA,NA,NA,NA,NA,NA,NA,NA,NA,NA,NA,NA,
492,vector0,NA,NA,NA,NA,NA,NA,NA,NA,NA,NA,NA,NA,NA,NA,NA,NA,NA,NA,NA,NA,NA,NA,NA,NA,NA,1.563030,2579,0.671515,0.009458,0.442424,0.006231,34.489044,0.241818,0.003406,63.100258,0.000000,0.298788,0.004208,0.032727,0.057576,0.000000,0.000000,0.000000,0.000000,0.114545,0.000000,
492,vector1,NA,NA,NA,NA,NA,NA,NA,NA,NA,NA,NA,NA,NA,NA,NA,NA,NA,NA,NA,NA,NA,NA,NA,NA,NA,1.524242,2515,0.671515,0.009458,0.408485,0.005753,37.354603,0.243030,0.003423,62.785545,0.000000,0.298788,0.004208,0.032727,0.057576,0.000000,0.000000,0.000000,0.000000,0.107273,0.000000,
493,cube0,0.310303,512,0.000000,0.000000,0.003030,0.000043,0.002424,0.000034,0.001212,0.000017,393.390656,0.000606,0.000009,0.000000,0.000000,0.270909,0.003816,0.031515,0.040000,0.000000,0.000000,0.000000,0.000000,0.104242,0.000000,NA,NA,NA,NA,NA,NA,NA,NA,NA,NA,NA,NA,NA,NA,NA,NA,NA,NA,NA,NA,NA,
493,vector0,NA,NA,NA,NA,NA,NA,NA,NA,NA,NA,NA,NA,NA,NA,NA,NA,NA,NA,NA,NA,NA,NA,NA,NA,NA,1.787273,2949,0.671515,0.009458,0.376970,0.005309,40.477497,0.319394,0.004499,47.774200,0.000000,0.290303,0.004089,0.032727,0.057576,0.000000,0.000000,0.000000,0.000000,0.092727,0.000000,
493,vector1,NA,NA,NA,NA,NA,NA,NA,NA,NA,NA,NA,NA,NA,NA,NA,NA,NA,NA,NA,NA,NA,NA,NA,NA,NA,1.680606,2773,0.671515,0.009458,0.296970,0.004183,51.381634,0.427273,0.006018,35.712059,0.000000,0.338788,0.004772,0.032727,0.057576,0.000000,0.000000,0.000000,0.000000,0.130303,0.000000,
494,cube0,0.320000,528,0.000000,0.000000,0.003030,0.000043,0.002424,0.000034,0.001212,0.000017,393.390656,0.000606,0.000009,0.000000,0.000000,0.270909,0.003816,0.031515,0.040000,0.000000,0.000000,0.000000,0.000000,0.122424,0.000000,NA,NA,NA,NA,NA,NA,NA,NA,NA,NA,NA,NA,NA,NA,NA,NA,NA,NA,NA,NA,NA,
494,vector0,NA,NA,NA,NA,NA,NA,NA,NA,NA,NA,NA,NA,NA,NA,NA,NA,NA,NA,NA,NA,NA,NA,NA,NA,NA,1.520000,2508,0.671515,0.009458,0.425455,0.005992,35.864677,0.234545,0.003303,65.056854,0.000000,0.273333,0.003850,0.032727,0.057576,0.000000,0.000000,0.000000,0.000000,0.156970,0.000000,
494,vector1,NA,NA,NA,NA,NA,NA,NA,NA,NA,NA,NA,NA,NA,NA,NA,NA,NA,NA,NA,NA,NA,NA,NA,NA,NA,1.559394,2573,0.671515,0.009458,0.441818,0.006223,34.536354,0.235758,0.003321,64.722374,0.000000,0.332727,0.004686,0.032727,0.057576,0.000000,0.000000,0.000000,0.000000,0.106061,0.000000,
495,cube0,0.350909,579,0.000000,0.000000,0.003030,0.000043,0.002424,0.000034,0.001212,0.000017,393.390656,0.000606,0.000009,0.000000,0.000000,0.298182,0.004200,0.031515,0.040000,0.000000,0.000000,0.000000,0.000000,0.101212,0.000000,NA,NA,NA,NA,NA,NA,NA,NA,NA,NA,NA,NA,NA,NA,NA,NA,NA,NA,NA,NA,NA,
495,vector0,NA,NA,NA,NA,NA,NA,NA,NA,NA,NA,NA,NA,NA,NA,NA,NA,NA,NA,NA,NA,NA,NA,NA,NA,NA,1.800000,2970,0.671515,0.009458,0.415758,0.005856,36.701172,0.483030,0.006803,31.589716,0.000000,0.297576,0.004191,0.032727,0.057576,0.000000,0.000000,0.000000,0.000000,0.126061,0.000000,
495,vector1,NA,NA,NA,NA,NA,NA,NA,NA,NA,NA,NA,NA,NA,NA,NA,NA,NA,NA,NA,NA,NA,NA,NA,NA,NA,1.831515,3022,0.671515,0.009458,0.436970,0.006155,34.919556,0.404848,0.005702,37.690121,0.000000,0.298182,0.004200,0.032727,0.057576,0.000000,0.000000,0.000000,0.000000,0.127273,0.000000,
496,cube0,0.344242,568,0.000000,0.000000,0.003030,0.000043,0.002424,0.000034,0.001212,0.000017,393.390656,0.000606,0.000009,0.000000,0.000000,0.303636,0.004277,0.031515,0.040000,0.000000,0.000000,0.000000,0.000000,0.133333,0.000000,NA,NA,NA,NA,NA,NA,NA,NA,NA,NA,NA,NA,NA,NA,NA,NA,NA,NA,NA,NA,NA,
496,vector0,NA,NA,NA,NA,NA,NA,NA,NA,NA,NA,NA,NA,NA,NA,NA,NA,NA,NA,NA,NA,NA,NA,NA,NA,NA,1.440000,2376,0.671515,0.009458,0.339394,0.004780,44.958931,0.258182,0.003636,59.100945,0.000000,0.302424,0.004259,0.032727,0.057576,0.000000,0.000000,0.000000,0.000000,0.117576,0.000000,
496,vector1,NA,NA,NA,NA,NA,NA,NA,NA,NA,NA,NA,NA,NA,NA,NA,NA,NA,NA,NA,NA,NA,NA,NA,NA,NA,1.540606,2542,0.671515,0.009458,0.444848,0.006265,34.301094,0.343636,0.004840,44.403885,0.000000,0.287273,0.004046,0.032727,0.057576,0.000000,0.000000,0.000000,0.000000,0.144848,0.000000,
497,cube0,0.308485,509,0.000000,0.000000,0.003030,0.000043,0.002424,0.000034,0.001212,0.000017,393.390656,0.000606,0.000009,0.000000,0.000000,0.264848,0.003730,0.031515,0.040000,0.000000,0.000000,0.000000,0.000000,0.113333,0.000000,NA,NA,NA,NA,NA,NA,NA,NA,NA,NA,NA,NA,NA,NA,NA,NA,NA,NA,NA,NA,NA,
497,vector0,NA,NA,NA,NA,NA,NA,NA,NA,NA,NA,NA,NA,NA,NA,NA,NA,NA,NA,NA,NA,NA,NA,NA,NA,NA,1.481818,2445,0.671515,0.009458,0.210909,0.002971,72.347710,0.500606,0.007051,30.480633,0.000000,0.298788,0.004208,0.032727,0.057576,0.000000,0.000000,0.000000,0.000000,0.113333,0.000000,
497,vector1,NA,NA,NA,NA,NA,NA,NA,NA,NA,NA,NA,NA,NA,NA,NA,NA,NA,NA,NA,NA,NA,NA,NA,NA,NA,1.656364,2733,0.671515,0.009458,0.255152,0.003594,59.802856,0.504242,0.007102,30.260820,0.000000,0.306667,0.004319,0.032727,0.057576,0.000000,0.000000,0.000000,0.000000,0.130909,0.000000,
498,cube0,0.365455,603,0.000000,0.000000,0.003030,0.000043,0.002424,0.000034,0.001212,0.000017,393.390656,0.000606,0.000009,0.000000,0.000000,0.313333,0.004413,0.031515,0.040000,0.000000,0.000000,0.000000,0.000000,0.118182,0.000000,NA,NA,NA,NA,NA,NA,NA,NA,NA,NA,NA,NA,NA,NA,NA,NA,NA,NA,NA,NA,NA,
498,vector0,NA,NA,NA,NA,NA,NA,NA,NA,NA,NA,NA,NA,NA,NA,NA,NA,NA,NA,NA,NA,NA,NA,NA,NA,NA,1.536970,2536,0.671515,0.009458,0.406061,0.005719,37.577614,0.227879,0.003210,66.960106,0.000000,0.336364,0.004738,0.032727,0.057576,0.000000,0.000000,0.000000,0.000000,0.128485,0.000000,
498,vector1,NA,NA,NA,NA,NA,NA,NA,NA,NA,NA,NA,NA,NA,NA,NA,NA,NA,NA,NA,NA,NA,NA,NA,NA,NA,1.480606,2443,0.671515,0.009458,0.374545,0.005275,40.739483,0.246061,0.003466,62.012318,0.000000,0.314545,0.004430,0.032727,0.057576,0.000000,0.000000,0.000000,0.000000,0.129091,0.000000,
499,cube0,0.349091,576,0.000000,0.000000,0.003030,0.000043,0.002424,0.000034,0.001212,0.000017,393.390656,0.000606,0.000009,0.000000,0.000000,0.294545,0.004149,0.031515,0.040000,0.000000,0.000000,0.000000,0.000000,0.139394,0.000000,NA,NA,NA,NA,NA,NA,NA,NA,NA,NA,NA,NA,NA,NA,NA,NA,NA,NA,NA,NA,NA,
499,vector0,NA,NA,NA,NA,NA,NA,NA,NA,NA,NA,NA,NA,NA,NA,NA,NA,NA,NA,NA,NA,NA,NA,NA,NA,NA,1.618182,2670,0.671515,0.009458,0.248485,0.003500,61.407322,0.366061,0.005156,41.683773,0.000000,0.292727,0.004123,0.032727,0.057576,0.000000,0.000000,0.000000,0.000000,0.121818,0.000000,
499,vector1,NA,NA,NA,NA,NA,NA,NA,NA,NA,NA,NA,NA,NA,NA,NA,NA,NA,NA,NA,NA,NA,NA,NA,NA,NA,1.430909,2361,0.671515,0.009458,0.180606,0.002544,84.486580,0.501818,0.007068,30.407007,0.000000,0.306667,0.004319,0.032727,0.057576,0.000000,0.000000,0.000000,0.000000,0.126061,0.000000,
500,cube0,0.347273,573,0.000000,0.000000,0.003030,0.000043,0.002424,0.000034,0.001212,0.000017,393.390656,0.000606,0.000009,0.000000,0.000000,0.304848,0.004294,0.031515,0.040000,0.000000,0.000000,0.000000,0.000000,0.110303,0.000000,NA,NA,NA,NA,NA,NA,NA,NA,NA,NA,NA,NA,NA,NA,NA,NA,NA,NA,NA,NA,NA,
500,vector0,NA,NA,NA,NA,NA,NA,NA,NA,NA,NA,NA,NA,NA,NA,NA,NA,NA,NA,NA,NA,NA,NA,NA,NA,NA,1.531515,2527,0.671515,0.009458,0.444242,0.006257,34.347889,0.226061,0.003184,67.498672,0.000000,0.251515,0.003542,0.032727,0.057576,0.000000,0.000000,0.000000,0.000000,0.119394,0.000000,
500,vector1,NA,NA,NA,NA,NA,NA,NA,NA,NA,NA,NA,NA,NA,NA,NA,NA,NA,NA,NA,NA,NA,NA,NA,NA,NA,1.854545,3060,0.671515,0.009458,0.455152,0.006411,33.524635,0.235152,0.003312,64.889175,0.000000,0.314545,0.004430,0.032727,0.057576,0.000000,0.000000,0.000000,0.000000,0.116364,0.000000,
501,cube0,0.289091,477,0.000000,0.000000,0.003030,0.000043,0.002424,0.000034,0.001212,0.000017,393.390656,0.000606,0.000009,0.000000,0.000000,0.243030,0.003423,0.031515,0.040000,0.000000,0.000000,0.000000,0.000000,0.139394,0.000000,NA,NA,NA,NA,NA,NA,NA,NA,NA,NA,NA,NA,NA,NA,NA,NA,NA,NA,NA,NA,NA,
501,vector0,NA,NA,NA,NA,NA,NA,NA,NA,NA,NA,NA,NA,NA,NA,NA,NA,NA,NA,NA,NA,NA,NA,NA,NA,NA,1.780000,2937,0.671515,0.009458,0.374545,0.005275,40.739483,0.503030,0.007085,30.333738,0.000000,0.339394,0.004780,0.032727,0.057576,0.000000,0.000000,0.000000,0.000000,0.136364,0.000000,
501,vector1,NA,NA,NA,NA,NA,NA,NA,NA,NA,NA,NA,NA,NA,NA,NA,NA,NA,NA,NA,NA,NA,NA,NA,NA,NA,1.545455,2550,0.671515,0.009458,0.436970,0.006155,34.919556,0.499394,0.007034,30.554613,0.000000,0.261818,0.003688,0.032727,0.057576,0.000000,0.000000,0.000000,0.000000,0.130303,0.000000,
502,cube0,0.346667,572,0.000000,0.000000,0.003030,0.000043,0.002424,0.000034,0.001212,0.000017,393.390656,0.000606,0.000009,0.000000,0.000000,0.296970,0.004183,0.031515,0.040000,0.000000,0.000000,0.000000,0.000000,0.115152,0.000000,NA,NA,NA,NA,NA,NA,NA,NA,NA,NA,NA,NA,NA,NA,NA,NA,NA,NA,NA,NA,NA,
502,vector0,NA,NA,NA,NA,NA,NA,NA,NA,NA,NA,NA,NA,NA,NA,NA,NA,NA,NA,NA,NA,NA,NA,NA,NA,NA,1.370303,2261,0.671515,0.009458,0.298788,0.004208,51.068970,0.217576,0.003064,70.130920,0.000000,0.260606,0.003671,0.032727,0.057576,0.000000,0.000000,0.000000,0.000000,0.118788,0.000000,
502,vector1,NA,NA,NA,NA,NA,NA,NA,NA,NA,NA,NA,NA,NA,NA,NA,NA,NA,NA,NA,NA,NA,NA,NA,NA,NA,1.475152,2434,0.671515,0.009458,0.381212,0.005369,40.027031,0.219394,0.003090,69.549728,0.000000,0.295152,0.004157,0.032727,0.057576,0.000000,0.000000,0.000000,0.000000,0.115758,0.000000,
503,cube0,0.293939,485,0.000000,0.000000,0.003030,0.000043,0.002424,0.000034,0.001212,0.000017,393.390656,0.000606,0.000009,0.000000,0.000000,0.241818,0.003406,0.031515,0.040000,0.000000,0.000000,0.000000,0.000000,0.144242,0.000000,NA,NA,NA,NA,NA,NA,NA,NA,NA,NA,NA,NA,NA,NA,NA,NA,NA,NA,NA,NA,NA,
503,vector0,NA,NA,NA,NA,NA,NA,NA,NA,NA,NA,NA,NA,NA,NA,NA,NA,NA,NA,NA,NA,NA,NA,NA,NA,NA,1.534545,2532,0.671515,0.009458,0.263030,0.003705,58.011528,0.415758,0.005856,36.701172,0.000000,0.346061,0.004874,0.032727,0.057576,0.000000,0.000000,0.000000,0.000000,0.093939,0.000000,
503,vector1,NA,NA,NA,NA,NA,NA,NA,NA,NA,NA,NA,NA,NA,NA,NA,NA,NA,NA,NA,NA,NA,NA,NA,NA,NA,1.552121,2561,0.671515,0.009458,0.282424,0.003978,54.027901,0.486061,0.006846,31.392773,0.000000,0.296970,0.004183,0.032727,0.057576,0.000000,0.000000,0.000000,0.000000,0.113333,0.000000,
504,cube0,0.366061,604,0.000000,0.000000,0.003030,0.000043,0.002424,0.000034,0.001212,0.000017,393.390656,0.000606,0.000009,0.000000,0.000000,0.311515,0.004388,0.031515,0.040000,0.000000,0.000000,0.000000,0.000000,0.116364,0.000000,NA,NA,NA,NA,NA,NA,NA,NA,NA,NA,NA,NA,NA,NA,NA,NA,NA,NA,NA,NA,NA,
504,vector0,NA,NA,NA,NA,NA,NA,NA,NA,NA,NA,NA,NA,NA,NA,NA,NA,NA,NA,NA,NA,NA,NA,NA,NA,NA,1.670909,2757,0.671515,0.009458,0.312121,0.004396,48.887379,0.264242,0.003722,57.745419,0.000000,0.280000,0.003944,0.032727,0.057576,0.000000,0.000000,0.000000,0.000000,0.137576,0.000000,
504,vector1,NA,NA,NA,NA,NA,NA,NA,NA,NA,NA,NA,NA,NA,NA,NA,NA,NA,NA,NA,NA,NA,NA,NA,NA,NA,1.558788,2572,0.671515,0.009458,0.472121,0.006650,32.319641,0.259394,0.003653,58.824772,0.000000,0.318182,0.004481,0.032727,0.057576,0.000000,0.000000,0.000000,0.000000,0.116970,0.000000,
505,cube0,0.323030,533,0.000000,0.000000,0.003030,0.000043,0.002424,0.000034,0.001212,0.000017,393.390656,0.000606,0.000009,0.000000,0.000000,0.264242,0.003722,0.031515,0.040000,0.000000,0.000000,0.000000,0.000000,0.121818,0.000000,NA,NA,NA,NA,NA,NA,NA,NA,NA,NA,NA,NA,NA,NA,NA,NA,NA,NA,NA,NA,NA,
505,vector0,NA,NA,NA,NA,NA,NA,NA,NA,NA,NA,NA,NA,NA,NA,NA,NA,NA,NA,NA,NA,NA,NA,NA,NA,NA,1.589697,2623,0.671515,0.009458,0.228485,0.003218,66.782494,0.400606,0.005642,38.089260,0.000000,0.329091,0.004635,0.032727,0.057576,0.000000,0.000000,0.000000,0.000000,0.136364,0.000000,
505,vector1,NA,NA,NA,NA,NA,NA,NA,NA,NA,NA,NA,NA,NA,NA,NA,NA,NA,NA,NA,NA,NA,NA,NA,NA,NA,1.601212,2642,0.671515,0.009458,0.312121,0.004396,48.887379,0.501818,0.007068,30.407007,0.000000,0.324848,0.004575,0.032727,0.057576,0.000000,0.000000,0.000000,0.000000,0.095152,0.000000,
506,cube0,0.319394,527,0.000000,0.000000,0.003030,0.000043,0.002424,0.000034,0.001212,0.000017,393.390656,0.000606,0.000009,0.000000,0.000000,0.280606,0.003952,0.031515,0.040000,0.000000,0.000000,0.000000,0.000000,0.127273,0.000000,NA,NA,NA,NA,NA,NA,NA,NA,NA,NA,NA,NA,NA,NA,NA,NA,NA,NA,NA,NA,NA,
506,vector0,NA,NA,NA,NA,NA,NA,NA,NA,NA,NA,NA,NA,NA,NA,NA,NA,NA,NA,NA,NA,NA,NA,NA,NA,NA,1.427879,2356,0.671515,0.009458,0.319394,0.004499,47.774200,0.236364,0.003329,64.556412,0.000000,0.306667,0.004319,0.032727,0.057576,0.000000,0.000000,0.000000,0.000000,0.113939,0.000000,
506,vector1,NA,NA,NA,NA,NA,NA,NA,NA,NA,NA,NA,NA,NA,NA,NA,NA,NA,NA,NA,NA,NA,NA,NA,NA,NA,1.490909,2460,0.671515,0.009458,0.417576,0.005881,36.541370,0.227273,0.003201,67.138672,0.000000,0.267879,0.003773,0.032727,0.057576,0.000000,0.000000,0.000000,0.000000,0.099394,0.000000,
507,cube0,0.341212,563,0.000000,0.000000,0.003030,0.000043,0.002424,0.000034,0.001212,0.000017,393.390656,0.000606,0.000009,0.000000,0.000000,0.298788,0.004208,0.031515,0.040000,0.000000,0.000000,0.000000,0.000000,0.138788,0.000000,NA,NA,NA,NA,NA,NA,NA,NA,NA,NA,NA,NA,NA,NA,NA,NA,NA,NA,NA,NA,NA,
507,vector0,NA,NA,NA,NA,NA,NA,NA,NA,NA,NA,NA,NA,NA,NA,NA,NA,NA,NA,NA,NA,NA,NA,NA,NA,NA,1.518182,2505,0.671515,0.009458,0.257576,0.003628,59.240005,0.427879,0.006026,35.661476,0.000000,0.303030,0.004268,0.032727,0.057576,0.000000,0.000000,0.000000,0.000000,0.146061,0.000000,
507,vector1,NA,NA,NA,NA,NA,NA,NA,NA,NA,NA,NA,NA,NA,NA,NA,NA,NA,NA,NA,NA,NA,NA,NA,NA,NA,1.711515,2824,0.671515,0.009458,0.409091,0.005762,37.299259,0.459394,0.006470,33.215042,0.000000,0.273939,0.003858,0.032727,0.057576,0.000000,0.000000,0.000000,0.000000,0.116364,0.000000,
508,cube0,0.312727,516,0.000000,0.000000,0.003030,0.000043,0.002424,0.000034,0.001212,0.000017,393.390656,0.000606,0.000009,0.000000,0.000000,0.267273,0.003764,0.031515,0.040000,0.000000,0.000000,0.000000,0.000000,0.135758,0.000000,NA,NA,NA,NA,NA,NA,NA,NA,NA,NA,NA,NA,NA,NA,NA,NA,NA,NA,NA,NA,NA,
508,vector0,NA,NA,NA,NA,NA,NA,NA,NA,NA,NA,NA,NA,NA,NA,NA,NA,NA,NA,NA,NA,NA,NA,NA,NA,NA,1.553333,2563,0.671515,0.009458,0.460000,0.006479,33.171280,0.246061,0.003466,62.012318,0.000000,0.295758,0.004166,0.032727,0.057576,0.000000,0.000000,0.000000,0.000000,0.113939,0.000000,
508,vector1,NA,NA,NA,NA,NA,NA,NA,NA,NA,NA,NA,NA,NA,NA,NA,NA,NA,NA,NA,NA,NA,NA,NA,NA,NA,1.594545,2631,0.671515,0.009458,0.495152,0.006974,30.816406,0.429091,0.006044,35.560738,0.000000,0.267273,0.003764,0.032727,0.057576,0.000000,0.000000,0.000000,0.000000,0.118182,0.000000,
509,cube0,0.352121,581,0.000000,0.000000,0.003030,0.000043,0.002424,0.000034,0.001212,0.000017,393.390656,0.000606,0.000009,0.000000,0.000000,0.304848,0.004294,0.031515,0.040000,0.000000,0.000000,0.000000,0.000000,0.116970,0.000000,NA,NA,NA,NA,NA,NA,NA,NA,NA,NA,NA,NA,NA,NA,NA,NA,NA,NA,NA,NA,NA,
509,vector0,NA,NA,NA,NA,NA,NA,NA,NA,NA,NA,NA,NA,NA,NA,NA,NA,NA,NA,NA,NA,NA,NA,NA,NA,NA,1.701818,2808,0.671515,0.009458,0.347273,0.004891,43.938923,0.487273,0.006863,31.314678,0.000000,0.311515,0.004388,0.032727,0.057576,0.000000,0.000000,0.000000,0.000000,0.107273,0.000000,
509,vector1,NA,NA,NA,NA,NA,NA,NA,NA,NA,NA,NA,NA,NA,NA,NA,NA,NA,NA,NA,NA,NA,NA,NA,NA,NA,1.666667,2750,0.671515,0.009458,0.376364,0.005301,40.542679,0.575152,0.008101,26.530035,0.000000,0.298788,0.004208,0.032727,0.057576,0.000000,0.000000,0.000000,0.000000,0.120000,0.000000,
510,cube0,0.333333,550,0.000000,0.000000,0.003030,0.000043,0.002424,0.000034,0.001212,0.000017,393.390656,0.000606,0.000009,0.000000,0.000000,0.282424,0.003978,0.031515,0.040000,0.000000,0.000000,0.000000,0.000000,0.136970,0.000000,NA,NA,NA,NA,NA,NA,NA,NA,NA,NA,NA,NA,NA,NA,NA,NA,NA,NA,NA,NA,NA,
510,vector0,NA,NA,NA,NA,NA,NA,NA,NA,NA,NA,NA,NA,NA,NA,NA,NA,NA,NA,NA,NA,NA,NA,NA,NA,NA,1.513333,2497,0.671515,0.009458,0.402424,0.005668,37.917171,0.249091,0.003508,61.257912,0.000000,0.323636,0.004558,0.032727,0.057576,0.000000,0.000000,0.000000,0.000000,0.126667,0.000000,
510,vector1,NA,NA,NA,NA,NA,NA,NA,NA,NA,NA,NA,NA,NA,NA,NA,NA,NA,NA,NA,NA,NA,NA,NA,NA,NA,1.850909,3054,0.671515,0.009458,0.435152,0.006129,35.065460,0.241212,0.003397,63.258797,0.000000,0.313333,0.004413,0.032727,0.057576,0.000000,0.000000,0.000000,0.000000,0.114545,0.000000,
511,cube0,0.371515,613,0.000000,0.000000,0.003030,0.000043,0.002424,0.000034,0.001212,0.000017,393.390656,0.000606,0.000009,0.000000,0.000000,0.316970,0.004464,0.031515,0.040000,0.000000,0.000000,0.000000,0.000000,0.134545,0.000000,NA,NA,NA,NA,NA,NA,NA,NA,NA,NA,NA,NA,NA,NA,NA,NA,NA,NA,NA,NA,NA,
511,vector0,NA,NA,NA,NA,NA,NA,NA,NA,NA,NA,NA,NA,NA,NA,NA,NA,NA,NA,NA,NA,NA,NA,NA,NA,NA,1.658182,2736,0.671515,0.009458,0.400606,0.005642,38.089260,0.386667,0.005446,39.462387,0.000000,0.298182,0.004200,0.032727,0.057576,0.000000,0.000000,0.000000,0.000000,0.106061,0.000000,
511,vector1,NA,NA,NA,NA,NA,NA,NA,NA,NA,NA,NA,NA,NA,NA,NA,NA,NA,NA,NA,NA,NA,NA,NA,NA,NA,1.743636,2877,0.671515,0.009458,0.422424,0.005950,36.121952,0.460000,0.006479,33.171280,0.000000,0.295758,0.004166,0.032727,0.057576,0.000000,0.000000,0.000000,0.000000,0.112727,0.000000,
