block_id,sub_block_id,aic_time(us),aic_total_cycles,aic_cube_wait_ratio,aic_mte1_wait_ratio,aic_mte2_wait_ratio,aic_mte3_wait_ratio,aiv_time(us),aiv_total_cycles,aiv_vec_total_cflt_ratio,aiv_vec_bankgroup_cflt_ratio,aiv_vec_bank_cflt_ratio,aiv_vec_resc_cflt_ratio,aiv_vec_mte_cflt_ratio,aiv_vec_wait_ratio,aiv_mte2_wait_ratio,aiv_mte3_wait_ratio,
0,cube0,0.451515,745,0.000000,0.000000,0.000000,0.000000,NA,NA,NA,NA,NA,NA,NA,NA,NA,NA,
0,vector0,NA,NA,NA,NA,NA,NA,1.615758,2666,0.002211,0.002185,0.000026,0.000000,0.000000,0.005557,0.000000,0.014597,
0,vector1,NA,NA,NA,NA,NA,NA,1.867879,3082,0.002211,0.002185,0.000026,0.000000,0.000000,0.004430,0.000000,0.022595,
1,cube0,0.386667,638,0.000000,0.000000,0.000000,0.000000,NA,NA,NA,NA,NA,NA,NA,NA,NA,NA,
1,vector0,NA,NA,NA,NA,NA,NA,2.412121,3980,0.002211,0.002185,0.000026,0.000000,0.000000,0.002586,0.000000,0.013564,
1,vector1,NA,NA,NA,NA,NA,NA,1.503030,2480,0.002211,0.002185,0.000026,0.000000,0.000000,0.004259,0.000000,0.019607,
2,cube0,0.446667,737,0.000000,0.000000,0.000000,0.000000,NA,NA,NA,NA,NA,NA,NA,NA,NA,NA,
2,vector0,NA,NA,NA,NA,NA,NA,2.012121,3320,0.002211,0.002185,0.000026,0.000000,0.000000,0.005933,0.000000,0.011532,
2,vector1,NA,NA,NA,NA,NA,NA,2.740606,4522,0.002211,0.002185,0.000026,0.000000,0.000000,0.002484,0.000000,0.013504,
3,cube0,0.393333,649,0.000000,0.000000,0.000000,0.000000,NA,NA,NA,NA,NA,NA,NA,NA,NA,NA,
3,vector0,NA,NA,NA,NA,NA,NA,2.831515,4672,0.002211,0.002185,0.000026,0.000000,0.000000,0.003312,0.000000,0.014639,
3,vector1,NA,NA,NA,NA,NA,NA,1.633333,2695,0.002211,0.002185,0.000026,0.000000,0.000000,0.006223,0.000000,0.014085,
4,cube0,0.464242,766,0.000000,0.000000,0.000000,0.000000,NA,NA,NA,NA,NA,NA,NA,NA,NA,NA,
4,vector0,NA,NA,NA,NA,NA,NA,2.764848,4562,0.002211,0.002185,0.000026,0.000000,0.000000,0.018028,0.000000,0.016022,
4,vector1,NA,NA,NA,NA,NA,NA,1.745455,2880,0.002211,0.002185,0.000026,0.000000,0.000000,0.007845,0.000000,0.025933,
5,cube0,0.420606,694,0.000000,0.000000,0.000000,0.000000,NA,NA,NA,NA,NA,NA,NA,NA,NA,NA,
5,vector0,NA,NA,NA,NA,NA,NA,2.423636,3999,0.002211,0.002185,0.000026,0.000000,0.000000,0.016995,0.000000,0.017746,
5,vector1,NA,NA,NA,NA,NA,NA,2.003636,3306,0.002211,0.002185,0.000026,0.000000,0.000000,0.008604,0.000000,0.025156,
6,cube0,0.401818,663,0.000000,0.000000,0.000000,0.000000,NA,NA,NA,NA,NA,NA,NA,NA,NA,NA,
6,vector0,NA,NA,NA,NA,NA,NA,2.073333,3421,0.002211,0.002185,0.000026,0.000000,0.000000,0.008442,0.000000,0.015305,
6,vector1,NA,NA,NA,NA,NA,NA,2.004242,3307,0.002211,0.002185,0.000026,0.000000,0.000000,0.005070,0.000000,0.016201,
7,cube0,0.445455,735,0.000000,0.000000,0.000000,0.000000,NA,NA,NA,NA,NA,NA,NA,NA,NA,NA,
7,vector0,NA,NA,NA,NA,NA,NA,2.083030,3437,0.002211,0.002185,0.000026,0.000000,0.000000,0.006385,0.000000,0.014665,
7,vector1,NA,NA,NA,NA,NA,NA,1.806061,2980,0.002211,0.002185,0.000026,0.000000,0.000000,0.006257,0.000000,0.015049,
8,cube0,0.412121,680,0.000000,0.000000,0.000000,0.000000,NA,NA,NA,NA,NA,NA,NA,NA,NA,NA,
8,vector0,NA,NA,NA,NA,NA,NA,2.409091,3975,0.002211,0.002185,0.000026,0.000000,0.000000,0.013188,0.000000,0.022108,
8,vector1,NA,NA,NA,NA,NA,NA,2.404243,3967,0.002211,0.002185,0.000026,0.000000,0.000000,0.013248,0.000000,0.019402,
9,cube0,0.455152,751,0.000000,0.000000,0.000000,0.000000,NA,NA,NA,NA,NA,NA,NA,NA,NA,NA,
9,vector0,NA,NA,NA,NA,NA,NA,2.097576,3461,0.002211,0.002185,0.000026,0.000000,0.000000,0.010337,0.000000,0.020290,
9,vector1,NA,NA,NA,NA,NA,NA,2.483636,4098,0.002211,0.002185,0.000026,0.000000,0.000000,0.011831,0.000000,0.016347,
10,cube0,0.517576,854,0.000000,0.000000,0.000000,0.000000,NA,NA,NA,NA,NA,NA,NA,NA,NA,NA,
10,vector0,NA,NA,NA,NA,NA,NA,1.930909,3186,0.002211,0.002185,0.000026,0.000000,0.000000,0.005924,0.000000,0.013222,
10,vector1,NA,NA,NA,NA,NA,NA,1.864242,3076,0.002211,0.002185,0.000026,0.000000,0.000000,0.006376,0.000000,0.013828,
11,cube0,0.478788,790,0.000000,0.000000,0.000000,0.000000,NA,NA,NA,NA,NA,NA,NA,NA,NA,NA,
11,vector0,NA,NA,NA,NA,NA,NA,2.234545,3687,0.002211,0.002185,0.000026,0.000000,0.000000,0.005403,0.000000,0.012224,
11,vector1,NA,NA,NA,NA,NA,NA,2.003636,3306,0.002211,0.002185,0.000026,0.000000,0.000000,0.005608,0.000000,0.013743,
12,cube0,0.420606,694,0.000000,0.000000,0.000000,0.000000,NA,NA,NA,NA,NA,NA,NA,NA,NA,NA,
12,vector0,NA,NA,NA,NA,NA,NA,2.223636,3669,0.002211,0.002185,0.000026,0.000000,0.000000,0.008289,0.000000,0.019377,
12,vector1,NA,NA,NA,NA,NA,NA,2.386667,3938,0.002211,0.002185,0.000026,0.000000,0.000000,0.007606,0.000000,0.017055,
13,cube0,0.414545,684,0.000000,0.000000,0.000000,0.000000,NA,NA,NA,NA,NA,NA,NA,NA,NA,NA,
13,vector0,NA,NA,NA,NA,NA,NA,2.488485,4106,0.002211,0.002185,0.000026,0.000000,0.000000,0.007751,0.000000,0.018839,
13,vector1,NA,NA,NA,NA,NA,NA,2.122424,3502,0.002211,0.002185,0.000026,0.000000,0.000000,0.009859,0.000000,0.015886,
14,cube0,0.420606,694,0.000000,0.000000,0.000000,0.000000,NA,NA,NA,NA,NA,NA,NA,NA,NA,NA,
14,vector0,NA,NA,NA,NA,NA,NA,2.414546,3984,0.002211,0.002185,0.000026,0.000000,0.000000,0.006197,0.000000,0.015519,
14,vector1,NA,NA,NA,NA,NA,NA,1.947273,3213,0.002211,0.002185,0.000026,0.000000,0.000000,0.006462,0.000000,0.017362,
15,cube0,0.455758,752,0.000000,0.000000,0.000000,0.000000,NA,NA,NA,NA,NA,NA,NA,NA,NA,NA,
15,vector0,NA,NA,NA,NA,NA,NA,2.086061,3442,0.002211,0.002185,0.000026,0.000000,0.000000,0.006735,0.000000,0.014426,
15,vector1,NA,NA,NA,NA,NA,NA,2.261818,3732,0.002211,0.002185,0.000026,0.000000,0.000000,0.002458,0.000000,0.016270,
16,cube0,0.438182,723,0.000000,0.000000,0.000000,0.000000,NA,NA,NA,NA,NA,NA,NA,NA,NA,NA,
16,vector0,NA,NA,NA,NA,NA,NA,2.323030,3833,0.002211,0.002185,0.000026,0.000000,0.000000,0.006445,0.000000,0.015664,
16,vector1,NA,NA,NA,NA,NA,NA,2.490303,4109,0.002211,0.002185,0.000026,0.000000,0.000000,0.006095,0.000000,0.015749,
17,cube0,0.410909,678,0.000000,0.000000,0.000000,0.000000,NA,NA,NA,NA,NA,NA,NA,NA,NA,NA,
17,vector0,NA,NA,NA,NA,NA,NA,2.608485,4304,0.002211,0.002185,0.000026,0.000000,0.000000,0.005506,0.000000,0.013871,
17,vector1,NA,NA,NA,NA,NA,NA,2.218182,3660,0.002211,0.002185,0.000026,0.000000,0.000000,0.006769,0.000000,0.013555,
18,cube0,0.460606,760,0.000000,0.000000,0.000000,0.000000,NA,NA,NA,NA,NA,NA,NA,NA,NA,NA,
18,vector0,NA,NA,NA,NA,NA,NA,2.438182,4023,0.002211,0.002185,0.000026,0.000000,0.000000,0.006206,0.000000,0.015655,
18,vector1,NA,NA,NA,NA,NA,NA,2.154546,3555,0.002211,0.002185,0.000026,0.000000,0.000000,0.004020,0.000000,0.019650,
19,cube0,0.461212,761,0.000000,0.000000,0.000000,0.000000,NA,NA,NA,NA,NA,NA,NA,NA,NA,NA,
19,vector0,NA,NA,NA,NA,NA,NA,2.635758,4349,0.002211,0.002185,0.000026,0.000000,0.000000,0.005600,0.000000,0.015228,
19,vector1,NA,NA,NA,NA,NA,NA,2.269697,3745,0.002211,0.002185,0.000026,0.000000,0.000000,0.002458,0.000000,0.019070,
20,cube0,0.352121,581,0.000000,0.000000,0.000000,0.000000,NA,NA,NA,NA,NA,NA,NA,NA,NA,NA,
20,vector0,NA,NA,NA,NA,NA,NA,1.527273,2520,0.002211,0.002185,0.000026,0.000000,0.000000,0.005881,0.000000,0.015920,
20,vector1,NA,NA,NA,NA,NA,NA,1.509697,2491,0.002211,0.002185,0.000026,0.000000,0.000000,0.006086,0.000000,0.016440,
21,cube0,0.289697,478,0.000000,0.000000,0.000000,0.000000,NA,NA,NA,NA,NA,NA,NA,NA,NA,NA,
21,vector0,NA,NA,NA,NA,NA,NA,1.467879,2422,0.002211,0.002185,0.000026,0.000000,0.000000,0.003039,0.000000,0.012292,
21,vector1,NA,NA,NA,NA,NA,NA,1.459394,2408,0.002211,0.002185,0.000026,0.000000,0.000000,0.002475,0.000000,0.014656,
22,cube0,0.347879,574,0.000000,0.000000,0.000000,0.000000,NA,NA,NA,NA,NA,NA,NA,NA,NA,NA,
22,vector0,NA,NA,NA,NA,NA,NA,1.563636,2580,0.002211,0.002185,0.000026,0.000000,0.000000,0.006155,0.000000,0.013965,
22,vector1,NA,NA,NA,NA,NA,NA,1.544242,2548,0.002211,0.002185,0.000026,0.000000,0.000000,0.005898,0.000000,0.014460,
23,cube0,0.290909,480,0.000000,0.000000,0.000000,0.000000,NA,NA,NA,NA,NA,NA,NA,NA,NA,NA,
23,vector0,NA,NA,NA,NA,NA,NA,1.646061,2716,0.002211,0.002185,0.000026,0.000000,0.000000,0.003636,0.000000,0.011942,
23,vector1,NA,NA,NA,NA,NA,NA,1.638182,2703,0.002211,0.002185,0.000026,0.000000,0.000000,0.003585,0.000000,0.013222,
24,cube0,0.366667,605,0.000000,0.000000,0.000000,0.000000,NA,NA,NA,NA,NA,NA,NA,NA,NA,NA,
24,vector0,NA,NA,NA,NA,NA,NA,1.493333,2464,0.002211,0.002185,0.000026,0.000000,0.000000,0.005207,0.000000,0.015706,
24,vector1,NA,NA,NA,NA,NA,NA,1.513939,2498,0.002211,0.002185,0.000026,0.000000,0.000000,0.006078,0.000000,0.014656,
25,cube0,0.321818,531,0.000000,0.000000,0.000000,0.000000,NA,NA,NA,NA,NA,NA,NA,NA,NA,NA,
25,vector0,NA,NA,NA,NA,NA,NA,1.575758,2600,0.002211,0.002185,0.000026,0.000000,0.000000,0.004789,0.000000,0.015049,
25,vector1,NA,NA,NA,NA,NA,NA,1.609697,2656,0.002211,0.002185,0.000026,0.000000,0.000000,0.005258,0.000000,0.013641,
26,cube0,0.313939,518,0.000000,0.000000,0.000000,0.000000,NA,NA,NA,NA,NA,NA,NA,NA,NA,NA,
26,vector0,NA,NA,NA,NA,NA,NA,1.553333,2563,0.002211,0.002185,0.000026,0.000000,0.000000,0.004302,0.000000,0.013931,
26,vector1,NA,NA,NA,NA,NA,NA,1.499394,2474,0.002211,0.002185,0.000026,0.000000,0.000000,0.005608,0.000000,0.013683,
27,cube0,0.340000,561,0.000000,0.000000,0.000000,0.000000,NA,NA,NA,NA,NA,NA,NA,NA,NA,NA,
27,vector0,NA,NA,NA,NA,NA,NA,1.557576,2570,0.002211,0.002185,0.000026,0.000000,0.000000,0.003321,0.000000,0.013393,
27,vector1,NA,NA,NA,NA,NA,NA,1.666667,2750,0.002211,0.002185,0.000026,0.000000,0.000000,0.004157,0.000000,0.013052,
28,cube0,0.315758,521,0.000000,0.000000,0.000000,0.000000,NA,NA,NA,NA,NA,NA,NA,NA,NA,NA,
28,vector0,NA,NA,NA,NA,NA,NA,1.503030,2480,0.002211,0.002185,0.000026,0.000000,0.000000,0.006137,0.000000,0.014861,
28,vector1,NA,NA,NA,NA,NA,NA,1.480000,2442,0.002211,0.002185,0.000026,0.000000,0.000000,0.005668,0.000000,0.015160,
29,cube0,0.352727,582,0.000000,0.000000,0.000000,0.000000,NA,NA,NA,NA,NA,NA,NA,NA,NA,NA,
29,vector0,NA,NA,NA,NA,NA,NA,1.564849,2582,0.002211,0.002185,0.000026,0.000000,0.000000,0.003150,0.000000,0.012539,
29,vector1,NA,NA,NA,NA,NA,NA,1.398182,2307,0.002211,0.002185,0.000026,0.000000,0.000000,0.002749,0.000000,0.013436,
30,cube0,0.330909,546,0.000000,0.000000,0.000000,0.000000,NA,NA,NA,NA,NA,NA,NA,NA,NA,NA,
30,vector0,NA,NA,NA,NA,NA,NA,1.481818,2445,0.002211,0.002185,0.000026,0.000000,0.000000,0.005284,0.000000,0.015271,
30,vector1,NA,NA,NA,NA,NA,NA,1.461212,2411,0.002211,0.002185,0.000026,0.000000,0.000000,0.005318,0.000000,0.015058,
31,cube0,0.373939,617,0.000000,0.000000,0.000000,0.000000,NA,NA,NA,NA,NA,NA,NA,NA,NA,NA,
31,vector0,NA,NA,NA,NA,NA,NA,1.653939,2729,0.002211,0.002185,0.000026,0.000000,0.000000,0.004353,0.000000,0.012787,
31,vector1,NA,NA,NA,NA,NA,NA,1.585455,2616,0.002211,0.002185,0.000026,0.000000,0.000000,0.003303,0.000000,0.014324,
32,cube0,0.304848,503,0.000000,0.000000,0.000000,0.000000,NA,NA,NA,NA,NA,NA,NA,NA,NA,NA,
32,vector0,NA,NA,NA,NA,NA,NA,1.490909,2460,0.002211,0.002185,0.000026,0.000000,0.000000,0.005472,0.000000,0.013897,
32,vector1,NA,NA,NA,NA,NA,NA,1.497576,2471,0.002211,0.002185,0.000026,0.000000,0.000000,0.005719,0.000000,0.014981,
33,cube0,0.314545,519,0.000000,0.000000,0.000000,0.000000,NA,NA,NA,NA,NA,NA,NA,NA,NA,NA,
33,vector0,NA,NA,NA,NA,NA,NA,1.572727,2595,0.002211,0.002185,0.000026,0.000000,0.000000,0.003534,0.000000,0.012744,
33,vector1,NA,NA,NA,NA,NA,NA,1.581212,2609,0.002211,0.002185,0.000026,0.000000,0.000000,0.003730,0.000000,0.012369,
34,cube0,0.317576,524,0.000000,0.000000,0.000000,0.000000,NA,NA,NA,NA,NA,NA,NA,NA,NA,NA,
34,vector0,NA,NA,NA,NA,NA,NA,1.435758,2369,0.002211,0.002185,0.000026,0.000000,0.000000,0.005011,0.000000,0.016372,
34,vector1,NA,NA,NA,NA,NA,NA,1.385455,2286,0.002211,0.002185,0.000026,0.000000,0.000000,0.003952,0.000000,0.018344,
35,cube0,0.348485,575,0.000000,0.000000,0.000000,0.000000,NA,NA,NA,NA,NA,NA,NA,NA,NA,NA,
35,vector0,NA,NA,NA,NA,NA,NA,1.528485,2522,0.002211,0.002185,0.000026,0.000000,0.000000,0.003901,0.000000,0.014494,
35,vector1,NA,NA,NA,NA,NA,NA,1.549091,2556,0.002211,0.002185,0.000026,0.000000,0.000000,0.002552,0.000000,0.016278,
36,cube0,0.341212,563,0.000000,0.000000,0.000000,0.000000,NA,NA,NA,NA,NA,NA,NA,NA,NA,NA,
36,vector0,NA,NA,NA,NA,NA,NA,1.630909,2691,0.002211,0.002185,0.000026,0.000000,0.000000,0.007426,0.000000,0.017362,
36,vector1,NA,NA,NA,NA,NA,NA,1.501818,2478,0.002211,0.002185,0.000026,0.000000,0.000000,0.005736,0.000000,0.016347,
37,cube0,0.309697,511,0.000000,0.000000,0.000000,0.000000,NA,NA,NA,NA,NA,NA,NA,NA,NA,NA,
37,vector0,NA,NA,NA,NA,NA,NA,1.660000,2739,0.002211,0.002185,0.000026,0.000000,0.000000,0.005634,0.000000,0.015630,
37,vector1,NA,NA,NA,NA,NA,NA,1.544848,2549,0.002211,0.002185,0.000026,0.000000,0.000000,0.003568,0.000000,0.013487,
38,cube0,0.363030,599,0.000000,0.000000,0.000000,0.000000,NA,NA,NA,NA,NA,NA,NA,NA,NA,NA,
38,vector0,NA,NA,NA,NA,NA,NA,1.492727,2463,0.002211,0.002185,0.000026,0.000000,0.000000,0.005566,0.000000,0.014477,
38,vector1,NA,NA,NA,NA,NA,NA,1.877576,3098,0.002211,0.002185,0.000026,0.000000,0.000000,0.007725,0.000000,0.014981,
39,cube0,0.347879,574,0.000000,0.000000,0.000000,0.000000,NA,NA,NA,NA,NA,NA,NA,NA,NA,NA,
39,vector0,NA,NA,NA,NA,NA,NA,1.580000,2607,0.002211,0.002185,0.000026,0.000000,0.000000,0.004106,0.000000,0.013897,
39,vector1,NA,NA,NA,NA,NA,NA,1.486061,2452,0.002211,0.002185,0.000026,0.000000,0.000000,0.005702,0.000000,0.013197,
40,cube0,0.349697,577,0.000000,0.000000,0.000000,0.000000,NA,NA,NA,NA,NA,NA,NA,NA,NA,NA,
40,vector0,NA,NA,NA,NA,NA,NA,1.599394,2639,0.002211,0.002185,0.000026,0.000000,0.000000,0.007187,0.000000,0.014947,
40,vector1,NA,NA,NA,NA,NA,NA,1.420606,2344,0.002211,0.002185,0.000026,0.000000,0.000000,0.004695,0.000000,0.014127,
41,cube0,0.290303,479,0.000000,0.000000,0.000000,0.000000,NA,NA,NA,NA,NA,NA,NA,NA,NA,NA,
41,vector0,NA,NA,NA,NA,NA,NA,1.784848,2945,0.002211,0.002185,0.000026,0.000000,0.000000,0.005412,0.000000,0.013427,
41,vector1,NA,NA,NA,NA,NA,NA,1.514545,2499,0.002211,0.002185,0.000026,0.000000,0.000000,0.003295,0.000000,0.012386,
42,cube0,0.346061,571,0.000000,0.000000,0.000000,0.000000,NA,NA,NA,NA,NA,NA,NA,NA,NA,NA,
42,vector0,NA,NA,NA,NA,NA,NA,1.561818,2577,0.002211,0.002185,0.000026,0.000000,0.000000,0.006189,0.000000,0.015356,
42,vector1,NA,NA,NA,NA,NA,NA,1.535758,2534,0.002211,0.002185,0.000026,0.000000,0.000000,0.006129,0.000000,0.013385,
43,cube0,0.294545,486,0.000000,0.000000,0.000000,0.000000,NA,NA,NA,NA,NA,NA,NA,NA,NA,NA,
43,vector0,NA,NA,NA,NA,NA,NA,1.641818,2709,0.002211,0.002185,0.000026,0.000000,0.000000,0.005053,0.000000,0.015578,
43,vector1,NA,NA,NA,NA,NA,NA,1.623636,2679,0.002211,0.002185,0.000026,0.000000,0.000000,0.004473,0.000000,0.012693,
44,cube0,0.367273,606,0.000000,0.000000,0.000000,0.000000,NA,NA,NA,NA,NA,NA,NA,NA,NA,NA,
44,vector0,NA,NA,NA,NA,NA,NA,1.406061,2320,0.002211,0.002185,0.000026,0.000000,0.000000,0.004311,0.000000,0.015647,
44,vector1,NA,NA,NA,NA,NA,NA,1.380606,2278,0.002211,0.002185,0.000026,0.000000,0.000000,0.004131,0.000000,0.013641,
45,cube0,0.322424,532,0.000000,0.000000,0.000000,0.000000,NA,NA,NA,NA,NA,NA,NA,NA,NA,NA,
45,vector0,NA,NA,NA,NA,NA,NA,1.681212,2774,0.002211,0.002185,0.000026,0.000000,0.000000,0.004268,0.000000,0.015587,
45,vector1,NA,NA,NA,NA,NA,NA,1.443030,2381,0.002211,0.002185,0.000026,0.000000,0.000000,0.004533,0.000000,0.013803,
46,cube0,0.312121,515,0.000000,0.000000,0.000000,0.000000,NA,NA,NA,NA,NA,NA,NA,NA,NA,NA,
46,vector0,NA,NA,NA,NA,NA,NA,1.530303,2525,0.002211,0.002185,0.000026,0.000000,0.000000,0.005856,0.000000,0.014281,
46,vector1,NA,NA,NA,NA,NA,NA,2.005455,3309,0.002211,0.002185,0.000026,0.000000,0.000000,0.008587,0.000000,0.013325,
47,cube0,0.343636,567,0.000000,0.000000,0.000000,0.000000,NA,NA,NA,NA,NA,NA,NA,NA,NA,NA,
47,vector0,NA,NA,NA,NA,NA,NA,1.639394,2705,0.002211,0.002185,0.000026,0.000000,0.000000,0.004174,0.000000,0.013444,
47,vector1,NA,NA,NA,NA,NA,NA,1.544848,2549,0.002211,0.002185,0.000026,0.000000,0.000000,0.006155,0.000000,0.012847,
48,cube0,0.316364,522,0.000000,0.000000,0.000000,0.000000,NA,NA,NA,NA,NA,NA,NA,NA,NA,NA,
48,vector0,NA,NA,NA,NA,NA,NA,1.530909,2526,0.002211,0.002185,0.000026,0.000000,0.000000,0.005881,0.000000,0.015638,
48,vector1,NA,NA,NA,NA,NA,NA,1.868485,3083,0.002211,0.002185,0.000026,0.000000,0.000000,0.006820,0.000000,0.014400,
49,cube0,0.352727,582,0.000000,0.000000,0.000000,0.000000,NA,NA,NA,NA,NA,NA,NA,NA,NA,NA,
49,vector0,NA,NA,NA,NA,NA,NA,1.596364,2634,0.002211,0.002185,0.000026,0.000000,0.000000,0.004481,0.000000,0.014776,
49,vector1,NA,NA,NA,NA,NA,NA,1.547879,2554,0.002211,0.002185,0.000026,0.000000,0.000000,0.006300,0.000000,0.013478,
50,cube0,0.329091,543,0.000000,0.000000,0.000000,0.000000,NA,NA,NA,NA,NA,NA,NA,NA,NA,NA,
50,vector0,NA,NA,NA,NA,NA,NA,1.653939,2729,0.002211,0.002185,0.000026,0.000000,0.000000,0.008015,0.000000,0.015126,
50,vector1,NA,NA,NA,NA,NA,NA,1.982424,3271,0.002211,0.002185,0.000026,0.000000,0.000000,0.010303,0.000000,0.015280,
51,cube0,0.371515,613,0.000000,0.000000,0.000000,0.000000,NA,NA,NA,NA,NA,NA,NA,NA,NA,NA,
51,vector0,NA,NA,NA,NA,NA,NA,1.690909,2790,0.002211,0.002185,0.000026,0.000000,0.000000,0.005540,0.000000,0.013444,
51,vector1,NA,NA,NA,NA,NA,NA,1.587879,2620,0.002211,0.002185,0.000026,0.000000,0.000000,0.006906,0.000000,0.012044,
52,cube0,0.305455,504,0.000000,0.000000,0.000000,0.000000,NA,NA,NA,NA,NA,NA,NA,NA,NA,NA,
52,vector0,NA,NA,NA,NA,NA,NA,1.558788,2572,0.002211,0.002185,0.000026,0.000000,0.000000,0.005770,0.000000,0.015365,
52,vector1,NA,NA,NA,NA,NA,NA,1.395151,2302,0.002211,0.002185,0.000026,0.000000,0.000000,0.004072,0.000000,0.015391,
53,cube0,0.310303,512,0.000000,0.000000,0.000000,0.000000,NA,NA,NA,NA,NA,NA,NA,NA,NA,NA,
53,vector0,NA,NA,NA,NA,NA,NA,1.695758,2798,0.002211,0.002185,0.000026,0.000000,0.000000,0.004661,0.000000,0.013299,
53,vector1,NA,NA,NA,NA,NA,NA,1.572727,2595,0.002211,0.002185,0.000026,0.000000,0.000000,0.003619,0.000000,0.014878,
54,cube0,0.321212,530,0.000000,0.000000,0.000000,0.000000,NA,NA,NA,NA,NA,NA,NA,NA,NA,NA,
54,vector0,NA,NA,NA,NA,NA,NA,1.475758,2435,0.002211,0.002185,0.000026,0.000000,0.000000,0.005540,0.000000,0.015595,
54,vector1,NA,NA,NA,NA,NA,NA,1.804848,2978,0.002211,0.002185,0.000026,0.000000,0.000000,0.006300,0.000000,0.016893,
55,cube0,0.352727,582,0.000000,0.000000,0.000000,0.000000,NA,NA,NA,NA,NA,NA,NA,NA,NA,NA,
55,vector0,NA,NA,NA,NA,NA,NA,1.590303,2624,0.002211,0.002185,0.000026,0.000000,0.000000,0.005327,0.000000,0.014110,
55,vector1,NA,NA,NA,NA,NA,NA,1.580000,2607,0.002211,0.002185,0.000026,0.000000,0.000000,0.006257,0.000000,0.015391,
56,cube0,0.340000,561,0.000000,0.000000,0.000000,0.000000,NA,NA,NA,NA,NA,NA,NA,NA,NA,NA,
56,vector0,NA,NA,NA,NA,NA,NA,1.623636,2679,0.002211,0.002185,0.000026,0.000000,0.000000,0.007332,0.000000,0.014571,
56,vector1,NA,NA,NA,NA,NA,NA,1.537576,2537,0.002211,0.002185,0.000026,0.000000,0.000000,0.006078,0.000000,0.016748,
57,cube0,0.306667,506,0.000000,0.000000,0.000000,0.000000,NA,NA,NA,NA,NA,NA,NA,NA,NA,NA,
57,vector0,NA,NA,NA,NA,NA,NA,1.818788,3001,0.002211,0.002185,0.000026,0.000000,0.000000,0.005702,0.000000,0.012983,
57,vector1,NA,NA,NA,NA,NA,NA,1.663636,2745,0.002211,0.002185,0.000026,0.000000,0.000000,0.004285,0.000000,0.015484,
58,cube0,0.364242,601,0.000000,0.000000,0.000000,0.000000,NA,NA,NA,NA,NA,NA,NA,NA,NA,NA,
58,vector0,NA,NA,NA,NA,NA,NA,1.497576,2471,0.002211,0.002185,0.000026,0.000000,0.000000,0.005480,0.000000,0.015075,
58,vector1,NA,NA,NA,NA,NA,NA,1.689091,2787,0.002211,0.002185,0.000026,0.000000,0.000000,0.005250,0.000000,0.015339,
59,cube0,0.350909,579,0.000000,0.000000,0.000000,0.000000,NA,NA,NA,NA,NA,NA,NA,NA,NA,NA,
59,vector0,NA,NA,NA,NA,NA,NA,1.587879,2620,0.002211,0.002185,0.000026,0.000000,0.000000,0.005156,0.000000,0.015493,
59,vector1,NA,NA,NA,NA,NA,NA,1.383030,2282,0.002211,0.002185,0.000026,0.000000,0.000000,0.004217,0.000000,0.014998,
60,cube0,0.347273,573,0.000000,0.000000,0.000000,0.000000,NA,NA,NA,NA,NA,NA,NA,NA,NA,NA,
60,vector0,NA,NA,NA,NA,NA,NA,1.565455,2583,0.002211,0.002185,0.000026,0.000000,0.000000,0.006470,0.000000,0.014409,
60,vector1,NA,NA,NA,NA,NA,NA,1.529091,2523,0.002211,0.002185,0.000026,0.000000,0.000000,0.006103,0.000000,0.015630,
61,cube0,0.293333,484,0.000000,0.000000,0.000000,0.000000,NA,NA,NA,NA,NA,NA,NA,NA,NA,NA,
61,vector0,NA,NA,NA,NA,NA,NA,1.632121,2693,0.002211,0.002185,0.000026,0.000000,0.000000,0.005002,0.000000,0.012241,
61,vector1,NA,NA,NA,NA,NA,NA,1.732121,2858,0.002211,0.002185,0.000026,0.000000,0.000000,0.005207,0.000000,0.012625,
62,cube0,0.344848,569,0.000000,0.000000,0.000000,0.000000,NA,NA,NA,NA,NA,NA,NA,NA,NA,NA,
62,vector0,NA,NA,NA,NA,NA,NA,1.416970,2338,0.002211,0.002185,0.000026,0.000000,0.000000,0.004191,0.000000,0.015655,
62,vector1,NA,NA,NA,NA,NA,NA,1.447879,2389,0.002211,0.002185,0.000026,0.000000,0.000000,0.005079,0.000000,0.014571,
63,cube0,0.294545,486,0.000000,0.000000,0.000000,0.000000,NA,NA,NA,NA,NA,NA,NA,NA,NA,NA,
63,vector0,NA,NA,NA,NA,NA,NA,1.426667,2354,0.002211,0.002185,0.000026,0.000000,0.000000,0.002834,0.000000,0.013103,
63,vector1,NA,NA,NA,NA,NA,NA,1.502424,2479,0.002211,0.002185,0.000026,0.000000,0.000000,0.002714,0.000000,0.012266,
64,cube0,0.363636,600,0.000000,0.000000,0.000000,0.000000,NA,NA,NA,NA,NA,NA,NA,NA,NA,NA,
64,vector0,NA,NA,NA,NA,NA,NA,1.561818,2577,0.002211,0.002185,0.000026,0.000000,0.000000,0.006265,0.000000,0.014563,
64,vector1,NA,NA,NA,NA,NA,NA,1.518182,2505,0.002211,0.002185,0.000026,0.000000,0.000000,0.006035,0.000000,0.013419,
65,cube0,0.323636,534,0.000000,0.000000,0.000000,0.000000,NA,NA,NA,NA,NA,NA,NA,NA,NA,NA,
65,vector0,NA,NA,NA,NA,NA,NA,1.741818,2874,0.002211,0.002185,0.000026,0.000000,0.000000,0.005822,0.000000,0.013854,
65,vector1,NA,NA,NA,NA,NA,NA,1.587273,2619,0.002211,0.002185,0.000026,0.000000,0.000000,0.004712,0.000000,0.012070,
66,cube0,0.312727,516,0.000000,0.000000,0.000000,0.000000,NA,NA,NA,NA,NA,NA,NA,NA,NA,NA,
66,vector0,NA,NA,NA,NA,NA,NA,1.512727,2496,0.002211,0.002185,0.000026,0.000000,0.000000,0.005685,0.000000,0.014930,
66,vector1,NA,NA,NA,NA,NA,NA,2.020000,3333,0.002211,0.002185,0.000026,0.000000,0.000000,0.008468,0.000000,0.015664,
67,cube0,0.343030,566,0.000000,0.000000,0.000000,0.000000,NA,NA,NA,NA,NA,NA,NA,NA,NA,NA,
67,vector0,NA,NA,NA,NA,NA,NA,1.695758,2798,0.002211,0.002185,0.000026,0.000000,0.000000,0.004499,0.000000,0.012599,
67,vector1,NA,NA,NA,NA,NA,NA,1.573333,2596,0.002211,0.002185,0.000026,0.000000,0.000000,0.006504,0.000000,0.013828,
68,cube0,0.315152,520,0.000000,0.000000,0.000000,0.000000,NA,NA,NA,NA,NA,NA,NA,NA,NA,NA,
68,vector0,NA,NA,NA,NA,NA,NA,1.518182,2505,0.002211,0.002185,0.000026,0.000000,0.000000,0.005830,0.000000,0.016150,
68,vector1,NA,NA,NA,NA,NA,NA,1.885455,3111,0.002211,0.002185,0.000026,0.000000,0.000000,0.006931,0.000000,0.015647,
69,cube0,0.351515,580,0.000000,0.000000,0.000000,0.000000,NA,NA,NA,NA,NA,NA,NA,NA,NA,NA,
69,vector0,NA,NA,NA,NA,NA,NA,1.736970,2866,0.002211,0.002185,0.000026,0.000000,0.000000,0.004388,0.000000,0.014819,
69,vector1,NA,NA,NA,NA,NA,NA,1.689697,2788,0.002211,0.002185,0.000026,0.000000,0.000000,0.006590,0.000000,0.014289,
70,cube0,0.329697,544,0.000000,0.000000,0.000000,0.000000,NA,NA,NA,NA,NA,NA,NA,NA,NA,NA,
70,vector0,NA,NA,NA,NA,NA,NA,1.373333,2266,0.002211,0.002185,0.000026,0.000000,0.000000,0.003944,0.000000,0.014349,
70,vector1,NA,NA,NA,NA,NA,NA,1.536364,2535,0.002211,0.002185,0.000026,0.000000,0.000000,0.006103,0.000000,0.014622,
71,cube0,0.376970,622,0.000000,0.000000,0.000000,0.000000,NA,NA,NA,NA,NA,NA,NA,NA,NA,NA,
71,vector0,NA,NA,NA,NA,NA,NA,1.632121,2693,0.002211,0.002185,0.000026,0.000000,0.000000,0.003764,0.000000,0.012744,
71,vector1,NA,NA,NA,NA,NA,NA,1.651515,2725,0.002211,0.002185,0.000026,0.000000,0.000000,0.005967,0.000000,0.011618,
72,cube0,0.306061,505,0.000000,0.000000,0.000000,0.000000,NA,NA,NA,NA,NA,NA,NA,NA,NA,NA,
72,vector0,NA,NA,NA,NA,NA,NA,1.460000,2409,0.002211,0.002185,0.000026,0.000000,0.000000,0.004430,0.000000,0.014904,
72,vector1,NA,NA,NA,NA,NA,NA,1.366061,2254,0.002211,0.002185,0.000026,0.000000,0.000000,0.003952,0.000000,0.014930,
73,cube0,0.308485,509,0.000000,0.000000,0.000000,0.000000,NA,NA,NA,NA,NA,NA,NA,NA,NA,NA,
73,vector0,NA,NA,NA,NA,NA,NA,1.564849,2582,0.002211,0.002185,0.000026,0.000000,0.000000,0.003927,0.000000,0.015245,
73,vector1,NA,NA,NA,NA,NA,NA,1.421818,2346,0.002211,0.002185,0.000026,0.000000,0.000000,0.002501,0.000000,0.014503,
74,cube0,0.320000,528,0.000000,0.000000,0.000000,0.000000,NA,NA,NA,NA,NA,NA,NA,NA,NA,NA,
74,vector0,NA,NA,NA,NA,NA,NA,1.552121,2561,0.002211,0.002185,0.000026,0.000000,0.000000,0.006052,0.000000,0.016577,
74,vector1,NA,NA,NA,NA,NA,NA,1.998182,3297,0.002211,0.002185,0.000026,0.000000,0.000000,0.008698,0.000000,0.016201,
75,cube0,0.360606,595,0.000000,0.000000,0.000000,0.000000,NA,NA,NA,NA,NA,NA,NA,NA,NA,NA,
75,vector0,NA,NA,NA,NA,NA,NA,1.732727,2859,0.002211,0.002185,0.000026,0.000000,0.000000,0.005028,0.000000,0.014503,
75,vector1,NA,NA,NA,NA,NA,NA,1.597576,2636,0.002211,0.002185,0.000026,0.000000,0.000000,0.006522,0.000000,0.013146,
76,cube0,0.343636,567,0.000000,0.000000,0.000000,0.000000,NA,NA,NA,NA,NA,NA,NA,NA,NA,NA,
76,vector0,NA,NA,NA,NA,NA,NA,1.555151,2566,0.002211,0.002185,0.000026,0.000000,0.000000,0.006394,0.000000,0.013854,
76,vector1,NA,NA,NA,NA,NA,NA,1.795758,2963,0.002211,0.002185,0.000026,0.000000,0.000000,0.007332,0.000000,0.015211,
77,cube0,0.304242,502,0.000000,0.000000,0.000000,0.000000,NA,NA,NA,NA,NA,NA,NA,NA,NA,NA,
77,vector0,NA,NA,NA,NA,NA,NA,1.715758,2831,0.002211,0.002185,0.000026,0.000000,0.000000,0.006633,0.000000,0.014733,
77,vector1,NA,NA,NA,NA,NA,NA,1.569091,2589,0.002211,0.002185,0.000026,0.000000,0.000000,0.006291,0.000000,0.014750,
78,cube0,0.363636,600,0.000000,0.000000,0.000000,0.000000,NA,NA,NA,NA,NA,NA,NA,NA,NA,NA,
78,vector0,NA,NA,NA,NA,NA,NA,1.648485,2720,0.002211,0.002185,0.000026,0.000000,0.000000,0.007546,0.000000,0.014998,
78,vector1,NA,NA,NA,NA,NA,NA,1.417576,2339,0.002211,0.002185,0.000026,0.000000,0.000000,0.004635,0.000000,0.015297,
79,cube0,0.348485,575,0.000000,0.000000,0.000000,0.000000,NA,NA,NA,NA,NA,NA,NA,NA,NA,NA,
79,vector0,NA,NA,NA,NA,NA,NA,1.826667,3014,0.002211,0.002185,0.000026,0.000000,0.000000,0.006974,0.000000,0.013948,
79,vector1,NA,NA,NA,NA,NA,NA,1.672121,2759,0.002211,0.002185,0.000026,0.000000,0.000000,0.004046,0.000000,0.012625,
80,cube0,0.349091,576,0.000000,0.000000,0.000000,0.000000,NA,NA,NA,NA,NA,NA,NA,NA,NA,NA,
80,vector0,NA,NA,NA,NA,NA,NA,1.519394,2507,0.002211,0.002185,0.000026,0.000000,0.000000,0.005608,0.000000,0.012941,
80,vector1,NA,NA,NA,NA,NA,NA,1.513939,2498,0.002211,0.002185,0.000026,0.000000,0.000000,0.005753,0.000000,0.015715,
81,cube0,0.289697,478,0.000000,0.000000,0.000000,0.000000,NA,NA,NA,NA,NA,NA,NA,NA,NA,NA,
81,vector0,NA,NA,NA,NA,NA,NA,1.627273,2685,0.002211,0.002185,0.000026,0.000000,0.000000,0.005045,0.000000,0.011985,
81,vector1,NA,NA,NA,NA,NA,NA,1.614545,2664,0.002211,0.002185,0.000026,0.000000,0.000000,0.004157,0.000000,0.013709,
82,cube0,0.344848,569,0.000000,0.000000,0.000000,0.000000,NA,NA,NA,NA,NA,NA,NA,NA,NA,NA,
82,vector0,NA,NA,NA,NA,NA,NA,1.468485,2423,0.002211,0.002185,0.000026,0.000000,0.000000,0.005241,0.000000,0.015041,
82,vector1,NA,NA,NA,NA,NA,NA,1.732121,2858,0.002211,0.002185,0.000026,0.000000,0.000000,0.006487,0.000000,0.014588,
83,cube0,0.292727,483,0.000000,0.000000,0.000000,0.000000,NA,NA,NA,NA,NA,NA,NA,NA,NA,NA,
83,vector0,NA,NA,NA,NA,NA,NA,1.617576,2669,0.002211,0.002185,0.000026,0.000000,0.000000,0.004977,0.000000,0.014042,
83,vector1,NA,NA,NA,NA,NA,NA,1.520606,2509,0.002211,0.002185,0.000026,0.000000,0.000000,0.005933,0.000000,0.013880,
84,cube0,0.364848,602,0.000000,0.000000,0.000000,0.000000,NA,NA,NA,NA,NA,NA,NA,NA,NA,NA,
84,vector0,NA,NA,NA,NA,NA,NA,1.480000,2442,0.002211,0.002185,0.000026,0.000000,0.000000,0.005497,0.000000,0.013017,
84,vector1,NA,NA,NA,NA,NA,NA,1.541212,2543,0.002211,0.002185,0.000026,0.000000,0.000000,0.006078,0.000000,0.015015,
85,cube0,0.323636,534,0.000000,0.000000,0.000000,0.000000,NA,NA,NA,NA,NA,NA,NA,NA,NA,NA,
85,vector0,NA,NA,NA,NA,NA,NA,1.648485,2720,0.002211,0.002185,0.000026,0.000000,0.000000,0.004951,0.000000,0.011626,
85,vector1,NA,NA,NA,NA,NA,NA,1.807273,2982,0.002211,0.002185,0.000026,0.000000,0.000000,0.006291,0.000000,0.014016,
86,cube0,0.311515,514,0.000000,0.000000,0.000000,0.000000,NA,NA,NA,NA,NA,NA,NA,NA,NA,NA,
86,vector0,NA,NA,NA,NA,NA,NA,1.481818,2445,0.002211,0.002185,0.000026,0.000000,0.000000,0.005258,0.000000,0.014998,
86,vector1,NA,NA,NA,NA,NA,NA,1.666667,2750,0.002211,0.002185,0.000026,0.000000,0.000000,0.007862,0.000000,0.014127,
87,cube0,0.341212,563,0.000000,0.000000,0.000000,0.000000,NA,NA,NA,NA,NA,NA,NA,NA,NA,NA,
87,vector0,NA,NA,NA,NA,NA,NA,1.447879,2389,0.002211,0.002185,0.000026,0.000000,0.000000,0.003150,0.000000,0.012650,
87,vector1,NA,NA,NA,NA,NA,NA,1.619394,2672,0.002211,0.002185,0.000026,0.000000,0.000000,0.005198,0.000000,0.012966,
88,cube0,0.315758,521,0.000000,0.000000,0.000000,0.000000,NA,NA,NA,NA,NA,NA,NA,NA,NA,NA,
88,vector0,NA,NA,NA,NA,NA,NA,1.489091,2457,0.002211,0.002185,0.000026,0.000000,0.000000,0.005668,0.000000,0.014861,
88,vector1,NA,NA,NA,NA,NA,NA,1.598182,2637,0.002211,0.002185,0.000026,0.000000,0.000000,0.006778,0.000000,0.015288,
89,cube0,0.352121,581,0.000000,0.000000,0.000000,0.000000,NA,NA,NA,NA,NA,NA,NA,NA,NA,NA,
89,vector0,NA,NA,NA,NA,NA,NA,1.601212,2642,0.002211,0.002185,0.000026,0.000000,0.000000,0.004089,0.000000,0.012881,
89,vector1,NA,NA,NA,NA,NA,NA,1.771515,2923,0.002211,0.002185,0.000026,0.000000,0.000000,0.005420,0.000000,0.012693,
90,cube0,0.327879,541,0.000000,0.000000,0.000000,0.000000,NA,NA,NA,NA,NA,NA,NA,NA,NA,NA,
90,vector0,NA,NA,NA,NA,NA,NA,1.760606,2905,0.002211,0.002185,0.000026,0.000000,0.000000,0.006231,0.000000,0.013427,
90,vector1,NA,NA,NA,NA,NA,NA,1.902424,3139,0.002211,0.002185,0.000026,0.000000,0.000000,0.006709,0.000000,0.013956,
91,cube0,0.383030,632,0.000000,0.000000,0.000000,0.000000,NA,NA,NA,NA,NA,NA,NA,NA,NA,NA,
91,vector0,NA,NA,NA,NA,NA,NA,1.529091,2523,0.002211,0.002185,0.000026,0.000000,0.000000,0.006180,0.000000,0.012966,
91,vector1,NA,NA,NA,NA,NA,NA,1.550303,2558,0.002211,0.002185,0.000026,0.000000,0.000000,0.006061,0.000000,0.012352,
92,cube0,0.306667,506,0.000000,0.000000,0.000000,0.000000,NA,NA,NA,NA,NA,NA,NA,NA,NA,NA,
92,vector0,NA,NA,NA,NA,NA,NA,1.579394,2606,0.002211,0.002185,0.000026,0.000000,0.000000,0.006743,0.000000,0.014895,
92,vector1,NA,NA,NA,NA,NA,NA,1.558182,2571,0.002211,0.002185,0.000026,0.000000,0.000000,0.005933,0.000000,0.014836,
93,cube0,0.309091,510,0.000000,0.000000,0.000000,0.000000,NA,NA,NA,NA,NA,NA,NA,NA,NA,NA,
93,vector0,NA,NA,NA,NA,NA,NA,1.511515,2494,0.002211,0.002185,0.000026,0.000000,0.000000,0.003167,0.000000,0.013828,
93,vector1,NA,NA,NA,NA,NA,NA,1.505455,2484,0.002211,0.002185,0.000026,0.000000,0.000000,0.002740,0.000000,0.013248,
94,cube0,0.317576,524,0.000000,0.000000,0.000000,0.000000,NA,NA,NA,NA,NA,NA,NA,NA,NA,NA,
94,vector0,NA,NA,NA,NA,NA,NA,1.427273,2355,0.002211,0.002185,0.000026,0.000000,0.000000,0.004123,0.000000,0.016142,
94,vector1,NA,NA,NA,NA,NA,NA,1.825455,3012,0.002211,0.002185,0.000026,0.000000,0.000000,0.006103,0.000000,0.019257,
95,cube0,0.348485,575,0.000000,0.000000,0.000000,0.000000,NA,NA,NA,NA,NA,NA,NA,NA,NA,NA,
95,vector0,NA,NA,NA,NA,NA,NA,1.590909,2625,0.002211,0.002185,0.000026,0.000000,0.000000,0.003227,0.000000,0.014469,
95,vector1,NA,NA,NA,NA,NA,NA,1.553939,2564,0.002211,0.002185,0.000026,0.000000,0.000000,0.003585,0.000000,0.017448,
96,cube0,0.340000,561,0.000000,0.000000,0.000000,0.000000,NA,NA,NA,NA,NA,NA,NA,NA,NA,NA,
96,vector0,NA,NA,NA,NA,NA,NA,1.461818,2412,0.002211,0.002185,0.000026,0.000000,0.000000,0.005019,0.000000,0.014921,
96,vector1,NA,NA,NA,NA,NA,NA,1.432121,2363,0.002211,0.002185,0.000026,0.000000,0.000000,0.004541,0.000000,0.013922,
97,cube0,0.312727,516,0.000000,0.000000,0.000000,0.000000,NA,NA,NA,NA,NA,NA,NA,NA,NA,NA,
97,vector0,NA,NA,NA,NA,NA,NA,1.524242,2515,0.002211,0.002185,0.000026,0.000000,0.000000,0.004038,0.000000,0.012283,
97,vector1,NA,NA,NA,NA,NA,NA,1.586667,2618,0.002211,0.002185,0.000026,0.000000,0.000000,0.002996,0.000000,0.012002,
98,cube0,0.358182,591,0.000000,0.000000,0.000000,0.000000,NA,NA,NA,NA,NA,NA,NA,NA,NA,NA,
98,vector0,NA,NA,NA,NA,NA,NA,1.375152,2269,0.002211,0.002185,0.000026,0.000000,0.000000,0.004157,0.000000,0.016918,
98,vector1,NA,NA,NA,NA,NA,NA,1.502424,2479,0.002211,0.002185,0.000026,0.000000,0.000000,0.005455,0.000000,0.015672,
99,cube0,0.349091,576,0.000000,0.000000,0.000000,0.000000,NA,NA,NA,NA,NA,NA,NA,NA,NA,NA,
99,vector0,NA,NA,NA,NA,NA,NA,1.581212,2609,0.002211,0.002185,0.000026,0.000000,0.000000,0.003030,0.000000,0.015092,
99,vector1,NA,NA,NA,NA,NA,NA,1.663030,2744,0.002211,0.002185,0.000026,0.000000,0.000000,0.005395,0.000000,0.014460,
100,cube0,0.347273,573,0.000000,0.000000,0.000000,0.000000,NA,NA,NA,NA,NA,NA,NA,NA,NA,NA,
100,vector0,NA,NA,NA,NA,NA,NA,1.447879,2389,0.002211,0.002185,0.000026,0.000000,0.000000,0.005062,0.000000,0.014930,
100,vector1,NA,NA,NA,NA,NA,NA,1.482424,2446,0.002211,0.002185,0.000026,0.000000,0.000000,0.005403,0.000000,0.015672,
101,cube0,0.289091,477,0.000000,0.000000,0.000000,0.000000,NA,NA,NA,NA,NA,NA,NA,NA,NA,NA,
101,vector0,NA,NA,NA,NA,NA,NA,1.541212,2543,0.002211,0.002185,0.000026,0.000000,0.000000,0.003201,0.000000,0.013641,
101,vector1,NA,NA,NA,NA,NA,NA,1.575152,2599,0.002211,0.002185,0.000026,0.000000,0.000000,0.004703,0.000000,0.013171,
102,cube0,0.344848,569,0.000000,0.000000,0.000000,0.000000,NA,NA,NA,NA,NA,NA,NA,NA,NA,NA,
102,vector0,NA,NA,NA,NA,NA,NA,1.378182,2274,0.002211,0.002185,0.000026,0.000000,0.000000,0.003901,0.000000,0.015177,
102,vector1,NA,NA,NA,NA,NA,NA,1.474545,2433,0.002211,0.002185,0.000026,0.000000,0.000000,0.005198,0.000000,0.015015,
103,cube0,0.292121,482,0.000000,0.000000,0.000000,0.000000,NA,NA,NA,NA,NA,NA,NA,NA,NA,NA,
103,vector0,NA,NA,NA,NA,NA,NA,1.649091,2721,0.002211,0.002185,0.000026,0.000000,0.000000,0.003363,0.000000,0.013444,
103,vector1,NA,NA,NA,NA,NA,NA,1.719394,2837,0.002211,0.002185,0.000026,0.000000,0.000000,0.005753,0.000000,0.012838,
104,cube0,0.369091,609,0.000000,0.000000,0.000000,0.000000,NA,NA,NA,NA,NA,NA,NA,NA,NA,NA,
104,vector0,NA,NA,NA,NA,NA,NA,1.537576,2537,0.002211,0.002185,0.000026,0.000000,0.000000,0.005975,0.000000,0.015638,
104,vector1,NA,NA,NA,NA,NA,NA,1.548485,2555,0.002211,0.002185,0.000026,0.000000,0.000000,0.006086,0.000000,0.013760,
105,cube0,0.324242,535,0.000000,0.000000,0.000000,0.000000,NA,NA,NA,NA,NA,NA,NA,NA,NA,NA,
105,vector0,NA,NA,NA,NA,NA,NA,1.904848,3143,0.002211,0.002185,0.000026,0.000000,0.000000,0.005301,0.000000,0.013760,
105,vector1,NA,NA,NA,NA,NA,NA,1.751515,2890,0.002211,0.002185,0.000026,0.000000,0.000000,0.005216,0.000000,0.012036,
106,cube0,0.313939,518,0.000000,0.000000,0.000000,0.000000,NA,NA,NA,NA,NA,NA,NA,NA,NA,NA,
106,vector0,NA,NA,NA,NA,NA,NA,1.599394,2639,0.002211,0.002185,0.000026,0.000000,0.000000,0.006615,0.000000,0.013496,
106,vector1,NA,NA,NA,NA,NA,NA,1.643030,2711,0.002211,0.002185,0.000026,0.000000,0.000000,0.007819,0.000000,0.014025,
107,cube0,0.338788,559,0.000000,0.000000,0.000000,0.000000,NA,NA,NA,NA,NA,NA,NA,NA,NA,NA,
107,vector0,NA,NA,NA,NA,NA,NA,1.756364,2898,0.002211,0.002185,0.000026,0.000000,0.000000,0.005164,0.000000,0.011532,
107,vector1,NA,NA,NA,NA,NA,NA,1.725455,2847,0.002211,0.002185,0.000026,0.000000,0.000000,0.005548,0.000000,0.012650,
108,cube0,0.315758,521,0.000000,0.000000,0.000000,0.000000,NA,NA,NA,NA,NA,NA,NA,NA,NA,NA,
108,vector0,NA,NA,NA,NA,NA,NA,1.518788,2506,0.002211,0.002185,0.000026,0.000000,0.000000,0.005540,0.000000,0.014349,
108,vector1,NA,NA,NA,NA,NA,NA,1.405455,2319,0.002211,0.002185,0.000026,0.000000,0.000000,0.004200,0.000000,0.015775,
109,cube0,0.353333,583,0.000000,0.000000,0.000000,0.000000,NA,NA,NA,NA,NA,NA,NA,NA,NA,NA,
109,vector0,NA,NA,NA,NA,NA,NA,1.746667,2882,0.002211,0.002185,0.000026,0.000000,0.000000,0.005361,0.000000,0.012138,
109,vector1,NA,NA,NA,NA,NA,NA,1.702424,2809,0.002211,0.002185,0.000026,0.000000,0.000000,0.005079,0.000000,0.013231,
110,cube0,0.326667,539,0.000000,0.000000,0.000000,0.000000,NA,NA,NA,NA,NA,NA,NA,NA,NA,NA,
110,vector0,NA,NA,NA,NA,NA,NA,1.515152,2500,0.002211,0.002185,0.000026,0.000000,0.000000,0.006044,0.000000,0.015015,
110,vector1,NA,NA,NA,NA,NA,NA,1.552727,2562,0.002211,0.002185,0.000026,0.000000,0.000000,0.006684,0.000000,0.013692,
111,cube0,0.375758,620,0.000000,0.000000,0.000000,0.000000,NA,NA,NA,NA,NA,NA,NA,NA,NA,NA,
111,vector0,NA,NA,NA,NA,NA,NA,1.653333,2728,0.002211,0.002185,0.000026,0.000000,0.000000,0.003474,0.000000,0.013863,
111,vector1,NA,NA,NA,NA,NA,NA,1.623030,2678,0.002211,0.002185,0.000026,0.000000,0.000000,0.004183,0.000000,0.011908,
112,cube0,0.306667,506,0.000000,0.000000,0.000000,0.000000,NA,NA,NA,NA,NA,NA,NA,NA,NA,NA,
112,vector0,NA,NA,NA,NA,NA,NA,1.566061,2584,0.002211,0.002185,0.000026,0.000000,0.000000,0.006983,0.000000,0.015356,
112,vector1,NA,NA,NA,NA,NA,NA,1.524848,2516,0.002211,0.002185,0.000026,0.000000,0.000000,0.005736,0.000000,0.015271,
113,cube0,0.311515,514,0.000000,0.000000,0.000000,0.000000,NA,NA,NA,NA,NA,NA,NA,NA,NA,NA,
113,vector0,NA,NA,NA,NA,NA,NA,1.818788,3001,0.002211,0.002185,0.000026,0.000000,0.000000,0.006419,0.000000,0.015869,
113,vector1,NA,NA,NA,NA,NA,NA,1.691515,2791,0.002211,0.002185,0.000026,0.000000,0.000000,0.005967,0.000000,0.014460,
114,cube0,0.321818,531,0.000000,0.000000,0.000000,0.000000,NA,NA,NA,NA,NA,NA,NA,NA,NA,NA,
114,vector0,NA,NA,NA,NA,NA,NA,1.870303,3086,0.002211,0.002185,0.000026,0.000000,0.000000,0.007879,0.000000,0.014989,
114,vector1,NA,NA,NA,NA,NA,NA,1.379394,2276,0.002211,0.002185,0.000026,0.000000,0.000000,0.004131,0.000000,0.014742,
115,cube0,0.349091,576,0.000000,0.000000,0.000000,0.000000,NA,NA,NA,NA,NA,NA,NA,NA,NA,NA,
115,vector0,NA,NA,NA,NA,NA,NA,1.495152,2467,0.002211,0.002185,0.000026,0.000000,0.000000,0.005847,0.000000,0.014332,
115,vector1,NA,NA,NA,NA,NA,NA,1.568485,2588,0.002211,0.002185,0.000026,0.000000,0.000000,0.002646,0.000000,0.013956,
116,cube0,0.336970,556,0.000000,0.000000,0.000000,0.000000,NA,NA,NA,NA,NA,NA,NA,NA,NA,NA,
116,vector0,NA,NA,NA,NA,NA,NA,1.381212,2279,0.002211,0.002185,0.000026,0.000000,0.000000,0.003995,0.000000,0.014904,
116,vector1,NA,NA,NA,NA,NA,NA,1.847273,3048,0.002211,0.002185,0.000026,0.000000,0.000000,0.006641,0.000000,0.013572,
117,cube0,0.302424,499,0.000000,0.000000,0.000000,0.000000,NA,NA,NA,NA,NA,NA,NA,NA,NA,NA,
117,vector0,NA,NA,NA,NA,NA,NA,1.493939,2465,0.002211,0.002185,0.000026,0.000000,0.000000,0.003389,0.000000,0.012847,
117,vector1,NA,NA,NA,NA,NA,NA,1.658182,2736,0.002211,0.002185,0.000026,0.000000,0.000000,0.006163,0.000000,0.012087,
118,cube0,0.360000,594,0.000000,0.000000,0.000000,0.000000,NA,NA,NA,NA,NA,NA,NA,NA,NA,NA,
118,vector0,NA,NA,NA,NA,NA,NA,1.532121,2528,0.002211,0.002185,0.000026,0.000000,0.000000,0.006342,0.000000,0.014554,
118,vector1,NA,NA,NA,NA,NA,NA,1.535151,2533,0.002211,0.002185,0.000026,0.000000,0.000000,0.006026,0.000000,0.015391,
119,cube0,0.349091,576,0.000000,0.000000,0.000000,0.000000,NA,NA,NA,NA,NA,NA,NA,NA,NA,NA,
119,vector0,NA,NA,NA,NA,NA,NA,1.561212,2576,0.002211,0.002185,0.000026,0.000000,0.000000,0.003636,0.000000,0.012685,
119,vector1,NA,NA,NA,NA,NA,NA,1.672121,2759,0.002211,0.002185,0.000026,0.000000,0.000000,0.004072,0.000000,0.013871,
120,cube0,0.347273,573,0.000000,0.000000,0.000000,0.000000,NA,NA,NA,NA,NA,NA,NA,NA,NA,NA,
120,vector0,NA,NA,NA,NA,NA,NA,1.547273,2553,0.002211,0.002185,0.000026,0.000000,0.000000,0.006300,0.000000,0.013325,
120,vector1,NA,NA,NA,NA,NA,NA,1.538788,2539,0.002211,0.002185,0.000026,0.000000,0.000000,0.005958,0.000000,0.015083,
121,cube0,0.287879,475,0.000000,0.000000,0.000000,0.000000,NA,NA,NA,NA,NA,NA,NA,NA,NA,NA,
121,vector0,NA,NA,NA,NA,NA,NA,1.693333,2794,0.002211,0.002185,0.000026,0.000000,0.000000,0.003713,0.000000,0.011532,
121,vector1,NA,NA,NA,NA,NA,NA,1.573939,2597,0.002211,0.002185,0.000026,0.000000,0.000000,0.003585,0.000000,0.011660,
122,cube0,0.346061,571,0.000000,0.000000,0.000000,0.000000,NA,NA,NA,NA,NA,NA,NA,NA,NA,NA,
122,vector0,NA,NA,NA,NA,NA,NA,1.546061,2551,0.002211,0.002185,0.000026,0.000000,0.000000,0.006385,0.000000,0.015211,
122,vector1,NA,NA,NA,NA,NA,NA,1.856364,3063,0.002211,0.002185,0.000026,0.000000,0.000000,0.007930,0.000000,0.014272,
123,cube0,0.303636,501,0.000000,0.000000,0.000000,0.000000,NA,NA,NA,NA,NA,NA,NA,NA,NA,NA,
123,vector0,NA,NA,NA,NA,NA,NA,1.624242,2680,0.002211,0.002185,0.000026,0.000000,0.000000,0.005258,0.000000,0.015169,
123,vector1,NA,NA,NA,NA,NA,NA,1.537576,2537,0.002211,0.002185,0.000026,0.000000,0.000000,0.006035,0.000000,0.012898,
124,cube0,0.370303,611,0.000000,0.000000,0.000000,0.000000,NA,NA,NA,NA,NA,NA,NA,NA,NA,NA,
124,vector0,NA,NA,NA,NA,NA,NA,1.824849,3011,0.002211,0.002185,0.000026,0.000000,0.000000,0.004874,0.000000,0.015194,
124,vector1,NA,NA,NA,NA,NA,NA,1.792727,2958,0.002211,0.002185,0.000026,0.000000,0.000000,0.006009,0.000000,0.014255,
125,cube0,0.330909,546,0.000000,0.000000,0.000000,0.000000,NA,NA,NA,NA,NA,NA,NA,NA,NA,NA,
125,vector0,NA,NA,NA,NA,NA,NA,1.440606,2377,0.002211,0.002185,0.000026,0.000000,0.000000,0.004456,0.000000,0.014127,
125,vector1,NA,NA,NA,NA,NA,NA,1.526667,2519,0.002211,0.002185,0.000026,0.000000,0.000000,0.005830,0.000000,0.014417,
126,cube0,0.315152,520,0.000000,0.000000,0.000000,0.000000,NA,NA,NA,NA,NA,NA,NA,NA,NA,NA,
126,vector0,NA,NA,NA,NA,NA,NA,1.563636,2580,0.002211,0.002185,0.000026,0.000000,0.000000,0.005053,0.000000,0.015459,
126,vector1,NA,NA,NA,NA,NA,NA,1.506667,2486,0.002211,0.002185,0.000026,0.000000,0.000000,0.004900,0.000000,0.015339,
127,cube0,0.344848,569,0.000000,0.000000,0.000000,0.000000,NA,NA,NA,NA,NA,NA,NA,NA,NA,NA,
127,vector0,NA,NA,NA,NA,NA,NA,1.732121,2858,0.002211,0.002185,0.000026,0.000000,0.000000,0.005386,0.000000,0.012778,
127,vector1,NA,NA,NA,NA,NA,NA,1.680606,2773,0.002211,0.002185,0.000026,0.000000,0.000000,0.003850,0.000000,0.013470,
128,cube0,0.316364,522,0.000000,0.000000,0.000000,0.000000,NA,NA,NA,NA,NA,NA,NA,NA,NA,NA,
128,vector0,NA,NA,NA,NA,NA,NA,1.406667,2321,0.002211,0.002185,0.000026,0.000000,0.000000,0.004208,0.000000,0.015758,
128,vector1,NA,NA,NA,NA,NA,NA,1.510303,2492,0.002211,0.002185,0.000026,0.000000,0.000000,0.005796,0.000000,0.014085,
129,cube0,0.348485,575,0.000000,0.000000,0.000000,0.000000,NA,NA,NA,NA,NA,NA,NA,NA,NA,NA,
129,vector0,NA,NA,NA,NA,NA,NA,1.490909,2460,0.002211,0.002185,0.000026,0.000000,0.000000,0.003636,0.000000,0.015305,
129,vector1,NA,NA,NA,NA,NA,NA,1.618788,2671,0.002211,0.002185,0.000026,0.000000,0.000000,0.003986,0.000000,0.014682,
130,cube0,0.335758,554,0.000000,0.000000,0.000000,0.000000,NA,NA,NA,NA,NA,NA,NA,NA,NA,NA,
130,vector0,NA,NA,NA,NA,NA,NA,1.391515,2296,0.002211,0.002185,0.000026,0.000000,0.000000,0.004200,0.000000,0.013811,
130,vector1,NA,NA,NA,NA,NA,NA,1.441818,2379,0.002211,0.002185,0.000026,0.000000,0.000000,0.005147,0.000000,0.013914,
131,cube0,0.374545,618,0.000000,0.000000,0.000000,0.000000,NA,NA,NA,NA,NA,NA,NA,NA,NA,NA,
131,vector0,NA,NA,NA,NA,NA,NA,1.608485,2654,0.002211,0.002185,0.000026,0.000000,0.000000,0.003218,0.000000,0.011601,
131,vector1,NA,NA,NA,NA,NA,NA,1.667273,2751,0.002211,0.002185,0.000026,0.000000,0.000000,0.003747,0.000000,0.011515,
132,cube0,0.306061,505,0.000000,0.000000,0.000000,0.000000,NA,NA,NA,NA,NA,NA,NA,NA,NA,NA,
132,vector0,NA,NA,NA,NA,NA,NA,1.550303,2558,0.002211,0.002185,0.000026,0.000000,0.000000,0.006829,0.000000,0.015732,
132,vector1,NA,NA,NA,NA,NA,NA,1.481818,2445,0.002211,0.002185,0.000026,0.000000,0.000000,0.004925,0.000000,0.013180,
133,cube0,0.309091,510,0.000000,0.000000,0.000000,0.000000,NA,NA,NA,NA,NA,NA,NA,NA,NA,NA,
133,vector0,NA,NA,NA,NA,NA,NA,1.476364,2436,0.002211,0.002185,0.000026,0.000000,0.000000,0.003628,0.000000,0.014093,
133,vector1,NA,NA,NA,NA,NA,NA,1.558182,2571,0.002211,0.002185,0.000026,0.000000,0.000000,0.002561,0.000000,0.011541,
134,cube0,0.320000,528,0.000000,0.000000,0.000000,0.000000,NA,NA,NA,NA,NA,NA,NA,NA,NA,NA,
134,vector0,NA,NA,NA,NA,NA,NA,1.577576,2603,0.002211,0.002185,0.000026,0.000000,0.000000,0.006803,0.000000,0.015348,
134,vector1,NA,NA,NA,NA,NA,NA,1.495152,2467,0.002211,0.002185,0.000026,0.000000,0.000000,0.005250,0.000000,0.014913,
135,cube0,0.352727,582,0.000000,0.000000,0.000000,0.000000,NA,NA,NA,NA,NA,NA,NA,NA,NA,NA,
135,vector0,NA,NA,NA,NA,NA,NA,1.758182,2901,0.002211,0.002185,0.000026,0.000000,0.000000,0.005540,0.000000,0.015083,
135,vector1,NA,NA,NA,NA,NA,NA,1.536364,2535,0.002211,0.002185,0.000026,0.000000,0.000000,0.003602,0.000000,0.014930,
136,cube0,0.340000,561,0.000000,0.000000,0.000000,0.000000,NA,NA,NA,NA,NA,NA,NA,NA,NA,NA,
136,vector0,NA,NA,NA,NA,NA,NA,1.895758,3128,0.002211,0.002185,0.000026,0.000000,0.000000,0.006376,0.000000,0.013837,
136,vector1,NA,NA,NA,NA,NA,NA,1.756364,2898,0.002211,0.002185,0.000026,0.000000,0.000000,0.005557,0.000000,0.013794,
137,cube0,0.306667,506,0.000000,0.000000,0.000000,0.000000,NA,NA,NA,NA,NA,NA,NA,NA,NA,NA,
137,vector0,NA,NA,NA,NA,NA,NA,1.613939,2663,0.002211,0.002185,0.000026,0.000000,0.000000,0.006103,0.000000,0.012693,
137,vector1,NA,NA,NA,NA,NA,NA,1.447879,2389,0.002211,0.002185,0.000026,0.000000,0.000000,0.005258,0.000000,0.011686,
138,cube0,0.362424,598,0.000000,0.000000,0.000000,0.000000,NA,NA,NA,NA,NA,NA,NA,NA,NA,NA,
138,vector0,NA,NA,NA,NA,NA,NA,1.554545,2565,0.002211,0.002185,0.000026,0.000000,0.000000,0.006325,0.000000,0.015339,
138,vector1,NA,NA,NA,NA,NA,NA,1.536970,2536,0.002211,0.002185,0.000026,0.000000,0.000000,0.005924,0.000000,0.015015,
139,cube0,0.350303,578,0.000000,0.000000,0.000000,0.000000,NA,NA,NA,NA,NA,NA,NA,NA,NA,NA,
139,vector0,NA,NA,NA,NA,NA,NA,1.686667,2783,0.002211,0.002185,0.000026,0.000000,0.000000,0.004072,0.000000,0.013658,
139,vector1,NA,NA,NA,NA,NA,NA,1.692121,2792,0.002211,0.002185,0.000026,0.000000,0.000000,0.003790,0.000000,0.013316,
140,cube0,0.349697,577,0.000000,0.000000,0.000000,0.000000,NA,NA,NA,NA,NA,NA,NA,NA,NA,NA,
140,vector0,NA,NA,NA,NA,NA,NA,1.515152,2500,0.002211,0.002185,0.000026,0.000000,0.000000,0.006086,0.000000,0.015365,
140,vector1,NA,NA,NA,NA,NA,NA,1.512727,2496,0.002211,0.002185,0.000026,0.000000,0.000000,0.005830,0.000000,0.013769,
141,cube0,0.286667,473,0.000000,0.000000,0.000000,0.000000,NA,NA,NA,NA,NA,NA,NA,NA,NA,NA,
141,vector0,NA,NA,NA,NA,NA,NA,1.611515,2659,0.002211,0.002185,0.000026,0.000000,0.000000,0.003722,0.000000,0.014383,
141,vector1,NA,NA,NA,NA,NA,NA,1.597576,2636,0.002211,0.002185,0.000026,0.000000,0.000000,0.003927,0.000000,0.012958,
142,cube0,0.344848,569,0.000000,0.000000,0.000000,0.000000,NA,NA,NA,NA,NA,NA,NA,NA,NA,NA,
142,vector0,NA,NA,NA,NA,NA,NA,1.494545,2466,0.002211,0.002185,0.000026,0.000000,0.000000,0.005420,0.000000,0.013880,
142,vector1,NA,NA,NA,NA,NA,NA,1.923030,3173,0.002211,0.002185,0.000026,0.000000,0.000000,0.007443,0.000000,0.013871,
143,cube0,0.290909,480,0.000000,0.000000,0.000000,0.000000,NA,NA,NA,NA,NA,NA,NA,NA,NA,NA,
143,vector0,NA,NA,NA,NA,NA,NA,1.578182,2604,0.002211,0.002185,0.000026,0.000000,0.000000,0.003713,0.000000,0.014417,
143,vector1,NA,NA,NA,NA,NA,NA,1.441818,2379,0.002211,0.002185,0.000026,0.000000,0.000000,0.004780,0.000000,0.014545,
144,cube0,0.369697,610,0.000000,0.000000,0.000000,0.000000,NA,NA,NA,NA,NA,NA,NA,NA,NA,NA,
144,vector0,NA,NA,NA,NA,NA,NA,1.561818,2577,0.002211,0.002185,0.000026,0.000000,0.000000,0.006300,0.000000,0.015971,
144,vector1,NA,NA,NA,NA,NA,NA,1.837576,3032,0.002211,0.002185,0.000026,0.000000,0.000000,0.006684,0.000000,0.014554,
145,cube0,0.323636,534,0.000000,0.000000,0.000000,0.000000,NA,NA,NA,NA,NA,NA,NA,NA,NA,NA,
145,vector0,NA,NA,NA,NA,NA,NA,1.603636,2646,0.002211,0.002185,0.000026,0.000000,0.000000,0.004550,0.000000,0.013496,
145,vector1,NA,NA,NA,NA,NA,NA,1.650909,2724,0.002211,0.002185,0.000026,0.000000,0.000000,0.005864,0.000000,0.012941,
146,cube0,0.347273,573,0.000000,0.000000,0.000000,0.000000,NA,NA,NA,NA,NA,NA,NA,NA,NA,NA,
146,vector0,NA,NA,NA,NA,NA,NA,1.529091,2523,0.002211,0.002185,0.000026,0.000000,0.000000,0.006052,0.000000,0.016970,
146,vector1,NA,NA,NA,NA,NA,NA,1.392121,2297,0.002211,0.002185,0.000026,0.000000,0.000000,0.004063,0.000000,0.015382,
147,cube0,0.340606,562,0.000000,0.000000,0.000000,0.000000,NA,NA,NA,NA,NA,NA,NA,NA,NA,NA,
147,vector0,NA,NA,NA,NA,NA,NA,1.646061,2716,0.002211,0.002185,0.000026,0.000000,0.000000,0.003696,0.000000,0.014930,
147,vector1,NA,NA,NA,NA,NA,NA,1.513939,2498,0.002211,0.002185,0.000026,0.000000,0.000000,0.002851,0.000000,0.014434,
148,cube0,0.330909,546,0.000000,0.000000,0.000000,0.000000,NA,NA,NA,NA,NA,NA,NA,NA,NA,NA,
148,vector0,NA,NA,NA,NA,NA,NA,1.850909,3054,0.002211,0.002185,0.000026,0.000000,0.000000,0.006223,0.000000,0.013769,
148,vector1,NA,NA,NA,NA,NA,NA,1.851515,3055,0.002211,0.002185,0.000026,0.000000,0.000000,0.006069,0.000000,0.015237,
149,cube0,0.350909,579,0.000000,0.000000,0.000000,0.000000,NA,NA,NA,NA,NA,NA,NA,NA,NA,NA,
149,vector0,NA,NA,NA,NA,NA,NA,1.424242,2350,0.002211,0.002185,0.000026,0.000000,0.000000,0.004942,0.000000,0.013692,
149,vector1,NA,NA,NA,NA,NA,NA,1.482424,2446,0.002211,0.002185,0.000026,0.000000,0.000000,0.005113,0.000000,0.015373,
150,cube0,0.329091,543,0.000000,0.000000,0.000000,0.000000,NA,NA,NA,NA,NA,NA,NA,NA,NA,NA,
150,vector0,NA,NA,NA,NA,NA,NA,1.429091,2358,0.002211,0.002185,0.000026,0.000000,0.000000,0.004806,0.000000,0.014981,
150,vector1,NA,NA,NA,NA,NA,NA,1.507273,2487,0.002211,0.002185,0.000026,0.000000,0.000000,0.005600,0.000000,0.014904,
151,cube0,0.372727,615,0.000000,0.000000,0.000000,0.000000,NA,NA,NA,NA,NA,NA,NA,NA,NA,NA,
151,vector0,NA,NA,NA,NA,NA,NA,1.497576,2471,0.002211,0.002185,0.000026,0.000000,0.000000,0.004106,0.000000,0.011976,
151,vector1,NA,NA,NA,NA,NA,NA,1.683030,2777,0.002211,0.002185,0.000026,0.000000,0.000000,0.004524,0.000000,0.012027,
152,cube0,0.304848,503,0.000000,0.000000,0.000000,0.000000,NA,NA,NA,NA,NA,NA,NA,NA,NA,NA,
152,vector0,NA,NA,NA,NA,NA,NA,1.418182,2340,0.002211,0.002185,0.000026,0.000000,0.000000,0.004114,0.000000,0.014409,
152,vector1,NA,NA,NA,NA,NA,NA,1.715152,2830,0.002211,0.002185,0.000026,0.000000,0.000000,0.005079,0.000000,0.014580,
153,cube0,0.309091,510,0.000000,0.000000,0.000000,0.000000,NA,NA,NA,NA,NA,NA,NA,NA,NA,NA,
153,vector0,NA,NA,NA,NA,NA,NA,1.691515,2791,0.002211,0.002185,0.000026,0.000000,0.000000,0.003961,0.000000,0.012480,
153,vector1,NA,NA,NA,NA,NA,NA,1.378182,2274,0.002211,0.002185,0.000026,0.000000,0.000000,0.004106,0.000000,0.012403,
154,cube0,0.320000,528,0.000000,0.000000,0.000000,0.000000,NA,NA,NA,NA,NA,NA,NA,NA,NA,NA,
154,vector0,NA,NA,NA,NA,NA,NA,1.604242,2647,0.002211,0.002185,0.000026,0.000000,0.000000,0.006957,0.000000,0.014930,
154,vector1,NA,NA,NA,NA,NA,NA,1.512121,2495,0.002211,0.002185,0.000026,0.000000,0.000000,0.005975,0.000000,0.014460,
155,cube0,0.349697,577,0.000000,0.000000,0.000000,0.000000,NA,NA,NA,NA,NA,NA,NA,NA,NA,NA,
155,vector0,NA,NA,NA,NA,NA,NA,1.716970,2833,0.002211,0.002185,0.000026,0.000000,0.000000,0.004866,0.000000,0.014315,
155,vector1,NA,NA,NA,NA,NA,NA,1.506061,2485,0.002211,0.002185,0.000026,0.000000,0.000000,0.003227,0.000000,0.014537,
156,cube0,0.340606,562,0.000000,0.000000,0.000000,0.000000,NA,NA,NA,NA,NA,NA,NA,NA,NA,NA,
156,vector0,NA,NA,NA,NA,NA,NA,1.793333,2959,0.002211,0.002185,0.000026,0.000000,0.000000,0.006692,0.000000,0.015117,
156,vector1,NA,NA,NA,NA,NA,NA,1.482424,2446,0.002211,0.002185,0.000026,0.000000,0.000000,0.005224,0.000000,0.015416,
157,cube0,0.304242,502,0.000000,0.000000,0.000000,0.000000,NA,NA,NA,NA,NA,NA,NA,NA,NA,NA,
157,vector0,NA,NA,NA,NA,NA,NA,1.787273,2949,0.002211,0.002185,0.000026,0.000000,0.000000,0.005864,0.000000,0.015152,
157,vector1,NA,NA,NA,NA,NA,NA,1.579394,2606,0.002211,0.002185,0.000026,0.000000,0.000000,0.003560,0.000000,0.014691,
158,cube0,0.361212,596,0.000000,0.000000,0.000000,0.000000,NA,NA,NA,NA,NA,NA,NA,NA,NA,NA,
158,vector0,NA,NA,NA,NA,NA,NA,1.567879,2587,0.002211,0.002185,0.000026,0.000000,0.000000,0.006504,0.000000,0.013683,
158,vector1,NA,NA,NA,NA,NA,NA,1.446667,2387,0.002211,0.002185,0.000026,0.000000,0.000000,0.004422,0.000000,0.015015,
159,cube0,0.351515,580,0.000000,0.000000,0.000000,0.000000,NA,NA,NA,NA,NA,NA,NA,NA,NA,NA,
159,vector0,NA,NA,NA,NA,NA,NA,1.766667,2915,0.002211,0.002185,0.000026,0.000000,0.000000,0.005250,0.000000,0.012830,
159,vector1,NA,NA,NA,NA,NA,NA,1.692121,2792,0.002211,0.002185,0.000026,0.000000,0.000000,0.004473,0.000000,0.013530,
160,cube0,0.347879,574,0.000000,0.000000,0.000000,0.000000,NA,NA,NA,NA,NA,NA,NA,NA,NA,NA,
160,vector0,NA,NA,NA,NA,NA,NA,1.392727,2298,0.002211,0.002185,0.000026,0.000000,0.000000,0.004046,0.000000,0.014059,
160,vector1,NA,NA,NA,NA,NA,NA,1.825455,3012,0.002211,0.002185,0.000026,0.000000,0.000000,0.006283,0.000000,0.013974,
161,cube0,0.290303,479,0.000000,0.000000,0.000000,0.000000,NA,NA,NA,NA,NA,NA,NA,NA,NA,NA,
161,vector0,NA,NA,NA,NA,NA,NA,1.571515,2593,0.002211,0.002185,0.000026,0.000000,0.000000,0.003321,0.000000,0.011583,
161,vector1,NA,NA,NA,NA,NA,NA,1.840000,3036,0.002211,0.002185,0.000026,0.000000,0.000000,0.006385,0.000000,0.011677,
162,cube0,0.345455,570,0.000000,0.000000,0.000000,0.000000,NA,NA,NA,NA,NA,NA,NA,NA,NA,NA,
162,vector0,NA,NA,NA,NA,NA,NA,1.854545,3060,0.002211,0.002185,0.000026,0.000000,0.000000,0.006948,0.000000,0.012983,
162,vector1,NA,NA,NA,NA,NA,NA,1.681212,2774,0.002211,0.002185,0.000026,0.000000,0.000000,0.006146,0.000000,0.015758,
163,cube0,0.293333,484,0.000000,0.000000,0.000000,0.000000,NA,NA,NA,NA,NA,NA,NA,NA,NA,NA,
163,vector0,NA,NA,NA,NA,NA,NA,1.593939,2630,0.002211,0.002185,0.000026,0.000000,0.000000,0.003730,0.000000,0.011891,
163,vector1,NA,NA,NA,NA,NA,NA,1.570909,2592,0.002211,0.002185,0.000026,0.000000,0.000000,0.003201,0.000000,0.015459,
164,cube0,0.369091,609,0.000000,0.000000,0.000000,0.000000,NA,NA,NA,NA,NA,NA,NA,NA,NA,NA,
164,vector0,NA,NA,NA,NA,NA,NA,1.531515,2527,0.002211,0.002185,0.000026,0.000000,0.000000,0.006052,0.000000,0.014750,
164,vector1,NA,NA,NA,NA,NA,NA,1.518182,2505,0.002211,0.002185,0.000026,0.000000,0.000000,0.005796,0.000000,0.015903,
165,cube0,0.323636,534,0.000000,0.000000,0.000000,0.000000,NA,NA,NA,NA,NA,NA,NA,NA,NA,NA,
165,vector0,NA,NA,NA,NA,NA,NA,1.688485,2786,0.002211,0.002185,0.000026,0.000000,0.000000,0.004644,0.000000,0.011993,
165,vector1,NA,NA,NA,NA,NA,NA,1.545455,2550,0.002211,0.002185,0.000026,0.000000,0.000000,0.004259,0.000000,0.014819,
166,cube0,0.313939,518,0.000000,0.000000,0.000000,0.000000,NA,NA,NA,NA,NA,NA,NA,NA,NA,NA,
166,vector0,NA,NA,NA,NA,NA,NA,1.379394,2276,0.002211,0.002185,0.000026,0.000000,0.000000,0.004328,0.000000,0.015075,
166,vector1,NA,NA,NA,NA,NA,NA,1.504848,2483,0.002211,0.002185,0.000026,0.000000,0.000000,0.005873,0.000000,0.014853,
167,cube0,0.340606,562,0.000000,0.000000,0.000000,0.000000,NA,NA,NA,NA,NA,NA,NA,NA,NA,NA,
167,vector0,NA,NA,NA,NA,NA,NA,1.626061,2683,0.002211,0.002185,0.000026,0.000000,0.000000,0.002962,0.000000,0.013939,
167,vector1,NA,NA,NA,NA,NA,NA,1.660000,2739,0.002211,0.002185,0.000026,0.000000,0.000000,0.004917,0.000000,0.013470,
168,cube0,0.319394,527,0.000000,0.000000,0.000000,0.000000,NA,NA,NA,NA,NA,NA,NA,NA,NA,NA,
168,vector0,NA,NA,NA,NA,NA,NA,1.849091,3051,0.002211,0.002185,0.000026,0.000000,0.000000,0.006726,0.000000,0.014119,
168,vector1,NA,NA,NA,NA,NA,NA,1.541818,2544,0.002211,0.002185,0.000026,0.000000,0.000000,0.006376,0.000000,0.015280,
169,cube0,0.349091,576,0.000000,0.000000,0.000000,0.000000,NA,NA,NA,NA,NA,NA,NA,NA,NA,NA,
169,vector0,NA,NA,NA,NA,NA,NA,1.623030,2678,0.002211,0.002185,0.000026,0.000000,0.000000,0.005497,0.000000,0.013606,
169,vector1,NA,NA,NA,NA,NA,NA,1.635758,2699,0.002211,0.002185,0.000026,0.000000,0.000000,0.004422,0.000000,0.014802,
170,cube0,0.335758,554,0.000000,0.000000,0.000000,0.000000,NA,NA,NA,NA,NA,NA,NA,NA,NA,NA,
170,vector0,NA,NA,NA,NA,NA,NA,1.456970,2404,0.002211,0.002185,0.000026,0.000000,0.000000,0.005292,0.000000,0.014699,
170,vector1,NA,NA,NA,NA,NA,NA,1.563030,2579,0.002211,0.002185,0.000026,0.000000,0.000000,0.006291,0.000000,0.014699,
171,cube0,0.374545,618,0.000000,0.000000,0.000000,0.000000,NA,NA,NA,NA,NA,NA,NA,NA,NA,NA,
171,vector0,NA,NA,NA,NA,NA,NA,1.580606,2608,0.002211,0.002185,0.000026,0.000000,0.000000,0.004277,0.000000,0.012335,
171,vector1,NA,NA,NA,NA,NA,NA,1.767879,2917,0.002211,0.002185,0.000026,0.000000,0.000000,0.005216,0.000000,0.013214,
172,cube0,0.307273,507,0.000000,0.000000,0.000000,0.000000,NA,NA,NA,NA,NA,NA,NA,NA,NA,NA,
172,vector0,NA,NA,NA,NA,NA,NA,1.612727,2661,0.002211,0.002185,0.000026,0.000000,0.000000,0.007290,0.000000,0.013052,
172,vector1,NA,NA,NA,NA,NA,NA,1.565455,2583,0.002211,0.002185,0.000026,0.000000,0.000000,0.006223,0.000000,0.013137,
173,cube0,0.309091,510,0.000000,0.000000,0.000000,0.000000,NA,NA,NA,NA,NA,NA,NA,NA,NA,NA,
173,vector0,NA,NA,NA,NA,NA,NA,1.610909,2658,0.002211,0.002185,0.000026,0.000000,0.000000,0.004191,0.000000,0.012889,
173,vector1,NA,NA,NA,NA,NA,NA,1.620606,2674,0.002211,0.002185,0.000026,0.000000,0.000000,0.003628,0.000000,0.012471,
174,cube0,0.318182,525,0.000000,0.000000,0.000000,0.000000,NA,NA,NA,NA,NA,NA,NA,NA,NA,NA,
174,vector0,NA,NA,NA,NA,NA,NA,1.582424,2611,0.002211,0.002185,0.000026,0.000000,0.000000,0.006163,0.000000,0.015732,
174,vector1,NA,NA,NA,NA,NA,NA,1.518788,2506,0.002211,0.002185,0.000026,0.000000,0.000000,0.005822,0.000000,0.014691,
175,cube0,0.349697,577,0.000000,0.000000,0.000000,0.000000,NA,NA,NA,NA,NA,NA,NA,NA,NA,NA,
175,vector0,NA,NA,NA,NA,NA,NA,1.745455,2880,0.002211,0.002185,0.000026,0.000000,0.000000,0.006248,0.000000,0.014981,
175,vector1,NA,NA,NA,NA,NA,NA,1.578788,2605,0.002211,0.002185,0.000026,0.000000,0.000000,0.004789,0.000000,0.014213,
176,cube0,0.340000,561,0.000000,0.000000,0.000000,0.000000,NA,NA,NA,NA,NA,NA,NA,NA,NA,NA,
176,vector0,NA,NA,NA,NA,NA,NA,1.995758,3293,0.002211,0.002185,0.000026,0.000000,0.000000,0.008084,0.000000,0.013726,
176,vector1,NA,NA,NA,NA,NA,NA,1.903030,3140,0.002211,0.002185,0.000026,0.000000,0.000000,0.007529,0.000000,0.014708,
177,cube0,0.306061,505,0.000000,0.000000,0.000000,0.000000,NA,NA,NA,NA,NA,NA,NA,NA,NA,NA,
177,vector0,NA,NA,NA,NA,NA,NA,1.547879,2554,0.002211,0.002185,0.000026,0.000000,0.000000,0.005984,0.000000,0.013769,
177,vector1,NA,NA,NA,NA,NA,NA,1.568485,2588,0.002211,0.002185,0.000026,0.000000,0.000000,0.006743,0.000000,0.014895,
178,cube0,0.360606,595,0.000000,0.000000,0.000000,0.000000,NA,NA,NA,NA,NA,NA,NA,NA,NA,NA,
178,vector0,NA,NA,NA,NA,NA,NA,1.518788,2506,0.002211,0.002185,0.000026,0.000000,0.000000,0.006018,0.000000,0.014878,
178,vector1,NA,NA,NA,NA,NA,NA,1.453333,2398,0.002211,0.002185,0.000026,0.000000,0.000000,0.005284,0.000000,0.013769,
179,cube0,0.349091,576,0.000000,0.000000,0.000000,0.000000,NA,NA,NA,NA,NA,NA,NA,NA,NA,NA,
179,vector0,NA,NA,NA,NA,NA,NA,1.709091,2820,0.002211,0.002185,0.000026,0.000000,0.000000,0.004917,0.000000,0.012727,
179,vector1,NA,NA,NA,NA,NA,NA,1.570909,2592,0.002211,0.002185,0.000026,0.000000,0.000000,0.004012,0.000000,0.012608,
180,cube0,0.345455,570,0.000000,0.000000,0.000000,0.000000,NA,NA,NA,NA,NA,NA,NA,NA,NA,NA,
180,vector0,NA,NA,NA,NA,NA,NA,1.539394,2540,0.002211,0.002185,0.000026,0.000000,0.000000,0.005711,0.000000,0.015314,
180,vector1,NA,NA,NA,NA,NA,NA,1.521212,2510,0.002211,0.002185,0.000026,0.000000,0.000000,0.005898,0.000000,0.014913,
181,cube0,0.293939,485,0.000000,0.000000,0.000000,0.000000,NA,NA,NA,NA,NA,NA,NA,NA,NA,NA,
181,vector0,NA,NA,NA,NA,NA,NA,1.673333,2761,0.002211,0.002185,0.000026,0.000000,0.000000,0.005122,0.000000,0.014119,
181,vector1,NA,NA,NA,NA,NA,NA,1.735152,2863,0.002211,0.002185,0.000026,0.000000,0.000000,0.005915,0.000000,0.015032,
182,cube0,0.346667,572,0.000000,0.000000,0.000000,0.000000,NA,NA,NA,NA,NA,NA,NA,NA,NA,NA,
182,vector0,NA,NA,NA,NA,NA,NA,2.026061,3343,0.002211,0.002185,0.000026,0.000000,0.000000,0.007264,0.000000,0.015245,
182,vector1,NA,NA,NA,NA,NA,NA,1.364242,2251,0.002211,0.002185,0.000026,0.000000,0.000000,0.003944,0.000000,0.013837,
183,cube0,0.292121,482,0.000000,0.000000,0.000000,0.000000,NA,NA,NA,NA,NA,NA,NA,NA,NA,NA,
183,vector0,NA,NA,NA,NA,NA,NA,1.373939,2267,0.002211,0.002185,0.000026,0.000000,0.000000,0.003722,0.000000,0.013777,
183,vector1,NA,NA,NA,NA,NA,NA,1.381212,2279,0.002211,0.002185,0.000026,0.000000,0.000000,0.002510,0.000000,0.011882,
184,cube0,0.369091,609,0.000000,0.000000,0.000000,0.000000,NA,NA,NA,NA,NA,NA,NA,NA,NA,NA,
184,vector0,NA,NA,NA,NA,NA,NA,1.504848,2483,0.002211,0.002185,0.000026,0.000000,0.000000,0.005455,0.000000,0.013248,
184,vector1,NA,NA,NA,NA,NA,NA,1.568485,2588,0.002211,0.002185,0.000026,0.000000,0.000000,0.006479,0.000000,0.015373,
185,cube0,0.323636,534,0.000000,0.000000,0.000000,0.000000,NA,NA,NA,NA,NA,NA,NA,NA,NA,NA,
185,vector0,NA,NA,NA,NA,NA,NA,1.806667,2981,0.002211,0.002185,0.000026,0.000000,0.000000,0.004738,0.000000,0.012147,
185,vector1,NA,NA,NA,NA,NA,NA,1.643636,2712,0.002211,0.002185,0.000026,0.000000,0.000000,0.005053,0.000000,0.013683,
186,cube0,0.313333,517,0.000000,0.000000,0.000000,0.000000,NA,NA,NA,NA,NA,NA,NA,NA,NA,NA,
186,vector0,NA,NA,NA,NA,NA,NA,1.445455,2385,0.002211,0.002185,0.000026,0.000000,0.000000,0.004985,0.000000,0.014802,
186,vector1,NA,NA,NA,NA,NA,NA,1.518182,2505,0.002211,0.002185,0.000026,0.000000,0.000000,0.005924,0.000000,0.014750,
187,cube0,0.338788,559,0.000000,0.000000,0.000000,0.000000,NA,NA,NA,NA,NA,NA,NA,NA,NA,NA,
187,vector0,NA,NA,NA,NA,NA,NA,1.603030,2645,0.002211,0.002185,0.000026,0.000000,0.000000,0.003167,0.000000,0.013999,
187,vector1,NA,NA,NA,NA,NA,NA,1.624242,2680,0.002211,0.002185,0.000026,0.000000,0.000000,0.004379,0.000000,0.013350,
188,cube0,0.316970,523,0.000000,0.000000,0.000000,0.000000,NA,NA,NA,NA,NA,NA,NA,NA,NA,NA,
188,vector0,NA,NA,NA,NA,NA,NA,1.486061,2452,0.002211,0.002185,0.000026,0.000000,0.000000,0.005617,0.000000,0.015041,
188,vector1,NA,NA,NA,NA,NA,NA,1.393939,2300,0.002211,0.002185,0.000026,0.000000,0.000000,0.004302,0.000000,0.014400,
189,cube0,0.354545,585,0.000000,0.000000,0.000000,0.000000,NA,NA,NA,NA,NA,NA,NA,NA,NA,NA,
189,vector0,NA,NA,NA,NA,NA,NA,1.612727,2661,0.002211,0.002185,0.000026,0.000000,0.000000,0.003338,0.000000,0.015408,
189,vector1,NA,NA,NA,NA,NA,NA,1.438182,2373,0.002211,0.002185,0.000026,0.000000,0.000000,0.002450,0.000000,0.013077,
190,cube0,0.330909,546,0.000000,0.000000,0.000000,0.000000,NA,NA,NA,NA,NA,NA,NA,NA,NA,NA,
190,vector0,NA,NA,NA,NA,NA,NA,1.523030,2513,0.002211,0.002185,0.000026,0.000000,0.000000,0.006308,0.000000,0.014716,
190,vector1,NA,NA,NA,NA,NA,NA,1.487273,2454,0.002211,0.002185,0.000026,0.000000,0.000000,0.005301,0.000000,0.015083,
191,cube0,0.370303,611,0.000000,0.000000,0.000000,0.000000,NA,NA,NA,NA,NA,NA,NA,NA,NA,NA,
191,vector0,NA,NA,NA,NA,NA,NA,1.655151,2731,0.002211,0.002185,0.000026,0.000000,0.000000,0.003560,0.000000,0.011524,
191,vector1,NA,NA,NA,NA,NA,NA,1.681212,2774,0.002211,0.002185,0.000026,0.000000,0.000000,0.003730,0.000000,0.011592,
192,cube0,0.303636,501,0.000000,0.000000,0.000000,0.000000,NA,NA,NA,NA,NA,NA,NA,NA,NA,NA,
192,vector0,NA,NA,NA,NA,NA,NA,1.627273,2685,0.002211,0.002185,0.000026,0.000000,0.000000,0.006914,0.000000,0.015262,
192,vector1,NA,NA,NA,NA,NA,NA,1.467273,2421,0.002211,0.002185,0.000026,0.000000,0.000000,0.005395,0.000000,0.014417,
193,cube0,0.308485,509,0.000000,0.000000,0.000000,0.000000,NA,NA,NA,NA,NA,NA,NA,NA,NA,NA,
193,vector0,NA,NA,NA,NA,NA,NA,1.736364,2865,0.002211,0.002185,0.000026,0.000000,0.000000,0.004319,0.000000,0.013274,
193,vector1,NA,NA,NA,NA,NA,NA,1.553333,2563,0.002211,0.002185,0.000026,0.000000,0.000000,0.002936,0.000000,0.012522,
194,cube0,0.320606,529,0.000000,0.000000,0.000000,0.000000,NA,NA,NA,NA,NA,NA,NA,NA,NA,NA,
194,vector0,NA,NA,NA,NA,NA,NA,1.425454,2352,0.002211,0.002185,0.000026,0.000000,0.000000,0.004217,0.000000,0.017456,
194,vector1,NA,NA,NA,NA,NA,NA,1.529697,2524,0.002211,0.002185,0.000026,0.000000,0.000000,0.005856,0.000000,0.013052,
195,cube0,0.350303,578,0.000000,0.000000,0.000000,0.000000,NA,NA,NA,NA,NA,NA,NA,NA,NA,NA,
195,vector0,NA,NA,NA,NA,NA,NA,1.667879,2752,0.002211,0.002185,0.000026,0.000000,0.000000,0.003944,0.000000,0.015749,
195,vector1,NA,NA,NA,NA,NA,NA,1.601212,2642,0.002211,0.002185,0.000026,0.000000,0.000000,0.004763,0.000000,0.012514,
196,cube0,0.340000,561,0.000000,0.000000,0.000000,0.000000,NA,NA,NA,NA,NA,NA,NA,NA,NA,NA,
196,vector0,NA,NA,NA,NA,NA,NA,1.641818,2709,0.002211,0.002185,0.000026,0.000000,0.000000,0.007230,0.000000,0.014691,
196,vector1,NA,NA,NA,NA,NA,NA,1.746061,2881,0.002211,0.002185,0.000026,0.000000,0.000000,0.009006,0.000000,0.015058,
197,cube0,0.304848,503,0.000000,0.000000,0.000000,0.000000,NA,NA,NA,NA,NA,NA,NA,NA,NA,NA,
197,vector0,NA,NA,NA,NA,NA,NA,1.824242,3010,0.002211,0.002185,0.000026,0.000000,0.000000,0.005779,0.000000,0.014930,
197,vector1,NA,NA,NA,NA,NA,NA,1.852121,3056,0.002211,0.002185,0.000026,0.000000,0.000000,0.007529,0.000000,0.013931,
198,cube0,0.361818,597,0.000000,0.000000,0.000000,0.000000,NA,NA,NA,NA,NA,NA,NA,NA,NA,NA,
198,vector0,NA,NA,NA,NA,NA,NA,1.463636,2415,0.002211,0.002185,0.000026,0.000000,0.000000,0.005156,0.000000,0.014887,
198,vector1,NA,NA,NA,NA,NA,NA,1.478182,2439,0.002211,0.002185,0.000026,0.000000,0.000000,0.005164,0.000000,0.015203,
199,cube0,0.349091,576,0.000000,0.000000,0.000000,0.000000,NA,NA,NA,NA,NA,NA,NA,NA,NA,NA,
199,vector0,NA,NA,NA,NA,NA,NA,1.649091,2721,0.002211,0.002185,0.000026,0.000000,0.000000,0.003602,0.000000,0.012966,
199,vector1,NA,NA,NA,NA,NA,NA,1.655758,2732,0.002211,0.002185,0.000026,0.000000,0.000000,0.003739,0.000000,0.013871,
200,cube0,0.350303,578,0.000000,0.000000,0.000000,0.000000,NA,NA,NA,NA,NA,NA,NA,NA,NA,NA,
200,vector0,NA,NA,NA,NA,NA,NA,1.493939,2465,0.002211,0.002185,0.000026,0.000000,0.000000,0.005651,0.000000,0.014042,
200,vector1,NA,NA,NA,NA,NA,NA,1.538788,2539,0.002211,0.002185,0.000026,0.000000,0.000000,0.006487,0.000000,0.014008,
201,cube0,0.290909,480,0.000000,0.000000,0.000000,0.000000,NA,NA,NA,NA,NA,NA,NA,NA,NA,NA,
201,vector0,NA,NA,NA,NA,NA,NA,1.641212,2708,0.002211,0.002185,0.000026,0.000000,0.000000,0.004738,0.000000,0.012429,
201,vector1,NA,NA,NA,NA,NA,NA,1.717576,2834,0.002211,0.002185,0.000026,0.000000,0.000000,0.006052,0.000000,0.013572,
202,cube0,0.353333,583,0.000000,0.000000,0.000000,0.000000,NA,NA,NA,NA,NA,NA,NA,NA,NA,NA,
202,vector0,NA,NA,NA,NA,NA,NA,1.541212,2543,0.002211,0.002185,0.000026,0.000000,0.000000,0.005984,0.000000,0.015092,
202,vector1,NA,NA,NA,NA,NA,NA,1.537576,2537,0.002211,0.002185,0.000026,0.000000,0.000000,0.006052,0.000000,0.015262,
203,cube0,0.293939,485,0.000000,0.000000,0.000000,0.000000,NA,NA,NA,NA,NA,NA,NA,NA,NA,NA,
203,vector0,NA,NA,NA,NA,NA,NA,1.523030,2513,0.002211,0.002185,0.000026,0.000000,0.000000,0.002953,0.000000,0.014264,
203,vector1,NA,NA,NA,NA,NA,NA,1.488485,2456,0.002211,0.002185,0.000026,0.000000,0.000000,0.002484,0.000000,0.013146,
204,cube0,0.367879,607,0.000000,0.000000,0.000000,0.000000,NA,NA,NA,NA,NA,NA,NA,NA,NA,NA,
204,vector0,NA,NA,NA,NA,NA,NA,1.602424,2644,0.002211,0.002185,0.000026,0.000000,0.000000,0.006402,0.000000,0.014691,
204,vector1,NA,NA,NA,NA,NA,NA,1.513333,2497,0.002211,0.002185,0.000026,0.000000,0.000000,0.006078,0.000000,0.015595,
205,cube0,0.325455,537,0.000000,0.000000,0.000000,0.000000,NA,NA,NA,NA,NA,NA,NA,NA,NA,NA,
205,vector0,NA,NA,NA,NA,NA,NA,1.678788,2770,0.002211,0.002185,0.000026,0.000000,0.000000,0.005591,0.000000,0.014204,
205,vector1,NA,NA,NA,NA,NA,NA,1.607273,2652,0.002211,0.002185,0.000026,0.000000,0.000000,0.004388,0.000000,0.014016,
206,cube0,0.310303,512,0.000000,0.000000,0.000000,0.000000,NA,NA,NA,NA,NA,NA,NA,NA,NA,NA,
206,vector0,NA,NA,NA,NA,NA,NA,1.522424,2512,0.002211,0.002185,0.000026,0.000000,0.000000,0.005967,0.000000,0.014264,
206,vector1,NA,NA,NA,NA,NA,NA,1.523636,2514,0.002211,0.002185,0.000026,0.000000,0.000000,0.006035,0.000000,0.015962,
207,cube0,0.339394,560,0.000000,0.000000,0.000000,0.000000,NA,NA,NA,NA,NA,NA,NA,NA,NA,NA,
207,vector0,NA,NA,NA,NA,NA,NA,1.621818,2676,0.002211,0.002185,0.000026,0.000000,0.000000,0.004336,0.000000,0.012249,
207,vector1,NA,NA,NA,NA,NA,NA,1.575758,2600,0.002211,0.002185,0.000026,0.000000,0.000000,0.004336,0.000000,0.013922,
208,cube0,0.313333,517,0.000000,0.000000,0.000000,0.000000,NA,NA,NA,NA,NA,NA,NA,NA,NA,NA,
208,vector0,NA,NA,NA,NA,NA,NA,1.524848,2516,0.002211,0.002185,0.000026,0.000000,0.000000,0.006129,0.000000,0.017362,
208,vector1,NA,NA,NA,NA,NA,NA,1.687879,2785,0.002211,0.002185,0.000026,0.000000,0.000000,0.005830,0.000000,0.019377,
209,cube0,0.350909,579,0.000000,0.000000,0.000000,0.000000,NA,NA,NA,NA,NA,NA,NA,NA,NA,NA,
209,vector0,NA,NA,NA,NA,NA,NA,1.805454,2979,0.002211,0.002185,0.000026,0.000000,0.000000,0.005796,0.000000,0.016270,
209,vector1,NA,NA,NA,NA,NA,NA,1.781212,2939,0.002211,0.002185,0.000026,0.000000,0.000000,0.005617,0.000000,0.018284,
210,cube0,0.329091,543,0.000000,0.000000,0.000000,0.000000,NA,NA,NA,NA,NA,NA,NA,NA,NA,NA,
210,vector0,NA,NA,NA,NA,NA,NA,1.516970,2503,0.002211,0.002185,0.000026,0.000000,0.000000,0.005864,0.000000,0.013043,
210,vector1,NA,NA,NA,NA,NA,NA,1.520606,2509,0.002211,0.002185,0.000026,0.000000,0.000000,0.005531,0.000000,0.014964,
211,cube0,0.372121,614,0.000000,0.000000,0.000000,0.000000,NA,NA,NA,NA,NA,NA,NA,NA,NA,NA,
211,vector0,NA,NA,NA,NA,NA,NA,1.641212,2708,0.002211,0.002185,0.000026,0.000000,0.000000,0.005181,0.000000,0.012172,
211,vector1,NA,NA,NA,NA,NA,NA,1.780606,2938,0.002211,0.002185,0.000026,0.000000,0.000000,0.006035,0.000000,0.014247,
212,cube0,0.306667,506,0.000000,0.000000,0.000000,0.000000,NA,NA,NA,NA,NA,NA,NA,NA,NA,NA,
212,vector0,NA,NA,NA,NA,NA,NA,1.499394,2474,0.002211,0.002185,0.000026,0.000000,0.000000,0.005847,0.000000,0.014025,
212,vector1,NA,NA,NA,NA,NA,NA,1.700606,2806,0.002211,0.002185,0.000026,0.000000,0.000000,0.008451,0.000000,0.015715,
213,cube0,0.310909,513,0.000000,0.000000,0.000000,0.000000,NA,NA,NA,NA,NA,NA,NA,NA,NA,NA,
213,vector0,NA,NA,NA,NA,NA,NA,1.626667,2684,0.002211,0.002185,0.000026,0.000000,0.000000,0.003901,0.000000,0.012172,
213,vector1,NA,NA,NA,NA,NA,NA,1.737576,2867,0.002211,0.002185,0.000026,0.000000,0.000000,0.006368,0.000000,0.012838,
214,cube0,0.320000,528,0.000000,0.000000,0.000000,0.000000,NA,NA,NA,NA,NA,NA,NA,NA,NA,NA,
214,vector0,NA,NA,NA,NA,NA,NA,1.961818,3237,0.002211,0.002185,0.000026,0.000000,0.000000,0.006906,0.000000,0.016048,
214,vector1,NA,NA,NA,NA,NA,NA,1.538182,2538,0.002211,0.002185,0.000026,0.000000,0.000000,0.005822,0.000000,0.014349,
215,cube0,0.348485,575,0.000000,0.000000,0.000000,0.000000,NA,NA,NA,NA,NA,NA,NA,NA,NA,NA,
215,vector0,NA,NA,NA,NA,NA,NA,1.476970,2437,0.002211,0.002185,0.000026,0.000000,0.000000,0.005472,0.000000,0.014981,
215,vector1,NA,NA,NA,NA,NA,NA,1.632727,2694,0.002211,0.002185,0.000026,0.000000,0.000000,0.003730,0.000000,0.013419,
216,cube0,0.338182,558,0.000000,0.000000,0.000000,0.000000,NA,NA,NA,NA,NA,NA,NA,NA,NA,NA,
216,vector0,NA,NA,NA,NA,NA,NA,1.912727,3156,0.002211,0.002185,0.000026,0.000000,0.000000,0.006820,0.000000,0.015023,
216,vector1,NA,NA,NA,NA,NA,NA,1.909091,3150,0.002211,0.002185,0.000026,0.000000,0.000000,0.008024,0.000000,0.014691,
217,cube0,0.306061,505,0.000000,0.000000,0.000000,0.000000,NA,NA,NA,NA,NA,NA,NA,NA,NA,NA,
217,vector0,NA,NA,NA,NA,NA,NA,1.423030,2348,0.002211,0.002185,0.000026,0.000000,0.000000,0.004131,0.000000,0.015186,
217,vector1,NA,NA,NA,NA,NA,NA,1.561818,2577,0.002211,0.002185,0.000026,0.000000,0.000000,0.005711,0.000000,0.014802,
218,cube0,0.359394,593,0.000000,0.000000,0.000000,0.000000,NA,NA,NA,NA,NA,NA,NA,NA,NA,NA,
218,vector0,NA,NA,NA,NA,NA,NA,1.596970,2635,0.002211,0.002185,0.000026,0.000000,0.000000,0.006957,0.000000,0.014981,
218,vector1,NA,NA,NA,NA,NA,NA,1.463636,2415,0.002211,0.002185,0.000026,0.000000,0.000000,0.005301,0.000000,0.014930,
219,cube0,0.350303,578,0.000000,0.000000,0.000000,0.000000,NA,NA,NA,NA,NA,NA,NA,NA,NA,NA,
219,vector0,NA,NA,NA,NA,NA,NA,1.684848,2780,0.002211,0.002185,0.000026,0.000000,0.000000,0.004405,0.000000,0.011959,
219,vector1,NA,NA,NA,NA,NA,NA,1.596364,2634,0.002211,0.002185,0.000026,0.000000,0.000000,0.003090,0.000000,0.012958,
220,cube0,0.351515,580,0.000000,0.000000,0.000000,0.000000,NA,NA,NA,NA,NA,NA,NA,NA,NA,NA,
220,vector0,NA,NA,NA,NA,NA,NA,1.376970,2272,0.002211,0.002185,0.000026,0.000000,0.000000,0.004251,0.000000,0.014844,
220,vector1,NA,NA,NA,NA,NA,NA,1.549697,2557,0.002211,0.002185,0.000026,0.000000,0.000000,0.006317,0.000000,0.014639,
221,cube0,0.289697,478,0.000000,0.000000,0.000000,0.000000,NA,NA,NA,NA,NA,NA,NA,NA,NA,NA,
221,vector0,NA,NA,NA,NA,NA,NA,1.594545,2631,0.002211,0.002185,0.000026,0.000000,0.000000,0.003064,0.000000,0.012719,
221,vector1,NA,NA,NA,NA,NA,NA,1.755152,2896,0.002211,0.002185,0.000026,0.000000,0.000000,0.005181,0.000000,0.013214,
222,cube0,0.343030,566,0.000000,0.000000,0.000000,0.000000,NA,NA,NA,NA,NA,NA,NA,NA,NA,NA,
222,vector0,NA,NA,NA,NA,NA,NA,1.532727,2529,0.002211,0.002185,0.000026,0.000000,0.000000,0.006044,0.000000,0.013308,
222,vector1,NA,NA,NA,NA,NA,NA,1.401818,2313,0.002211,0.002185,0.000026,0.000000,0.000000,0.004464,0.000000,0.016278,
223,cube0,0.291515,481,0.000000,0.000000,0.000000,0.000000,NA,NA,NA,NA,NA,NA,NA,NA,NA,NA,
223,vector0,NA,NA,NA,NA,NA,NA,1.638182,2703,0.002211,0.002185,0.000026,0.000000,0.000000,0.003790,0.000000,0.013316,
223,vector1,NA,NA,NA,NA,NA,NA,1.456364,2403,0.002211,0.002185,0.000026,0.000000,0.000000,0.002416,0.000000,0.015280,
224,cube0,0.367879,607,0.000000,0.000000,0.000000,0.000000,NA,NA,NA,NA,NA,NA,NA,NA,NA,NA,
224,vector0,NA,NA,NA,NA,NA,NA,1.464849,2417,0.002211,0.002185,0.000026,0.000000,0.000000,0.004609,0.000000,0.015741,
224,vector1,NA,NA,NA,NA,NA,NA,1.580606,2608,0.002211,0.002185,0.000026,0.000000,0.000000,0.006863,0.000000,0.015536,
225,cube0,0.321818,531,0.000000,0.000000,0.000000,0.000000,NA,NA,NA,NA,NA,NA,NA,NA,NA,NA,
225,vector0,NA,NA,NA,NA,NA,NA,1.665455,2748,0.002211,0.002185,0.000026,0.000000,0.000000,0.004857,0.000000,0.014691,
225,vector1,NA,NA,NA,NA,NA,NA,1.664242,2746,0.002211,0.002185,0.000026,0.000000,0.000000,0.005011,0.000000,0.013188,
226,cube0,0.312727,516,0.000000,0.000000,0.000000,0.000000,NA,NA,NA,NA,NA,NA,NA,NA,NA,NA,
226,vector0,NA,NA,NA,NA,NA,NA,1.551515,2560,0.002211,0.002185,0.000026,0.000000,0.000000,0.006103,0.000000,0.012992,
226,vector1,NA,NA,NA,NA,NA,NA,1.539394,2540,0.002211,0.002185,0.000026,0.000000,0.000000,0.006462,0.000000,0.015903,
227,cube0,0.340000,561,0.000000,0.000000,0.000000,0.000000,NA,NA,NA,NA,NA,NA,NA,NA,NA,NA,
227,vector0,NA,NA,NA,NA,NA,NA,1.635152,2698,0.002211,0.002185,0.000026,0.000000,0.000000,0.005011,0.000000,0.011583,
227,vector1,NA,NA,NA,NA,NA,NA,1.597576,2636,0.002211,0.002185,0.000026,0.000000,0.000000,0.003961,0.000000,0.014964,
228,cube0,0.316364,522,0.000000,0.000000,0.000000,0.000000,NA,NA,NA,NA,NA,NA,NA,NA,NA,NA,
228,vector0,NA,NA,NA,NA,NA,NA,1.469091,2424,0.002211,0.002185,0.000026,0.000000,0.000000,0.005258,0.000000,0.018011,
228,vector1,NA,NA,NA,NA,NA,NA,1.404848,2318,0.002211,0.002185,0.000026,0.000000,0.000000,0.004020,0.000000,0.014443,
229,cube0,0.350909,579,0.000000,0.000000,0.000000,0.000000,NA,NA,NA,NA,NA,NA,NA,NA,NA,NA,
229,vector0,NA,NA,NA,NA,NA,NA,1.741212,2873,0.002211,0.002185,0.000026,0.000000,0.000000,0.004806,0.000000,0.016808,
229,vector1,NA,NA,NA,NA,NA,NA,1.666667,2750,0.002211,0.002185,0.000026,0.000000,0.000000,0.004157,0.000000,0.012983,
230,cube0,0.329697,544,0.000000,0.000000,0.000000,0.000000,NA,NA,NA,NA,NA,NA,NA,NA,NA,NA,
230,vector0,NA,NA,NA,NA,NA,NA,1.560000,2574,0.002211,0.002185,0.000026,0.000000,0.000000,0.006044,0.000000,0.013222,
230,vector1,NA,NA,NA,NA,NA,NA,1.521212,2510,0.002211,0.002185,0.000026,0.000000,0.000000,0.005403,0.000000,0.013137,
231,cube0,0.373333,616,0.000000,0.000000,0.000000,0.000000,NA,NA,NA,NA,NA,NA,NA,NA,NA,NA,
231,vector0,NA,NA,NA,NA,NA,NA,1.627879,2686,0.002211,0.002185,0.000026,0.000000,0.000000,0.004294,0.000000,0.011592,
231,vector1,NA,NA,NA,NA,NA,NA,1.598788,2638,0.002211,0.002185,0.000026,0.000000,0.000000,0.005036,0.000000,0.011601,
232,cube0,0.302424,499,0.000000,0.000000,0.000000,0.000000,NA,NA,NA,NA,NA,NA,NA,NA,NA,NA,
232,vector0,NA,NA,NA,NA,NA,NA,1.532727,2529,0.002211,0.002185,0.000026,0.000000,0.000000,0.006086,0.000000,0.015689,
232,vector1,NA,NA,NA,NA,NA,NA,1.761818,2907,0.002211,0.002185,0.000026,0.000000,0.000000,0.007904,0.000000,0.015194,
233,cube0,0.309091,510,0.000000,0.000000,0.000000,0.000000,NA,NA,NA,NA,NA,NA,NA,NA,NA,NA,
233,vector0,NA,NA,NA,NA,NA,NA,1.606061,2650,0.002211,0.002185,0.000026,0.000000,0.000000,0.003969,0.000000,0.013419,
233,vector1,NA,NA,NA,NA,NA,NA,1.688485,2786,0.002211,0.002185,0.000026,0.000000,0.000000,0.005796,0.000000,0.012907,
234,cube0,0.319394,527,0.000000,0.000000,0.000000,0.000000,NA,NA,NA,NA,NA,NA,NA,NA,NA,NA,
234,vector0,NA,NA,NA,NA,NA,NA,1.527879,2521,0.002211,0.002185,0.000026,0.000000,0.000000,0.005967,0.000000,0.015169,
234,vector1,NA,NA,NA,NA,NA,NA,1.547273,2553,0.002211,0.002185,0.000026,0.000000,0.000000,0.005975,0.000000,0.015023,
235,cube0,0.350303,578,0.000000,0.000000,0.000000,0.000000,NA,NA,NA,NA,NA,NA,NA,NA,NA,NA,
235,vector0,NA,NA,NA,NA,NA,NA,1.636364,2700,0.002211,0.002185,0.000026,0.000000,0.000000,0.003850,0.000000,0.014588,
235,vector1,NA,NA,NA,NA,NA,NA,1.564849,2582,0.002211,0.002185,0.000026,0.000000,0.000000,0.003491,0.000000,0.014938,
236,cube0,0.340606,562,0.000000,0.000000,0.000000,0.000000,NA,NA,NA,NA,NA,NA,NA,NA,NA,NA,
236,vector0,NA,NA,NA,NA,NA,NA,1.667879,2752,0.002211,0.002185,0.000026,0.000000,0.000000,0.004618,0.000000,0.014614,
236,vector1,NA,NA,NA,NA,NA,NA,1.535151,2533,0.002211,0.002185,0.000026,0.000000,0.000000,0.006155,0.000000,0.013188,
237,cube0,0.309091,510,0.000000,0.000000,0.000000,0.000000,NA,NA,NA,NA,NA,NA,NA,NA,NA,NA,
237,vector0,NA,NA,NA,NA,NA,NA,1.660000,2739,0.002211,0.002185,0.000026,0.000000,0.000000,0.004200,0.000000,0.014315,
237,vector1,NA,NA,NA,NA,NA,NA,1.607879,2653,0.002211,0.002185,0.000026,0.000000,0.000000,0.003807,0.000000,0.014136,
238,cube0,0.373333,616,0.000000,0.000000,0.000000,0.000000,NA,NA,NA,NA,NA,NA,NA,NA,NA,NA,
238,vector0,NA,NA,NA,NA,NA,NA,1.548485,2555,0.002211,0.002185,0.000026,0.000000,0.000000,0.005975,0.000000,0.014486,
238,vector1,NA,NA,NA,NA,NA,NA,1.589091,2622,0.002211,0.002185,0.000026,0.000000,0.000000,0.007017,0.000000,0.015177,
239,cube0,0.353333,583,0.000000,0.000000,0.000000,0.000000,NA,NA,NA,NA,NA,NA,NA,NA,NA,NA,
239,vector0,NA,NA,NA,NA,NA,NA,1.721212,2840,0.002211,0.002185,0.000026,0.000000,0.000000,0.004917,0.000000,0.013350,
239,vector1,NA,NA,NA,NA,NA,NA,1.720000,2838,0.002211,0.002185,0.000026,0.000000,0.000000,0.005233,0.000000,0.015006,
240,cube0,0.352727,582,0.000000,0.000000,0.000000,0.000000,NA,NA,NA,NA,NA,NA,NA,NA,NA,NA,
240,vector0,NA,NA,NA,NA,NA,NA,1.582424,2611,0.002211,0.002185,0.000026,0.000000,0.000000,0.006368,0.000000,0.013496,
240,vector1,NA,NA,NA,NA,NA,NA,1.415151,2335,0.002211,0.002185,0.000026,0.000000,0.000000,0.004302,0.000000,0.014878,
241,cube0,0.289697,478,0.000000,0.000000,0.000000,0.000000,NA,NA,NA,NA,NA,NA,NA,NA,NA,NA,
241,vector0,NA,NA,NA,NA,NA,NA,1.615152,2665,0.002211,0.002185,0.000026,0.000000,0.000000,0.005011,0.000000,0.011515,
241,vector1,NA,NA,NA,NA,NA,NA,1.507879,2488,0.002211,0.002185,0.000026,0.000000,0.000000,0.003756,0.000000,0.013743,
242,cube0,0.356364,588,0.000000,0.000000,0.000000,0.000000,NA,NA,NA,NA,NA,NA,NA,NA,NA,NA,
242,vector0,NA,NA,NA,NA,NA,NA,1.648485,2720,0.002211,0.002185,0.000026,0.000000,0.000000,0.007196,0.000000,0.015262,
242,vector1,NA,NA,NA,NA,NA,NA,1.570909,2592,0.002211,0.002185,0.000026,0.000000,0.000000,0.006223,0.000000,0.014469,
243,cube0,0.295758,488,0.000000,0.000000,0.000000,0.000000,NA,NA,NA,NA,NA,NA,NA,NA,NA,NA,
243,vector0,NA,NA,NA,NA,NA,NA,1.742424,2875,0.002211,0.002185,0.000026,0.000000,0.000000,0.005267,0.000000,0.013530,
243,vector1,NA,NA,NA,NA,NA,NA,1.679394,2771,0.002211,0.002185,0.000026,0.000000,0.000000,0.005386,0.000000,0.012104,
244,cube0,0.365455,603,0.000000,0.000000,0.000000,0.000000,NA,NA,NA,NA,NA,NA,NA,NA,NA,NA,
244,vector0,NA,NA,NA,NA,NA,NA,1.789091,2952,0.002211,0.002185,0.000026,0.000000,0.000000,0.006129,0.000000,0.013871,
244,vector1,NA,NA,NA,NA,NA,NA,1.838788,3034,0.002211,0.002185,0.000026,0.000000,0.000000,0.007332,0.000000,0.015211,
245,cube0,0.323636,534,0.000000,0.000000,0.000000,0.000000,NA,NA,NA,NA,NA,NA,NA,NA,NA,NA,
245,vector0,NA,NA,NA,NA,NA,NA,1.404242,2317,0.002211,0.002185,0.000026,0.000000,0.000000,0.004063,0.000000,0.013035,
245,vector1,NA,NA,NA,NA,NA,NA,1.494545,2466,0.002211,0.002185,0.000026,0.000000,0.000000,0.005412,0.000000,0.013393,
246,cube0,0.311515,514,0.000000,0.000000,0.000000,0.000000,NA,NA,NA,NA,NA,NA,NA,NA,NA,NA,
246,vector0,NA,NA,NA,NA,NA,NA,1.564242,2581,0.002211,0.002185,0.000026,0.000000,0.000000,0.006078,0.000000,0.015501,
246,vector1,NA,NA,NA,NA,NA,NA,1.749697,2887,0.002211,0.002185,0.000026,0.000000,0.000000,0.007230,0.000000,0.017379,
247,cube0,0.342424,565,0.000000,0.000000,0.000000,0.000000,NA,NA,NA,NA,NA,NA,NA,NA,NA,NA,
247,vector0,NA,NA,NA,NA,NA,NA,1.638788,2704,0.002211,0.002185,0.000026,0.000000,0.000000,0.005856,0.000000,0.013845,
247,vector1,NA,NA,NA,NA,NA,NA,1.483030,2447,0.002211,0.002185,0.000026,0.000000,0.000000,0.005608,0.000000,0.014938,
248,cube0,0.315758,521,0.000000,0.000000,0.000000,0.000000,NA,NA,NA,NA,NA,NA,NA,NA,NA,NA,
248,vector0,NA,NA,NA,NA,NA,NA,1.519394,2507,0.002211,0.002185,0.000026,0.000000,0.000000,0.006078,0.000000,0.018207,
248,vector1,NA,NA,NA,NA,NA,NA,1.512727,2496,0.002211,0.002185,0.000026,0.000000,0.000000,0.005557,0.000000,0.017081,
249,cube0,0.352121,581,0.000000,0.000000,0.000000,0.000000,NA,NA,NA,NA,NA,NA,NA,NA,NA,NA,
249,vector0,NA,NA,NA,NA,NA,NA,1.790909,2955,0.002211,0.002185,0.000026,0.000000,0.000000,0.006001,0.000000,0.017490,
249,vector1,NA,NA,NA,NA,NA,NA,1.653333,2728,0.002211,0.002185,0.000026,0.000000,0.000000,0.005736,0.000000,0.016304,
250,cube0,0.329091,543,0.000000,0.000000,0.000000,0.000000,NA,NA,NA,NA,NA,NA,NA,NA,NA,NA,
250,vector0,NA,NA,NA,NA,NA,NA,1.548485,2555,0.002211,0.002185,0.000026,0.000000,0.000000,0.006300,0.000000,0.015262,
250,vector1,NA,NA,NA,NA,NA,NA,1.429697,2359,0.002211,0.002185,0.000026,0.000000,0.000000,0.004285,0.000000,0.014716,
251,cube0,0.373939,617,0.000000,0.000000,0.000000,0.000000,NA,NA,NA,NA,NA,NA,NA,NA,NA,NA,
251,vector0,NA,NA,NA,NA,NA,NA,1.689697,2788,0.002211,0.002185,0.000026,0.000000,0.000000,0.005327,0.000000,0.014272,
251,vector1,NA,NA,NA,NA,NA,NA,1.692727,2793,0.002211,0.002185,0.000026,0.000000,0.000000,0.004251,0.000000,0.013914,
252,cube0,0.305455,504,0.000000,0.000000,0.000000,0.000000,NA,NA,NA,NA,NA,NA,NA,NA,NA,NA,
252,vector0,NA,NA,NA,NA,NA,NA,1.481212,2444,0.002211,0.002185,0.000026,0.000000,0.000000,0.005480,0.000000,0.013188,
252,vector1,NA,NA,NA,NA,NA,NA,1.754545,2895,0.002211,0.002185,0.000026,0.000000,0.000000,0.006820,0.000000,0.014819,
253,cube0,0.309091,510,0.000000,0.000000,0.000000,0.000000,NA,NA,NA,NA,NA,NA,NA,NA,NA,NA,
253,vector0,NA,NA,NA,NA,NA,NA,1.523030,2513,0.002211,0.002185,0.000026,0.000000,0.000000,0.003321,0.000000,0.012411,
253,vector1,NA,NA,NA,NA,NA,NA,1.562424,2578,0.002211,0.002185,0.000026,0.000000,0.000000,0.004268,0.000000,0.012360,
254,cube0,0.321212,530,0.000000,0.000000,0.000000,0.000000,NA,NA,NA,NA,NA,NA,NA,NA,NA,NA,
254,vector0,NA,NA,NA,NA,NA,NA,1.540606,2542,0.002211,0.002185,0.000026,0.000000,0.000000,0.006308,0.000000,0.016739,
254,vector1,NA,NA,NA,NA,NA,NA,1.512121,2495,0.002211,0.002185,0.000026,0.000000,0.000000,0.006061,0.000000,0.014947,
255,cube0,0.348485,575,0.000000,0.000000,0.000000,0.000000,NA,NA,NA,NA,NA,NA,NA,NA,NA,NA,
255,vector0,NA,NA,NA,NA,NA,NA,1.701212,2807,0.002211,0.002185,0.000026,0.000000,0.000000,0.004123,0.000000,0.015297,
255,vector1,NA,NA,NA,NA,NA,NA,1.578182,2604,0.002211,0.002185,0.000026,0.000000,0.000000,0.003449,0.000000,0.014588,
256,cube0,0.340000,561,0.000000,0.000000,0.000000,0.000000,NA,NA,NA,NA,NA,NA,NA,NA,NA,NA,
256,vector0,NA,NA,NA,NA,NA,NA,1.693939,2795,0.002211,0.002185,0.000026,0.000000,0.000000,0.005309,0.000000,0.014417,
256,vector1,NA,NA,NA,NA,NA,NA,1.545455,2550,0.002211,0.002185,0.000026,0.000000,0.000000,0.006453,0.000000,0.014614,
257,cube0,0.305455,504,0.000000,0.000000,0.000000,0.000000,NA,NA,NA,NA,NA,NA,NA,NA,NA,NA,
257,vector0,NA,NA,NA,NA,NA,NA,1.626667,2684,0.002211,0.002185,0.000026,0.000000,0.000000,0.004669,0.000000,0.013905,
257,vector1,NA,NA,NA,NA,NA,NA,1.730909,2856,0.002211,0.002185,0.000026,0.000000,0.000000,0.005002,0.000000,0.013496,
258,cube0,0.366061,604,0.000000,0.000000,0.000000,0.000000,NA,NA,NA,NA,NA,NA,NA,NA,NA,NA,
258,vector0,NA,NA,NA,NA,NA,NA,1.533333,2530,0.002211,0.002185,0.000026,0.000000,0.000000,0.005975,0.000000,0.013496,
258,vector1,NA,NA,NA,NA,NA,NA,1.555758,2567,0.002211,0.002185,0.000026,0.000000,0.000000,0.006376,0.000000,0.014682,
259,cube0,0.358182,591,0.000000,0.000000,0.000000,0.000000,NA,NA,NA,NA,NA,NA,NA,NA,NA,NA,
259,vector0,NA,NA,NA,NA,NA,NA,1.743030,2876,0.002211,0.002185,0.000026,0.000000,0.000000,0.005036,0.000000,0.011575,
259,vector1,NA,NA,NA,NA,NA,NA,1.727273,2850,0.002211,0.002185,0.000026,0.000000,0.000000,0.005002,0.000000,0.013752,
260,cube0,0.375758,620,0.000000,0.000000,0.000000,0.000000,NA,NA,NA,NA,NA,NA,NA,NA,NA,NA,
260,vector0,NA,NA,NA,NA,NA,NA,1.553939,2564,0.002211,0.002185,0.000026,0.000000,0.000000,0.006180,0.000000,0.015169,
260,vector1,NA,NA,NA,NA,NA,NA,1.543636,2547,0.002211,0.002185,0.000026,0.000000,0.000000,0.006206,0.000000,0.015595,
261,cube0,0.289697,478,0.000000,0.000000,0.000000,0.000000,NA,NA,NA,NA,NA,NA,NA,NA,NA,NA,
261,vector0,NA,NA,NA,NA,NA,NA,1.715758,2831,0.002211,0.002185,0.000026,0.000000,0.000000,0.004738,0.000000,0.013333,
261,vector1,NA,NA,NA,NA,NA,NA,1.675758,2765,0.002211,0.002185,0.000026,0.000000,0.000000,0.003867,0.000000,0.014742,
262,cube0,0.347879,574,0.000000,0.000000,0.000000,0.000000,NA,NA,NA,NA,NA,NA,NA,NA,NA,NA,
262,vector0,NA,NA,NA,NA,NA,NA,1.441212,2378,0.002211,0.002185,0.000026,0.000000,0.000000,0.004302,0.000000,0.015450,
262,vector1,NA,NA,NA,NA,NA,NA,1.942424,3205,0.002211,0.002185,0.000026,0.000000,0.000000,0.006078,0.000000,0.013257,
263,cube0,0.290909,480,0.000000,0.000000,0.000000,0.000000,NA,NA,NA,NA,NA,NA,NA,NA,NA,NA,
263,vector0,NA,NA,NA,NA,NA,NA,1.560606,2575,0.002211,0.002185,0.000026,0.000000,0.000000,0.003175,0.000000,0.014853,
263,vector1,NA,NA,NA,NA,NA,NA,1.612121,2660,0.002211,0.002185,0.000026,0.000000,0.000000,0.005070,0.000000,0.011635,
264,cube0,0.366667,605,0.000000,0.000000,0.000000,0.000000,NA,NA,NA,NA,NA,NA,NA,NA,NA,NA,
264,vector0,NA,NA,NA,NA,NA,NA,1.545455,2550,0.002211,0.002185,0.000026,0.000000,0.000000,0.006376,0.000000,0.014955,
264,vector1,NA,NA,NA,NA,NA,NA,1.848485,3050,0.002211,0.002185,0.000026,0.000000,0.000000,0.008135,0.000000,0.015143,
265,cube0,0.321818,531,0.000000,0.000000,0.000000,0.000000,NA,NA,NA,NA,NA,NA,NA,NA,NA,NA,
265,vector0,NA,NA,NA,NA,NA,NA,1.643030,2711,0.002211,0.002185,0.000026,0.000000,0.000000,0.005668,0.000000,0.013615,
265,vector1,NA,NA,NA,NA,NA,NA,1.544242,2548,0.002211,0.002185,0.000026,0.000000,0.000000,0.006308,0.000000,0.013060,
266,cube0,0.310909,513,0.000000,0.000000,0.000000,0.000000,NA,NA,NA,NA,NA,NA,NA,NA,NA,NA,
266,vector0,NA,NA,NA,NA,NA,NA,1.844242,3043,0.002211,0.002185,0.000026,0.000000,0.000000,0.006453,0.000000,0.014921,
266,vector1,NA,NA,NA,NA,NA,NA,1.841212,3038,0.002211,0.002185,0.000026,0.000000,0.000000,0.005676,0.000000,0.015647,
267,cube0,0.339394,560,0.000000,0.000000,0.000000,0.000000,NA,NA,NA,NA,NA,NA,NA,NA,NA,NA,
267,vector0,NA,NA,NA,NA,NA,NA,1.565455,2583,0.002211,0.002185,0.000026,0.000000,0.000000,0.006470,0.000000,0.013359,
267,vector1,NA,NA,NA,NA,NA,NA,1.520000,2508,0.002211,0.002185,0.000026,0.000000,0.000000,0.006120,0.000000,0.015664,
268,cube0,0.315758,521,0.000000,0.000000,0.000000,0.000000,NA,NA,NA,NA,NA,NA,NA,NA,NA,NA,
268,vector0,NA,NA,NA,NA,NA,NA,1.371515,2263,0.002211,0.002185,0.000026,0.000000,0.000000,0.003978,0.000000,0.013854,
268,vector1,NA,NA,NA,NA,NA,NA,1.507273,2487,0.002211,0.002185,0.000026,0.000000,0.000000,0.005463,0.000000,0.015356,
269,cube0,0.352121,581,0.000000,0.000000,0.000000,0.000000,NA,NA,NA,NA,NA,NA,NA,NA,NA,NA,
269,vector0,NA,NA,NA,NA,NA,NA,1.515758,2501,0.002211,0.002185,0.000026,0.000000,0.000000,0.002458,0.000000,0.013376,
269,vector1,NA,NA,NA,NA,NA,NA,1.538788,2539,0.002211,0.002185,0.000026,0.000000,0.000000,0.003841,0.000000,0.013931,
270,cube0,0.333333,550,0.000000,0.000000,0.000000,0.000000,NA,NA,NA,NA,NA,NA,NA,NA,NA,NA,
270,vector0,NA,NA,NA,NA,NA,NA,1.540606,2542,0.002211,0.002185,0.000026,0.000000,0.000000,0.006163,0.000000,0.014673,
270,vector1,NA,NA,NA,NA,NA,NA,1.819394,3002,0.002211,0.002185,0.000026,0.000000,0.000000,0.006522,0.000000,0.014716,
271,cube0,0.370909,612,0.000000,0.000000,0.000000,0.000000,NA,NA,NA,NA,NA,NA,NA,NA,NA,NA,
271,vector0,NA,NA,NA,NA,NA,NA,1.732727,2859,0.002211,0.002185,0.000026,0.000000,0.000000,0.004925,0.000000,0.013547,
271,vector1,NA,NA,NA,NA,NA,NA,1.566667,2585,0.002211,0.002185,0.000026,0.000000,0.000000,0.006436,0.000000,0.013828,
272,cube0,0.307273,507,0.000000,0.000000,0.000000,0.000000,NA,NA,NA,NA,NA,NA,NA,NA,NA,NA,
272,vector0,NA,NA,NA,NA,NA,NA,1.460000,2409,0.002211,0.002185,0.000026,0.000000,0.000000,0.005198,0.000000,0.015186,
272,vector1,NA,NA,NA,NA,NA,NA,1.670909,2757,0.002211,0.002185,0.000026,0.000000,0.000000,0.008160,0.000000,0.016082,
273,cube0,0.309091,510,0.000000,0.000000,0.000000,0.000000,NA,NA,NA,NA,NA,NA,NA,NA,NA,NA,
273,vector0,NA,NA,NA,NA,NA,NA,1.603030,2645,0.002211,0.002185,0.000026,0.000000,0.000000,0.002467,0.000000,0.012574,
273,vector1,NA,NA,NA,NA,NA,NA,1.721818,2841,0.002211,0.002185,0.000026,0.000000,0.000000,0.005617,0.000000,0.014776,
274,cube0,0.320606,529,0.000000,0.000000,0.000000,0.000000,NA,NA,NA,NA,NA,NA,NA,NA,NA,NA,
274,vector0,NA,NA,NA,NA,NA,NA,1.557576,2570,0.002211,0.002185,0.000026,0.000000,0.000000,0.006112,0.000000,0.014716,
274,vector1,NA,NA,NA,NA,NA,NA,1.517576,2504,0.002211,0.002185,0.000026,0.000000,0.000000,0.005745,0.000000,0.013453,
275,cube0,0.355152,586,0.000000,0.000000,0.000000,0.000000,NA,NA,NA,NA,NA,NA,NA,NA,NA,NA,
275,vector0,NA,NA,NA,NA,NA,NA,1.632121,2693,0.002211,0.002185,0.000026,0.000000,0.000000,0.003449,0.000000,0.013487,
275,vector1,NA,NA,NA,NA,NA,NA,1.646061,2716,0.002211,0.002185,0.000026,0.000000,0.000000,0.003483,0.000000,0.012104,
276,cube0,0.337576,557,0.000000,0.000000,0.000000,0.000000,NA,NA,NA,NA,NA,NA,NA,NA,NA,NA,
276,vector0,NA,NA,NA,NA,NA,NA,1.903636,3141,0.002211,0.002185,0.000026,0.000000,0.000000,0.008510,0.000000,0.013974,
276,vector1,NA,NA,NA,NA,NA,NA,1.499394,2474,0.002211,0.002185,0.000026,0.000000,0.000000,0.005685,0.000000,0.015578,
277,cube0,0.306061,505,0.000000,0.000000,0.000000,0.000000,NA,NA,NA,NA,NA,NA,NA,NA,NA,NA,
277,vector0,NA,NA,NA,NA,NA,NA,1.528485,2522,0.002211,0.002185,0.000026,0.000000,0.000000,0.006189,0.000000,0.014161,
277,vector1,NA,NA,NA,NA,NA,NA,1.506667,2486,0.002211,0.002185,0.000026,0.000000,0.000000,0.002868,0.000000,0.015467,
278,cube0,0.359394,593,0.000000,0.000000,0.000000,0.000000,NA,NA,NA,NA,NA,NA,NA,NA,NA,NA,
278,vector0,NA,NA,NA,NA,NA,NA,1.515758,2501,0.002211,0.002185,0.000026,0.000000,0.000000,0.005924,0.000000,0.015715,
278,vector1,NA,NA,NA,NA,NA,NA,1.385455,2286,0.002211,0.002185,0.000026,0.000000,0.000000,0.004072,0.000000,0.014383,
279,cube0,0.350303,578,0.000000,0.000000,0.000000,0.000000,NA,NA,NA,NA,NA,NA,NA,NA,NA,NA,
279,vector0,NA,NA,NA,NA,NA,NA,1.551515,2560,0.002211,0.002185,0.000026,0.000000,0.000000,0.003577,0.000000,0.013069,
279,vector1,NA,NA,NA,NA,NA,NA,1.543030,2546,0.002211,0.002185,0.000026,0.000000,0.000000,0.002595,0.000000,0.012778,
280,cube0,0.351515,580,0.000000,0.000000,0.000000,0.000000,NA,NA,NA,NA,NA,NA,NA,NA,NA,NA,
280,vector0,NA,NA,NA,NA,NA,NA,1.543030,2546,0.002211,0.002185,0.000026,0.000000,0.000000,0.006172,0.000000,0.013931,
280,vector1,NA,NA,NA,NA,NA,NA,1.584849,2615,0.002211,0.002185,0.000026,0.000000,0.000000,0.006743,0.000000,0.013897,
281,cube0,0.292727,483,0.000000,0.000000,0.000000,0.000000,NA,NA,NA,NA,NA,NA,NA,NA,NA,NA,
281,vector0,NA,NA,NA,NA,NA,NA,1.646061,2716,0.002211,0.002185,0.000026,0.000000,0.000000,0.003961,0.000000,0.013641,
281,vector1,NA,NA,NA,NA,NA,NA,1.610909,2658,0.002211,0.002185,0.000026,0.000000,0.000000,0.003995,0.000000,0.013803,
282,cube0,0.343636,567,0.000000,0.000000,0.000000,0.000000,NA,NA,NA,NA,NA,NA,NA,NA,NA,NA,
282,vector0,NA,NA,NA,NA,NA,NA,1.581818,2610,0.002211,0.002185,0.000026,0.000000,0.000000,0.006522,0.000000,0.015186,
282,vector1,NA,NA,NA,NA,NA,NA,1.569091,2589,0.002211,0.002185,0.000026,0.000000,0.000000,0.006274,0.000000,0.016039,
283,cube0,0.296970,490,0.000000,0.000000,0.000000,0.000000,NA,NA,NA,NA,NA,NA,NA,NA,NA,NA,
283,vector0,NA,NA,NA,NA,NA,NA,1.829091,3018,0.002211,0.002185,0.000026,0.000000,0.000000,0.005557,0.000000,0.014247,
283,vector1,NA,NA,NA,NA,NA,NA,1.666061,2749,0.002211,0.002185,0.000026,0.000000,0.000000,0.006137,0.000000,0.014204,
284,cube0,0.368485,608,0.000000,0.000000,0.000000,0.000000,NA,NA,NA,NA,NA,NA,NA,NA,NA,NA,
284,vector0,NA,NA,NA,NA,NA,NA,1.701212,2807,0.002211,0.002185,0.000026,0.000000,0.000000,0.006172,0.000000,0.013632,
284,vector1,NA,NA,NA,NA,NA,NA,1.844242,3043,0.002211,0.002185,0.000026,0.000000,0.000000,0.007862,0.000000,0.015510,
285,cube0,0.322424,532,0.000000,0.000000,0.000000,0.000000,NA,NA,NA,NA,NA,NA,NA,NA,NA,NA,
285,vector0,NA,NA,NA,NA,NA,NA,1.411515,2329,0.002211,0.002185,0.000026,0.000000,0.000000,0.004251,0.000000,0.012941,
285,vector1,NA,NA,NA,NA,NA,NA,1.536970,2536,0.002211,0.002185,0.000026,0.000000,0.000000,0.006214,0.000000,0.013589,
286,cube0,0.315152,520,0.000000,0.000000,0.000000,0.000000,NA,NA,NA,NA,NA,NA,NA,NA,NA,NA,
286,vector0,NA,NA,NA,NA,NA,NA,1.928485,3182,0.002211,0.002185,0.000026,0.000000,0.000000,0.007870,0.000000,0.014622,
286,vector1,NA,NA,NA,NA,NA,NA,1.855152,3061,0.002211,0.002185,0.000026,0.000000,0.000000,0.007196,0.000000,0.014306,
287,cube0,0.338788,559,0.000000,0.000000,0.000000,0.000000,NA,NA,NA,NA,NA,NA,NA,NA,NA,NA,
287,vector0,NA,NA,NA,NA,NA,NA,1.547879,2554,0.002211,0.002185,0.000026,0.000000,0.000000,0.006428,0.000000,0.013555,
287,vector1,NA,NA,NA,NA,NA,NA,1.453939,2399,0.002211,0.002185,0.000026,0.000000,0.000000,0.005301,0.000000,0.013931,
288,cube0,0.315152,520,0.000000,0.000000,0.000000,0.000000,NA,NA,NA,NA,NA,NA,NA,NA,NA,NA,
288,vector0,NA,NA,NA,NA,NA,NA,1.470909,2427,0.002211,0.002185,0.000026,0.000000,0.000000,0.005352,0.000000,0.013299,
288,vector1,NA,NA,NA,NA,NA,NA,1.527273,2520,0.002211,0.002185,0.000026,0.000000,0.000000,0.005625,0.000000,0.013828,
289,cube0,0.350909,579,0.000000,0.000000,0.000000,0.000000,NA,NA,NA,NA,NA,NA,NA,NA,NA,NA,
289,vector0,NA,NA,NA,NA,NA,NA,1.632121,2693,0.002211,0.002185,0.000026,0.000000,0.000000,0.004550,0.000000,0.013316,
289,vector1,NA,NA,NA,NA,NA,NA,1.665455,2748,0.002211,0.002185,0.000026,0.000000,0.000000,0.005566,0.000000,0.013265,
290,cube0,0.328485,542,0.000000,0.000000,0.000000,0.000000,NA,NA,NA,NA,NA,NA,NA,NA,NA,NA,
290,vector0,NA,NA,NA,NA,NA,NA,1.516970,2503,0.002211,0.002185,0.000026,0.000000,0.000000,0.005711,0.000000,0.014802,
290,vector1,NA,NA,NA,NA,NA,NA,1.821212,3005,0.002211,0.002185,0.000026,0.000000,0.000000,0.006078,0.000000,0.015169,
291,cube0,0.370909,612,0.000000,0.000000,0.000000,0.000000,NA,NA,NA,NA,NA,NA,NA,NA,NA,NA,
291,vector0,NA,NA,NA,NA,NA,NA,1.675151,2764,0.002211,0.002185,0.000026,0.000000,0.000000,0.004413,0.000000,0.013564,
291,vector1,NA,NA,NA,NA,NA,NA,1.528485,2522,0.002211,0.002185,0.000026,0.000000,0.000000,0.005659,0.000000,0.013828,
292,cube0,0.306061,505,0.000000,0.000000,0.000000,0.000000,NA,NA,NA,NA,NA,NA,NA,NA,NA,NA,
292,vector0,NA,NA,NA,NA,NA,NA,1.422424,2347,0.002211,0.002185,0.000026,0.000000,0.000000,0.004669,0.000000,0.017550,
292,vector1,NA,NA,NA,NA,NA,NA,1.748485,2885,0.002211,0.002185,0.000026,0.000000,0.000000,0.008971,0.000000,0.015092,
293,cube0,0.309091,510,0.000000,0.000000,0.000000,0.000000,NA,NA,NA,NA,NA,NA,NA,NA,NA,NA,
293,vector0,NA,NA,NA,NA,NA,NA,1.365455,2253,0.002211,0.002185,0.000026,0.000000,0.000000,0.002467,0.000000,0.015501,
293,vector1,NA,NA,NA,NA,NA,NA,1.716364,2832,0.002211,0.002185,0.000026,0.000000,0.000000,0.005694,0.000000,0.014306,
294,cube0,0.320606,529,0.000000,0.000000,0.000000,0.000000,NA,NA,NA,NA,NA,NA,NA,NA,NA,NA,
294,vector0,NA,NA,NA,NA,NA,NA,1.496364,2469,0.002211,0.002185,0.000026,0.000000,0.000000,0.005548,0.000000,0.013931,
294,vector1,NA,NA,NA,NA,NA,NA,1.475758,2435,0.002211,0.002185,0.000026,0.000000,0.000000,0.005361,0.000000,0.014964,
295,cube0,0.350909,579,0.000000,0.000000,0.000000,0.000000,NA,NA,NA,NA,NA,NA,NA,NA,NA,NA,
295,vector0,NA,NA,NA,NA,NA,NA,1.657576,2735,0.002211,0.002185,0.000026,0.000000,0.000000,0.003423,0.000000,0.012821,
295,vector1,NA,NA,NA,NA,NA,NA,1.510909,2493,0.002211,0.002185,0.000026,0.000000,0.000000,0.003611,0.000000,0.013837,
296,cube0,0.341212,563,0.000000,0.000000,0.000000,0.000000,NA,NA,NA,NA,NA,NA,NA,NA,NA,NA,
296,vector0,NA,NA,NA,NA,NA,NA,1.621212,2675,0.002211,0.002185,0.000026,0.000000,0.000000,0.007068,0.000000,0.015092,
296,vector1,NA,NA,NA,NA,NA,NA,1.457576,2405,0.002211,0.002185,0.000026,0.000000,0.000000,0.005207,0.000000,0.015100,
297,cube0,0.307879,508,0.000000,0.000000,0.000000,0.000000,NA,NA,NA,NA,NA,NA,NA,NA,NA,NA,
297,vector0,NA,NA,NA,NA,NA,NA,1.576364,2601,0.002211,0.002185,0.000026,0.000000,0.000000,0.004977,0.000000,0.015203,
297,vector1,NA,NA,NA,NA,NA,NA,1.435151,2368,0.002211,0.002185,0.000026,0.000000,0.000000,0.002493,0.000000,0.015391,
298,cube0,0.362424,598,0.000000,0.000000,0.000000,0.000000,NA,NA,NA,NA,NA,NA,NA,NA,NA,NA,
298,vector0,NA,NA,NA,NA,NA,NA,1.443030,2381,0.002211,0.002185,0.000026,0.000000,0.000000,0.004883,0.000000,0.015365,
298,vector1,NA,NA,NA,NA,NA,NA,1.413333,2332,0.002211,0.002185,0.000026,0.000000,0.000000,0.004661,0.000000,0.015484,
299,cube0,0.354545,585,0.000000,0.000000,0.000000,0.000000,NA,NA,NA,NA,NA,NA,NA,NA,NA,NA,
299,vector0,NA,NA,NA,NA,NA,NA,1.682424,2776,0.002211,0.002185,0.000026,0.000000,0.000000,0.003978,0.000000,0.012966,
299,vector1,NA,NA,NA,NA,NA,NA,1.630303,2690,0.002211,0.002185,0.000026,0.000000,0.000000,0.004183,0.000000,0.014255,
300,cube0,0.347879,574,0.000000,0.000000,0.000000,0.000000,NA,NA,NA,NA,NA,NA,NA,NA,NA,NA,
300,vector0,NA,NA,NA,NA,NA,NA,1.558182,2571,0.002211,0.002185,0.000026,0.000000,0.000000,0.006248,0.000000,0.014750,
300,vector1,NA,NA,NA,NA,NA,NA,1.572727,2595,0.002211,0.002185,0.000026,0.000000,0.000000,0.006419,0.000000,0.014631,
301,cube0,0.294545,486,0.000000,0.000000,0.000000,0.000000,NA,NA,NA,NA,NA,NA,NA,NA,NA,NA,
301,vector0,NA,NA,NA,NA,NA,NA,1.533333,2530,0.002211,0.002185,0.000026,0.000000,0.000000,0.003525,0.000000,0.012659,
301,vector1,NA,NA,NA,NA,NA,NA,1.612121,2660,0.002211,0.002185,0.000026,0.000000,0.000000,0.003449,0.000000,0.013461,
302,cube0,0.347273,573,0.000000,0.000000,0.000000,0.000000,NA,NA,NA,NA,NA,NA,NA,NA,NA,NA,
302,vector0,NA,NA,NA,NA,NA,NA,1.579394,2606,0.002211,0.002185,0.000026,0.000000,0.000000,0.006197,0.000000,0.015126,
302,vector1,NA,NA,NA,NA,NA,NA,1.881818,3105,0.002211,0.002185,0.000026,0.000000,0.000000,0.006394,0.000000,0.015203,
303,cube0,0.295152,487,0.000000,0.000000,0.000000,0.000000,NA,NA,NA,NA,NA,NA,NA,NA,NA,NA,
303,vector0,NA,NA,NA,NA,NA,NA,1.813939,2993,0.002211,0.002185,0.000026,0.000000,0.000000,0.005480,0.000000,0.013402,
303,vector1,NA,NA,NA,NA,NA,NA,1.513939,2498,0.002211,0.002185,0.000026,0.000000,0.000000,0.006146,0.000000,0.012907,
304,cube0,0.365455,603,0.000000,0.000000,0.000000,0.000000,NA,NA,NA,NA,NA,NA,NA,NA,NA,NA,
304,vector0,NA,NA,NA,NA,NA,NA,1.787273,2949,0.002211,0.002185,0.000026,0.000000,0.000000,0.005830,0.000000,0.014042,
304,vector1,NA,NA,NA,NA,NA,NA,1.909697,3151,0.002211,0.002185,0.000026,0.000000,0.000000,0.007281,0.000000,0.015092,
305,cube0,0.321212,530,0.000000,0.000000,0.000000,0.000000,NA,NA,NA,NA,NA,NA,NA,NA,NA,NA,
305,vector0,NA,NA,NA,NA,NA,NA,1.444242,2383,0.002211,0.002185,0.000026,0.000000,0.000000,0.004541,0.000000,0.014144,
305,vector1,NA,NA,NA,NA,NA,NA,1.543636,2547,0.002211,0.002185,0.000026,0.000000,0.000000,0.006197,0.000000,0.014272,
306,cube0,0.312727,516,0.000000,0.000000,0.000000,0.000000,NA,NA,NA,NA,NA,NA,NA,NA,NA,NA,
306,vector0,NA,NA,NA,NA,NA,NA,1.972121,3254,0.002211,0.002185,0.000026,0.000000,0.000000,0.008271,0.000000,0.014784,
306,vector1,NA,NA,NA,NA,NA,NA,1.887879,3115,0.002211,0.002185,0.000026,0.000000,0.000000,0.007554,0.000000,0.016876,
307,cube0,0.340606,562,0.000000,0.000000,0.000000,0.000000,NA,NA,NA,NA,NA,NA,NA,NA,NA,NA,
307,vector0,NA,NA,NA,NA,NA,NA,1.585455,2616,0.002211,0.002185,0.000026,0.000000,0.000000,0.006820,0.000000,0.012446,
307,vector1,NA,NA,NA,NA,NA,NA,1.500606,2476,0.002211,0.002185,0.000026,0.000000,0.000000,0.005907,0.000000,0.015664,
308,cube0,0.315758,521,0.000000,0.000000,0.000000,0.000000,NA,NA,NA,NA,NA,NA,NA,NA,NA,NA,
308,vector0,NA,NA,NA,NA,NA,NA,1.450303,2393,0.002211,0.002185,0.000026,0.000000,0.000000,0.004968,0.000000,0.016918,
308,vector1,NA,NA,NA,NA,NA,NA,1.417576,2339,0.002211,0.002185,0.000026,0.000000,0.000000,0.004208,0.000000,0.015672,
309,cube0,0.361212,596,0.000000,0.000000,0.000000,0.000000,NA,NA,NA,NA,NA,NA,NA,NA,NA,NA,
309,vector0,NA,NA,NA,NA,NA,NA,1.529697,2524,0.002211,0.002185,0.000026,0.000000,0.000000,0.003739,0.000000,0.013837,
309,vector1,NA,NA,NA,NA,NA,NA,1.570303,2591,0.002211,0.002185,0.000026,0.000000,0.000000,0.003560,0.000000,0.014580,
310,cube0,0.330909,546,0.000000,0.000000,0.000000,0.000000,NA,NA,NA,NA,NA,NA,NA,NA,NA,NA,
310,vector0,NA,NA,NA,NA,NA,NA,1.494545,2466,0.002211,0.002185,0.000026,0.000000,0.000000,0.005267,0.000000,0.013461,
310,vector1,NA,NA,NA,NA,NA,NA,1.519394,2507,0.002211,0.002185,0.000026,0.000000,0.000000,0.005352,0.000000,0.013598,
311,cube0,0.372727,615,0.000000,0.000000,0.000000,0.000000,NA,NA,NA,NA,NA,NA,NA,NA,NA,NA,
311,vector0,NA,NA,NA,NA,NA,NA,1.632727,2694,0.002211,0.002185,0.000026,0.000000,0.000000,0.004379,0.000000,0.014272,
311,vector1,NA,NA,NA,NA,NA,NA,1.829091,3018,0.002211,0.002185,0.000026,0.000000,0.000000,0.004891,0.000000,0.013641,
312,cube0,0.307273,507,0.000000,0.000000,0.000000,0.000000,NA,NA,NA,NA,NA,NA,NA,NA,NA,NA,
312,vector0,NA,NA,NA,NA,NA,NA,1.533333,2530,0.002211,0.002185,0.000026,0.000000,0.000000,0.006172,0.000000,0.015962,
312,vector1,NA,NA,NA,NA,NA,NA,1.679394,2771,0.002211,0.002185,0.000026,0.000000,0.000000,0.008271,0.000000,0.015177,
313,cube0,0.309697,511,0.000000,0.000000,0.000000,0.000000,NA,NA,NA,NA,NA,NA,NA,NA,NA,NA,
313,vector0,NA,NA,NA,NA,NA,NA,1.543636,2547,0.002211,0.002185,0.000026,0.000000,0.000000,0.003099,0.000000,0.013564,
313,vector1,NA,NA,NA,NA,NA,NA,1.595152,2632,0.002211,0.002185,0.000026,0.000000,0.000000,0.004712,0.000000,0.012881,
314,cube0,0.318788,526,0.000000,0.000000,0.000000,0.000000,NA,NA,NA,NA,NA,NA,NA,NA,NA,NA,
314,vector0,NA,NA,NA,NA,NA,NA,1.489697,2458,0.002211,0.002185,0.000026,0.000000,0.000000,0.005463,0.000000,0.015570,
314,vector1,NA,NA,NA,NA,NA,NA,1.390909,2295,0.002211,0.002185,0.000026,0.000000,0.000000,0.004140,0.000000,0.015134,
315,cube0,0.352727,582,0.000000,0.000000,0.000000,0.000000,NA,NA,NA,NA,NA,NA,NA,NA,NA,NA,
315,vector0,NA,NA,NA,NA,NA,NA,1.596970,2635,0.002211,0.002185,0.000026,0.000000,0.000000,0.003338,0.000000,0.014161,
315,vector1,NA,NA,NA,NA,NA,NA,1.476970,2437,0.002211,0.002185,0.000026,0.000000,0.000000,0.002518,0.000000,0.013564,
316,cube0,0.344242,568,0.000000,0.000000,0.000000,0.000000,NA,NA,NA,NA,NA,NA,NA,NA,NA,NA,
316,vector0,NA,NA,NA,NA,NA,NA,1.536364,2535,0.002211,0.002185,0.000026,0.000000,0.000000,0.005941,0.000000,0.014119,
316,vector1,NA,NA,NA,NA,NA,NA,1.517576,2504,0.002211,0.002185,0.000026,0.000000,0.000000,0.005898,0.000000,0.015322,
317,cube0,0.306667,506,0.000000,0.000000,0.000000,0.000000,NA,NA,NA,NA,NA,NA,NA,NA,NA,NA,
317,vector0,NA,NA,NA,NA,NA,NA,1.590909,2625,0.002211,0.002185,0.000026,0.000000,0.000000,0.005207,0.000000,0.013120,
317,vector1,NA,NA,NA,NA,NA,NA,1.521212,2510,0.002211,0.002185,0.000026,0.000000,0.000000,0.003850,0.000000,0.013427,
318,cube0,0.363636,600,0.000000,0.000000,0.000000,0.000000,NA,NA,NA,NA,NA,NA,NA,NA,NA,NA,
318,vector0,NA,NA,NA,NA,NA,NA,1.741818,2874,0.002211,0.002185,0.000026,0.000000,0.000000,0.006761,0.000000,0.016090,
318,vector1,NA,NA,NA,NA,NA,NA,1.632121,2693,0.002211,0.002185,0.000026,0.000000,0.000000,0.007435,0.000000,0.015220,
319,cube0,0.349091,576,0.000000,0.000000,0.000000,0.000000,NA,NA,NA,NA,NA,NA,NA,NA,NA,NA,
319,vector0,NA,NA,NA,NA,NA,NA,1.852727,3057,0.002211,0.002185,0.000026,0.000000,0.000000,0.006189,0.000000,0.014716,
319,vector1,NA,NA,NA,NA,NA,NA,1.773333,2926,0.002211,0.002185,0.000026,0.000000,0.000000,0.006044,0.000000,0.012958,
320,cube0,0.350909,579,0.000000,0.000000,0.000000,0.000000,NA,NA,NA,NA,NA,NA,NA,NA,NA,NA,
320,vector0,NA,NA,NA,NA,NA,NA,1.492727,2463,0.002211,0.002185,0.000026,0.000000,0.000000,0.005472,0.000000,0.014349,
320,vector1,NA,NA,NA,NA,NA,NA,1.447879,2389,0.002211,0.002185,0.000026,0.000000,0.000000,0.004772,0.000000,0.014767,
321,cube0,0.287879,475,0.000000,0.000000,0.000000,0.000000,NA,NA,NA,NA,NA,NA,NA,NA,NA,NA,
321,vector0,NA,NA,NA,NA,NA,NA,1.576970,2602,0.002211,0.002185,0.000026,0.000000,0.000000,0.003355,0.000000,0.014563,
321,vector1,NA,NA,NA,NA,NA,NA,1.586667,2618,0.002211,0.002185,0.000026,0.000000,0.000000,0.003141,0.000000,0.014665,
322,cube0,0.343636,567,0.000000,0.000000,0.000000,0.000000,NA,NA,NA,NA,NA,NA,NA,NA,NA,NA,
322,vector0,NA,NA,NA,NA,NA,NA,1.583636,2613,0.002211,0.002185,0.000026,0.000000,0.000000,0.006504,0.000000,0.013308,
322,vector1,NA,NA,NA,NA,NA,NA,1.595758,2633,0.002211,0.002185,0.000026,0.000000,0.000000,0.006607,0.000000,0.014827,
323,cube0,0.291515,481,0.000000,0.000000,0.000000,0.000000,NA,NA,NA,NA,NA,NA,NA,NA,NA,NA,
323,vector0,NA,NA,NA,NA,NA,NA,1.777576,2933,0.002211,0.002185,0.000026,0.000000,0.000000,0.005087,0.000000,0.012335,
323,vector1,NA,NA,NA,NA,NA,NA,1.789697,2953,0.002211,0.002185,0.000026,0.000000,0.000000,0.006547,0.000000,0.012889,
324,cube0,0.366061,604,0.000000,0.000000,0.000000,0.000000,NA,NA,NA,NA,NA,NA,NA,NA,NA,NA,
324,vector0,NA,NA,NA,NA,NA,NA,1.883030,3107,0.002211,0.002185,0.000026,0.000000,0.000000,0.007418,0.000000,0.015886,
324,vector1,NA,NA,NA,NA,NA,NA,1.862424,3073,0.002211,0.002185,0.000026,0.000000,0.000000,0.007264,0.000000,0.014614,
325,cube0,0.323030,533,0.000000,0.000000,0.000000,0.000000,NA,NA,NA,NA,NA,NA,NA,NA,NA,NA,
325,vector0,NA,NA,NA,NA,NA,NA,1.545455,2550,0.002211,0.002185,0.000026,0.000000,0.000000,0.006086,0.000000,0.014477,
325,vector1,NA,NA,NA,NA,NA,NA,1.520606,2509,0.002211,0.002185,0.000026,0.000000,0.000000,0.006026,0.000000,0.012778,
326,cube0,0.312121,515,0.000000,0.000000,0.000000,0.000000,NA,NA,NA,NA,NA,NA,NA,NA,NA,NA,
326,vector0,NA,NA,NA,NA,NA,NA,1.473333,2431,0.002211,0.002185,0.000026,0.000000,0.000000,0.005250,0.000000,0.015638,
326,vector1,NA,NA,NA,NA,NA,NA,1.464242,2416,0.002211,0.002185,0.000026,0.000000,0.000000,0.005233,0.000000,0.013231,
327,cube0,0.340000,561,0.000000,0.000000,0.000000,0.000000,NA,NA,NA,NA,NA,NA,NA,NA,NA,NA,
327,vector0,NA,NA,NA,NA,NA,NA,1.574546,2598,0.002211,0.002185,0.000026,0.000000,0.000000,0.004166,0.000000,0.015041,
327,vector1,NA,NA,NA,NA,NA,NA,1.454545,2400,0.002211,0.002185,0.000026,0.000000,0.000000,0.002697,0.000000,0.014315,
328,cube0,0.317576,524,0.000000,0.000000,0.000000,0.000000,NA,NA,NA,NA,NA,NA,NA,NA,NA,NA,
328,vector0,NA,NA,NA,NA,NA,NA,1.580000,2607,0.002211,0.002185,0.000026,0.000000,0.000000,0.006385,0.000000,0.015126,
328,vector1,NA,NA,NA,NA,NA,NA,1.564849,2582,0.002211,0.002185,0.000026,0.000000,0.000000,0.006598,0.000000,0.015280,
329,cube0,0.351515,580,0.000000,0.000000,0.000000,0.000000,NA,NA,NA,NA,NA,NA,NA,NA,NA,NA,
329,vector0,NA,NA,NA,NA,NA,NA,1.655151,2731,0.002211,0.002185,0.000026,0.000000,0.000000,0.005873,0.000000,0.014213,
329,vector1,NA,NA,NA,NA,NA,NA,1.694546,2796,0.002211,0.002185,0.000026,0.000000,0.000000,0.005156,0.000000,0.015416,
330,cube0,0.327879,541,0.000000,0.000000,0.000000,0.000000,NA,NA,NA,NA,NA,NA,NA,NA,NA,NA,
330,vector0,NA,NA,NA,NA,NA,NA,1.575152,2599,0.002211,0.002185,0.000026,0.000000,0.000000,0.006291,0.000000,0.014819,
330,vector1,NA,NA,NA,NA,NA,NA,1.767273,2916,0.002211,0.002185,0.000026,0.000000,0.000000,0.006240,0.000000,0.015194,
331,cube0,0.372121,614,0.000000,0.000000,0.000000,0.000000,NA,NA,NA,NA,NA,NA,NA,NA,NA,NA,
331,vector0,NA,NA,NA,NA,NA,NA,1.747273,2883,0.002211,0.002185,0.000026,0.000000,0.000000,0.005685,0.000000,0.013000,
331,vector1,NA,NA,NA,NA,NA,NA,1.467879,2422,0.002211,0.002185,0.000026,0.000000,0.000000,0.005250,0.000000,0.013496,
332,cube0,0.307273,507,0.000000,0.000000,0.000000,0.000000,NA,NA,NA,NA,NA,NA,NA,NA,NA,NA,
332,vector0,NA,NA,NA,NA,NA,NA,1.580606,2608,0.002211,0.002185,0.000026,0.000000,0.000000,0.006854,0.000000,0.013828,
332,vector1,NA,NA,NA,NA,NA,NA,1.484848,2450,0.002211,0.002185,0.000026,0.000000,0.000000,0.005506,0.000000,0.014665,
333,cube0,0.309091,510,0.000000,0.000000,0.000000,0.000000,NA,NA,NA,NA,NA,NA,NA,NA,NA,NA,
333,vector0,NA,NA,NA,NA,NA,NA,1.628485,2687,0.002211,0.002185,0.000026,0.000000,0.000000,0.004353,0.000000,0.012104,
333,vector1,NA,NA,NA,NA,NA,NA,1.561818,2577,0.002211,0.002185,0.000026,0.000000,0.000000,0.003483,0.000000,0.011993,
334,cube0,0.318182,525,0.000000,0.000000,0.000000,0.000000,NA,NA,NA,NA,NA,NA,NA,NA,NA,NA,
334,vector0,NA,NA,NA,NA,NA,NA,1.477576,2438,0.002211,0.002185,0.000026,0.000000,0.000000,0.005514,0.000000,0.015647,
334,vector1,NA,NA,NA,NA,NA,NA,1.539394,2540,0.002211,0.002185,0.000026,0.000000,0.000000,0.006086,0.000000,0.015160,
335,cube0,0.348485,575,0.000000,0.000000,0.000000,0.000000,NA,NA,NA,NA,NA,NA,NA,NA,NA,NA,
335,vector0,NA,NA,NA,NA,NA,NA,1.526061,2518,0.002211,0.002185,0.000026,0.000000,0.000000,0.003397,0.000000,0.014656,
335,vector1,NA,NA,NA,NA,NA,NA,1.701212,2807,0.002211,0.002185,0.000026,0.000000,0.000000,0.003978,0.000000,0.012770,
336,cube0,0.340606,562,0.000000,0.000000,0.000000,0.000000,NA,NA,NA,NA,NA,NA,NA,NA,NA,NA,
336,vector0,NA,NA,NA,NA,NA,NA,1.828485,3017,0.002211,0.002185,0.000026,0.000000,0.000000,0.008357,0.000000,0.016099,
336,vector1,NA,NA,NA,NA,NA,NA,1.357576,2240,0.002211,0.002185,0.000026,0.000000,0.000000,0.003935,0.000000,0.015689,
337,cube0,0.306061,505,0.000000,0.000000,0.000000,0.000000,NA,NA,NA,NA,NA,NA,NA,NA,NA,NA,
337,vector0,NA,NA,NA,NA,NA,NA,1.804848,2978,0.002211,0.002185,0.000026,0.000000,0.000000,0.006615,0.000000,0.015356,
337,vector1,NA,NA,NA,NA,NA,NA,1.319394,2177,0.002211,0.002185,0.000026,0.000000,0.000000,0.002450,0.000000,0.015578,
338,cube0,0.363636,600,0.000000,0.000000,0.000000,0.000000,NA,NA,NA,NA,NA,NA,NA,NA,NA,NA,
338,vector0,NA,NA,NA,NA,NA,NA,1.429091,2358,0.002211,0.002185,0.000026,0.000000,0.000000,0.004575,0.000000,0.015100,
338,vector1,NA,NA,NA,NA,NA,NA,1.503030,2480,0.002211,0.002185,0.000026,0.000000,0.000000,0.005839,0.000000,0.013803,
339,cube0,0.353939,584,0.000000,0.000000,0.000000,0.000000,NA,NA,NA,NA,NA,NA,NA,NA,NA,NA,
339,vector0,NA,NA,NA,NA,NA,NA,1.604242,2647,0.002211,0.002185,0.000026,0.000000,0.000000,0.003730,0.000000,0.014298,
339,vector1,NA,NA,NA,NA,NA,NA,1.551515,2560,0.002211,0.002185,0.000026,0.000000,0.000000,0.004012,0.000000,0.013350,
340,cube0,0.348485,575,0.000000,0.000000,0.000000,0.000000,NA,NA,NA,NA,NA,NA,NA,NA,NA,NA,
340,vector0,NA,NA,NA,NA,NA,NA,1.538182,2538,0.002211,0.002185,0.000026,0.000000,0.000000,0.006197,0.000000,0.014938,
340,vector1,NA,NA,NA,NA,NA,NA,1.536364,2535,0.002211,0.002185,0.000026,0.000000,0.000000,0.006129,0.000000,0.014989,
341,cube0,0.290909,480,0.000000,0.000000,0.000000,0.000000,NA,NA,NA,NA,NA,NA,NA,NA,NA,NA,
341,vector0,NA,NA,NA,NA,NA,NA,1.791515,2956,0.002211,0.002185,0.000026,0.000000,0.000000,0.005694,0.000000,0.013982,
341,vector1,NA,NA,NA,NA,NA,NA,1.733333,2860,0.002211,0.002185,0.000026,0.000000,0.000000,0.004738,0.000000,0.013120,
342,cube0,0.345455,570,0.000000,0.000000,0.000000,0.000000,NA,NA,NA,NA,NA,NA,NA,NA,NA,NA,
342,vector0,NA,NA,NA,NA,NA,NA,1.596364,2634,0.002211,0.002185,0.000026,0.000000,0.000000,0.006624,0.000000,0.014580,
342,vector1,NA,NA,NA,NA,NA,NA,1.432121,2363,0.002211,0.002185,0.000026,0.000000,0.000000,0.004703,0.000000,0.014494,
343,cube0,0.292121,482,0.000000,0.000000,0.000000,0.000000,NA,NA,NA,NA,NA,NA,NA,NA,NA,NA,
343,vector0,NA,NA,NA,NA,NA,NA,1.703636,2811,0.002211,0.002185,0.000026,0.000000,0.000000,0.004072,0.000000,0.013683,
343,vector1,NA,NA,NA,NA,NA,NA,1.588485,2621,0.002211,0.002185,0.000026,0.000000,0.000000,0.003073,0.000000,0.012608,
344,cube0,0.364848,602,0.000000,0.000000,0.000000,0.000000,NA,NA,NA,NA,NA,NA,NA,NA,NA,NA,
344,vector0,NA,NA,NA,NA,NA,NA,1.961818,3237,0.002211,0.002185,0.000026,0.000000,0.000000,0.008399,0.000000,0.013803,
344,vector1,NA,NA,NA,NA,NA,NA,1.944242,3208,0.002211,0.002185,0.000026,0.000000,0.000000,0.008468,0.000000,0.013726,
345,cube0,0.321818,531,0.000000,0.000000,0.000000,0.000000,NA,NA,NA,NA,NA,NA,NA,NA,NA,NA,
345,vector0,NA,NA,NA,NA,NA,NA,1.543636,2547,0.002211,0.002185,0.000026,0.000000,0.000000,0.005975,0.000000,0.012941,
345,vector1,NA,NA,NA,NA,NA,NA,1.533333,2530,0.002211,0.002185,0.000026,0.000000,0.000000,0.005898,0.000000,0.013257,
346,cube0,0.313333,517,0.000000,0.000000,0.000000,0.000000,NA,NA,NA,NA,NA,NA,NA,NA,NA,NA,
346,vector0,NA,NA,NA,NA,NA,NA,1.400606,2311,0.002211,0.002185,0.000026,0.000000,0.000000,0.004345,0.000000,0.014930,
346,vector1,NA,NA,NA,NA,NA,NA,1.529697,2524,0.002211,0.002185,0.000026,0.000000,0.000000,0.006223,0.000000,0.015177,
347,cube0,0.343636,567,0.000000,0.000000,0.000000,0.000000,NA,NA,NA,NA,NA,NA,NA,NA,NA,NA,
347,vector0,NA,NA,NA,NA,NA,NA,1.522424,2512,0.002211,0.002185,0.000026,0.000000,0.000000,0.003884,0.000000,0.013333,
347,vector1,NA,NA,NA,NA,NA,NA,1.540606,2542,0.002211,0.002185,0.000026,0.000000,0.000000,0.003790,0.000000,0.012224,
348,cube0,0.316364,522,0.000000,0.000000,0.000000,0.000000,NA,NA,NA,NA,NA,NA,NA,NA,NA,NA,
348,vector0,NA,NA,NA,NA,NA,NA,1.465455,2418,0.002211,0.002185,0.000026,0.000000,0.000000,0.004575,0.000000,0.013965,
348,vector1,NA,NA,NA,NA,NA,NA,1.466667,2420,0.002211,0.002185,0.000026,0.000000,0.000000,0.005105,0.000000,0.015510,
349,cube0,0.351515,580,0.000000,0.000000,0.000000,0.000000,NA,NA,NA,NA,NA,NA,NA,NA,NA,NA,
349,vector0,NA,NA,NA,NA,NA,NA,1.649697,2722,0.002211,0.002185,0.000026,0.000000,0.000000,0.004174,0.000000,0.013521,
349,vector1,NA,NA,NA,NA,NA,NA,1.556970,2569,0.002211,0.002185,0.000026,0.000000,0.000000,0.003594,0.000000,0.013274,
350,cube0,0.329091,543,0.000000,0.000000,0.000000,0.000000,NA,NA,NA,NA,NA,NA,NA,NA,NA,NA,
350,vector0,NA,NA,NA,NA,NA,NA,1.600606,2641,0.002211,0.002185,0.000026,0.000000,0.000000,0.006786,0.000000,0.016193,
350,vector1,NA,NA,NA,NA,NA,NA,1.831515,3022,0.002211,0.002185,0.000026,0.000000,0.000000,0.007853,0.000000,0.016056,
351,cube0,0.376970,622,0.000000,0.000000,0.000000,0.000000,NA,NA,NA,NA,NA,NA,NA,NA,NA,NA,
351,vector0,NA,NA,NA,NA,NA,NA,1.773333,2926,0.002211,0.002185,0.000026,0.000000,0.000000,0.006009,0.000000,0.014025,
351,vector1,NA,NA,NA,NA,NA,NA,1.656970,2734,0.002211,0.002185,0.000026,0.000000,0.000000,0.006342,0.000000,0.013922,
352,cube0,0.307879,508,0.000000,0.000000,0.000000,0.000000,NA,NA,NA,NA,NA,NA,NA,NA,NA,NA,
352,vector0,NA,NA,NA,NA,NA,NA,1.805454,2979,0.002211,0.002185,0.000026,0.000000,0.000000,0.007947,0.000000,0.014008,
352,vector1,NA,NA,NA,NA,NA,NA,1.472727,2430,0.002211,0.002185,0.000026,0.000000,0.000000,0.005463,0.000000,0.013538,
353,cube0,0.310909,513,0.000000,0.000000,0.000000,0.000000,NA,NA,NA,NA,NA,NA,NA,NA,NA,NA,
353,vector0,NA,NA,NA,NA,NA,NA,1.698788,2803,0.002211,0.002185,0.000026,0.000000,0.000000,0.005455,0.000000,0.012744,
353,vector1,NA,NA,NA,NA,NA,NA,1.557576,2570,0.002211,0.002185,0.000026,0.000000,0.000000,0.003483,0.000000,0.011763,
354,cube0,0.320000,528,0.000000,0.000000,0.000000,0.000000,NA,NA,NA,NA,NA,NA,NA,NA,NA,NA,
354,vector0,NA,NA,NA,NA,NA,NA,1.543030,2546,0.002211,0.002185,0.000026,0.000000,0.000000,0.006445,0.000000,0.014904,
354,vector1,NA,NA,NA,NA,NA,NA,1.517576,2504,0.002211,0.002185,0.000026,0.000000,0.000000,0.005873,0.000000,0.014605,
355,cube0,0.350909,579,0.000000,0.000000,0.000000,0.000000,NA,NA,NA,NA,NA,NA,NA,NA,NA,NA,
355,vector0,NA,NA,NA,NA,NA,NA,1.653333,2728,0.002211,0.002185,0.000026,0.000000,0.000000,0.004558,0.000000,0.015297,
355,vector1,NA,NA,NA,NA,NA,NA,1.561212,2576,0.002211,0.002185,0.000026,0.000000,0.000000,0.004183,0.000000,0.014947,
356,cube0,0.341818,564,0.000000,0.000000,0.000000,0.000000,NA,NA,NA,NA,NA,NA,NA,NA,NA,NA,
356,vector0,NA,NA,NA,NA,NA,NA,1.786061,2947,0.002211,0.002185,0.000026,0.000000,0.000000,0.005958,0.000000,0.015075,
356,vector1,NA,NA,NA,NA,NA,NA,1.452121,2396,0.002211,0.002185,0.000026,0.000000,0.000000,0.004985,0.000000,0.013205,
357,cube0,0.307879,508,0.000000,0.000000,0.000000,0.000000,NA,NA,NA,NA,NA,NA,NA,NA,NA,NA,
357,vector0,NA,NA,NA,NA,NA,NA,1.529697,2524,0.002211,0.002185,0.000026,0.000000,0.000000,0.004140,0.000000,0.013350,
357,vector1,NA,NA,NA,NA,NA,NA,1.397576,2306,0.002211,0.002185,0.000026,0.000000,0.000000,0.002441,0.000000,0.012181,
358,cube0,0.358788,592,0.000000,0.000000,0.000000,0.000000,NA,NA,NA,NA,NA,NA,NA,NA,NA,NA,
358,vector0,NA,NA,NA,NA,NA,NA,1.444242,2383,0.002211,0.002185,0.000026,0.000000,0.000000,0.004601,0.000000,0.015962,
358,vector1,NA,NA,NA,NA,NA,NA,1.398182,2307,0.002211,0.002185,0.000026,0.000000,0.000000,0.004413,0.000000,0.015382,
359,cube0,0.355758,587,0.000000,0.000000,0.000000,0.000000,NA,NA,NA,NA,NA,NA,NA,NA,NA,NA,
359,vector0,NA,NA,NA,NA,NA,NA,1.470303,2426,0.002211,0.002185,0.000026,0.000000,0.000000,0.002544,0.000000,0.013991,
359,vector1,NA,NA,NA,NA,NA,NA,1.392727,2298,0.002211,0.002185,0.000026,0.000000,0.000000,0.002851,0.000000,0.012505,
360,cube0,0.367879,607,0.000000,0.000000,0.000000,0.000000,NA,NA,NA,NA,NA,NA,NA,NA,NA,NA,
360,vector0,NA,NA,NA,NA,NA,NA,1.563636,2580,0.002211,0.002185,0.000026,0.000000,0.000000,0.005864,0.000000,0.015869,
360,vector1,NA,NA,NA,NA,NA,NA,1.592121,2627,0.002211,0.002185,0.000026,0.000000,0.000000,0.006692,0.000000,0.016227,
361,cube0,0.291515,481,0.000000,0.000000,0.000000,0.000000,NA,NA,NA,NA,NA,NA,NA,NA,NA,NA,
361,vector0,NA,NA,NA,NA,NA,NA,1.720606,2839,0.002211,0.002185,0.000026,0.000000,0.000000,0.005002,0.000000,0.013931,
361,vector1,NA,NA,NA,NA,NA,NA,1.700606,2806,0.002211,0.002185,0.000026,0.000000,0.000000,0.004422,0.000000,0.013385,
362,cube0,0.344848,569,0.000000,0.000000,0.000000,0.000000,NA,NA,NA,NA,NA,NA,NA,NA,NA,NA,
362,vector0,NA,NA,NA,NA,NA,NA,1.461212,2411,0.002211,0.002185,0.000026,0.000000,0.000000,0.004524,0.000000,0.014622,
362,vector1,NA,NA,NA,NA,NA,NA,1.503030,2480,0.002211,0.002185,0.000026,0.000000,0.000000,0.004977,0.000000,0.014930,
363,cube0,0.293333,484,0.000000,0.000000,0.000000,0.000000,NA,NA,NA,NA,NA,NA,NA,NA,NA,NA,
363,vector0,NA,NA,NA,NA,NA,NA,1.656364,2733,0.002211,0.002185,0.000026,0.000000,0.000000,0.004302,0.000000,0.014409,
363,vector1,NA,NA,NA,NA,NA,NA,1.735152,2863,0.002211,0.002185,0.000026,0.000000,0.000000,0.005301,0.000000,0.014298,
364,cube0,0.366667,605,0.000000,0.000000,0.000000,0.000000,NA,NA,NA,NA,NA,NA,NA,NA,NA,NA,
364,vector0,NA,NA,NA,NA,NA,NA,1.508485,2489,0.002211,0.002185,0.000026,0.000000,0.000000,0.005787,0.000000,0.014426,
364,vector1,NA,NA,NA,NA,NA,NA,1.834545,3027,0.002211,0.002185,0.000026,0.000000,0.000000,0.007990,0.000000,0.013914,
365,cube0,0.320000,528,0.000000,0.000000,0.000000,0.000000,NA,NA,NA,NA,NA,NA,NA,NA,NA,NA,
365,vector0,NA,NA,NA,NA,NA,NA,1.632121,2693,0.002211,0.002185,0.000026,0.000000,0.000000,0.004652,0.000000,0.013717,
365,vector1,NA,NA,NA,NA,NA,NA,1.549091,2556,0.002211,0.002185,0.000026,0.000000,0.000000,0.006231,0.000000,0.014247,
366,cube0,0.312727,516,0.000000,0.000000,0.000000,0.000000,NA,NA,NA,NA,NA,NA,NA,NA,NA,NA,
366,vector0,NA,NA,NA,NA,NA,NA,1.417576,2339,0.002211,0.002185,0.000026,0.000000,0.000000,0.004029,0.000000,0.015160,
366,vector1,NA,NA,NA,NA,NA,NA,1.398788,2308,0.002211,0.002185,0.000026,0.000000,0.000000,0.004396,0.000000,0.014767,
367,cube0,0.342424,565,0.000000,0.000000,0.000000,0.000000,NA,NA,NA,NA,NA,NA,NA,NA,NA,NA,
367,vector0,NA,NA,NA,NA,NA,NA,1.524242,2515,0.002211,0.002185,0.000026,0.000000,0.000000,0.003244,0.000000,0.012736,
367,vector1,NA,NA,NA,NA,NA,NA,1.558788,2572,0.002211,0.002185,0.000026,0.000000,0.000000,0.002501,0.000000,0.013017,
368,cube0,0.315152,520,0.000000,0.000000,0.000000,0.000000,NA,NA,NA,NA,NA,NA,NA,NA,NA,NA,
368,vector0,NA,NA,NA,NA,NA,NA,1.454545,2400,0.002211,0.002185,0.000026,0.000000,0.000000,0.004806,0.000000,0.013931,
368,vector1,NA,NA,NA,NA,NA,NA,1.548485,2555,0.002211,0.002185,0.000026,0.000000,0.000000,0.006317,0.000000,0.013274,
369,cube0,0.349697,577,0.000000,0.000000,0.000000,0.000000,NA,NA,NA,NA,NA,NA,NA,NA,NA,NA,
369,vector0,NA,NA,NA,NA,NA,NA,1.515758,2501,0.002211,0.002185,0.000026,0.000000,0.000000,0.003457,0.000000,0.012463,
369,vector1,NA,NA,NA,NA,NA,NA,1.665455,2748,0.002211,0.002185,0.000026,0.000000,0.000000,0.003713,0.000000,0.013615,
370,cube0,0.329091,543,0.000000,0.000000,0.000000,0.000000,NA,NA,NA,NA,NA,NA,NA,NA,NA,NA,
370,vector0,NA,NA,NA,NA,NA,NA,1.522424,2512,0.002211,0.002185,0.000026,0.000000,0.000000,0.005753,0.000000,0.015160,
370,vector1,NA,NA,NA,NA,NA,NA,1.912121,3155,0.002211,0.002185,0.000026,0.000000,0.000000,0.007563,0.000000,0.014605,
371,cube0,0.373333,616,0.000000,0.000000,0.000000,0.000000,NA,NA,NA,NA,NA,NA,NA,NA,NA,NA,
371,vector0,NA,NA,NA,NA,NA,NA,1.592121,2627,0.002211,0.002185,0.000026,0.000000,0.000000,0.004738,0.000000,0.013171,
371,vector1,NA,NA,NA,NA,NA,NA,1.507273,2487,0.002211,0.002185,0.000026,0.000000,0.000000,0.006052,0.000000,0.011541,
372,cube0,0.307273,507,0.000000,0.000000,0.000000,0.000000,NA,NA,NA,NA,NA,NA,NA,NA,NA,NA,
372,vector0,NA,NA,NA,NA,NA,NA,2.032121,3353,0.002211,0.002185,0.000026,0.000000,0.000000,0.008801,0.000000,0.014349,
372,vector1,NA,NA,NA,NA,NA,NA,1.369091,2259,0.002211,0.002185,0.000026,0.000000,0.000000,0.003969,0.000000,0.016432,
373,cube0,0.310303,512,0.000000,0.000000,0.000000,0.000000,NA,NA,NA,NA,NA,NA,NA,NA,NA,NA,
373,vector0,NA,NA,NA,NA,NA,NA,1.526061,2518,0.002211,0.002185,0.000026,0.000000,0.000000,0.005941,0.000000,0.012907,
373,vector1,NA,NA,NA,NA,NA,NA,1.569697,2590,0.002211,0.002185,0.000026,0.000000,0.000000,0.003227,0.000000,0.014571,
374,cube0,0.320606,529,0.000000,0.000000,0.000000,0.000000,NA,NA,NA,NA,NA,NA,NA,NA,NA,NA,
374,vector0,NA,NA,NA,NA,NA,NA,1.512121,2495,0.002211,0.002185,0.000026,0.000000,0.000000,0.005898,0.000000,0.014093,
374,vector1,NA,NA,NA,NA,NA,NA,1.535758,2534,0.002211,0.002185,0.000026,0.000000,0.000000,0.006120,0.000000,0.014597,
375,cube0,0.351515,580,0.000000,0.000000,0.000000,0.000000,NA,NA,NA,NA,NA,NA,NA,NA,NA,NA,
375,vector0,NA,NA,NA,NA,NA,NA,1.601818,2643,0.002211,0.002185,0.000026,0.000000,0.000000,0.004020,0.000000,0.012838,
375,vector1,NA,NA,NA,NA,NA,NA,1.761818,2907,0.002211,0.002185,0.000026,0.000000,0.000000,0.004353,0.000000,0.014170,
376,cube0,0.345455,570,0.000000,0.000000,0.000000,0.000000,NA,NA,NA,NA,NA,NA,NA,NA,NA,NA,
376,vector0,NA,NA,NA,NA,NA,NA,1.755152,2896,0.002211,0.002185,0.000026,0.000000,0.000000,0.006052,0.000000,0.015092,
376,vector1,NA,NA,NA,NA,NA,NA,1.465455,2418,0.002211,0.002185,0.000026,0.000000,0.000000,0.005181,0.000000,0.015032,
377,cube0,0.305455,504,0.000000,0.000000,0.000000,0.000000,NA,NA,NA,NA,NA,NA,NA,NA,NA,NA,
377,vector0,NA,NA,NA,NA,NA,NA,1.744242,2878,0.002211,0.002185,0.000026,0.000000,0.000000,0.005924,0.000000,0.013880,
377,vector1,NA,NA,NA,NA,NA,NA,1.594545,2631,0.002211,0.002185,0.000026,0.000000,0.000000,0.003363,0.000000,0.013555,
378,cube0,0.361212,596,0.000000,0.000000,0.000000,0.000000,NA,NA,NA,NA,NA,NA,NA,NA,NA,NA,
378,vector0,NA,NA,NA,NA,NA,NA,1.532121,2528,0.002211,0.002185,0.000026,0.000000,0.000000,0.006061,0.000000,0.017661,
378,vector1,NA,NA,NA,NA,NA,NA,1.452727,2397,0.002211,0.002185,0.000026,0.000000,0.000000,0.004789,0.000000,0.014682,
379,cube0,0.351515,580,0.000000,0.000000,0.000000,0.000000,NA,NA,NA,NA,NA,NA,NA,NA,NA,NA,
379,vector0,NA,NA,NA,NA,NA,NA,1.660000,2739,0.002211,0.002185,0.000026,0.000000,0.000000,0.003961,0.000000,0.015280,
379,vector1,NA,NA,NA,NA,NA,NA,1.481818,2445,0.002211,0.002185,0.000026,0.000000,0.000000,0.002911,0.000000,0.012266,
380,cube0,0.348485,575,0.000000,0.000000,0.000000,0.000000,NA,NA,NA,NA,NA,NA,NA,NA,NA,NA,
380,vector0,NA,NA,NA,NA,NA,NA,1.557576,2570,0.002211,0.002185,0.000026,0.000000,0.000000,0.006248,0.000000,0.015211,
380,vector1,NA,NA,NA,NA,NA,NA,1.538788,2539,0.002211,0.002185,0.000026,0.000000,0.000000,0.005933,0.000000,0.014622,
381,cube0,0.289697,478,0.000000,0.000000,0.000000,0.000000,NA,NA,NA,NA,NA,NA,NA,NA,NA,NA,
381,vector0,NA,NA,NA,NA,NA,NA,1.727879,2851,0.002211,0.002185,0.000026,0.000000,0.000000,0.004430,0.000000,0.011840,
381,vector1,NA,NA,NA,NA,NA,NA,1.634545,2697,0.002211,0.002185,0.000026,0.000000,0.000000,0.003346,0.000000,0.011507,
382,cube0,0.344848,569,0.000000,0.000000,0.000000,0.000000,NA,NA,NA,NA,NA,NA,NA,NA,NA,NA,
382,vector0,NA,NA,NA,NA,NA,NA,1.666667,2750,0.002211,0.002185,0.000026,0.000000,0.000000,0.007093,0.000000,0.015869,
382,vector1,NA,NA,NA,NA,NA,NA,1.590303,2624,0.002211,0.002185,0.000026,0.000000,0.000000,0.006265,0.000000,0.014503,
383,cube0,0.292121,482,0.000000,0.000000,0.000000,0.000000,NA,NA,NA,NA,NA,NA,NA,NA,NA,NA,
383,vector0,NA,NA,NA,NA,NA,NA,1.725455,2847,0.002211,0.002185,0.000026,0.000000,0.000000,0.005472,0.000000,0.013709,
383,vector1,NA,NA,NA,NA,NA,NA,1.827273,3015,0.002211,0.002185,0.000026,0.000000,0.000000,0.005992,0.000000,0.011848,
384,cube0,0.367273,606,0.000000,0.000000,0.000000,0.000000,NA,NA,NA,NA,NA,NA,NA,NA,NA,NA,
384,vector0,NA,NA,NA,NA,NA,NA,1.890303,3119,0.002211,0.002185,0.000026,0.000000,0.000000,0.006726,0.000000,0.015783,
384,vector1,NA,NA,NA,NA,NA,NA,1.838182,3033,0.002211,0.002185,0.000026,0.000000,0.000000,0.006436,0.000000,0.014981,
385,cube0,0.321212,530,0.000000,0.000000,0.000000,0.000000,NA,NA,NA,NA,NA,NA,NA,NA,NA,NA,
385,vector0,NA,NA,NA,NA,NA,NA,1.498182,2472,0.002211,0.002185,0.000026,0.000000,0.000000,0.004473,0.000000,0.014119,
385,vector1,NA,NA,NA,NA,NA,NA,1.423636,2349,0.002211,0.002185,0.000026,0.000000,0.000000,0.004302,0.000000,0.014554,
386,cube0,0.312727,516,0.000000,0.000000,0.000000,0.000000,NA,NA,NA,NA,NA,NA,NA,NA,NA,NA,
386,vector0,NA,NA,NA,NA,NA,NA,1.649091,2721,0.002211,0.002185,0.000026,0.000000,0.000000,0.005045,0.000000,0.014247,
386,vector1,NA,NA,NA,NA,NA,NA,1.607879,2653,0.002211,0.002185,0.000026,0.000000,0.000000,0.006001,0.000000,0.014511,
387,cube0,0.340606,562,0.000000,0.000000,0.000000,0.000000,NA,NA,NA,NA,NA,NA,NA,NA,NA,NA,
387,vector0,NA,NA,NA,NA,NA,NA,1.603030,2645,0.002211,0.002185,0.000026,0.000000,0.000000,0.004396,0.000000,0.012719,
387,vector1,NA,NA,NA,NA,NA,NA,1.561818,2577,0.002211,0.002185,0.000026,0.000000,0.000000,0.003875,0.000000,0.013086,
388,cube0,0.316364,522,0.000000,0.000000,0.000000,0.000000,NA,NA,NA,NA,NA,NA,NA,NA,NA,NA,
388,vector0,NA,NA,NA,NA,NA,NA,1.533333,2530,0.002211,0.002185,0.000026,0.000000,0.000000,0.005497,0.000000,0.015826,
388,vector1,NA,NA,NA,NA,NA,NA,1.401818,2313,0.002211,0.002185,0.000026,0.000000,0.000000,0.004149,0.000000,0.015126,
389,cube0,0.350909,579,0.000000,0.000000,0.000000,0.000000,NA,NA,NA,NA,NA,NA,NA,NA,NA,NA,
389,vector0,NA,NA,NA,NA,NA,NA,1.578788,2605,0.002211,0.002185,0.000026,0.000000,0.000000,0.004174,0.000000,0.013794,
389,vector1,NA,NA,NA,NA,NA,NA,1.530909,2526,0.002211,0.002185,0.000026,0.000000,0.000000,0.002621,0.000000,0.013752,
390,cube0,0.329091,543,0.000000,0.000000,0.000000,0.000000,NA,NA,NA,NA,NA,NA,NA,NA,NA,NA,
390,vector0,NA,NA,NA,NA,NA,NA,1.413333,2332,0.002211,0.002185,0.000026,0.000000,0.000000,0.004149,0.000000,0.014742,
390,vector1,NA,NA,NA,NA,NA,NA,1.830303,3020,0.002211,0.002185,0.000026,0.000000,0.000000,0.007213,0.000000,0.013461,
391,cube0,0.375152,619,0.000000,0.000000,0.000000,0.000000,NA,NA,NA,NA,NA,NA,NA,NA,NA,NA,
391,vector0,NA,NA,NA,NA,NA,NA,1.466667,2420,0.002211,0.002185,0.000026,0.000000,0.000000,0.003636,0.000000,0.014315,
391,vector1,NA,NA,NA,NA,NA,NA,1.501818,2478,0.002211,0.002185,0.000026,0.000000,0.000000,0.005736,0.000000,0.011660,
392,cube0,0.303636,501,0.000000,0.000000,0.000000,0.000000,NA,NA,NA,NA,NA,NA,NA,NA,NA,NA,
392,vector0,NA,NA,NA,NA,NA,NA,1.513333,2497,0.002211,0.002185,0.000026,0.000000,0.000000,0.005975,0.000000,0.014665,
392,vector1,NA,NA,NA,NA,NA,NA,1.776364,2931,0.002211,0.002185,0.000026,0.000000,0.000000,0.007179,0.000000,0.015032,
393,cube0,0.306667,506,0.000000,0.000000,0.000000,0.000000,NA,NA,NA,NA,NA,NA,NA,NA,NA,NA,
393,vector0,NA,NA,NA,NA,NA,NA,1.610303,2657,0.002211,0.002185,0.000026,0.000000,0.000000,0.005062,0.000000,0.013103,
393,vector1,NA,NA,NA,NA,NA,NA,1.810909,2988,0.002211,0.002185,0.000026,0.000000,0.000000,0.006163,0.000000,0.012949,
394,cube0,0.319394,527,0.000000,0.000000,0.000000,0.000000,NA,NA,NA,NA,NA,NA,NA,NA,NA,NA,
394,vector0,NA,NA,NA,NA,NA,NA,1.510909,2493,0.002211,0.002185,0.000026,0.000000,0.000000,0.005839,0.000000,0.014272,
394,vector1,NA,NA,NA,NA,NA,NA,1.463636,2415,0.002211,0.002185,0.000026,0.000000,0.000000,0.004985,0.000000,0.015271,
395,cube0,0.350909,579,0.000000,0.000000,0.000000,0.000000,NA,NA,NA,NA,NA,NA,NA,NA,NA,NA,
395,vector0,NA,NA,NA,NA,NA,NA,1.530303,2525,0.002211,0.002185,0.000026,0.000000,0.000000,0.002458,0.000000,0.013538,
395,vector1,NA,NA,NA,NA,NA,NA,1.591515,2626,0.002211,0.002185,0.000026,0.000000,0.000000,0.002740,0.000000,0.014699,
396,cube0,0.342424,565,0.000000,0.000000,0.000000,0.000000,NA,NA,NA,NA,NA,NA,NA,NA,NA,NA,
396,vector0,NA,NA,NA,NA,NA,NA,1.550303,2558,0.002211,0.002185,0.000026,0.000000,0.000000,0.006573,0.000000,0.014870,
396,vector1,NA,NA,NA,NA,NA,NA,1.651515,2725,0.002211,0.002185,0.000026,0.000000,0.000000,0.006308,0.000000,0.014887,
397,cube0,0.306667,506,0.000000,0.000000,0.000000,0.000000,NA,NA,NA,NA,NA,NA,NA,NA,NA,NA,
397,vector0,NA,NA,NA,NA,NA,NA,1.630909,2691,0.002211,0.002185,0.000026,0.000000,0.000000,0.004644,0.000000,0.014136,
397,vector1,NA,NA,NA,NA,NA,NA,1.742424,2875,0.002211,0.002185,0.000026,0.000000,0.000000,0.005190,0.000000,0.013871,
398,cube0,0.364242,601,0.000000,0.000000,0.000000,0.000000,NA,NA,NA,NA,NA,NA,NA,NA,NA,NA,
398,vector0,NA,NA,NA,NA,NA,NA,1.524848,2516,0.002211,0.002185,0.000026,0.000000,0.000000,0.006095,0.000000,0.016210,
398,vector1,NA,NA,NA,NA,NA,NA,1.399394,2309,0.002211,0.002185,0.000026,0.000000,0.000000,0.004234,0.000000,0.015314,
399,cube0,0.352121,581,0.000000,0.000000,0.000000,0.000000,NA,NA,NA,NA,NA,NA,NA,NA,NA,NA,
399,vector0,NA,NA,NA,NA,NA,NA,1.563636,2580,0.002211,0.002185,0.000026,0.000000,0.000000,0.002911,0.000000,0.015143,
399,vector1,NA,NA,NA,NA,NA,NA,1.473333,2431,0.002211,0.002185,0.000026,0.000000,0.000000,0.002527,0.000000,0.012975,
400,cube0,0.350909,579,0.000000,0.000000,0.000000,0.000000,NA,NA,NA,NA,NA,NA,NA,NA,NA,NA,
400,vector0,NA,NA,NA,NA,NA,NA,1.460606,2410,0.002211,0.002185,0.000026,0.000000,0.000000,0.004985,0.000000,0.013146,
400,vector1,NA,NA,NA,NA,NA,NA,1.534545,2532,0.002211,0.002185,0.000026,0.000000,0.000000,0.005847,0.000000,0.014750,
401,cube0,0.286061,472,0.000000,0.000000,0.000000,0.000000,NA,NA,NA,NA,NA,NA,NA,NA,NA,NA,
401,vector0,NA,NA,NA,NA,NA,NA,1.624242,2680,0.002211,0.002185,0.000026,0.000000,0.000000,0.004285,0.000000,0.011558,
401,vector1,NA,NA,NA,NA,NA,NA,1.682424,2776,0.002211,0.002185,0.000026,0.000000,0.000000,0.004959,0.000000,0.012377,
402,cube0,0.346667,572,0.000000,0.000000,0.000000,0.000000,NA,NA,NA,NA,NA,NA,NA,NA,NA,NA,
402,vector0,NA,NA,NA,NA,NA,NA,1.481818,2445,0.002211,0.002185,0.000026,0.000000,0.000000,0.004917,0.000000,0.014904,
402,vector1,NA,NA,NA,NA,NA,NA,1.844242,3043,0.002211,0.002185,0.000026,0.000000,0.000000,0.006402,0.000000,0.014102,
403,cube0,0.293939,485,0.000000,0.000000,0.000000,0.000000,NA,NA,NA,NA,NA,NA,NA,NA,NA,NA,
403,vector0,NA,NA,NA,NA,NA,NA,1.524242,2515,0.002211,0.002185,0.000026,0.000000,0.000000,0.003696,0.000000,0.012181,
403,vector1,NA,NA,NA,NA,NA,NA,1.527273,2520,0.002211,0.002185,0.000026,0.000000,0.000000,0.005958,0.000000,0.011575,
404,cube0,0.364848,602,0.000000,0.000000,0.000000,0.000000,NA,NA,NA,NA,NA,NA,NA,NA,NA,NA,
404,vector0,NA,NA,NA,NA,NA,NA,1.483636,2448,0.002211,0.002185,0.000026,0.000000,0.000000,0.005583,0.000000,0.014930,
404,vector1,NA,NA,NA,NA,NA,NA,1.760000,2904,0.002211,0.002185,0.000026,0.000000,0.000000,0.007017,0.000000,0.014810,
405,cube0,0.320000,528,0.000000,0.000000,0.000000,0.000000,NA,NA,NA,NA,NA,NA,NA,NA,NA,NA,
405,vector0,NA,NA,NA,NA,NA,NA,1.612121,2660,0.002211,0.002185,0.000026,0.000000,0.000000,0.004746,0.000000,0.012318,
405,vector1,NA,NA,NA,NA,NA,NA,1.483030,2447,0.002211,0.002185,0.000026,0.000000,0.000000,0.005403,0.000000,0.013666,
406,cube0,0.310303,512,0.000000,0.000000,0.000000,0.000000,NA,NA,NA,NA,NA,NA,NA,NA,NA,NA,
406,vector0,NA,NA,NA,NA,NA,NA,1.530909,2526,0.002211,0.002185,0.000026,0.000000,0.000000,0.005873,0.000000,0.013530,
406,vector1,NA,NA,NA,NA,NA,NA,1.509697,2491,0.002211,0.002185,0.000026,0.000000,0.000000,0.005745,0.000000,0.014844,
407,cube0,0.339394,560,0.000000,0.000000,0.000000,0.000000,NA,NA,NA,NA,NA,NA,NA,NA,NA,NA,
407,vector0,NA,NA,NA,NA,NA,NA,1.765455,2913,0.002211,0.002185,0.000026,0.000000,0.000000,0.005446,0.000000,0.012821,
407,vector1,NA,NA,NA,NA,NA,NA,1.580000,2607,0.002211,0.002185,0.000026,0.000000,0.000000,0.004012,0.000000,0.013615,
408,cube0,0.318182,525,0.000000,0.000000,0.000000,0.000000,NA,NA,NA,NA,NA,NA,NA,NA,NA,NA,
408,vector0,NA,NA,NA,NA,NA,NA,1.691515,2791,0.002211,0.002185,0.000026,0.000000,0.000000,0.006018,0.000000,0.013760,
408,vector1,NA,NA,NA,NA,NA,NA,1.521818,2511,0.002211,0.002185,0.000026,0.000000,0.000000,0.006103,0.000000,0.015177,
409,cube0,0.349697,577,0.000000,0.000000,0.000000,0.000000,NA,NA,NA,NA,NA,NA,NA,NA,NA,NA,
409,vector0,NA,NA,NA,NA,NA,NA,1.592727,2628,0.002211,0.002185,0.000026,0.000000,0.000000,0.004772,0.000000,0.012821,
409,vector1,NA,NA,NA,NA,NA,NA,1.566667,2585,0.002211,0.002185,0.000026,0.000000,0.000000,0.003978,0.000000,0.012838,
410,cube0,0.327879,541,0.000000,0.000000,0.000000,0.000000,NA,NA,NA,NA,NA,NA,NA,NA,NA,NA,
410,vector0,NA,NA,NA,NA,NA,NA,1.381818,2280,0.002211,0.002185,0.000026,0.000000,0.000000,0.003910,0.000000,0.015399,
410,vector1,NA,NA,NA,NA,NA,NA,1.822424,3007,0.002211,0.002185,0.000026,0.000000,0.000000,0.006983,0.000000,0.014708,
411,cube0,0.370909,612,0.000000,0.000000,0.000000,0.000000,NA,NA,NA,NA,NA,NA,NA,NA,NA,NA,
411,vector0,NA,NA,NA,NA,NA,NA,1.578182,2604,0.002211,0.002185,0.000026,0.000000,0.000000,0.003321,0.000000,0.014827,
411,vector1,NA,NA,NA,NA,NA,NA,1.493333,2464,0.002211,0.002185,0.000026,0.000000,0.000000,0.005651,0.000000,0.013188,
412,cube0,0.304242,502,0.000000,0.000000,0.000000,0.000000,NA,NA,NA,NA,NA,NA,NA,NA,NA,NA,
412,vector0,NA,NA,NA,NA,NA,NA,1.399394,2309,0.002211,0.002185,0.000026,0.000000,0.000000,0.004422,0.000000,0.014622,
412,vector1,NA,NA,NA,NA,NA,NA,1.523636,2514,0.002211,0.002185,0.000026,0.000000,0.000000,0.005813,0.000000,0.014844,
413,cube0,0.308485,509,0.000000,0.000000,0.000000,0.000000,NA,NA,NA,NA,NA,NA,NA,NA,NA,NA,
413,vector0,NA,NA,NA,NA,NA,NA,1.602424,2644,0.002211,0.002185,0.000026,0.000000,0.000000,0.003047,0.000000,0.013231,
413,vector1,NA,NA,NA,NA,NA,NA,1.590909,2625,0.002211,0.002185,0.000026,0.000000,0.000000,0.004908,0.000000,0.012608,
414,cube0,0.320606,529,0.000000,0.000000,0.000000,0.000000,NA,NA,NA,NA,NA,NA,NA,NA,NA,NA,
414,vector0,NA,NA,NA,NA,NA,NA,1.504848,2483,0.002211,0.002185,0.000026,0.000000,0.000000,0.005736,0.000000,0.014776,
414,vector1,NA,NA,NA,NA,NA,NA,1.583636,2613,0.002211,0.002185,0.000026,0.000000,0.000000,0.006726,0.000000,0.014793,
415,cube0,0.351515,580,0.000000,0.000000,0.000000,0.000000,NA,NA,NA,NA,NA,NA,NA,NA,NA,NA,
415,vector0,NA,NA,NA,NA,NA,NA,1.480606,2443,0.002211,0.002185,0.000026,0.000000,0.000000,0.003449,0.000000,0.015228,
415,vector1,NA,NA,NA,NA,NA,NA,1.682424,2776,0.002211,0.002185,0.000026,0.000000,0.000000,0.005378,0.000000,0.016082,
416,cube0,0.338788,559,0.000000,0.000000,0.000000,0.000000,NA,NA,NA,NA,NA,NA,NA,NA,NA,NA,
416,vector0,NA,NA,NA,NA,NA,NA,1.526061,2518,0.002211,0.002185,0.000026,0.000000,0.000000,0.005924,0.000000,0.014597,
416,vector1,NA,NA,NA,NA,NA,NA,1.743636,2877,0.002211,0.002185,0.000026,0.000000,0.000000,0.008826,0.000000,0.014289,
417,cube0,0.305455,504,0.000000,0.000000,0.000000,0.000000,NA,NA,NA,NA,NA,NA,NA,NA,NA,NA,
417,vector0,NA,NA,NA,NA,NA,NA,1.466061,2419,0.002211,0.002185,0.000026,0.000000,0.000000,0.002757,0.000000,0.012881,
417,vector1,NA,NA,NA,NA,NA,NA,1.688485,2786,0.002211,0.002185,0.000026,0.000000,0.000000,0.005958,0.000000,0.012241,
418,cube0,0.358788,592,0.000000,0.000000,0.000000,0.000000,NA,NA,NA,NA,NA,NA,NA,NA,NA,NA,
418,vector0,NA,NA,NA,NA,NA,NA,1.404242,2317,0.002211,0.002185,0.000026,0.000000,0.000000,0.004311,0.000000,0.016432,
418,vector1,NA,NA,NA,NA,NA,NA,1.494545,2466,0.002211,0.002185,0.000026,0.000000,0.000000,0.005753,0.000000,0.014588,
419,cube0,0.363636,600,0.000000,0.000000,0.000000,0.000000,NA,NA,NA,NA,NA,NA,NA,NA,NA,NA,
419,vector0,NA,NA,NA,NA,NA,NA,1.558788,2572,0.002211,0.002185,0.000026,0.000000,0.000000,0.002561,0.000000,0.015211,
419,vector1,NA,NA,NA,NA,NA,NA,1.592121,2627,0.002211,0.002185,0.000026,0.000000,0.000000,0.004080,0.000000,0.012309,
420,cube0,0.349697,577,0.000000,0.000000,0.000000,0.000000,NA,NA,NA,NA,NA,NA,NA,NA,NA,NA,
420,vector0,NA,NA,NA,NA,NA,NA,1.384848,2285,0.002211,0.002185,0.000026,0.000000,0.000000,0.004080,0.000000,0.015356,
420,vector1,NA,NA,NA,NA,NA,NA,1.542424,2545,0.002211,0.002185,0.000026,0.000000,0.000000,0.006052,0.000000,0.013692,
421,cube0,0.290909,480,0.000000,0.000000,0.000000,0.000000,NA,NA,NA,NA,NA,NA,NA,NA,NA,NA,
421,vector0,NA,NA,NA,NA,NA,NA,1.580000,2607,0.002211,0.002185,0.000026,0.000000,0.000000,0.003218,0.000000,0.013752,
421,vector1,NA,NA,NA,NA,NA,NA,1.650303,2723,0.002211,0.002185,0.000026,0.000000,0.000000,0.004789,0.000000,0.011857,
422,cube0,0.345455,570,0.000000,0.000000,0.000000,0.000000,NA,NA,NA,NA,NA,NA,NA,NA,NA,NA,
422,vector0,NA,NA,NA,NA,NA,NA,1.575152,2599,0.002211,0.002185,0.000026,0.000000,0.000000,0.005975,0.000000,0.015152,
422,vector1,NA,NA,NA,NA,NA,NA,1.933939,3191,0.002211,0.002185,0.000026,0.000000,0.000000,0.006735,0.000000,0.014520,
423,cube0,0.291515,481,0.000000,0.000000,0.000000,0.000000,NA,NA,NA,NA,NA,NA,NA,NA,NA,NA,
423,vector0,NA,NA,NA,NA,NA,NA,1.803030,2975,0.002211,0.002185,0.000026,0.000000,0.000000,0.005198,0.000000,0.013402,
423,vector1,NA,NA,NA,NA,NA,NA,1.615152,2665,0.002211,0.002185,0.000026,0.000000,0.000000,0.006547,0.000000,0.012685,
424,cube0,0.367273,606,0.000000,0.000000,0.000000,0.000000,NA,NA,NA,NA,NA,NA,NA,NA,NA,NA,
424,vector0,NA,NA,NA,NA,NA,NA,1.664848,2747,0.002211,0.002185,0.000026,0.000000,0.000000,0.005489,0.000000,0.014434,
424,vector1,NA,NA,NA,NA,NA,NA,1.706667,2816,0.002211,0.002185,0.000026,0.000000,0.000000,0.005847,0.000000,0.015365,
425,cube0,0.321212,530,0.000000,0.000000,0.000000,0.000000,NA,NA,NA,NA,NA,NA,NA,NA,NA,NA,
425,vector0,NA,NA,NA,NA,NA,NA,1.683030,2777,0.002211,0.002185,0.000026,0.000000,0.000000,0.004481,0.000000,0.013632,
425,vector1,NA,NA,NA,NA,NA,NA,1.384242,2284,0.002211,0.002185,0.000026,0.000000,0.000000,0.004140,0.000000,0.015134,
426,cube0,0.311515,514,0.000000,0.000000,0.000000,0.000000,NA,NA,NA,NA,NA,NA,NA,NA,NA,NA,
426,vector0,NA,NA,NA,NA,NA,NA,1.522424,2512,0.002211,0.002185,0.000026,0.000000,0.000000,0.005600,0.000000,0.014844,
426,vector1,NA,NA,NA,NA,NA,NA,1.476970,2437,0.002211,0.002185,0.000026,0.000000,0.000000,0.005702,0.000000,0.014417,
427,cube0,0.339394,560,0.000000,0.000000,0.000000,0.000000,NA,NA,NA,NA,NA,NA,NA,NA,NA,NA,
427,vector0,NA,NA,NA,NA,NA,NA,1.678182,2769,0.002211,0.002185,0.000026,0.000000,0.000000,0.004772,0.000000,0.012770,
427,vector1,NA,NA,NA,NA,NA,NA,1.635758,2699,0.002211,0.002185,0.000026,0.000000,0.000000,0.003542,0.000000,0.013035,
428,cube0,0.315758,521,0.000000,0.000000,0.000000,0.000000,NA,NA,NA,NA,NA,NA,NA,NA,NA,NA,
428,vector0,NA,NA,NA,NA,NA,NA,1.487273,2454,0.002211,0.002185,0.000026,0.000000,0.000000,0.005258,0.000000,0.014802,
428,vector1,NA,NA,NA,NA,NA,NA,1.549091,2556,0.002211,0.002185,0.000026,0.000000,0.000000,0.006206,0.000000,0.014938,
429,cube0,0.353333,583,0.000000,0.000000,0.000000,0.000000,NA,NA,NA,NA,NA,NA,NA,NA,NA,NA,
429,vector0,NA,NA,NA,NA,NA,NA,1.701818,2808,0.002211,0.002185,0.000026,0.000000,0.000000,0.005233,0.000000,0.013291,
429,vector1,NA,NA,NA,NA,NA,NA,1.662424,2743,0.002211,0.002185,0.000026,0.000000,0.000000,0.004968,0.000000,0.012625,
430,cube0,0.331515,547,0.000000,0.000000,0.000000,0.000000,NA,NA,NA,NA,NA,NA,NA,NA,NA,NA,
430,vector0,NA,NA,NA,NA,NA,NA,1.537576,2537,0.002211,0.002185,0.000026,0.000000,0.000000,0.005822,0.000000,0.013547,
430,vector1,NA,NA,NA,NA,NA,NA,1.906667,3146,0.002211,0.002185,0.000026,0.000000,0.000000,0.008963,0.000000,0.015314,
431,cube0,0.372727,615,0.000000,0.000000,0.000000,0.000000,NA,NA,NA,NA,NA,NA,NA,NA,NA,NA,
431,vector0,NA,NA,NA,NA,NA,NA,1.526061,2518,0.002211,0.002185,0.000026,0.000000,0.000000,0.004268,0.000000,0.013615,
431,vector1,NA,NA,NA,NA,NA,NA,1.518788,2506,0.002211,0.002185,0.000026,0.000000,0.000000,0.006120,0.000000,0.014434,
432,cube0,0.307879,508,0.000000,0.000000,0.000000,0.000000,NA,NA,NA,NA,NA,NA,NA,NA,NA,NA,
432,vector0,NA,NA,NA,NA,NA,NA,1.493333,2464,0.002211,0.002185,0.000026,0.000000,0.000000,0.005600,0.000000,0.013709,
432,vector1,NA,NA,NA,NA,NA,NA,1.790909,2955,0.002211,0.002185,0.000026,0.000000,0.000000,0.006513,0.000000,0.013888,
433,cube0,0.308485,509,0.000000,0.000000,0.000000,0.000000,NA,NA,NA,NA,NA,NA,NA,NA,NA,NA,
433,vector0,NA,NA,NA,NA,NA,NA,1.635152,2698,0.002211,0.002185,0.000026,0.000000,0.000000,0.005429,0.000000,0.012710,
433,vector1,NA,NA,NA,NA,NA,NA,1.707879,2818,0.002211,0.002185,0.000026,0.000000,0.000000,0.006283,0.000000,0.012053,
434,cube0,0.323636,534,0.000000,0.000000,0.000000,0.000000,NA,NA,NA,NA,NA,NA,NA,NA,NA,NA,
434,vector0,NA,NA,NA,NA,NA,NA,1.530909,2526,0.002211,0.002185,0.000026,0.000000,0.000000,0.006078,0.000000,0.015408,
434,vector1,NA,NA,NA,NA,NA,NA,1.589091,2622,0.002211,0.002185,0.000026,0.000000,0.000000,0.006547,0.000000,0.014716,
435,cube0,0.349697,577,0.000000,0.000000,0.000000,0.000000,NA,NA,NA,NA,NA,NA,NA,NA,NA,NA,
435,vector0,NA,NA,NA,NA,NA,NA,1.586667,2618,0.002211,0.002185,0.000026,0.000000,0.000000,0.004234,0.000000,0.014238,
435,vector1,NA,NA,NA,NA,NA,NA,1.694546,2796,0.002211,0.002185,0.000026,0.000000,0.000000,0.004789,0.000000,0.012642,
436,cube0,0.340000,561,0.000000,0.000000,0.000000,0.000000,NA,NA,NA,NA,NA,NA,NA,NA,NA,NA,
436,vector0,NA,NA,NA,NA,NA,NA,1.407273,2322,0.002211,0.002185,0.000026,0.000000,0.000000,0.004362,0.000000,0.015075,
436,vector1,NA,NA,NA,NA,NA,NA,1.452121,2396,0.002211,0.002185,0.000026,0.000000,0.000000,0.004908,0.000000,0.017567,
437,cube0,0.323030,533,0.000000,0.000000,0.000000,0.000000,NA,NA,NA,NA,NA,NA,NA,NA,NA,NA,
437,vector0,NA,NA,NA,NA,NA,NA,1.555151,2566,0.002211,0.002185,0.000026,0.000000,0.000000,0.002458,0.000000,0.013641,
437,vector1,NA,NA,NA,NA,NA,NA,1.495758,2468,0.002211,0.002185,0.000026,0.000000,0.000000,0.002552,0.000000,0.015980,
438,cube0,0.364242,601,0.000000,0.000000,0.000000,0.000000,NA,NA,NA,NA,NA,NA,NA,NA,NA,NA,
438,vector0,NA,NA,NA,NA,NA,NA,1.832727,3024,0.002211,0.002185,0.000026,0.000000,0.000000,0.005625,0.000000,0.014930,
438,vector1,NA,NA,NA,NA,NA,NA,1.447273,2388,0.002211,0.002185,0.000026,0.000000,0.000000,0.005002,0.000000,0.013820,
439,cube0,0.350909,579,0.000000,0.000000,0.000000,0.000000,NA,NA,NA,NA,NA,NA,NA,NA,NA,NA,
439,vector0,NA,NA,NA,NA,NA,NA,1.516970,2503,0.002211,0.002185,0.000026,0.000000,0.000000,0.003346,0.000000,0.012633,
439,vector1,NA,NA,NA,NA,NA,NA,1.489697,2458,0.002211,0.002185,0.000026,0.000000,0.000000,0.003372,0.000000,0.012548,
440,cube0,0.348485,575,0.000000,0.000000,0.000000,0.000000,NA,NA,NA,NA,NA,NA,NA,NA,NA,NA,
440,vector0,NA,NA,NA,NA,NA,NA,1.437576,2372,0.002211,0.002185,0.000026,0.000000,0.000000,0.004678,0.000000,0.015382,
440,vector1,NA,NA,NA,NA,NA,NA,1.547273,2553,0.002211,0.002185,0.000026,0.000000,0.000000,0.006240,0.000000,0.014537,
441,cube0,0.295152,487,0.000000,0.000000,0.000000,0.000000,NA,NA,NA,NA,NA,NA,NA,NA,NA,NA,
441,vector0,NA,NA,NA,NA,NA,NA,1.638182,2703,0.002211,0.002185,0.000026,0.000000,0.000000,0.004242,0.000000,0.013675,
441,vector1,NA,NA,NA,NA,NA,NA,1.729091,2853,0.002211,0.002185,0.000026,0.000000,0.000000,0.005429,0.000000,0.014076,
442,cube0,0.346061,571,0.000000,0.000000,0.000000,0.000000,NA,NA,NA,NA,NA,NA,NA,NA,NA,NA,
442,vector0,NA,NA,NA,NA,NA,NA,1.538788,2539,0.002211,0.002185,0.000026,0.000000,0.000000,0.005642,0.000000,0.014614,
442,vector1,NA,NA,NA,NA,NA,NA,1.362424,2248,0.002211,0.002185,0.000026,0.000000,0.000000,0.004131,0.000000,0.014375,
443,cube0,0.294545,486,0.000000,0.000000,0.000000,0.000000,NA,NA,NA,NA,NA,NA,NA,NA,NA,NA,
443,vector0,NA,NA,NA,NA,NA,NA,1.671515,2758,0.002211,0.002185,0.000026,0.000000,0.000000,0.004866,0.000000,0.013239,
443,vector1,NA,NA,NA,NA,NA,NA,1.428485,2357,0.002211,0.002185,0.000026,0.000000,0.000000,0.004277,0.000000,0.012625,
444,cube0,0.368485,608,0.000000,0.000000,0.000000,0.000000,NA,NA,NA,NA,NA,NA,NA,NA,NA,NA,
444,vector0,NA,NA,NA,NA,NA,NA,1.520606,2509,0.002211,0.002185,0.000026,0.000000,0.000000,0.005856,0.000000,0.014938,
444,vector1,NA,NA,NA,NA,NA,NA,1.761818,2907,0.002211,0.002185,0.000026,0.000000,0.000000,0.006419,0.000000,0.014127,
445,cube0,0.323030,533,0.000000,0.000000,0.000000,0.000000,NA,NA,NA,NA,NA,NA,NA,NA,NA,NA,
445,vector0,NA,NA,NA,NA,NA,NA,1.656970,2734,0.002211,0.002185,0.000026,0.000000,0.000000,0.005805,0.000000,0.013845,
445,vector1,NA,NA,NA,NA,NA,NA,1.520606,2509,0.002211,0.002185,0.000026,0.000000,0.000000,0.006129,0.000000,0.014434,
446,cube0,0.310909,513,0.000000,0.000000,0.000000,0.000000,NA,NA,NA,NA,NA,NA,NA,NA,NA,NA,
446,vector0,NA,NA,NA,NA,NA,NA,1.443636,2382,0.002211,0.002185,0.000026,0.000000,0.000000,0.004891,0.000000,0.015612,
446,vector1,NA,NA,NA,NA,NA,NA,1.418788,2341,0.002211,0.002185,0.000026,0.000000,0.000000,0.003978,0.000000,0.015450,
447,cube0,0.342424,565,0.000000,0.000000,0.000000,0.000000,NA,NA,NA,NA,NA,NA,NA,NA,NA,NA,
447,vector0,NA,NA,NA,NA,NA,NA,1.548485,2555,0.002211,0.002185,0.000026,0.000000,0.000000,0.003423,0.000000,0.013299,
447,vector1,NA,NA,NA,NA,NA,NA,1.588485,2621,0.002211,0.002185,0.000026,0.000000,0.000000,0.003389,0.000000,0.013342,
448,cube0,0.315152,520,0.000000,0.000000,0.000000,0.000000,NA,NA,NA,NA,NA,NA,NA,NA,NA,NA,
448,vector0,NA,NA,NA,NA,NA,NA,1.356364,2238,0.002211,0.002185,0.000026,0.000000,0.000000,0.003961,0.000000,0.014042,
448,vector1,NA,NA,NA,NA,NA,NA,1.559394,2573,0.002211,0.002185,0.000026,0.000000,0.000000,0.006359,0.000000,0.015152,
449,cube0,0.347879,574,0.000000,0.000000,0.000000,0.000000,NA,NA,NA,NA,NA,NA,NA,NA,NA,NA,
449,vector0,NA,NA,NA,NA,NA,NA,1.334545,2202,0.002211,0.002185,0.000026,0.000000,0.000000,0.002586,0.000000,0.013982,
449,vector1,NA,NA,NA,NA,NA,NA,1.676364,2766,0.002211,0.002185,0.000026,0.000000,0.000000,0.004609,0.000000,0.014230,
450,cube0,0.332121,548,0.000000,0.000000,0.000000,0.000000,NA,NA,NA,NA,NA,NA,NA,NA,NA,NA,
450,vector0,NA,NA,NA,NA,NA,NA,1.518182,2505,0.002211,0.002185,0.000026,0.000000,0.000000,0.006035,0.000000,0.013205,
450,vector1,NA,NA,NA,NA,NA,NA,1.373333,2266,0.002211,0.002185,0.000026,0.000000,0.000000,0.004200,0.000000,0.015587,
451,cube0,0.375152,619,0.000000,0.000000,0.000000,0.000000,NA,NA,NA,NA,NA,NA,NA,NA,NA,NA,
451,vector0,NA,NA,NA,NA,NA,NA,1.672727,2760,0.002211,0.002185,0.000026,0.000000,0.000000,0.005267,0.000000,0.011788,
451,vector1,NA,NA,NA,NA,NA,NA,1.507879,2488,0.002211,0.002185,0.000026,0.000000,0.000000,0.003517,0.000000,0.012796,
452,cube0,0.306061,505,0.000000,0.000000,0.000000,0.000000,NA,NA,NA,NA,NA,NA,NA,NA,NA,NA,
452,vector0,NA,NA,NA,NA,NA,NA,1.576970,2602,0.002211,0.002185,0.000026,0.000000,0.000000,0.006018,0.000000,0.014349,
452,vector1,NA,NA,NA,NA,NA,NA,1.544848,2549,0.002211,0.002185,0.000026,0.000000,0.000000,0.006248,0.000000,0.014853,
453,cube0,0.313939,518,0.000000,0.000000,0.000000,0.000000,NA,NA,NA,NA,NA,NA,NA,NA,NA,NA,
453,vector0,NA,NA,NA,NA,NA,NA,1.628485,2687,0.002211,0.002185,0.000026,0.000000,0.000000,0.005019,0.000000,0.013222,
453,vector1,NA,NA,NA,NA,NA,NA,1.644848,2714,0.002211,0.002185,0.000026,0.000000,0.000000,0.003892,0.000000,0.013120,
454,cube0,0.320606,529,0.000000,0.000000,0.000000,0.000000,NA,NA,NA,NA,NA,NA,NA,NA,NA,NA,
454,vector0,NA,NA,NA,NA,NA,NA,1.422424,2347,0.002211,0.002185,0.000026,0.000000,0.000000,0.004379,0.000000,0.013948,
454,vector1,NA,NA,NA,NA,NA,NA,1.790909,2955,0.002211,0.002185,0.000026,0.000000,0.000000,0.005676,0.000000,0.013991,
455,cube0,0.350303,578,0.000000,0.000000,0.000000,0.000000,NA,NA,NA,NA,NA,NA,NA,NA,NA,NA,
455,vector0,NA,NA,NA,NA,NA,NA,1.767273,2916,0.002211,0.002185,0.000026,0.000000,0.000000,0.005497,0.000000,0.013163,
455,vector1,NA,NA,NA,NA,NA,NA,1.498182,2472,0.002211,0.002185,0.000026,0.000000,0.000000,0.005617,0.000000,0.011729,
456,cube0,0.343636,567,0.000000,0.000000,0.000000,0.000000,NA,NA,NA,NA,NA,NA,NA,NA,NA,NA,
456,vector0,NA,NA,NA,NA,NA,NA,1.489091,2457,0.002211,0.002185,0.000026,0.000000,0.000000,0.005437,0.000000,0.014725,
456,vector1,NA,NA,NA,NA,NA,NA,1.558182,2571,0.002211,0.002185,0.000026,0.000000,0.000000,0.005958,0.000000,0.016372,
457,cube0,0.304848,503,0.000000,0.000000,0.000000,0.000000,NA,NA,NA,NA,NA,NA,NA,NA,NA,NA,
457,vector0,NA,NA,NA,NA,NA,NA,1.648485,2720,0.002211,0.002185,0.000026,0.000000,0.000000,0.003773,0.000000,0.013274,
457,vector1,NA,NA,NA,NA,NA,NA,1.755152,2896,0.002211,0.002185,0.000026,0.000000,0.000000,0.005583,0.000000,0.015391,
458,cube0,0.364848,602,0.000000,0.000000,0.000000,0.000000,NA,NA,NA,NA,NA,NA,NA,NA,NA,NA,
458,vector0,NA,NA,NA,NA,NA,NA,1.509091,2490,0.002211,0.002185,0.000026,0.000000,0.000000,0.005813,0.000000,0.015143,
458,vector1,NA,NA,NA,NA,NA,NA,1.510909,2493,0.002211,0.002185,0.000026,0.000000,0.000000,0.005830,0.000000,0.014597,
459,cube0,0.350909,579,0.000000,0.000000,0.000000,0.000000,NA,NA,NA,NA,NA,NA,NA,NA,NA,NA,
459,vector0,NA,NA,NA,NA,NA,NA,1.596970,2635,0.002211,0.002185,0.000026,0.000000,0.000000,0.002561,0.000000,0.013888,
459,vector1,NA,NA,NA,NA,NA,NA,1.666667,2750,0.002211,0.002185,0.000026,0.000000,0.000000,0.003892,0.000000,0.013897,
460,cube0,0.346061,571,0.000000,0.000000,0.000000,0.000000,NA,NA,NA,NA,NA,NA,NA,NA,NA,NA,
460,vector0,NA,NA,NA,NA,NA,NA,1.501818,2478,0.002211,0.002185,0.000026,0.000000,0.000000,0.005745,0.000000,0.014716,
460,vector1,NA,NA,NA,NA,NA,NA,1.581212,2609,0.002211,0.002185,0.000026,0.000000,0.000000,0.006496,0.000000,0.015126,
461,cube0,0.292121,482,0.000000,0.000000,0.000000,0.000000,NA,NA,NA,NA,NA,NA,NA,NA,NA,NA,
461,vector0,NA,NA,NA,NA,NA,NA,1.571515,2593,0.002211,0.002185,0.000026,0.000000,0.000000,0.004268,0.000000,0.013350,
461,vector1,NA,NA,NA,NA,NA,NA,1.753939,2894,0.002211,0.002185,0.000026,0.000000,0.000000,0.005028,0.000000,0.014904,
462,cube0,0.347879,574,0.000000,0.000000,0.000000,0.000000,NA,NA,NA,NA,NA,NA,NA,NA,NA,NA,
462,vector0,NA,NA,NA,NA,NA,NA,1.593939,2630,0.002211,0.002185,0.000026,0.000000,0.000000,0.006291,0.000000,0.014008,
462,vector1,NA,NA,NA,NA,NA,NA,1.530909,2526,0.002211,0.002185,0.000026,0.000000,0.000000,0.006095,0.000000,0.014545,
463,cube0,0.292727,483,0.000000,0.000000,0.000000,0.000000,NA,NA,NA,NA,NA,NA,NA,NA,NA,NA,
463,vector0,NA,NA,NA,NA,NA,NA,1.798182,2967,0.002211,0.002185,0.000026,0.000000,0.000000,0.005583,0.000000,0.012855,
463,vector1,NA,NA,NA,NA,NA,NA,1.631515,2692,0.002211,0.002185,0.000026,0.000000,0.000000,0.004584,0.000000,0.013282,
464,cube0,0.365455,603,0.000000,0.000000,0.000000,0.000000,NA,NA,NA,NA,NA,NA,NA,NA,NA,NA,
464,vector0,NA,NA,NA,NA,NA,NA,1.895758,3128,0.002211,0.002185,0.000026,0.000000,0.000000,0.005745,0.000000,0.014648,
464,vector1,NA,NA,NA,NA,NA,NA,1.486667,2453,0.002211,0.002185,0.000026,0.000000,0.000000,0.005258,0.000000,0.015408,
465,cube0,0.321818,531,0.000000,0.000000,0.000000,0.000000,NA,NA,NA,NA,NA,NA,NA,NA,NA,NA,
465,vector0,NA,NA,NA,NA,NA,NA,1.701212,2807,0.002211,0.002185,0.000026,0.000000,0.000000,0.005659,0.000000,0.012915,
465,vector1,NA,NA,NA,NA,NA,NA,1.680606,2773,0.002211,0.002185,0.000026,0.000000,0.000000,0.005890,0.000000,0.014725,
466,cube0,0.315758,521,0.000000,0.000000,0.000000,0.000000,NA,NA,NA,NA,NA,NA,NA,NA,NA,NA,
466,vector0,NA,NA,NA,NA,NA,NA,1.396364,2304,0.002211,0.002185,0.000026,0.000000,0.000000,0.004422,0.000000,0.014264,
466,vector1,NA,NA,NA,NA,NA,NA,1.516970,2503,0.002211,0.002185,0.000026,0.000000,0.000000,0.006018,0.000000,0.013769,
467,cube0,0.340606,562,0.000000,0.000000,0.000000,0.000000,NA,NA,NA,NA,NA,NA,NA,NA,NA,NA,
467,vector0,NA,NA,NA,NA,NA,NA,1.452727,2397,0.002211,0.002185,0.000026,0.000000,0.000000,0.002672,0.000000,0.012463,
467,vector1,NA,NA,NA,NA,NA,NA,1.779394,2936,0.002211,0.002185,0.000026,0.000000,0.000000,0.005676,0.000000,0.012770,
468,cube0,0.318182,525,0.000000,0.000000,0.000000,0.000000,NA,NA,NA,NA,NA,NA,NA,NA,NA,NA,
468,vector0,NA,NA,NA,NA,NA,NA,1.538788,2539,0.002211,0.002185,0.000026,0.000000,0.000000,0.006607,0.000000,0.015152,
468,vector1,NA,NA,NA,NA,NA,NA,1.455152,2401,0.002211,0.002185,0.000026,0.000000,0.000000,0.005019,0.000000,0.015322,
469,cube0,0.353333,583,0.000000,0.000000,0.000000,0.000000,NA,NA,NA,NA,NA,NA,NA,NA,NA,NA,
469,vector0,NA,NA,NA,NA,NA,NA,1.676364,2766,0.002211,0.002185,0.000026,0.000000,0.000000,0.004592,0.000000,0.012659,
469,vector1,NA,NA,NA,NA,NA,NA,1.590909,2625,0.002211,0.002185,0.000026,0.000000,0.000000,0.004541,0.000000,0.013572,
470,cube0,0.329697,544,0.000000,0.000000,0.000000,0.000000,NA,NA,NA,NA,NA,NA,NA,NA,NA,NA,
470,vector0,NA,NA,NA,NA,NA,NA,1.524848,2516,0.002211,0.002185,0.000026,0.000000,0.000000,0.006163,0.000000,0.014947,
470,vector1,NA,NA,NA,NA,NA,NA,1.533333,2530,0.002211,0.002185,0.000026,0.000000,0.000000,0.006214,0.000000,0.014349,
471,cube0,0.372121,614,0.000000,0.000000,0.000000,0.000000,NA,NA,NA,NA,NA,NA,NA,NA,NA,NA,
471,vector0,NA,NA,NA,NA,NA,NA,1.599394,2639,0.002211,0.002185,0.000026,0.000000,0.000000,0.004550,0.000000,0.013248,
471,vector1,NA,NA,NA,NA,NA,NA,1.582424,2611,0.002211,0.002185,0.000026,0.000000,0.000000,0.004294,0.000000,0.011729,
472,cube0,0.305455,504,0.000000,0.000000,0.000000,0.000000,NA,NA,NA,NA,NA,NA,NA,NA,NA,NA,
472,vector0,NA,NA,NA,NA,NA,NA,1.841818,3039,0.002211,0.002185,0.000026,0.000000,0.000000,0.006129,0.000000,0.014981,
472,vector1,NA,NA,NA,NA,NA,NA,1.399394,2309,0.002211,0.002185,0.000026,0.000000,0.000000,0.004208,0.000000,0.014204,
473,cube0,0.312121,515,0.000000,0.000000,0.000000,0.000000,NA,NA,NA,NA,NA,NA,NA,NA,NA,NA,
473,vector0,NA,NA,NA,NA,NA,NA,1.775758,2930,0.002211,0.002185,0.000026,0.000000,0.000000,0.005497,0.000000,0.014375,
473,vector1,NA,NA,NA,NA,NA,NA,1.395151,2302,0.002211,0.002185,0.000026,0.000000,0.000000,0.002919,0.000000,0.013666,
474,cube0,0.319394,527,0.000000,0.000000,0.000000,0.000000,NA,NA,NA,NA,NA,NA,NA,NA,NA,NA,
474,vector0,NA,NA,NA,NA,NA,NA,1.552121,2561,0.002211,0.002185,0.000026,0.000000,0.000000,0.006231,0.000000,0.014008,
474,vector1,NA,NA,NA,NA,NA,NA,1.525455,2517,0.002211,0.002185,0.000026,0.000000,0.000000,0.006026,0.000000,0.013547,
475,cube0,0.351515,580,0.000000,0.000000,0.000000,0.000000,NA,NA,NA,NA,NA,NA,NA,NA,NA,NA,
475,vector0,NA,NA,NA,NA,NA,NA,1.761818,2907,0.002211,0.002185,0.000026,0.000000,0.000000,0.004848,0.000000,0.013017,
475,vector1,NA,NA,NA,NA,NA,NA,1.609697,2656,0.002211,0.002185,0.000026,0.000000,0.000000,0.003022,0.000000,0.011635,
476,cube0,0.347273,573,0.000000,0.000000,0.000000,0.000000,NA,NA,NA,NA,NA,NA,NA,NA,NA,NA,
476,vector0,NA,NA,NA,NA,NA,NA,1.541212,2543,0.002211,0.002185,0.000026,0.000000,0.000000,0.005958,0.000000,0.014904,
476,vector1,NA,NA,NA,NA,NA,NA,1.472121,2429,0.002211,0.002185,0.000026,0.000000,0.000000,0.005301,0.000000,0.017482,
477,cube0,0.307273,507,0.000000,0.000000,0.000000,0.000000,NA,NA,NA,NA,NA,NA,NA,NA,NA,NA,
477,vector0,NA,NA,NA,NA,NA,NA,1.726061,2848,0.002211,0.002185,0.000026,0.000000,0.000000,0.004669,0.000000,0.014025,
477,vector1,NA,NA,NA,NA,NA,NA,1.487273,2454,0.002211,0.002185,0.000026,0.000000,0.000000,0.003218,0.000000,0.016748,
478,cube0,0.365455,603,0.000000,0.000000,0.000000,0.000000,NA,NA,NA,NA,NA,NA,NA,NA,NA,NA,
478,vector0,NA,NA,NA,NA,NA,NA,1.606061,2650,0.002211,0.002185,0.000026,0.000000,0.000000,0.006598,0.000000,0.015160,
478,vector1,NA,NA,NA,NA,NA,NA,1.806061,2980,0.002211,0.002185,0.000026,0.000000,0.000000,0.006206,0.000000,0.013137,
479,cube0,0.350303,578,0.000000,0.000000,0.000000,0.000000,NA,NA,NA,NA,NA,NA,NA,NA,NA,NA,
479,vector0,NA,NA,NA,NA,NA,NA,1.613939,2663,0.002211,0.002185,0.000026,0.000000,0.000000,0.004925,0.000000,0.013675,
479,vector1,NA,NA,NA,NA,NA,NA,1.666667,2750,0.002211,0.002185,0.000026,0.000000,0.000000,0.003841,0.000000,0.012702,
480,cube0,0.350303,578,0.000000,0.000000,0.000000,0.000000,NA,NA,NA,NA,NA,NA,NA,NA,NA,NA,
480,vector0,NA,NA,NA,NA,NA,NA,1.488485,2456,0.002211,0.002185,0.000026,0.000000,0.000000,0.005608,0.000000,0.016936,
480,vector1,NA,NA,NA,NA,NA,NA,1.636364,2700,0.002211,0.002185,0.000026,0.000000,0.000000,0.005566,0.000000,0.015245,
481,cube0,0.287879,475,0.000000,0.000000,0.000000,0.000000,NA,NA,NA,NA,NA,NA,NA,NA,NA,NA,
481,vector0,NA,NA,NA,NA,NA,NA,1.657576,2735,0.002211,0.002185,0.000026,0.000000,0.000000,0.003611,0.000000,0.014477,
481,vector1,NA,NA,NA,NA,NA,NA,1.378182,2274,0.002211,0.002185,0.000026,0.000000,0.000000,0.004046,0.000000,0.013888,
482,cube0,0.347879,574,0.000000,0.000000,0.000000,0.000000,NA,NA,NA,NA,NA,NA,NA,NA,NA,NA,
482,vector0,NA,NA,NA,NA,NA,NA,1.479394,2441,0.002211,0.002185,0.000026,0.000000,0.000000,0.005745,0.000000,0.013777,
482,vector1,NA,NA,NA,NA,NA,NA,1.592121,2627,0.002211,0.002185,0.000026,0.000000,0.000000,0.006880,0.000000,0.013248,
483,cube0,0.293939,485,0.000000,0.000000,0.000000,0.000000,NA,NA,NA,NA,NA,NA,NA,NA,NA,NA,
483,vector0,NA,NA,NA,NA,NA,NA,1.553333,2563,0.002211,0.002185,0.000026,0.000000,0.000000,0.003739,0.000000,0.012172,
483,vector1,NA,NA,NA,NA,NA,NA,1.744848,2879,0.002211,0.002185,0.000026,0.000000,0.000000,0.004866,0.000000,0.011720,
484,cube0,0.365455,603,0.000000,0.000000,0.000000,0.000000,NA,NA,NA,NA,NA,NA,NA,NA,NA,NA,
484,vector0,NA,NA,NA,NA,NA,NA,1.509091,2490,0.002211,0.002185,0.000026,0.000000,0.000000,0.004055,0.000000,0.015177,
484,vector1,NA,NA,NA,NA,NA,NA,1.466061,2419,0.002211,0.002185,0.000026,0.000000,0.000000,0.005352,0.000000,0.015169,
485,cube0,0.323030,533,0.000000,0.000000,0.000000,0.000000,NA,NA,NA,NA,NA,NA,NA,NA,NA,NA,
485,vector0,NA,NA,NA,NA,NA,NA,1.562424,2578,0.002211,0.002185,0.000026,0.000000,0.000000,0.002945,0.000000,0.013538,
485,vector1,NA,NA,NA,NA,NA,NA,1.618182,2670,0.002211,0.002185,0.000026,0.000000,0.000000,0.004012,0.000000,0.015083,
486,cube0,0.310303,512,0.000000,0.000000,0.000000,0.000000,NA,NA,NA,NA,NA,NA,NA,NA,NA,NA,
486,vector0,NA,NA,NA,NA,NA,NA,1.493333,2464,0.002211,0.002185,0.000026,0.000000,0.000000,0.005728,0.000000,0.013214,
486,vector1,NA,NA,NA,NA,NA,NA,1.529697,2524,0.002211,0.002185,0.000026,0.000000,0.000000,0.006428,0.000000,0.013282,
487,cube0,0.340606,562,0.000000,0.000000,0.000000,0.000000,NA,NA,NA,NA,NA,NA,NA,NA,NA,NA,
487,vector0,NA,NA,NA,NA,NA,NA,1.650303,2723,0.002211,0.002185,0.000026,0.000000,0.000000,0.004661,0.000000,0.012761,
487,vector1,NA,NA,NA,NA,NA,NA,1.776364,2931,0.002211,0.002185,0.000026,0.000000,0.000000,0.005856,0.000000,0.013009,
488,cube0,0.315758,521,0.000000,0.000000,0.000000,0.000000,NA,NA,NA,NA,NA,NA,NA,NA,NA,NA,
488,vector0,NA,NA,NA,NA,NA,NA,1.520000,2508,0.002211,0.002185,0.000026,0.000000,0.000000,0.005924,0.000000,0.015237,
488,vector1,NA,NA,NA,NA,NA,NA,1.501212,2477,0.002211,0.002185,0.000026,0.000000,0.000000,0.005796,0.000000,0.013956,
489,cube0,0.355152,586,0.000000,0.000000,0.000000,0.000000,NA,NA,NA,NA,NA,NA,NA,NA,NA,NA,
489,vector0,NA,NA,NA,NA,NA,NA,1.676364,2766,0.002211,0.002185,0.000026,0.000000,0.000000,0.004507,0.000000,0.014264,
489,vector1,NA,NA,NA,NA,NA,NA,1.573333,2596,0.002211,0.002185,0.000026,0.000000,0.000000,0.004379,0.000000,0.014085,
490,cube0,0.332727,549,0.000000,0.000000,0.000000,0.000000,NA,NA,NA,NA,NA,NA,NA,NA,NA,NA,
490,vector0,NA,NA,NA,NA,NA,NA,1.410303,2327,0.002211,0.002185,0.000026,0.000000,0.000000,0.004131,0.000000,0.014964,
490,vector1,NA,NA,NA,NA,NA,NA,1.552121,2561,0.002211,0.002185,0.000026,0.000000,0.000000,0.006180,0.000000,0.014853,
491,cube0,0.375758,620,0.000000,0.000000,0.000000,0.000000,NA,NA,NA,NA,NA,NA,NA,NA,NA,NA,
491,vector0,NA,NA,NA,NA,NA,NA,1.487879,2455,0.002211,0.002185,0.000026,0.000000,0.000000,0.003064,0.000000,0.014904,
491,vector1,NA,NA,NA,NA,NA,NA,1.751515,2890,0.002211,0.002185,0.000026,0.000000,0.000000,0.005480,0.000000,0.013999,
492,cube0,0.306061,505,0.000000,0.000000,0.000000,0.000000,NA,NA,NA,NA,NA,NA,NA,NA,NA,NA,
492,vector0,NA,NA,NA,NA,NA,NA,1.563030,2579,0.002211,0.002185,0.000026,0.000000,0.000000,0.006214,0.000000,0.013436,
492,vector1,NA,NA,NA,NA,NA,NA,1.524242,2515,0.002211,0.002185,0.000026,0.000000,0.000000,0.005736,0.000000,0.013743,
493,cube0,0.310303,512,0.000000,0.000000,0.000000,0.000000,NA,NA,NA,NA,NA,NA,NA,NA,NA,NA,
493,vector0,NA,NA,NA,NA,NA,NA,1.787273,2949,0.002211,0.002185,0.000026,0.000000,0.000000,0.005292,0.000000,0.011507,
493,vector1,NA,NA,NA,NA,NA,NA,1.680606,2773,0.002211,0.002185,0.000026,0.000000,0.000000,0.004166,0.000000,0.011652,
494,cube0,0.320000,528,0.000000,0.000000,0.000000,0.000000,NA,NA,NA,NA,NA,NA,NA,NA,NA,NA,
494,vector0,NA,NA,NA,NA,NA,NA,1.520000,2508,0.002211,0.002185,0.000026,0.000000,0.000000,0.005975,0.000000,0.015203,
494,vector1,NA,NA,NA,NA,NA,NA,1.559394,2573,0.002211,0.002185,0.000026,0.000000,0.000000,0.006206,0.000000,0.014981,
495,cube0,0.350909,579,0.000000,0.000000,0.000000,0.000000,NA,NA,NA,NA,NA,NA,NA,NA,NA,NA,
495,vector0,NA,NA,NA,NA,NA,NA,1.800000,2970,0.002211,0.002185,0.000026,0.000000,0.000000,0.005839,0.000000,0.013683,
495,vector1,NA,NA,NA,NA,NA,NA,1.831515,3022,0.002211,0.002185,0.000026,0.000000,0.000000,0.006137,0.000000,0.013222,
496,cube0,0.344242,568,0.000000,0.000000,0.000000,0.000000,NA,NA,NA,NA,NA,NA,NA,NA,NA,NA,
496,vector0,NA,NA,NA,NA,NA,NA,1.440000,2376,0.002211,0.002185,0.000026,0.000000,0.000000,0.004763,0.000000,0.014767,
496,vector1,NA,NA,NA,NA,NA,NA,1.540606,2542,0.002211,0.002185,0.000026,0.000000,0.000000,0.006248,0.000000,0.014742,
497,cube0,0.308485,509,0.000000,0.000000,0.000000,0.000000,NA,NA,NA,NA,NA,NA,NA,NA,NA,NA,
497,vector0,NA,NA,NA,NA,NA,NA,1.481818,2445,0.002211,0.002185,0.000026,0.000000,0.000000,0.002953,0.000000,0.014247,
497,vector1,NA,NA,NA,NA,NA,NA,1.656364,2733,0.002211,0.002185,0.000026,0.000000,0.000000,0.003577,0.000000,0.014759,
498,cube0,0.365455,603,0.000000,0.000000,0.000000,0.000000,NA,NA,NA,NA,NA,NA,NA,NA,NA,NA,
498,vector0,NA,NA,NA,NA,NA,NA,1.536970,2536,0.002211,0.002185,0.000026,0.000000,0.000000,0.005702,0.000000,0.014417,
498,vector1,NA,NA,NA,NA,NA,NA,1.480606,2443,0.002211,0.002185,0.000026,0.000000,0.000000,0.005258,0.000000,0.015817,
499,cube0,0.349091,576,0.000000,0.000000,0.000000,0.000000,NA,NA,NA,NA,NA,NA,NA,NA,NA,NA,
499,vector0,NA,NA,NA,NA,NA,NA,1.618182,2670,0.002211,0.002185,0.000026,0.000000,0.000000,0.003483,0.000000,0.012949,
499,vector1,NA,NA,NA,NA,NA,NA,1.430909,2361,0.002211,0.002185,0.000026,0.000000,0.000000,0.002527,0.000000,0.014153,
500,cube0,0.347273,573,0.000000,0.000000,0.000000,0.000000,NA,NA,NA,NA,NA,NA,NA,NA,NA,NA,
500,vector0,NA,NA,NA,NA,NA,NA,1.531515,2527,0.002211,0.002185,0.000026,0.000000,0.000000,0.006240,0.000000,0.015595,
500,vector1,NA,NA,NA,NA,NA,NA,1.854545,3060,0.002211,0.002185,0.000026,0.000000,0.000000,0.006394,0.000000,0.014716,
501,cube0,0.289091,477,0.000000,0.000000,0.000000,0.000000,NA,NA,NA,NA,NA,NA,NA,NA,NA,NA,
501,vector0,NA,NA,NA,NA,NA,NA,1.780000,2937,0.002211,0.002185,0.000026,0.000000,0.000000,0.005258,0.000000,0.014452,
501,vector1,NA,NA,NA,NA,NA,NA,1.545455,2550,0.002211,0.002185,0.000026,0.000000,0.000000,0.006137,0.000000,0.014511,
502,cube0,0.346667,572,0.000000,0.000000,0.000000,0.000000,NA,NA,NA,NA,NA,NA,NA,NA,NA,NA,
502,vector0,NA,NA,NA,NA,NA,NA,1.370303,2261,0.002211,0.002185,0.000026,0.000000,0.000000,0.004191,0.000000,0.014716,
502,vector1,NA,NA,NA,NA,NA,NA,1.475152,2434,0.002211,0.002185,0.000026,0.000000,0.000000,0.005352,0.000000,0.015015,
503,cube0,0.293939,485,0.000000,0.000000,0.000000,0.000000,NA,NA,NA,NA,NA,NA,NA,NA,NA,NA,
503,vector0,NA,NA,NA,NA,NA,NA,1.534545,2532,0.002211,0.002185,0.000026,0.000000,0.000000,0.003688,0.000000,0.013897,
503,vector1,NA,NA,NA,NA,NA,NA,1.552121,2561,0.002211,0.002185,0.000026,0.000000,0.000000,0.003961,0.000000,0.014298,
504,cube0,0.366061,604,0.000000,0.000000,0.000000,0.000000,NA,NA,NA,NA,NA,NA,NA,NA,NA,NA,
504,vector0,NA,NA,NA,NA,NA,NA,1.670909,2757,0.002211,0.002185,0.000026,0.000000,0.000000,0.004379,0.000000,0.014776,
504,vector1,NA,NA,NA,NA,NA,NA,1.558788,2572,0.002211,0.002185,0.000026,0.000000,0.000000,0.006633,0.000000,0.014802,
505,cube0,0.323030,533,0.000000,0.000000,0.000000,0.000000,NA,NA,NA,NA,NA,NA,NA,NA,NA,NA,
505,vector0,NA,NA,NA,NA,NA,NA,1.589697,2623,0.002211,0.002185,0.000026,0.000000,0.000000,0.003201,0.000000,0.012830,
505,vector1,NA,NA,NA,NA,NA,NA,1.601212,2642,0.002211,0.002185,0.000026,0.000000,0.000000,0.004379,0.000000,0.014306,
506,cube0,0.319394,527,0.000000,0.000000,0.000000,0.000000,NA,NA,NA,NA,NA,NA,NA,NA,NA,NA,
506,vector0,NA,NA,NA,NA,NA,NA,1.427879,2356,0.002211,0.002185,0.000026,0.000000,0.000000,0.004481,0.000000,0.014511,
506,vector1,NA,NA,NA,NA,NA,NA,1.490909,2460,0.002211,0.002185,0.000026,0.000000,0.000000,0.005864,0.000000,0.014733,
507,cube0,0.341212,563,0.000000,0.000000,0.000000,0.000000,NA,NA,NA,NA,NA,NA,NA,NA,NA,NA,
507,vector0,NA,NA,NA,NA,NA,NA,1.518182,2505,0.002211,0.002185,0.000026,0.000000,0.000000,0.003611,0.000000,0.012838,
507,vector1,NA,NA,NA,NA,NA,NA,1.711515,2824,0.002211,0.002185,0.000026,0.000000,0.000000,0.005745,0.000000,0.013453,
508,cube0,0.312727,516,0.000000,0.000000,0.000000,0.000000,NA,NA,NA,NA,NA,NA,NA,NA,NA,NA,
508,vector0,NA,NA,NA,NA,NA,NA,1.553333,2563,0.002211,0.002185,0.000026,0.000000,0.000000,0.006462,0.000000,0.014716,
508,vector1,NA,NA,NA,NA,NA,NA,1.594545,2631,0.002211,0.002185,0.000026,0.000000,0.000000,0.006957,0.000000,0.014784,
509,cube0,0.352121,581,0.000000,0.000000,0.000000,0.000000,NA,NA,NA,NA,NA,NA,NA,NA,NA,NA,
509,vector0,NA,NA,NA,NA,NA,NA,1.701818,2808,0.002211,0.002185,0.000026,0.000000,0.000000,0.004874,0.000000,0.013069,
509,vector1,NA,NA,NA,NA,NA,NA,1.666667,2750,0.002211,0.002185,0.000026,0.000000,0.000000,0.005284,0.000000,0.012480,
510,cube0,0.333333,550,0.000000,0.000000,0.000000,0.000000,NA,NA,NA,NA,NA,NA,NA,NA,NA,NA,
510,vector0,NA,NA,NA,NA,NA,NA,1.513333,2497,0.002211,0.002185,0.000026,0.000000,0.000000,0.005651,0.000000,0.014699,
510,vector1,NA,NA,NA,NA,NA,NA,1.850909,3054,0.002211,0.002185,0.000026,0.000000,0.000000,0.006112,0.000000,0.013863,
511,cube0,0.371515,613,0.000000,0.000000,0.000000,0.000000,NA,NA,NA,NA,NA,NA,NA,NA,NA,NA,
511,vector0,NA,NA,NA,NA,NA,NA,1.658182,2736,0.002211,0.002185,0.000026,0.000000,0.000000,0.005625,0.000000,0.012633,
511,vector1,NA,NA,NA,NA,NA,NA,1.743636,2877,0.002211,0.002185,0.000026,0.000000,0.000000,0.005933,0.000000,0.011524,
